Mock Version: 6.1
Mock Version: 6.1
Mock Version: 6.1
ENTER ['do_with_status'](['bash', '--login', '-c', '/usr/bin/rpmbuild -bs --noclean --target x86_64 --nodeps /builddir/build/SPECS/glimpse.spec'], chrootPath='/var/lib/mock/f43-build-59088491-6571000/root'env={'TERM': 'vt100', 'SHELL': '/bin/bash', 'HOME': '/builddir', 'HOSTNAME': 'mock', 'PATH': '/usr/bin:/bin:/usr/sbin:/sbin', 'PROMPT_COMMAND': 'printf "\\033]0;<mock-chroot>\\007"', 'PS1': '<mock-chroot> \\s-\\v\\$ ', 'LANG': 'C.UTF-8'}shell=Falselogger=<mockbuild.trace_decorator.getLog object at 0x7efeacc75370>timeout=201600uid=1000gid=425user='mockbuild'unshare_net=TrueprintOutput=Falsenspawn_args=['--capability=cap_ipc_lock', '--bind=/tmp/mock-resolv.uqk8_svh:/etc/resolv.conf', '--bind=/dev/btrfs-control', '--bind=/dev/mapper/control', '--bind=/dev/fuse', '--bind=/dev/loop-control', '--bind=/dev/loop0', '--bind=/dev/loop1', '--bind=/dev/loop2', '--bind=/dev/loop3', '--bind=/dev/loop4', '--bind=/dev/loop5', '--bind=/dev/loop6', '--bind=/dev/loop7', '--bind=/dev/loop8', '--bind=/dev/loop9', '--bind=/dev/loop10', '--bind=/dev/loop11'])
Using nspawn with args ['--capability=cap_ipc_lock', '--bind=/tmp/mock-resolv.uqk8_svh:/etc/resolv.conf', '--bind=/dev/btrfs-control', '--bind=/dev/mapper/control', '--bind=/dev/fuse', '--bind=/dev/loop-control', '--bind=/dev/loop0', '--bind=/dev/loop1', '--bind=/dev/loop2', '--bind=/dev/loop3', '--bind=/dev/loop4', '--bind=/dev/loop5', '--bind=/dev/loop6', '--bind=/dev/loop7', '--bind=/dev/loop8', '--bind=/dev/loop9', '--bind=/dev/loop10', '--bind=/dev/loop11']
Executing command: ['/usr/bin/systemd-nspawn', '-q', '-M', '1a1c575f01e04984b577de9b0ccbc632', '-D', '/var/lib/mock/f43-build-59088491-6571000/root', '-a', '-u', 'mockbuild', '--capability=cap_ipc_lock', '--bind=/tmp/mock-resolv.uqk8_svh:/etc/resolv.conf', '--bind=/dev/btrfs-control', '--bind=/dev/mapper/control', '--bind=/dev/fuse', '--bind=/dev/loop-control', '--bind=/dev/loop0', '--bind=/dev/loop1', '--bind=/dev/loop2', '--bind=/dev/loop3', '--bind=/dev/loop4', '--bind=/dev/loop5', '--bind=/dev/loop6', '--bind=/dev/loop7', '--bind=/dev/loop8', '--bind=/dev/loop9', '--bind=/dev/loop10', '--bind=/dev/loop11', '--console=pipe', '--setenv=TERM=vt100', '--setenv=SHELL=/bin/bash', '--setenv=HOME=/builddir', '--setenv=HOSTNAME=mock', '--setenv=PATH=/usr/bin:/bin:/usr/sbin:/sbin', '--setenv=PROMPT_COMMAND=printf "\\033]0;<mock-chroot>\\007"', '--setenv=PS1=<mock-chroot> \\s-\\v\\$ ', '--setenv=LANG=C.UTF-8', '--resolv-conf=off', 'bash', '--login', '-c', '/usr/bin/rpmbuild -bs --noclean --target x86_64 --nodeps /builddir/build/SPECS/glimpse.spec'] with env {'TERM': 'vt100', 'SHELL': '/bin/bash', 'HOME': '/builddir', 'HOSTNAME': 'mock', 'PATH': '/usr/bin:/bin:/usr/sbin:/sbin', 'PROMPT_COMMAND': 'printf "\\033]0;<mock-chroot>\\007"', 'PS1': '<mock-chroot> \\s-\\v\\$ ', 'LANG': 'C.UTF-8', 'SYSTEMD_NSPAWN_TMPFS_TMP': '0', 'SYSTEMD_SECCOMP': '0'} and shell False
Building target platforms: x86_64
Building for target x86_64
setting SOURCE_DATE_EPOCH=1721260800
Wrote: /builddir/build/SRPMS/glimpse-4.12.6^git20161025.4945711-4.fc43.src.rpm
Child return code was: 0
ENTER ['do_with_status'](['bash', '--login', '-c', '/usr/bin/rpmbuild -bb --noclean --target x86_64 --nodeps /builddir/build/SPECS/glimpse.spec'], chrootPath='/var/lib/mock/f43-build-59088491-6571000/root'env={'TERM': 'vt100', 'SHELL': '/bin/bash', 'HOME': '/builddir', 'HOSTNAME': 'mock', 'PATH': '/usr/bin:/bin:/usr/sbin:/sbin', 'PROMPT_COMMAND': 'printf "\\033]0;<mock-chroot>\\007"', 'PS1': '<mock-chroot> \\s-\\v\\$ ', 'LANG': 'C.UTF-8'}shell=Falselogger=<mockbuild.trace_decorator.getLog object at 0x7efeacc75370>timeout=201600uid=1000gid=425user='mockbuild'unshare_net=TrueprintOutput=Falsenspawn_args=['--capability=cap_ipc_lock', '--bind=/tmp/mock-resolv.uqk8_svh:/etc/resolv.conf', '--bind=/dev/btrfs-control', '--bind=/dev/mapper/control', '--bind=/dev/fuse', '--bind=/dev/loop-control', '--bind=/dev/loop0', '--bind=/dev/loop1', '--bind=/dev/loop2', '--bind=/dev/loop3', '--bind=/dev/loop4', '--bind=/dev/loop5', '--bind=/dev/loop6', '--bind=/dev/loop7', '--bind=/dev/loop8', '--bind=/dev/loop9', '--bind=/dev/loop10', '--bind=/dev/loop11'])
Using nspawn with args ['--capability=cap_ipc_lock', '--bind=/tmp/mock-resolv.uqk8_svh:/etc/resolv.conf', '--bind=/dev/btrfs-control', '--bind=/dev/mapper/control', '--bind=/dev/fuse', '--bind=/dev/loop-control', '--bind=/dev/loop0', '--bind=/dev/loop1', '--bind=/dev/loop2', '--bind=/dev/loop3', '--bind=/dev/loop4', '--bind=/dev/loop5', '--bind=/dev/loop6', '--bind=/dev/loop7', '--bind=/dev/loop8', '--bind=/dev/loop9', '--bind=/dev/loop10', '--bind=/dev/loop11']
Executing command: ['/usr/bin/systemd-nspawn', '-q', '-M', '490ab7d35a1a4744a37daf083f623494', '-D', '/var/lib/mock/f43-build-59088491-6571000/root', '-a', '-u', 'mockbuild', '--capability=cap_ipc_lock', '--bind=/tmp/mock-resolv.uqk8_svh:/etc/resolv.conf', '--bind=/dev/btrfs-control', '--bind=/dev/mapper/control', '--bind=/dev/fuse', '--bind=/dev/loop-control', '--bind=/dev/loop0', '--bind=/dev/loop1', '--bind=/dev/loop2', '--bind=/dev/loop3', '--bind=/dev/loop4', '--bind=/dev/loop5', '--bind=/dev/loop6', '--bind=/dev/loop7', '--bind=/dev/loop8', '--bind=/dev/loop9', '--bind=/dev/loop10', '--bind=/dev/loop11', '--console=pipe', '--setenv=TERM=vt100', '--setenv=SHELL=/bin/bash', '--setenv=HOME=/builddir', '--setenv=HOSTNAME=mock', '--setenv=PATH=/usr/bin:/bin:/usr/sbin:/sbin', '--setenv=PROMPT_COMMAND=printf "\\033]0;<mock-chroot>\\007"', '--setenv=PS1=<mock-chroot> \\s-\\v\\$ ', '--setenv=LANG=C.UTF-8', '--resolv-conf=off', 'bash', '--login', '-c', '/usr/bin/rpmbuild -bb --noclean --target x86_64 --nodeps /builddir/build/SPECS/glimpse.spec'] with env {'TERM': 'vt100', 'SHELL': '/bin/bash', 'HOME': '/builddir', 'HOSTNAME': 'mock', 'PATH': '/usr/bin:/bin:/usr/sbin:/sbin', 'PROMPT_COMMAND': 'printf "\\033]0;<mock-chroot>\\007"', 'PS1': '<mock-chroot> \\s-\\v\\$ ', 'LANG': 'C.UTF-8', 'SYSTEMD_NSPAWN_TMPFS_TMP': '0', 'SYSTEMD_SECCOMP': '0'} and shell False
Building target platforms: x86_64
Building for target x86_64
setting SOURCE_DATE_EPOCH=1721260800
Executing(%mkbuilddir): /bin/sh -e /var/tmp/rpm-tmp.pXznqo
Executing(%prep): /bin/sh -e /var/tmp/rpm-tmp.SrodB5
+ umask 022
+ cd /builddir/build/BUILD/glimpse-4.12.6_git20161025.4945711-build
+ cd /builddir/build/BUILD/glimpse-4.12.6_git20161025.4945711-build
+ rm -rf glimpse-49457116bb0796636fd1bc84f39006fb102bfafc
+ /usr/lib/rpm/rpmuncompress -x /builddir/build/SOURCES/glimpse-49457116bb0796636fd1bc84f39006fb102bfafc.tar.gz
+ STATUS=0
+ '[' 0 -ne 0 ']'
+ cd glimpse-49457116bb0796636fd1bc84f39006fb102bfafc
+ /usr/bin/chmod -Rf a+rX,u+w,g-w,o-w .
+ /usr/lib/rpm/rpmuncompress /builddir/build/SOURCES/fix-makefile.patch
+ /usr/bin/patch -p1 -s --fuzz=0 --no-backup-if-mismatch -f
+ /usr/lib/rpm/rpmuncompress /builddir/build/SOURCES/fix-makefile-cc-var.patch
+ /usr/bin/patch -p1 -s --fuzz=0 --no-backup-if-mismatch -f
+ /usr/lib/rpm/rpmuncompress /builddir/build/SOURCES/agrep-fix-double-free.patch
+ /usr/bin/patch -p1 -s --fuzz=0 --no-backup-if-mismatch -f
+ RPM_EC=0
++ jobs -p
+ exit 0
Executing(%build): /bin/sh -e /var/tmp/rpm-tmp.BIjs8l
+ umask 022
+ cd /builddir/build/BUILD/glimpse-4.12.6_git20161025.4945711-build
+ CFLAGS='-O2 -flto=auto -ffat-lto-objects -fexceptions -g -grecord-gcc-switches -pipe -Wall -Werror=format-security -fpermissive -Wp,-U_FORTIFY_SOURCE,-D_FORTIFY_SOURCE=3 -Wp,-D_GLIBCXX_ASSERTIONS -specs=/usr/lib/rpm/redhat/redhat-hardened-cc1 -fstack-protector-strong -specs=/usr/lib/rpm/redhat/redhat-annobin-cc1  -m64 -march=x86-64 -mtune=generic -fasynchronous-unwind-tables -fstack-clash-protection -fcf-protection -mtls-dialect=gnu2 -fno-omit-frame-pointer -mno-omit-leaf-frame-pointer '
+ export CFLAGS
+ CXXFLAGS='-O2 -flto=auto -ffat-lto-objects -fexceptions -g -grecord-gcc-switches -pipe -Wall -Werror=format-security -Wp,-U_FORTIFY_SOURCE,-D_FORTIFY_SOURCE=3 -Wp,-D_GLIBCXX_ASSERTIONS -specs=/usr/lib/rpm/redhat/redhat-hardened-cc1 -fstack-protector-strong -specs=/usr/lib/rpm/redhat/redhat-annobin-cc1  -m64 -march=x86-64 -mtune=generic -fasynchronous-unwind-tables -fstack-clash-protection -fcf-protection -mtls-dialect=gnu2 -fno-omit-frame-pointer -mno-omit-leaf-frame-pointer '
+ export CXXFLAGS
+ FFLAGS='-O2 -flto=auto -ffat-lto-objects -fexceptions -g -grecord-gcc-switches -pipe -Wall -Wp,-U_FORTIFY_SOURCE,-D_FORTIFY_SOURCE=3 -Wp,-D_GLIBCXX_ASSERTIONS -specs=/usr/lib/rpm/redhat/redhat-hardened-cc1 -fstack-protector-strong -specs=/usr/lib/rpm/redhat/redhat-annobin-cc1  -m64 -march=x86-64 -mtune=generic -fasynchronous-unwind-tables -fstack-clash-protection -fcf-protection -mtls-dialect=gnu2 -fno-omit-frame-pointer -mno-omit-leaf-frame-pointer -I/usr/lib64/gfortran/modules '
+ export FFLAGS
+ FCFLAGS='-O2 -flto=auto -ffat-lto-objects -fexceptions -g -grecord-gcc-switches -pipe -Wall -Wp,-U_FORTIFY_SOURCE,-D_FORTIFY_SOURCE=3 -Wp,-D_GLIBCXX_ASSERTIONS -specs=/usr/lib/rpm/redhat/redhat-hardened-cc1 -fstack-protector-strong -specs=/usr/lib/rpm/redhat/redhat-annobin-cc1  -m64 -march=x86-64 -mtune=generic -fasynchronous-unwind-tables -fstack-clash-protection -fcf-protection -mtls-dialect=gnu2 -fno-omit-frame-pointer -mno-omit-leaf-frame-pointer -I/usr/lib64/gfortran/modules '
+ export FCFLAGS
+ VALAFLAGS=-g
+ export VALAFLAGS
+ RUSTFLAGS='-Copt-level=3 -Cdebuginfo=2 -Ccodegen-units=1 -Cstrip=none -Cforce-frame-pointers=yes -Clink-arg=-specs=/usr/lib/rpm/redhat/redhat-package-notes --cap-lints=warn'
+ export RUSTFLAGS
+ LDFLAGS='-Wl,-z,relro -Wl,--as-needed  -Wl,-z,pack-relative-relocs -Wl,-z,now -specs=/usr/lib/rpm/redhat/redhat-hardened-ld -specs=/usr/lib/rpm/redhat/redhat-hardened-ld-errors -specs=/usr/lib/rpm/redhat/redhat-annobin-cc1  -Wl,--build-id=sha1 -specs=/usr/lib/rpm/redhat/redhat-package-notes '
+ export LDFLAGS
+ LT_SYS_LIBRARY_PATH=/usr/lib64:
+ export LT_SYS_LIBRARY_PATH
+ CC=gcc
+ export CC
+ CXX=g++
+ export CXX
+ cd glimpse-49457116bb0796636fd1bc84f39006fb102bfafc
+ autoconf
configure.in:3: warning: The macro 'AC_CONFIG_HEADER' is obsolete.
configure.in:3: You should run autoupdate.
./lib/autoconf/status.m4:719: AC_CONFIG_HEADER is expanded from...
configure.in:3: the top level
configure.in:19: warning: AC_PROG_LEX without either yywrap or noyywrap is obsolete
./lib/autoconf/programs.m4:743: _AC_PROG_LEX is expanded from...
./lib/autoconf/programs.m4:736: AC_PROG_LEX is expanded from...
configure.in:19: the top level
configure.in:27: warning: The macro 'ac_cv_prog_gcc' is obsolete.
configure.in:27: You should run autoupdate.
./lib/autoconf/c.m4:448: ac_cv_prog_gcc is expanded from...
configure.in:27: the top level
configure.in:51: warning: The macro 'AC_HEADER_STDC' is obsolete.
configure.in:51: You should run autoupdate.
./lib/autoconf/headers.m4:663: AC_HEADER_STDC is expanded from...
configure.in:51: the top level
configure.in:57: warning: The macro 'AC_HEADER_TIME' is obsolete.
configure.in:57: You should run autoupdate.
./lib/autoconf/headers.m4:702: AC_HEADER_TIME is expanded from...
configure.in:57: the top level
configure.in:63: warning: The macro 'AC_TYPE_SIGNAL' is obsolete.
configure.in:63: You should run autoupdate.
./lib/autoconf/types.m4:805: AC_TYPE_SIGNAL is expanded from...
configure.in:63: the top level
configure.in:144: warning: AC_OUTPUT should be used without arguments.
configure.in:144: You should run autoupdate.
+ CFLAGS='-O2 -flto=auto -ffat-lto-objects -fexceptions -g -grecord-gcc-switches -pipe -Wall -Werror=format-security -fpermissive -Wp,-U_FORTIFY_SOURCE,-D_FORTIFY_SOURCE=3 -Wp,-D_GLIBCXX_ASSERTIONS -specs=/usr/lib/rpm/redhat/redhat-hardened-cc1 -fstack-protector-strong -specs=/usr/lib/rpm/redhat/redhat-annobin-cc1  -m64 -march=x86-64 -mtune=generic -fasynchronous-unwind-tables -fstack-clash-protection -fcf-protection -mtls-dialect=gnu2 -fno-omit-frame-pointer -mno-omit-leaf-frame-pointer '
+ export CFLAGS
+ CXXFLAGS='-O2 -flto=auto -ffat-lto-objects -fexceptions -g -grecord-gcc-switches -pipe -Wall -Werror=format-security -Wp,-U_FORTIFY_SOURCE,-D_FORTIFY_SOURCE=3 -Wp,-D_GLIBCXX_ASSERTIONS -specs=/usr/lib/rpm/redhat/redhat-hardened-cc1 -fstack-protector-strong -specs=/usr/lib/rpm/redhat/redhat-annobin-cc1  -m64 -march=x86-64 -mtune=generic -fasynchronous-unwind-tables -fstack-clash-protection -fcf-protection -mtls-dialect=gnu2 -fno-omit-frame-pointer -mno-omit-leaf-frame-pointer '
+ export CXXFLAGS
+ FFLAGS='-O2 -flto=auto -ffat-lto-objects -fexceptions -g -grecord-gcc-switches -pipe -Wall -Wp,-U_FORTIFY_SOURCE,-D_FORTIFY_SOURCE=3 -Wp,-D_GLIBCXX_ASSERTIONS -specs=/usr/lib/rpm/redhat/redhat-hardened-cc1 -fstack-protector-strong -specs=/usr/lib/rpm/redhat/redhat-annobin-cc1  -m64 -march=x86-64 -mtune=generic -fasynchronous-unwind-tables -fstack-clash-protection -fcf-protection -mtls-dialect=gnu2 -fno-omit-frame-pointer -mno-omit-leaf-frame-pointer -I/usr/lib64/gfortran/modules '
+ export FFLAGS
+ FCFLAGS='-O2 -flto=auto -ffat-lto-objects -fexceptions -g -grecord-gcc-switches -pipe -Wall -Wp,-U_FORTIFY_SOURCE,-D_FORTIFY_SOURCE=3 -Wp,-D_GLIBCXX_ASSERTIONS -specs=/usr/lib/rpm/redhat/redhat-hardened-cc1 -fstack-protector-strong -specs=/usr/lib/rpm/redhat/redhat-annobin-cc1  -m64 -march=x86-64 -mtune=generic -fasynchronous-unwind-tables -fstack-clash-protection -fcf-protection -mtls-dialect=gnu2 -fno-omit-frame-pointer -mno-omit-leaf-frame-pointer -I/usr/lib64/gfortran/modules '
+ export FCFLAGS
+ VALAFLAGS=-g
+ export VALAFLAGS
+ RUSTFLAGS='-Copt-level=3 -Cdebuginfo=2 -Ccodegen-units=1 -Cstrip=none -Cforce-frame-pointers=yes -Clink-arg=-specs=/usr/lib/rpm/redhat/redhat-package-notes --cap-lints=warn'
+ export RUSTFLAGS
+ LDFLAGS='-Wl,-z,relro -Wl,--as-needed  -Wl,-z,pack-relative-relocs -Wl,-z,now -specs=/usr/lib/rpm/redhat/redhat-hardened-ld -specs=/usr/lib/rpm/redhat/redhat-hardened-ld-errors -specs=/usr/lib/rpm/redhat/redhat-annobin-cc1  -Wl,--build-id=sha1 -specs=/usr/lib/rpm/redhat/redhat-package-notes '
+ export LDFLAGS
+ LT_SYS_LIBRARY_PATH=/usr/lib64:
+ export LT_SYS_LIBRARY_PATH
+ CC=gcc
+ export CC
+ CXX=g++
+ export CXX
+ '[' '-flto=auto -ffat-lto-objectsx' '!=' x ']'
++ find . -type f -name configure -print
+ for file in $(find . -type f -name configure -print)
+ /usr/bin/sed -r --in-place=.backup 's/^char \(\*f\) \(\) = /__attribute__ ((used)) char (*f) () = /g' ./glimpse/configure
+ diff -u ./glimpse/configure.backup ./glimpse/configure
--- ./glimpse/configure.backup	2016-10-25 17:28:25.000000000 +0000
+++ ./glimpse/configure	2025-04-25 06:06:21.002152419 +0000
@@ -4138,7 +4138,7 @@
 #if defined (__stub_$ac_func) || defined (__stub___$ac_func)
 choke me
 #else
-char (*f) () = $ac_func;
+__attribute__ ((used)) char (*f) () = $ac_func;
 #endif
 #ifdef __cplusplus
 }
@@ -4412,7 +4412,7 @@
 #if defined (__stub_connect) || defined (__stub___connect)
 choke me
 #else
-char (*f) () = connect;
+__attribute__ ((used)) char (*f) () = connect;
 #endif
 #ifdef __cplusplus
 }
@@ -4549,7 +4549,7 @@
 #if defined (__stub_accept) || defined (__stub___accept)
 choke me
 #else
-char (*f) () = accept;
+__attribute__ ((used)) char (*f) () = accept;
 #endif
 #ifdef __cplusplus
 }
@@ -4628,7 +4628,7 @@
 #if defined (__stub_gethostbyname) || defined (__stub___gethostbyname)
 choke me
 #else
-char (*f) () = gethostbyname;
+__attribute__ ((used)) char (*f) () = gethostbyname;
 #endif
 #ifdef __cplusplus
 }
+ /usr/bin/sed -r --in-place=.backup 's/^char \(\*f\) \(\);/__attribute__ ((used)) char (*f) ();/g' ./glimpse/configure
+ diff -u ./glimpse/configure.backup ./glimpse/configure
+ mv ./glimpse/configure.backup ./glimpse/configure
+ /usr/bin/sed -r --in-place=.backup 's/^char \$2 \(\);/__attribute__ ((used)) char \$2 ();/g' ./glimpse/configure
+ diff -u ./glimpse/configure.backup ./glimpse/configure
+ mv ./glimpse/configure.backup ./glimpse/configure
+ /usr/bin/sed --in-place=.backup '1{$!N;$!N};$!N;s/int x = 1;\nint y = 0;\nint z;\nint nan;/volatile int x = 1; volatile int y = 0; volatile int z, nan;/;P;D' ./glimpse/configure
+ diff -u ./glimpse/configure.backup ./glimpse/configure
+ mv ./glimpse/configure.backup ./glimpse/configure
+ /usr/bin/sed -r --in-place=.backup '/lt_cv_sys_global_symbol_to_cdecl=/s#(".*"|'\''.*'\'')#"sed -n -e '\''s/^T .* \\(.*\\)$/extern int \\1();/p'\'' -e '\''s/^$symcode* .* \\(.*\\)$/extern char \\1;/p'\''"#' ./glimpse/configure
+ diff -u ./glimpse/configure.backup ./glimpse/configure
+ mv ./glimpse/configure.backup ./glimpse/configure
+ for file in $(find . -type f -name configure -print)
+ /usr/bin/sed -r --in-place=.backup 's/^char \(\*f\) \(\) = /__attribute__ ((used)) char (*f) () = /g' ./configure
+ diff -u ./configure.backup ./configure
+ mv ./configure.backup ./configure
+ /usr/bin/sed -r --in-place=.backup 's/^char \(\*f\) \(\);/__attribute__ ((used)) char (*f) ();/g' ./configure
+ diff -u ./configure.backup ./configure
+ mv ./configure.backup ./configure
+ /usr/bin/sed -r --in-place=.backup 's/^char \$2 \(\);/__attribute__ ((used)) char \$2 ();/g' ./configure
+ diff -u ./configure.backup ./configure
+ mv ./configure.backup ./configure
+ /usr/bin/sed --in-place=.backup '1{$!N;$!N};$!N;s/int x = 1;\nint y = 0;\nint z;\nint nan;/volatile int x = 1; volatile int y = 0; volatile int z, nan;/;P;D' ./configure
+ diff -u ./configure.backup ./configure
+ mv ./configure.backup ./configure
+ /usr/bin/sed -r --in-place=.backup '/lt_cv_sys_global_symbol_to_cdecl=/s#(".*"|'\''.*'\'')#"sed -n -e '\''s/^T .* \\(.*\\)$/extern int \\1();/p'\'' -e '\''s/^$symcode* .* \\(.*\\)$/extern char \\1;/p'\''"#' ./configure
+ diff -u ./configure.backup ./configure
+ mv ./configure.backup ./configure
+ '[' 1 = 1 ']'
+++ dirname ./configure
++ find . -name config.guess -o -name config.sub
+ '[' 1 = 1 ']'
+ '[' x '!=' 'x-Wl,-z,now -specs=/usr/lib/rpm/redhat/redhat-hardened-ld -specs=/usr/lib/rpm/redhat/redhat-hardened-ld-errors' ']'
++ find . -name ltmain.sh
++ grep -q runstatedir=DIR ./configure
++ echo --runstatedir=/run
+ ./configure --build=x86_64-redhat-linux-gnu --host=x86_64-redhat-linux-gnu --program-prefix= --disable-dependency-tracking --prefix=/usr --exec-prefix=/usr --bindir=/usr/bin --sbindir=/usr/bin --sysconfdir=/etc --datadir=/usr/share --includedir=/usr/include --libdir=/usr/lib64 --libexecdir=/usr/libexec --localstatedir=/var --runstatedir=/run --sharedstatedir=/var/lib --mandir=/usr/share/man --infodir=/usr/share/info
configure: WARNING: unrecognized options: --disable-dependency-tracking
checking for x86_64-redhat-linux-gnu-gcc... gcc
checking whether the C compiler works... yes
checking for C compiler default output file name... a.out
checking for suffix of executables... 
checking whether we are cross compiling... no
checking for suffix of object files... o
checking whether the compiler supports GNU C... yes
checking whether gcc accepts -g... yes
checking for gcc option to enable C11 features... none needed
checking for ar... /usr/bin/ar
checking for x86_64-redhat-linux-gnu-ranlib... no
checking for ranlib... ranlib
checking whether ln -s works... yes
checking for flex... flex
checking for lex output file root... lex.yy
checking for lex library... none needed
checking for library containing yywrap... -lfl
checking whether yytext is a pointer... yes
checking for strip... /usr/bin/strip
checking for cp... /usr/bin/cp
checking for a BSD-compatible install... /usr/bin/install -c
checking for dirent.h that defines DIR... yes
checking for library containing opendir... none required
checking for stdio.h... yes
checking for stdlib.h... yes
checking for string.h... yes
checking for inttypes.h... yes
checking for stdint.h... yes
checking for strings.h... yes
checking for sys/stat.h... yes
checking for sys/types.h... yes
checking for unistd.h... yes
checking for sys/time.h... yes
checking for utime.h... yes
checking for grep that handles long lines and -e... /usr/bin/grep
checking for egrep... /usr/bin/grep -E
checking for fcntl.h... yes
checking for sys/file.h... yes
checking for sys/time.h... (cached) yes
checking for unistd.h... (cached) yes
checking for sys/select.h... yes
checking for sys/dir.h... yes
checking for sys/ndir.h... no
checking for strerr.h... no
checking for an ANSI C-conforming const... yes
checking return type of signal handlers... void
checking whether utime accepts a null argument... yes
checking for strdup... yes
checking for strerror... yes
checking for sqrt in -lm... yes
checking for dlopen in -lc... yes
checking for connect... yes
checking for gethostbyname... yes
configure: creating ./config.status
config.status: creating Makefile
config.status: WARNING:  'Makefile.in' seems to ignore the --datarootdir setting
config.status: creating index/Makefile
config.status: creating compress/Makefile
config.status: creating agrep/Makefile
config.status: WARNING:  'agrep/Makefile.in' seems to ignore the --datarootdir setting
config.status: creating dynfilters/Makefile
config.status: creating libtemplate/Makefile
config.status: creating libtemplate/util/Makefile
config.status: creating libtemplate/template/Makefile
config.status: creating libtemplate/lib/Makefile
config.status: creating libtemplate/include/autoconf.h
configure: WARNING: unrecognized options: --disable-dependency-tracking
+ make 'DEBUGFLAGS=-O2 -flto=auto -ffat-lto-objects -fexceptions -g -grecord-gcc-switches -pipe -Wall -Werror=format-security -fpermissive -Wp,-U_FORTIFY_SOURCE,-D_FORTIFY_SOURCE=3 -Wp,-D_GLIBCXX_ASSERTIONS -specs=/usr/lib/rpm/redhat/redhat-hardened-cc1 -fstack-protector-strong -specs=/usr/lib/rpm/redhat/redhat-annobin-cc1  -m64 -march=x86-64 -mtune=generic -fasynchronous-unwind-tables -fstack-clash-protection -fcf-protection -mtls-dialect=gnu2 -fno-omit-frame-pointer -mno-omit-leaf-frame-pointer ' 'OTHERLIBS=-Wl,-z,relro -Wl,--as-needed  -Wl,-z,pack-relative-relocs -Wl,-z,now -specs=/usr/lib/rpm/redhat/redhat-hardened-ld -specs=/usr/lib/rpm/redhat/redhat-hardened-ld-errors -specs=/usr/lib/rpm/redhat/redhat-annobin-cc1  -Wl,--build-id=sha1 -specs=/usr/lib/rpm/redhat/redhat-package-notes '
[ -d bin ] || mkdir bin
[ -d lib ] || mkdir lib
for d in compress agrep libtemplate index dynfilters ; do \
	( cd $d; make ); \
done
make[1]: Entering directory '/builddir/build/BUILD/glimpse-4.12.6_git20161025.4945711-build/glimpse-49457116bb0796636fd1bc84f39006fb102bfafc/compress'
gcc -I../index -I../agrep -I../libtemplate/include -O2 -O2 -flto=auto -ffat-lto-objects -fexceptions -g -grecord-gcc-switches -pipe -Wall -Werror=format-security -fpermissive -Wp,-U_FORTIFY_SOURCE,-D_FORTIFY_SOURCE=3 -Wp,-D_GLIBCXX_ASSERTIONS -specs=/usr/lib/rpm/redhat/redhat-hardened-cc1 -fstack-protector-strong -specs=/usr/lib/rpm/redhat/redhat-annobin-cc1  -m64 -march=x86-64 -mtune=generic -fasynchronous-unwind-tables -fstack-clash-protection -fcf-protection -mtls-dialect=gnu2 -fno-omit-frame-pointer -mno-omit-leaf-frame-pointer    -c -o hash.o hash.c
hash.c: In function ‘thash64k’:
hash.c:29:1: warning: old-style function definition [-Wold-style-definition]
   29 | thash64k(word, len)
      | ^~~~~~~~
hash.c: In function ‘get_hash’:
hash.c:56:1: warning: old-style function definition [-Wold-style-definition]
   56 | get_hash(hash_table, word, len, i)
      | ^~~~~~~~
hash.c:61:1: error: number of arguments doesn’t match prototype
   61 | {
      | ^
In file included from hash.c:8:
defs.h:135:13: error: prototype declaration
  135 | hash_entry *get_hash();
      |             ^~~~~~~~
hash.c: In function ‘insert_hash’:
hash.c:81:1: warning: old-style function definition [-Wold-style-definition]
   81 | insert_hash(hash_table, word, len, freq, offset)
      | ^~~~~~~~~~~
hash.c:85:1: error: number of arguments doesn’t match prototype
   85 | {
      | ^
defs.h:134:13: error: prototype declaration
  134 | hash_entry *insert_hash();
      |             ^~~~~~~~~~~
hash.c:89:13: error: too many arguments to function ‘get_hash’; expected 0, have 4
   89 |         e = get_hash(hash_table, word, len, &i);
      |             ^~~~~~~~ ~~~~~~~~~~
hash.c:56:1: note: declared here
   56 | get_hash(hash_table, word, len, i)
      | ^~~~~~~~
defs.h:166:17: warning: this ‘else’ clause does not guard... [-Wmisleading-indentation]
  166 |                 else (s) = ((next_free_str >= AVG_WORD_LEN * DEF_MAX_WORDS) ? (NULL) : (&(free_str[next_free_str]))); next_free_str += (len);\
      |                 ^~~~
hash.c:93:17: note: in expansion of macro ‘stralloc’
   93 |                 stralloc(e->word, len + 2);
      |                 ^~~~~~~~
defs.h:166:119: note: ...this statement, but the latter is misleadingly indented as if it were guarded by the ‘else’
  166 |                 else (s) = ((next_free_str >= AVG_WORD_LEN * DEF_MAX_WORDS) ? (NULL) : (&(free_str[next_free_str]))); next_free_str += (len);\
      |                                                                                                                       ^~~~~~~~~~~~~
hash.c:93:17: note: in expansion of macro ‘stralloc’
   93 |                 stralloc(e->word, len + 2);
      |                 ^~~~~~~~
hash.c: In function ‘dump_hash’:
hash.c:131:1: warning: old-style function definition [-Wold-style-definition]
  131 | dump_hash(hash_table, HASHFILE)
      | ^~~~~~~~~
hash.c:134:1: error: number of arguments doesn’t match prototype
  134 | {
      | ^
defs.h:130:5: error: prototype declaration
  130 | int dump_hash();
      |     ^~~~~~~~~
hash.c: At top level:
hash.c:168:1: warning: return type defaults to ‘int’ [-Wimplicit-int]
  168 | thash4k(word, len)
      | ^~~~~~~
hash.c: In function ‘thash4k’:
hash.c:168:1: warning: old-style function definition [-Wold-style-definition]
hash.c: In function ‘get_small_hash’:
hash.c:204:1: warning: old-style function definition [-Wold-style-definition]
  204 | get_small_hash(hash_table, word, len, i)
      | ^~~~~~~~~~~~~~
hash.c: In function ‘insert_small_hash’:
hash.c:222:1: warning: old-style function definition [-Wold-style-definition]
  222 | insert_small_hash(hash_table, word, len, freq, offset)
      | ^~~~~~~~~~~~~~~~~
defs.h:166:17: warning: this ‘else’ clause does not guard... [-Wmisleading-indentation]
  166 |                 else (s) = ((next_free_str >= AVG_WORD_LEN * DEF_MAX_WORDS) ? (NULL) : (&(free_str[next_free_str]))); next_free_str += (len);\
      |                 ^~~~
hash.c:234:17: note: in expansion of macro ‘stralloc’
  234 |                 stralloc(e->word, len + 2);
      |                 ^~~~~~~~
defs.h:166:119: note: ...this statement, but the latter is misleadingly indented as if it were guarded by the ‘else’
  166 |                 else (s) = ((next_free_str >= AVG_WORD_LEN * DEF_MAX_WORDS) ? (NULL) : (&(free_str[next_free_str]))); next_free_str += (len);\
      |                                                                                                                       ^~~~~~~~~~~~~
hash.c:234:17: note: in expansion of macro ‘stralloc’
  234 |                 stralloc(e->word, len + 2);
      |                 ^~~~~~~~
hash.c: In function ‘dump_small_hash’:
hash.c:261:1: warning: old-style function definition [-Wold-style-definition]
  261 | dump_small_hash(hash_table, HASHFILE)
      | ^~~~~~~~~~~~~~~
hash.c: In function ‘dump_hash_debug’:
hash.c:299:1: warning: old-style function definition [-Wold-style-definition]
  299 | dump_hash_debug(hash_table, HASHFILE)
      | ^~~~~~~~~~~~~~~
hash.c: In function ‘myhashread’:
hash.c:331:1: warning: old-style function definition [-Wold-style-definition]
  331 | myhashread(fp, pint1, pint2, str, plen)
      | ^~~~~~~~~~
hash.c: In function ‘tbuild_hash’:
hash.c:370:1: warning: old-style function definition [-Wold-style-definition]
  370 | tbuild_hash(hash_table, hashfp, bytestoread)
      | ^~~~~~~~~~~
hash.c: In function ‘build_partial_hash’:
hash.c:452:1: warning: old-style function definition [-Wold-style-definition]
  452 | build_partial_hash(hash_table, hashfp, srcbuf, srclen, patbuf, patlen, blocksize, loaded_hash_table)
      | ^~~~~~~~~~~~~~~~~~
hash.c: At top level:
hash.c:522:1: warning: return type defaults to ‘int’ [-Wimplicit-int]
  522 | pad_hash_file(filename, FILEBLOCKSIZE)
      | ^~~~~~~~~~~~~
hash.c: In function ‘pad_hash_file’:
hash.c:522:1: warning: old-style function definition [-Wold-style-definition]
hash.c:635:67: error: too many arguments to function ‘tescapesinglequote’; expected 0, have 2
  635 |         sprintf((char *)buf, "exec %s '%s.%d' '%s'\n", SYSTEM_MV, tescapesinglequote(filename, es1), pid, tescapesinglequote(filename, es2));
      |                                                                   ^~~~~~~~~~~~~~~~~~ ~~~~~~~~
defs.h:137:8: note: declared here
  137 | char * tescapesinglequote();
      |        ^~~~~~~~~~~~~~~~~~
hash.c:635:107: error: too many arguments to function ‘tescapesinglequote’; expected 0, have 2
  635 |         sprintf((char *)buf, "exec %s '%s.%d' '%s'\n", SYSTEM_MV, tescapesinglequote(filename, es1), pid, tescapesinglequote(filename, es2));
      |                                                                                                           ^~~~~~~~~~~~~~~~~~ ~~~~~~~~
defs.h:137:8: note: declared here
  137 | char * tescapesinglequote();
      |        ^~~~~~~~~~~~~~~~~~
hash.c:636:9: warning: ignoring return value of ‘system’ declared with attribute ‘warn_unused_result’ [-Wunused-result]
  636 |         system((const char *)buf);
      |         ^~~~~~~~~~~~~~~~~~~~~~~~~
make[1]: *** [<builtin>: hash.o] Error 1
make[1]: Leaving directory '/builddir/build/BUILD/glimpse-4.12.6_git20161025.4945711-build/glimpse-49457116bb0796636fd1bc84f39006fb102bfafc/compress'
make[1]: Entering directory '/builddir/build/BUILD/glimpse-4.12.6_git20161025.4945711-build/glimpse-49457116bb0796636fd1bc84f39006fb102bfafc/agrep'
gcc -DMEASURE_TIMES=0 -DDOTCOMPRESSED=0 -I../agrep -I../libtemplate/include -O2 -flto=auto -ffat-lto-objects -fexceptions -g -grecord-gcc-switches -pipe -Wall -Werror=format-security -fpermissive -Wp,-U_FORTIFY_SOURCE,-D_FORTIFY_SOURCE=3 -Wp,-D_GLIBCXX_ASSERTIONS -specs=/usr/lib/rpm/redhat/redhat-hardened-cc1 -fstack-protector-strong -specs=/usr/lib/rpm/redhat/redhat-annobin-cc1  -m64 -march=x86-64 -mtune=generic -fasynchronous-unwind-tables -fstack-clash-protection -fcf-protection -mtls-dialect=gnu2 -fno-omit-frame-pointer -mno-omit-leaf-frame-pointer    -c -o follow.o follow.c
follow.c: In function ‘extend_re’:
follow.c:24:7: warning: old-style function definition [-Wold-style-definition]
   24 | char *extend_re(s)
      |       ^~~~~~~~~
follow.c: In function ‘free_pos’:
follow.c:33:6: warning: old-style function definition [-Wold-style-definition]
   33 | void free_pos(fpos, pos_cnt)
      |      ^~~~~~~~
follow.c: In function ‘free_cset’:
follow.c:53:6: warning: old-style function definition [-Wold-style-definition]
   53 | void free_cset(cset)
      |      ^~~~~~~~~
follow.c: In function ‘free_re’:
follow.c:67:6: warning: old-style function definition [-Wold-style-definition]
   67 | void free_re(e)
      |      ^~~~~~~
follow.c: In function ‘mk_followpos_1’:
follow.c:142:6: warning: old-style function definition [-Wold-style-definition]
  142 | void mk_followpos_1(e, fpos)
      |      ^~~~~~~~~~~~~~
follow.c:156:38: error: too many arguments to function ‘pset_union’; expected 0, have 3
  156 |                         (*fpos)[i] = pset_union(Firstpos(e), (*fpos)[i], 1);
      |                                      ^~~~~~~~~~
follow.c:14:13: note: declared here
   14 | extern Pset pset_union();
      |             ^~~~~~~~~~
follow.c:165:38: error: too many arguments to function ‘pset_union’; expected 0, have 3
  165 |                         (*fpos)[i] = pset_union(Firstpos(Rchild(e)), (*fpos)[i], 1);
      |                                      ^~~~~~~~~~
follow.c:14:13: note: declared here
   14 | extern Pset pset_union();
      |             ^~~~~~~~~~
follow.c: In function ‘mk_followpos’:
follow.c:186:12: warning: old-style function definition [-Wold-style-definition]
  186 | Pset_array mk_followpos(tree, npos)
      |            ^~~~~~~~~~~~
follow.c: In function ‘init’:
follow.c:208:5: warning: old-style function definition [-Wold-style-definition]
  208 | int init(s, table)
      |     ^~~~
follow.c:219:18: error: too many arguments to function ‘parse’; expected 0, have 1
  219 |         if ((e = parse(s1)) == NULL) {
      |                  ^~~~~ ~~
follow.c:16:16: note: declared here
   16 | extern Re_node parse();
      |                ^~~~~
make[1]: *** [<builtin>: follow.o] Error 1
make[1]: Leaving directory '/builddir/build/BUILD/glimpse-4.12.6_git20161025.4945711-build/glimpse-49457116bb0796636fd1bc84f39006fb102bfafc/agrep'
make[1]: Entering directory '/builddir/build/BUILD/glimpse-4.12.6_git20161025.4945711-build/glimpse-49457116bb0796636fd1bc84f39006fb102bfafc/libtemplate'
Making all in util
make[2]: Entering directory '/builddir/build/BUILD/glimpse-4.12.6_git20161025.4945711-build/glimpse-49457116bb0796636fd1bc84f39006fb102bfafc/libtemplate/util'
gcc -O2 -flto=auto -ffat-lto-objects -fexceptions -g -grecord-gcc-switches -pipe -Wall -Werror=format-security -fpermissive -Wp,-U_FORTIFY_SOURCE,-D_FORTIFY_SOURCE=3 -Wp,-D_GLIBCXX_ASSERTIONS -specs=/usr/lib/rpm/redhat/redhat-hardened-cc1 -fstack-protector-strong -specs=/usr/lib/rpm/redhat/redhat-annobin-cc1  -m64 -march=x86-64 -mtune=generic -fasynchronous-unwind-tables -fstack-clash-protection -fcf-protection -mtls-dialect=gnu2 -fno-omit-frame-pointer -mno-omit-leaf-frame-pointer  -I../include   -c -o buffer.o buffer.c
buffer.c: In function ‘create_buffer’:
buffer.c:24:9: warning: old-style function definition [-Wold-style-definition]
   24 | Buffer *create_buffer(default_size)
      |         ^~~~~~~~~~~~~
buffer.c: In function ‘increase_buffer’:
buffer.c:42:6: warning: old-style function definition [-Wold-style-definition]
   42 | void increase_buffer(b, sz)
      |      ^~~~~~~~~~~~~~~
buffer.c: In function ‘grow_buffer’:
buffer.c:56:6: warning: old-style function definition [-Wold-style-definition]
   56 | void grow_buffer(b)
      |      ^~~~~~~~~~~
buffer.c: In function ‘shrink_buffer’:
buffer.c:66:6: warning: old-style function definition [-Wold-style-definition]
   66 | void shrink_buffer(b)
      |      ^~~~~~~~~~~~~
buffer.c: In function ‘free_buffer’:
buffer.c:85:6: warning: old-style function definition [-Wold-style-definition]
   85 | void free_buffer(b)
      |      ^~~~~~~~~~~
buffer.c: In function ‘add_buffer’:
buffer.c:102:6: warning: old-style function definition [-Wold-style-definition]
  102 | void add_buffer(b, s, sz)
      |      ^~~~~~~~~~
buffer.c: At top level:
buffer.c:1:13: warning: ‘rcsid’ defined but not used [-Wunused-variable]
    1 | static char rcsid[] = "$Id: buffer.c,v 1.2 2003/11/13 05:17:39 golda Exp $";
      |             ^~~~~
gcc -O2 -flto=auto -ffat-lto-objects -fexceptions -g -grecord-gcc-switches -pipe -Wall -Werror=format-security -fpermissive -Wp,-U_FORTIFY_SOURCE,-D_FORTIFY_SOURCE=3 -Wp,-D_GLIBCXX_ASSERTIONS -specs=/usr/lib/rpm/redhat/redhat-hardened-cc1 -fstack-protector-strong -specs=/usr/lib/rpm/redhat/redhat-annobin-cc1  -m64 -march=x86-64 -mtune=generic -fasynchronous-unwind-tables -fstack-clash-protection -fcf-protection -mtls-dialect=gnu2 -fno-omit-frame-pointer -mno-omit-leaf-frame-pointer  -I../include   -c -o host.o host.c
host.c: In function ‘getfullhostname’:
host.c:44:20: error: conflicting types for ‘gethostname’; have ‘int(void)’
   44 |         extern int gethostname();       /* UNIX system call */
      |                    ^~~~~~~~~~~
In file included from /usr/include/features.h:524,
                 from /usr/include/bits/libc-header-start.h:33,
                 from /usr/include/stdio.h:28,
                 from host.c:17:
/usr/include/bits/unistd.h:189:1: note: previous definition of ‘gethostname’ with type ‘int(char *, long unsigned int)’
  189 | __NTH (gethostname (__fortify_clang_overload_arg (char *, ,__buf),
      | ^~~~~
host.c:46:13: error: too many arguments to function ‘gethostname’; expected 0, have 2
   46 |         if (gethostname(buf, MAXHOSTNAMELEN) < 0)
      |             ^~~~~~~~~~~ ~~~
host.c:44:20: note: declared here
   44 |         extern int gethostname();       /* UNIX system call */
      |                    ^~~~~~~~~~~
host.c: In function ‘getrealhost’:
host.c:74:7: warning: old-style function definition [-Wold-style-definition]
   74 | char *getrealhost(s)
      |       ^~~~~~~~~~~
host.c: At top level:
host.c:1:13: warning: ‘rcsid’ defined but not used [-Wunused-variable]
    1 | static char rcsid[] = "$Id: host.c,v 1.2 2006/03/25 02:13:55 root Exp $";
      |             ^~~~~
make[2]: *** [<builtin>: host.o] Error 1
make[2]: Leaving directory '/builddir/build/BUILD/glimpse-4.12.6_git20161025.4945711-build/glimpse-49457116bb0796636fd1bc84f39006fb102bfafc/libtemplate/util'
Making all in template
make[2]: Entering directory '/builddir/build/BUILD/glimpse-4.12.6_git20161025.4945711-build/glimpse-49457116bb0796636fd1bc84f39006fb102bfafc/libtemplate/template'
gcc   -I../include -O2 -flto=auto -ffat-lto-objects -fexceptions -g -grecord-gcc-switches -pipe -Wall -Werror=format-security -fpermissive -Wp,-U_FORTIFY_SOURCE,-D_FORTIFY_SOURCE=3 -Wp,-D_GLIBCXX_ASSERTIONS -specs=/usr/lib/rpm/redhat/redhat-hardened-cc1 -fstack-protector-strong -specs=/usr/lib/rpm/redhat/redhat-annobin-cc1  -m64 -march=x86-64 -mtune=generic -fasynchronous-unwind-tables -fstack-clash-protection -fcf-protection -mtls-dialect=gnu2 -fno-omit-frame-pointer -mno-omit-leaf-frame-pointer    -c -o template.o template.c
template.c: In function ‘create_AVList’:
template.c:31:9: warning: old-style function definition [-Wold-style-definition]
   31 | AVList *create_AVList(attr, value, vsize)
      |         ^~~~~~~~~~~~~
template.c: In function ‘free_AVList’:
template.c:55:6: warning: old-style function definition [-Wold-style-definition]
   55 | void free_AVList(list)
      |      ^~~~~~~~~~~
template.c: In function ‘free_AVPair’:
template.c:72:6: warning: old-style function definition [-Wold-style-definition]
   72 | void free_AVPair(avp)
      |      ^~~~~~~~~~~
template.c: In function ‘add_offset’:
template.c:87:6: warning: old-style function definition [-Wold-style-definition]
   87 | void add_offset(l, attr, off)
      |      ^~~~~~~~~~
template.c: In function ‘extract_AVPair’:
template.c:103:9: warning: old-style function definition [-Wold-style-definition]
  103 | AVPair *extract_AVPair(list, attribute)
      |         ^~~~~~~~~~~~~~
template.c: In function ‘exists_AVList’:
template.c:120:5: warning: old-style function definition [-Wold-style-definition]
  120 | int exists_AVList(list, attr)
      |     ^~~~~~~~~~~~~
template.c: In function ‘add_AVList’:
template.c:131:6: warning: old-style function definition [-Wold-style-definition]
  131 | void add_AVList(list, attr, value, vsize)
      |      ^~~~~~~~~~
template.c: In function ‘FAST_add_AVList’:
template.c:162:6: warning: old-style function definition [-Wold-style-definition]
  162 | void FAST_add_AVList(list, attr, value, vsize)
      |      ^~~~~~~~~~~~~~~
template.c: In function ‘merge_AVList’:
template.c:184:9: warning: old-style function definition [-Wold-style-definition]
  184 | AVList *merge_AVList(a, b)
      |         ^~~~~~~~~~~~
template.c: In function ‘append_AVList’:
template.c:220:6: warning: old-style function definition [-Wold-style-definition]
  220 | void append_AVList(list, attr, value, vsize)
      |      ^~~~~~~~~~~~~
template.c: In function ‘create_template’:
template.c:246:11: warning: old-style function definition [-Wold-style-definition]
  246 | Template *create_template(type, url)
      |           ^~~~~~~~~~~~~~~
template.c: In function ‘free_template’:
template.c:267:6: warning: old-style function definition [-Wold-style-definition]
  267 | void free_template(t)
      |      ^~~~~~~~~~~~~
template.c: In function ‘init_print_template’:
template.c:296:9: warning: old-style function definition [-Wold-style-definition]
  296 | Buffer *init_print_template(fp)
      |         ^~~~~~~~~~~~~~~~~~~
template.c: In function ‘output_char’:
template.c:311:13: warning: old-style function definition [-Wold-style-definition]
  311 | static void output_char(c)
      |             ^~~~~~~~~~~
template.c:314:9: error: too many arguments to function ‘output_buffer’; expected 0, have 2
  314 |         output_buffer(&c, 1);
      |         ^~~~~~~~~~~~~ ~~
template.c:25:13: note: declared here
   25 | static void output_buffer();
      |             ^~~~~~~~~~~~~
template.c: In function ‘output_buffer’:
template.c:320:13: warning: old-style function definition [-Wold-style-definition]
  320 | static void output_buffer(s, sz)
      |             ^~~~~~~~~~~~~
template.c: In function ‘print_template’:
template.c:335:6: warning: old-style function definition [-Wold-style-definition]
  335 | void print_template(template)
      |      ^~~~~~~~~~~~~~
template.c: In function ‘print_template_header’:
template.c:353:6: warning: old-style function definition [-Wold-style-definition]
  353 | void print_template_header(template)
      |      ^~~~~~~~~~~~~~~~~~~~~
template.c:359:9: error: too many arguments to function ‘output_buffer’; expected 0, have 2
  359 |         output_buffer(buf, strlen(buf));
      |         ^~~~~~~~~~~~~ ~~~
template.c:320:13: note: declared here
  320 | static void output_buffer(s, sz)
      |             ^~~~~~~~~~~~~
template.c: In function ‘print_template_body’:
template.c:362:6: warning: old-style function definition [-Wold-style-definition]
  362 | void print_template_body(template)
      |      ^~~~~~~~~~~~~~~~~~~
template.c:374:17: error: too many arguments to function ‘output_buffer’; expected 0, have 2
  374 |                 output_buffer(buf, strlen(buf));
      |                 ^~~~~~~~~~~~~ ~~~
template.c:320:13: note: declared here
  320 | static void output_buffer(s, sz)
      |             ^~~~~~~~~~~~~
template.c:375:17: error: too many arguments to function ‘output_buffer’; expected 0, have 2
  375 |                 output_buffer(walker->data->value, walker->data->vsize);
      |                 ^~~~~~~~~~~~~ ~~~~~~~~~~~~~~~~~~~
template.c:320:13: note: declared here
  320 | static void output_buffer(s, sz)
      |             ^~~~~~~~~~~~~
template.c:376:17: error: too many arguments to function ‘output_char’; expected 0, have 1
  376 |                 output_char('\n');
      |                 ^~~~~~~~~~~ ~~~~
template.c:311:13: note: declared here
  311 | static void output_char(c)
      |             ^~~~~~~~~~~
template.c: In function ‘print_template_trailer’:
template.c:380:6: warning: old-style function definition [-Wold-style-definition]
  380 | void print_template_trailer(template)
      |      ^~~~~~~~~~~~~~~~~~~~~~
template.c:383:9: error: too many arguments to function ‘output_char’; expected 0, have 1
  383 |         output_char('}');
      |         ^~~~~~~~~~~ ~~~
template.c:311:13: note: declared here
  311 | static void output_char(c)
      |             ^~~~~~~~~~~
template.c:384:9: error: too many arguments to function ‘output_char’; expected 0, have 1
  384 |         output_char('\n');
      |         ^~~~~~~~~~~ ~~~~
template.c:311:13: note: declared here
  311 | static void output_char(c)
      |             ^~~~~~~~~~~
template.c: In function ‘init_parse_template_file’:
template.c:409:6: warning: old-style function definition [-Wold-style-definition]
  409 | void init_parse_template_file(fp)
      |      ^~~~~~~~~~~~~~~~~~~~~~~~
template.c: In function ‘init_parse_template_string’:
template.c:417:6: warning: old-style function definition [-Wold-style-definition]
  417 | void init_parse_template_string(s, sz)
      |      ^~~~~~~~~~~~~~~~~~~~~~~~~~
template.c: In function ‘backup_char’:
template.c:457:13: warning: old-style function definition [-Wold-style-definition]
  457 | static void backup_char(x)
      |             ^~~~~~~~~~~
template.c: In function ‘attribute_cmp’:
template.c:628:12: warning: old-style function definition [-Wold-style-definition]
  628 | static int attribute_cmp(a, b)
      |            ^~~~~~~~~~~~~
template.c: In function ‘sort_AVList’:
template.c:663:9: warning: old-style function definition [-Wold-style-definition]
  663 | AVList *sort_AVList(avl)
      |         ^~~~~~~~~~~
template.c:685:19: error: too many arguments to function ‘acmp’; expected 0, have 2
  685 |                   acmp(a->next->data->attribute, n->data->attribute) < 0;
      |                   ^~~~ ~~~~~~~~~~~~~~~~~~~~~~~~
template.c:688:29: error: too many arguments to function ‘acmp’; expected 0, have 2
  688 |                         if (acmp(a->data->attribute, n->data->attribute) < 0) {
      |                             ^~~~ ~~~~~~~~~~~~~~~~~~
template.c: In function ‘embed_template’:
template.c:711:11: warning: old-style function definition [-Wold-style-definition]
  711 | Template *embed_template(t, template)
      |           ^~~~~~~~~~~~~~
template.c: In function ‘sink_embedded’:
template.c:750:9: warning: old-style function definition [-Wold-style-definition]
  750 | AVList *sink_embedded(list)
      |         ^~~~~~~~~~~~~
template.c: At top level:
template.c:1:13: warning: ‘rcsid’ defined but not used [-Wunused-variable]
    1 | static char rcsid[] = "$Id: template.c,v 1.3 2006/03/25 02:13:55 root Exp $";
      |             ^~~~~
make[2]: *** [<builtin>: template.o] Error 1
make[2]: Leaving directory '/builddir/build/BUILD/glimpse-4.12.6_git20161025.4945711-build/glimpse-49457116bb0796636fd1bc84f39006fb102bfafc/libtemplate/template'
Making all in lib
make[2]: Entering directory '/builddir/build/BUILD/glimpse-4.12.6_git20161025.4945711-build/glimpse-49457116bb0796636fd1bc84f39006fb102bfafc/libtemplate/lib'
make[2]: Nothing to be done for 'all'.
make[2]: Leaving directory '/builddir/build/BUILD/glimpse-4.12.6_git20161025.4945711-build/glimpse-49457116bb0796636fd1bc84f39006fb102bfafc/libtemplate/lib'
make[1]: Leaving directory '/builddir/build/BUILD/glimpse-4.12.6_git20161025.4945711-build/glimpse-49457116bb0796636fd1bc84f39006fb102bfafc/libtemplate'
make[1]: Entering directory '/builddir/build/BUILD/glimpse-4.12.6_git20161025.4945711-build/glimpse-49457116bb0796636fd1bc84f39006fb102bfafc/index'
rm -f buildcast.c
cp glimpse.c buildcast.c
gcc -c -I../index -I../agrep -I../libtemplate/include  -O2 -flto=auto -ffat-lto-objects -fexceptions -g -grecord-gcc-switches -pipe -Wall -Werror=format-security -fpermissive -Wp,-U_FORTIFY_SOURCE,-D_FORTIFY_SOURCE=3 -Wp,-D_GLIBCXX_ASSERTIONS -specs=/usr/lib/rpm/redhat/redhat-hardened-cc1 -fstack-protector-strong -specs=/usr/lib/rpm/redhat/redhat-annobin-cc1  -m64 -march=x86-64 -mtune=generic -fasynchronous-unwind-tables -fstack-clash-protection -fcf-protection -mtls-dialect=gnu2 -fno-omit-frame-pointer -mno-omit-leaf-frame-pointer  -DBUILDCAST=1 -o buildcast.o buildcast.c
buildcast.c:89:8: warning: type defaults to ‘int’ in declaration of ‘set_usemalloc’ [-Wimplicit-int]
   89 | extern set_usemalloc(); /* compress/misc.c */
      |        ^~~~~~~~~~~~~
buildcast.c:98:1: warning: return type defaults to ‘int’ [-Wimplicit-int]
   98 | cross_boundary(oldnum, newnum)
      | ^~~~~~~~~~~~~~
buildcast.c: In function ‘cross_boundary’:
buildcast.c:98:1: warning: old-style function definition [-Wold-style-definition]
buildcast.c: At top level:
buildcast.c:111:1: warning: return type defaults to ‘int’ [-Wimplicit-int]
  111 | determine_sync()
      | ^~~~~~~~~~~~~~
buildcast.c: In function ‘determine_sync’:
buildcast.c:115:17: warning: unused variable ‘i’ [-Wunused-variable]
  115 |         int     i, ret;
      |                 ^
buildcast.c: At top level:
buildcast.c:158:1: warning: return type defaults to ‘int’ [-Wimplicit-int]
  158 | main(argc, argv)
      | ^~~~
buildcast.c: In function ‘main’:
buildcast.c:158:1: warning: old-style function definition [-Wold-style-definition]
buildcast.c:193:5: warning: implicit declaration of function ‘build_filename_hashtable’ [-Wimplicit-function-declaration]
  193 |     build_filename_hashtable((char *)NULL, 0);
      |     ^~~~~~~~~~~~~~~~~~~~~~~~
buildcast.c:201:20: warning: implicit declaration of function ‘usage’ [-Wimplicit-function-declaration]
  201 |             return usage(1);
      |                    ^~~~~
buildcast.c:445:9: error: too many arguments to function ‘preprocess_delimiter’; expected 0, have 4
  445 |         preprocess_delimiter(rdelim, rdelim_len, rdelim, &rdelim_len);
      |         ^~~~~~~~~~~~~~~~~~~~ ~~~~~~
In file included from glimpse.h:18,
                 from buildcast.c:3:
../agrep/agrep.h:101:13: note: declared here
  101 | extern void preprocess_delimiter();
      |             ^~~~~~~~~~~~~~~~~~~~
buildcast.c:536:9: warning: implicit declaration of function ‘partition’ [-Wimplicit-function-declaration]
  536 |         partition(argc, argv);
      |         ^~~~~~~~~
buildcast.c:573:5: warning: implicit declaration of function ‘read_filters’ [-Wimplicit-function-declaration]
  573 |     read_filters(INDEX_DIR, UseFilters);
      |     ^~~~~~~~~~~~
buildcast.c:585:5: warning: implicit declaration of function ‘initialize_tuncompress’ [-Wimplicit-function-declaration]
  585 |     initialize_tuncompress(string_file, freq_file, 0);
      |     ^~~~~~~~~~~~~~~~~~~~~~
buildcast.c:626:5: warning: implicit declaration of function ‘set_indexable_char’ [-Wimplicit-function-declaration]
  626 |     set_indexable_char(indexable_char);
      |     ^~~~~~~~~~~~~~~~~~
buildcast.c:648:80: error: too many arguments to function ‘escapesinglequote’; expected 0, have 2
  648 |         sprintf(s, "exec %s -f '%s/%s' '%s/.glimpse_tempdir.%d'\n", SYSTEM_MV, escapesinglequote(INDEX_DIR, es1), INDEX_FILE, escapesinglequote(INDEX_DIR, es2), pid);
      |                                                                                ^~~~~~~~~~~~~~~~~ ~~~~~~~~~
glimpse.h:289:14: note: declared here
  289 | extern char *escapesinglequote();
      |              ^~~~~~~~~~~~~~~~~
buildcast.c:648:127: error: too many arguments to function ‘escapesinglequote’; expected 0, have 2
  648 |         sprintf(s, "exec %s -f '%s/%s' '%s/.glimpse_tempdir.%d'\n", SYSTEM_MV, escapesinglequote(INDEX_DIR, es1), INDEX_FILE, escapesinglequote(INDEX_DIR, es2), pid);
      |                                                                                                                               ^~~~~~~~~~~~~~~~~ ~~~~~~~~~
glimpse.h:289:14: note: declared here
  289 | extern char *escapesinglequote();
      |              ^~~~~~~~~~~~~~~~~
buildcast.c:656:80: error: too many arguments to function ‘escapesinglequote’; expected 0, have 2
  656 |         sprintf(s, "exec %s -f '%s/%s' '%s/.glimpse_tempdir.%d'\n", SYSTEM_MV, escapesinglequote(INDEX_DIR, es1), P_TABLE, escapesinglequote(INDEX_DIR, es2), pid);
      |                                                                                ^~~~~~~~~~~~~~~~~ ~~~~~~~~~
glimpse.h:289:14: note: declared here
  289 | extern char *escapesinglequote();
      |              ^~~~~~~~~~~~~~~~~
buildcast.c:656:124: error: too many arguments to function ‘escapesinglequote’; expected 0, have 2
  656 |         sprintf(s, "exec %s -f '%s/%s' '%s/.glimpse_tempdir.%d'\n", SYSTEM_MV, escapesinglequote(INDEX_DIR, es1), P_TABLE, escapesinglequote(INDEX_DIR, es2), pid);
      |                                                                                                                            ^~~~~~~~~~~~~~~~~ ~~~~~~~~~
glimpse.h:289:14: note: declared here
  289 | extern char *escapesinglequote();
      |              ^~~~~~~~~~~~~~~~~
buildcast.c:664:80: error: too many arguments to function ‘escapesinglequote’; expected 0, have 2
  664 |         sprintf(s, "exec %s -f '%s/%s' '%s/.glimpse_tempdir.%d'\n", SYSTEM_MV, escapesinglequote(INDEX_DIR, es1), NAME_LIST, escapesinglequote(INDEX_DIR, es2), pid);
      |                                                                                ^~~~~~~~~~~~~~~~~ ~~~~~~~~~
glimpse.h:289:14: note: declared here
  289 | extern char *escapesinglequote();
      |              ^~~~~~~~~~~~~~~~~
buildcast.c:664:126: error: too many arguments to function ‘escapesinglequote’; expected 0, have 2
  664 |         sprintf(s, "exec %s -f '%s/%s' '%s/.glimpse_tempdir.%d'\n", SYSTEM_MV, escapesinglequote(INDEX_DIR, es1), NAME_LIST, escapesinglequote(INDEX_DIR, es2), pid);
      |                                                                                                                              ^~~~~~~~~~~~~~~~~ ~~~~~~~~~
glimpse.h:289:14: note: declared here
  289 | extern char *escapesinglequote();
      |              ^~~~~~~~~~~~~~~~~
buildcast.c:672:80: error: too many arguments to function ‘escapesinglequote’; expected 0, have 2
  672 |         sprintf(s, "exec %s -f '%s/%s' '%s/.glimpse_tempdir.%d'\n", SYSTEM_MV, escapesinglequote(INDEX_DIR, es1), NAME_LIST_INDEX, escapesinglequote(INDEX_DIR, es1), pid);
      |                                                                                ^~~~~~~~~~~~~~~~~ ~~~~~~~~~
glimpse.h:289:14: note: declared here
  289 | extern char *escapesinglequote();
      |              ^~~~~~~~~~~~~~~~~
buildcast.c:672:132: error: too many arguments to function ‘escapesinglequote’; expected 0, have 2
  672 |         sprintf(s, "exec %s -f '%s/%s' '%s/.glimpse_tempdir.%d'\n", SYSTEM_MV, escapesinglequote(INDEX_DIR, es1), NAME_LIST_INDEX, escapesinglequote(INDEX_DIR, es1), pid);
      |                                                                                                                                    ^~~~~~~~~~~~~~~~~ ~~~~~~~~~
glimpse.h:289:14: note: declared here
  289 | extern char *escapesinglequote();
      |              ^~~~~~~~~~~~~~~~~
buildcast.c:680:80: error: too many arguments to function ‘escapesinglequote’; expected 0, have 2
  680 |         sprintf(s, "exec %s -f '%s/%s' '%s/.glimpse_tempdir.%d'\n", SYSTEM_MV, escapesinglequote(INDEX_DIR, es1), NAME_HASH, escapesinglequote(INDEX_DIR, es2), pid);
      |                                                                                ^~~~~~~~~~~~~~~~~ ~~~~~~~~~
glimpse.h:289:14: note: declared here
  289 | extern char *escapesinglequote();
      |              ^~~~~~~~~~~~~~~~~
buildcast.c:680:126: error: too many arguments to function ‘escapesinglequote’; expected 0, have 2
  680 |         sprintf(s, "exec %s -f '%s/%s' '%s/.glimpse_tempdir.%d'\n", SYSTEM_MV, escapesinglequote(INDEX_DIR, es1), NAME_HASH, escapesinglequote(INDEX_DIR, es2), pid);
      |                                                                                                                              ^~~~~~~~~~~~~~~~~ ~~~~~~~~~
glimpse.h:289:14: note: declared here
  289 | extern char *escapesinglequote();
      |              ^~~~~~~~~~~~~~~~~
buildcast.c:688:80: error: too many arguments to function ‘escapesinglequote’; expected 0, have 2
  688 |         sprintf(s, "exec %s -f '%s/%s' '%s/.glimpse_tempdir.%d'\n", SYSTEM_MV, escapesinglequote(INDEX_DIR, es1), NAME_HASH_INDEX, escapesinglequote(INDEX_DIR, es2), pid);
      |                                                                                ^~~~~~~~~~~~~~~~~ ~~~~~~~~~
glimpse.h:289:14: note: declared here
  289 | extern char *escapesinglequote();
      |              ^~~~~~~~~~~~~~~~~
buildcast.c:688:132: error: too many arguments to function ‘escapesinglequote’; expected 0, have 2
  688 |         sprintf(s, "exec %s -f '%s/%s' '%s/.glimpse_tempdir.%d'\n", SYSTEM_MV, escapesinglequote(INDEX_DIR, es1), NAME_HASH_INDEX, escapesinglequote(INDEX_DIR, es2), pid);
      |                                                                                                                                    ^~~~~~~~~~~~~~~~~ ~~~~~~~~~
glimpse.h:289:14: note: declared here
  289 | extern char *escapesinglequote();
      |              ^~~~~~~~~~~~~~~~~
buildcast.c:696:80: error: too many arguments to function ‘escapesinglequote’; expected 0, have 2
  696 |         sprintf(s, "exec %s -f '%s/%s' '%s/.glimpse_tempdir.%d'\n", SYSTEM_MV, escapesinglequote(INDEX_DIR, es1), MINI_FILE, escapesinglequote(INDEX_DIR, es2), pid);
      |                                                                                ^~~~~~~~~~~~~~~~~ ~~~~~~~~~
glimpse.h:289:14: note: declared here
  289 | extern char *escapesinglequote();
      |              ^~~~~~~~~~~~~~~~~
buildcast.c:696:126: error: too many arguments to function ‘escapesinglequote’; expected 0, have 2
  696 |         sprintf(s, "exec %s -f '%s/%s' '%s/.glimpse_tempdir.%d'\n", SYSTEM_MV, escapesinglequote(INDEX_DIR, es1), MINI_FILE, escapesinglequote(INDEX_DIR, es2), pid);
      |                                                                                                                              ^~~~~~~~~~~~~~~~~ ~~~~~~~~~
glimpse.h:289:14: note: declared here
  289 | extern char *escapesinglequote();
      |              ^~~~~~~~~~~~~~~~~
buildcast.c:704:80: error: too many arguments to function ‘escapesinglequote’; expected 0, have 2
  704 |         sprintf(s, "exec %s -f '%s/%s' '%s/.glimpse_tempdir.%d'\n", SYSTEM_MV, escapesinglequote(INDEX_DIR, es1), DEF_STAT_FILE, escapesinglequote(INDEX_DIR, es2), pid);
      |                                                                                ^~~~~~~~~~~~~~~~~ ~~~~~~~~~
glimpse.h:289:14: note: declared here
  289 | extern char *escapesinglequote();
      |              ^~~~~~~~~~~~~~~~~
buildcast.c:704:130: error: too many arguments to function ‘escapesinglequote’; expected 0, have 2
  704 |         sprintf(s, "exec %s -f '%s/%s' '%s/.glimpse_tempdir.%d'\n", SYSTEM_MV, escapesinglequote(INDEX_DIR, es1), DEF_STAT_FILE, escapesinglequote(INDEX_DIR, es2), pid);
      |                                                                                                                                  ^~~~~~~~~~~~~~~~~ ~~~~~~~~~
glimpse.h:289:14: note: declared here
  289 | extern char *escapesinglequote();
      |              ^~~~~~~~~~~~~~~~~
buildcast.c:715:84: error: too many arguments to function ‘escapesinglequote’; expected 0, have 2
  715 |             sprintf(s, "exec %s -f '%s/%s' '%s/.glimpse_tempdir.%d'\n", SYSTEM_MV, escapesinglequote(INDEX_DIR, es1), ATTRIBUTE_FILE, escapesinglequote(INDEX_DIR, es2), pid);
      |                                                                                    ^~~~~~~~~~~~~~~~~ ~~~~~~~~~
glimpse.h:289:14: note: declared here
  289 | extern char *escapesinglequote();
      |              ^~~~~~~~~~~~~~~~~
buildcast.c:715:135: error: too many arguments to function ‘escapesinglequote’; expected 0, have 2
  715 |             sprintf(s, "exec %s -f '%s/%s' '%s/.glimpse_tempdir.%d'\n", SYSTEM_MV, escapesinglequote(INDEX_DIR, es1), ATTRIBUTE_FILE, escapesinglequote(INDEX_DIR, es2), pid);
      |                                                                                                                                       ^~~~~~~~~~~~~~~~~ ~~~~~~~~~
glimpse.h:289:14: note: declared here
  289 | extern char *escapesinglequote();
      |              ^~~~~~~~~~~~~~~~~
buildcast.c:730:91: error: too many arguments to function ‘escapesinglequote’; expected 0, have 2
  730 |         sprintf(s, "exec %s -f '%s/.glimpse_quick' '%s/.glimpse_backup.%x'\n", SYSTEM_CP, escapesinglequote(INDEX_DIR, es1), escapesinglequote(INDEX_DIR, es2), backup);
      |                                                                                           ^~~~~~~~~~~~~~~~~ ~~~~~~~~~
glimpse.h:289:14: note: declared here
  289 | extern char *escapesinglequote();
      |              ^~~~~~~~~~~~~~~~~
buildcast.c:730:126: error: too many arguments to function ‘escapesinglequote’; expected 0, have 2
  730 |         sprintf(s, "exec %s -f '%s/.glimpse_quick' '%s/.glimpse_backup.%x'\n", SYSTEM_CP, escapesinglequote(INDEX_DIR, es1), escapesinglequote(INDEX_DIR, es2), backup);
      |                                                                                                                              ^~~~~~~~~~~~~~~~~ ~~~~~~~~~
glimpse.h:289:14: note: declared here
  289 | extern char *escapesinglequote();
      |              ^~~~~~~~~~~~~~~~~
buildcast.c:732:94: error: too many arguments to function ‘escapesinglequote’; expected 0, have 2
  732 |         sprintf(s, "exec %s -f '%s/.glimpse_compress' '%s/.glimpse_backup.%x'\n", SYSTEM_CP, escapesinglequote(INDEX_DIR, es1), escapesinglequote(INDEX_DIR, es2), backup);
      |                                                                                              ^~~~~~~~~~~~~~~~~ ~~~~~~~~~
glimpse.h:289:14: note: declared here
  289 | extern char *escapesinglequote();
      |              ^~~~~~~~~~~~~~~~~
buildcast.c:732:129: error: too many arguments to function ‘escapesinglequote’; expected 0, have 2
  732 |         sprintf(s, "exec %s -f '%s/.glimpse_compress' '%s/.glimpse_backup.%x'\n", SYSTEM_CP, escapesinglequote(INDEX_DIR, es1), escapesinglequote(INDEX_DIR, es2), backup);
      |                                                                                                                                 ^~~~~~~~~~~~~~~~~ ~~~~~~~~~
glimpse.h:289:14: note: declared here
  289 | extern char *escapesinglequote();
      |              ^~~~~~~~~~~~~~~~~
buildcast.c:734:100: error: too many arguments to function ‘escapesinglequote’; expected 0, have 2
  734 |         sprintf(s, "exec %s -f '%s/.glimpse_compress.index' '%s/.glimpse_backup.%x'\n", SYSTEM_CP, escapesinglequote(INDEX_DIR, es1), escapesinglequote(INDEX_DIR, es2), backup);
      |                                                                                                    ^~~~~~~~~~~~~~~~~ ~~~~~~~~~
glimpse.h:289:14: note: declared here
  289 | extern char *escapesinglequote();
      |              ^~~~~~~~~~~~~~~~~
buildcast.c:734:135: error: too many arguments to function ‘escapesinglequote’; expected 0, have 2
  734 |         sprintf(s, "exec %s -f '%s/.glimpse_compress.index' '%s/.glimpse_backup.%x'\n", SYSTEM_CP, escapesinglequote(INDEX_DIR, es1), escapesinglequote(INDEX_DIR, es2), backup);
      |                                                                                                                                       ^~~~~~~~~~~~~~~~~ ~~~~~~~~~
glimpse.h:289:14: note: declared here
  289 | extern char *escapesinglequote();
      |              ^~~~~~~~~~~~~~~~~
buildcast.c:736:96: error: too many arguments to function ‘escapesinglequote’; expected 0, have 2
  736 |         sprintf(s, "exec %s -f '%s/.glimpse_uncompress' '%s/.glimpse_backup.%x'\n", SYSTEM_CP, escapesinglequote(INDEX_DIR, es1), escapesinglequote(INDEX_DIR, es2), backup);
      |                                                                                                ^~~~~~~~~~~~~~~~~ ~~~~~~~~~
glimpse.h:289:14: note: declared here
  289 | extern char *escapesinglequote();
      |              ^~~~~~~~~~~~~~~~~
buildcast.c:736:131: error: too many arguments to function ‘escapesinglequote’; expected 0, have 2
  736 |         sprintf(s, "exec %s -f '%s/.glimpse_uncompress' '%s/.glimpse_backup.%x'\n", SYSTEM_CP, escapesinglequote(INDEX_DIR, es1), escapesinglequote(INDEX_DIR, es2), backup);
      |                                                                                                                                   ^~~~~~~~~~~~~~~~~ ~~~~~~~~~
glimpse.h:289:14: note: declared here
  289 | extern char *escapesinglequote();
      |              ^~~~~~~~~~~~~~~~~
buildcast.c:738:102: error: too many arguments to function ‘escapesinglequote’; expected 0, have 2
  738 |         sprintf(s, "exec %s -f '%s/.glimpse_uncompress.index' '%s/.glimpse_backup.%x'\n", SYSTEM_CP, escapesinglequote(INDEX_DIR, es1), escapesinglequote(INDEX_DIR, es2), backup);
      |                                                                                                      ^~~~~~~~~~~~~~~~~ ~~~~~~~~~
glimpse.h:289:14: note: declared here
  289 | extern char *escapesinglequote();
      |              ^~~~~~~~~~~~~~~~~
buildcast.c:738:137: error: too many arguments to function ‘escapesinglequote’; expected 0, have 2
  738 |         sprintf(s, "exec %s -f '%s/.glimpse_uncompress.index' '%s/.glimpse_backup.%x'\n", SYSTEM_CP, escapesinglequote(INDEX_DIR, es1), escapesinglequote(INDEX_DIR, es2), backup);
      |                                                                                                                                         ^~~~~~~~~~~~~~~~~ ~~~~~~~~~
glimpse.h:289:14: note: declared here
  289 | extern char *escapesinglequote();
      |              ^~~~~~~~~~~~~~~~~
buildcast.c:745:5: warning: implicit declaration of function ‘initialize_data_structures’ [-Wimplicit-function-declaration]
  745 |     initialize_data_structures(file_num);
      |     ^~~~~~~~~~~~~~~~~~~~~~~~~~
buildcast.c:747:5: warning: implicit declaration of function ‘build_index’ [-Wimplicit-function-declaration]
  747 |     build_index();
      |     ^~~~~~~~~~~
buildcast.c:749:5: warning: implicit declaration of function ‘cleanup’ [-Wimplicit-function-declaration]
  749 |     cleanup();
      |     ^~~~~~~
buildcast.c:750:5: warning: implicit declaration of function ‘save_data_structures’ [-Wimplicit-function-declaration]
  750 |     save_data_structures();
      |     ^~~~~~~~~~~~~~~~~~~~
buildcast.c:751:5: warning: implicit declaration of function ‘destroy_filename_hashtable’ [-Wimplicit-function-declaration]
  751 |     destroy_filename_hashtable();
      |     ^~~~~~~~~~~~~~~~~~~~~~~~~~
buildcast.c:752:5: warning: implicit declaration of function ‘uninitialize_common’ [-Wimplicit-function-declaration]
  752 |     uninitialize_common();
      |     ^~~~~~~~~~~~~~~~~~~
buildcast.c:753:5: warning: implicit declaration of function ‘uninitialize_tcompress’ [-Wimplicit-function-declaration]
  753 |     uninitialize_tcompress();
      |     ^~~~~~~~~~~~~~~~~~~~~~
buildcast.c:754:5: warning: implicit declaration of function ‘uninitialize_tuncompress’ [-Wimplicit-function-declaration]
  754 |     uninitialize_tuncompress();
      |     ^~~~~~~~~~~~~~~~~~~~~~~~
buildcast.c:755:5: warning: implicit declaration of function ‘compute_dictionary’ [-Wimplicit-function-declaration]
  755 |     compute_dictionary(threshold, DISKBLOCKSIZE, specialwords, INDEX_DIR);
      |     ^~~~~~~~~~~~~~~~~~
buildcast.c:759:14: warning: implicit declaration of function ‘initialize_tcompress’ [-Wimplicit-function-declaration]
  759 |         if (!initialize_tcompress(hash_file, freq_file, TC_ERRORMSGS)) goto docleanup;
      |              ^~~~~~~~~~~~~~~~~~~~
buildcast.c:764:13: warning: argument 2 null where non-null expected [-Wnonnull]
  764 |             strcpy(name, LIST_GET(name_list, i));
      |             ^~~~~~
In file included from /usr/include/features.h:524,
                 from /usr/include/bits/libc-header-start.h:33,
                 from /usr/include/stdio.h:28,
                 from glimpse.h:8:
/usr/include/bits/string_fortified.h:77:1: note: in a call to function ‘strcpy’ declared ‘nonnull’
   77 | __NTH (strcpy (__fortify_clang_overload_arg (char *, __restrict, __dest),
      | ^~~~~
buildcast.c:765:13: warning: implicit declaration of function ‘tcompress_file’ [-Wimplicit-function-declaration]
  765 |             tcompress_file(name, outname, TC_REMOVE | TC_EASYSEARCH | TC_OVERWRITE | TC_NOPROMPT);
      |             ^~~~~~~~~~~~~~
buildcast.c:803:80: error: too many arguments to function ‘escapesinglequote’; expected 0, have 2
  803 |         sprintf(s, "exec %s -f '%s/.glimpse_tempdir.%d/%s' '%s'\n", SYSTEM_MV, escapesinglequote(INDEX_DIR, es1), pid, escapesinglequote(INDEX_FILE, es2), INDEX_DIR);
      |                                                                                ^~~~~~~~~~~~~~~~~ ~~~~~~~~~
glimpse.h:289:14: note: declared here
  289 | extern char *escapesinglequote();
      |              ^~~~~~~~~~~~~~~~~
buildcast.c:803:120: error: too many arguments to function ‘escapesinglequote’; expected 0, have 2
  803 |         sprintf(s, "exec %s -f '%s/.glimpse_tempdir.%d/%s' '%s'\n", SYSTEM_MV, escapesinglequote(INDEX_DIR, es1), pid, escapesinglequote(INDEX_FILE, es2), INDEX_DIR);
      |                                                                                                                        ^~~~~~~~~~~~~~~~~
glimpse.h:289:14: note: declared here
  289 | extern char *escapesinglequote();
      |              ^~~~~~~~~~~~~~~~~
buildcast.c:805:80: error: too many arguments to function ‘escapesinglequote’; expected 0, have 2
  805 |         sprintf(s, "exec %s -f '%s/.glimpse_tempdir.%d/%s' '%s'\n", SYSTEM_MV, escapesinglequote(INDEX_DIR, es1), pid, P_TABLE, escapesinglequote(INDEX_DIR, es2));
      |                                                                                ^~~~~~~~~~~~~~~~~ ~~~~~~~~~
glimpse.h:289:14: note: declared here
  289 | extern char *escapesinglequote();
      |              ^~~~~~~~~~~~~~~~~
buildcast.c:805:129: error: too many arguments to function ‘escapesinglequote’; expected 0, have 2
  805 |         sprintf(s, "exec %s -f '%s/.glimpse_tempdir.%d/%s' '%s'\n", SYSTEM_MV, escapesinglequote(INDEX_DIR, es1), pid, P_TABLE, escapesinglequote(INDEX_DIR, es2));
      |                                                                                                                                 ^~~~~~~~~~~~~~~~~ ~~~~~~~~~
glimpse.h:289:14: note: declared here
  289 | extern char *escapesinglequote();
      |              ^~~~~~~~~~~~~~~~~
buildcast.c:807:80: error: too many arguments to function ‘escapesinglequote’; expected 0, have 2
  807 |         sprintf(s, "exec %s -f '%s/.glimpse_tempdir.%d/%s' '%s'\n", SYSTEM_MV, escapesinglequote(INDEX_DIR, es1), pid, NAME_LIST, escapesinglequote(INDEX_DIR, es2));
      |                                                                                ^~~~~~~~~~~~~~~~~ ~~~~~~~~~
glimpse.h:289:14: note: declared here
  289 | extern char *escapesinglequote();
      |              ^~~~~~~~~~~~~~~~~
buildcast.c:807:131: error: too many arguments to function ‘escapesinglequote’; expected 0, have 2
  807 |         sprintf(s, "exec %s -f '%s/.glimpse_tempdir.%d/%s' '%s'\n", SYSTEM_MV, escapesinglequote(INDEX_DIR, es1), pid, NAME_LIST, escapesinglequote(INDEX_DIR, es2));
      |                                                                                                                                   ^~~~~~~~~~~~~~~~~ ~~~~~~~~~
glimpse.h:289:14: note: declared here
  289 | extern char *escapesinglequote();
      |              ^~~~~~~~~~~~~~~~~
buildcast.c:809:80: error: too many arguments to function ‘escapesinglequote’; expected 0, have 2
  809 |         sprintf(s, "exec %s -f '%s/.glimpse_tempdir.%d/%s' '%s'\n", SYSTEM_MV, escapesinglequote(INDEX_DIR, es1), pid, NAME_LIST_INDEX, escapesinglequote(INDEX_DIR, es2));
      |                                                                                ^~~~~~~~~~~~~~~~~ ~~~~~~~~~
glimpse.h:289:14: note: declared here
  289 | extern char *escapesinglequote();
      |              ^~~~~~~~~~~~~~~~~
buildcast.c:809:137: error: too many arguments to function ‘escapesinglequote’; expected 0, have 2
  809 |         sprintf(s, "exec %s -f '%s/.glimpse_tempdir.%d/%s' '%s'\n", SYSTEM_MV, escapesinglequote(INDEX_DIR, es1), pid, NAME_LIST_INDEX, escapesinglequote(INDEX_DIR, es2));
      |                                                                                                                                         ^~~~~~~~~~~~~~~~~ ~~~~~~~~~
glimpse.h:289:14: note: declared here
  289 | extern char *escapesinglequote();
      |              ^~~~~~~~~~~~~~~~~
buildcast.c:811:80: error: too many arguments to function ‘escapesinglequote’; expected 0, have 2
  811 |         sprintf(s, "exec %s -f '%s/.glimpse_tempdir.%d/%s' '%s'\n", SYSTEM_MV, escapesinglequote(INDEX_DIR, es1), pid, NAME_HASH, escapesinglequote(INDEX_DIR, es2));
      |                                                                                ^~~~~~~~~~~~~~~~~ ~~~~~~~~~
glimpse.h:289:14: note: declared here
  289 | extern char *escapesinglequote();
      |              ^~~~~~~~~~~~~~~~~
buildcast.c:811:131: error: too many arguments to function ‘escapesinglequote’; expected 0, have 2
  811 |         sprintf(s, "exec %s -f '%s/.glimpse_tempdir.%d/%s' '%s'\n", SYSTEM_MV, escapesinglequote(INDEX_DIR, es1), pid, NAME_HASH, escapesinglequote(INDEX_DIR, es2));
      |                                                                                                                                   ^~~~~~~~~~~~~~~~~ ~~~~~~~~~
glimpse.h:289:14: note: declared here
  289 | extern char *escapesinglequote();
      |              ^~~~~~~~~~~~~~~~~
buildcast.c:813:80: error: too many arguments to function ‘escapesinglequote’; expected 0, have 2
  813 |         sprintf(s, "exec %s -f '%s/.glimpse_tempdir.%d/%s' '%s'\n", SYSTEM_MV, escapesinglequote(INDEX_DIR, es1), pid, NAME_HASH_INDEX, escapesinglequote(INDEX_DIR, es2));
      |                                                                                ^~~~~~~~~~~~~~~~~ ~~~~~~~~~
glimpse.h:289:14: note: declared here
  289 | extern char *escapesinglequote();
      |              ^~~~~~~~~~~~~~~~~
buildcast.c:813:137: error: too many arguments to function ‘escapesinglequote’; expected 0, have 2
  813 |         sprintf(s, "exec %s -f '%s/.glimpse_tempdir.%d/%s' '%s'\n", SYSTEM_MV, escapesinglequote(INDEX_DIR, es1), pid, NAME_HASH_INDEX, escapesinglequote(INDEX_DIR, es2));
      |                                                                                                                                         ^~~~~~~~~~~~~~~~~ ~~~~~~~~~
glimpse.h:289:14: note: declared here
  289 | extern char *escapesinglequote();
      |              ^~~~~~~~~~~~~~~~~
buildcast.c:815:80: error: too many arguments to function ‘escapesinglequote’; expected 0, have 2
  815 |         sprintf(s, "exec %s -f '%s/.glimpse_tempdir.%d/%s' '%s'\n", SYSTEM_MV, escapesinglequote(INDEX_DIR, es1), pid, MINI_FILE, escapesinglequote(INDEX_DIR, es2));
      |                                                                                ^~~~~~~~~~~~~~~~~ ~~~~~~~~~
glimpse.h:289:14: note: declared here
  289 | extern char *escapesinglequote();
      |              ^~~~~~~~~~~~~~~~~
buildcast.c:815:131: error: too many arguments to function ‘escapesinglequote’; expected 0, have 2
  815 |         sprintf(s, "exec %s -f '%s/.glimpse_tempdir.%d/%s' '%s'\n", SYSTEM_MV, escapesinglequote(INDEX_DIR, es1), pid, MINI_FILE, escapesinglequote(INDEX_DIR, es2));
      |                                                                                                                                   ^~~~~~~~~~~~~~~~~ ~~~~~~~~~
glimpse.h:289:14: note: declared here
  289 | extern char *escapesinglequote();
      |              ^~~~~~~~~~~~~~~~~
buildcast.c:817:80: error: too many arguments to function ‘escapesinglequote’; expected 0, have 2
  817 |         sprintf(s, "exec %s -f '%s/.glimpse_tempdir.%d/%s' '%s'\n", SYSTEM_MV, escapesinglequote(INDEX_DIR, es1), pid, DEF_STAT_FILE, escapesinglequote(INDEX_DIR, es2));
      |                                                                                ^~~~~~~~~~~~~~~~~ ~~~~~~~~~
glimpse.h:289:14: note: declared here
  289 | extern char *escapesinglequote();
      |              ^~~~~~~~~~~~~~~~~
buildcast.c:817:135: error: too many arguments to function ‘escapesinglequote’; expected 0, have 2
  817 |         sprintf(s, "exec %s -f '%s/.glimpse_tempdir.%d/%s' '%s'\n", SYSTEM_MV, escapesinglequote(INDEX_DIR, es1), pid, DEF_STAT_FILE, escapesinglequote(INDEX_DIR, es2));
      |                                                                                                                                       ^~~~~~~~~~~~~~~~~ ~~~~~~~~~
glimpse.h:289:14: note: declared here
  289 | extern char *escapesinglequote();
      |              ^~~~~~~~~~~~~~~~~
buildcast.c:819:80: error: too many arguments to function ‘escapesinglequote’; expected 0, have 2
  819 |         sprintf(s, "exec %s -f '%s/.glimpse_tempdir.%d/%s' '%s'\n", SYSTEM_MV, escapesinglequote(INDEX_DIR, es1), pid, ATTRIBUTE_FILE, escapesinglequote(INDEX_DIR, es2));
      |                                                                                ^~~~~~~~~~~~~~~~~ ~~~~~~~~~
glimpse.h:289:14: note: declared here
  289 | extern char *escapesinglequote();
      |              ^~~~~~~~~~~~~~~~~
buildcast.c:819:136: error: too many arguments to function ‘escapesinglequote’; expected 0, have 2
  819 |         sprintf(s, "exec %s -f '%s/.glimpse_tempdir.%d/%s' '%s'\n", SYSTEM_MV, escapesinglequote(INDEX_DIR, es1), pid, ATTRIBUTE_FILE, escapesinglequote(INDEX_DIR, es2));
      |                                                                                                                                        ^~~~~~~~~~~~~~~~~ ~~~~~~~~~
glimpse.h:289:14: note: declared here
  289 | extern char *escapesinglequote();
      |              ^~~~~~~~~~~~~~~~~
buildcast.c:170:17: warning: unused variable ‘stbuf’ [-Wunused-variable]
  170 |     struct stat stbuf;
      |                 ^~~~~
buildcast.c:169:10: warning: unused variable ‘tmpbuf’ [-Wunused-variable]
  169 |     char tmpbuf[1024];
      |          ^~~~~~
buildcast.c:167:11: warning: unused variable ‘tmpfp’ [-Wunused-variable]
  167 |     FILE *tmpfp;
      |           ^~~~~
buildcast.c:165:27: warning: unused variable ‘s1’ [-Wunused-variable]
  165 |     char s[MAX_LINE_LEN], s1[MAX_LINE_LEN];
      |                           ^~
buildcast.c: At top level:
buildcast.c:1063:1: warning: return type defaults to ‘int’ [-Wimplicit-int]
 1063 | cleanup()
      | ^~~~~~~
buildcast.c:1125:1: warning: return type defaults to ‘int’ [-Wimplicit-int]
 1125 | usage(flag)
      | ^~~~~
buildcast.c: In function ‘usage’:
buildcast.c:1125:1: warning: old-style function definition [-Wold-style-definition]
buildcast.c: In function ‘determine_sync’:
buildcast.c:120:9: warning: ignoring return value of ‘system’ declared with attribute ‘warn_unused_result’ [-Wunused-result]
  120 |         system(S);
      |         ^~~~~~~~~
buildcast.c: In function ‘main’:
buildcast.c:464:9: warning: ignoring return value of ‘fgets’ declared with attribute ‘warn_unused_result’ [-Wunused-result]
  464 |         fgets(buffer, 1024, filefp);    /* skip over num. of file names */
      |         ^~~~~~~~~~~~~~~~~~~~~~~~~~~
buildcast.c:521:13: warning: ignoring return value of ‘getcwd’ declared with attribute ‘warn_unused_result’ [-Wunused-result]
  521 |             getcwd(INDEX_DIR, MAX_LINE_LEN-1);
      |             ^~~~~~~~~~~~~~~~~~~~~~~~~~~~~~~~~
buildcast.c:526:5: warning: ignoring return value of ‘getcwd’ declared with attribute ‘warn_unused_result’ [-Wunused-result]
  526 |     getcwd(working_dir, MAX_LINE_LEN - 1);
      |     ^~~~~~~~~~~~~~~~~~~~~~~~~~~~~~~~~~~~~
buildcast.c:531:5: warning: ignoring return value of ‘getcwd’ declared with attribute ‘warn_unused_result’ [-Wunused-result]
  531 |     getcwd(INDEX_DIR, MAX_LINE_LEN - 1);        /* must be absolute path name */
      |     ^~~~~~~~~~~~~~~~~~~~~~~~~~~~~~~~~~~
buildcast.c:532:5: warning: ignoring return value of ‘chdir’ declared with attribute ‘warn_unused_result’ [-Wunused-result]
  532 |     chdir(working_dir); /* get back to where you were */
      |     ^~~~~~~~~~~~~~~~~~
buildcast.c:649:9: warning: ignoring return value of ‘system’ declared with attribute ‘warn_unused_result’ [-Wunused-result]
  649 |         system(s);
      |         ^~~~~~~~~
buildcast.c:657:9: warning: ignoring return value of ‘system’ declared with attribute ‘warn_unused_result’ [-Wunused-result]
  657 |         system(s);
      |         ^~~~~~~~~
buildcast.c:665:9: warning: ignoring return value of ‘system’ declared with attribute ‘warn_unused_result’ [-Wunused-result]
  665 |         system(s);
      |         ^~~~~~~~~
buildcast.c:673:9: warning: ignoring return value of ‘system’ declared with attribute ‘warn_unused_result’ [-Wunused-result]
  673 |         system(s);
      |         ^~~~~~~~~
buildcast.c:681:9: warning: ignoring return value of ‘system’ declared with attribute ‘warn_unused_result’ [-Wunused-result]
  681 |         system(s);
      |         ^~~~~~~~~
buildcast.c:689:9: warning: ignoring return value of ‘system’ declared with attribute ‘warn_unused_result’ [-Wunused-result]
  689 |         system(s);
      |         ^~~~~~~~~
buildcast.c:697:9: warning: ignoring return value of ‘system’ declared with attribute ‘warn_unused_result’ [-Wunused-result]
  697 |         system(s);
      |         ^~~~~~~~~
buildcast.c:705:9: warning: ignoring return value of ‘system’ declared with attribute ‘warn_unused_result’ [-Wunused-result]
  705 |         system(s);
      |         ^~~~~~~~~
buildcast.c:716:13: warning: ignoring return value of ‘system’ declared with attribute ‘warn_unused_result’ [-Wunused-result]
  716 |             system(s);
      |             ^~~~~~~~~
buildcast.c:731:9: warning: ignoring return value of ‘system’ declared with attribute ‘warn_unused_result’ [-Wunused-result]
  731 |         system(s);
      |         ^~~~~~~~~
buildcast.c:733:9: warning: ignoring return value of ‘system’ declared with attribute ‘warn_unused_result’ [-Wunused-result]
  733 |         system(s);
      |         ^~~~~~~~~
buildcast.c:735:9: warning: ignoring return value of ‘system’ declared with attribute ‘warn_unused_result’ [-Wunused-result]
  735 |         system(s);
      |         ^~~~~~~~~
buildcast.c:737:9: warning: ignoring return value of ‘system’ declared with attribute ‘warn_unused_result’ [-Wunused-result]
  737 |         system(s);
      |         ^~~~~~~~~
buildcast.c:739:9: warning: ignoring return value of ‘system’ declared with attribute ‘warn_unused_result’ [-Wunused-result]
  739 |         system(s);
      |         ^~~~~~~~~
buildcast.c:804:9: warning: ignoring return value of ‘system’ declared with attribute ‘warn_unused_result’ [-Wunused-result]
  804 |         system(s);
      |         ^~~~~~~~~
buildcast.c:806:9: warning: ignoring return value of ‘system’ declared with attribute ‘warn_unused_result’ [-Wunused-result]
  806 |         system(s);
      |         ^~~~~~~~~
buildcast.c:808:9: warning: ignoring return value of ‘system’ declared with attribute ‘warn_unused_result’ [-Wunused-result]
  808 |         system(s);
      |         ^~~~~~~~~
buildcast.c:810:9: warning: ignoring return value of ‘system’ declared with attribute ‘warn_unused_result’ [-Wunused-result]
  810 |         system(s);
      |         ^~~~~~~~~
buildcast.c:812:9: warning: ignoring return value of ‘system’ declared with attribute ‘warn_unused_result’ [-Wunused-result]
  812 |         system(s);
      |         ^~~~~~~~~
buildcast.c:814:9: warning: ignoring return value of ‘system’ declared with attribute ‘warn_unused_result’ [-Wunused-result]
  814 |         system(s);
      |         ^~~~~~~~~
buildcast.c:816:9: warning: ignoring return value of ‘system’ declared with attribute ‘warn_unused_result’ [-Wunused-result]
  816 |         system(s);
      |         ^~~~~~~~~
buildcast.c:818:9: warning: ignoring return value of ‘system’ declared with attribute ‘warn_unused_result’ [-Wunused-result]
  818 |         system(s);
      |         ^~~~~~~~~
buildcast.c:820:9: warning: ignoring return value of ‘system’ declared with attribute ‘warn_unused_result’ [-Wunused-result]
  820 |         system(s);
      |         ^~~~~~~~~
make[1]: Leaving directory '/builddir/build/BUILD/glimpse-4.12.6_git20161025.4945711-build/glimpse-49457116bb0796636fd1bc84f39006fb102bfafc/index'
make[1]: Entering directory '/builddir/build/BUILD/glimpse-4.12.6_git20161025.4945711-build/glimpse-49457116bb0796636fd1bc84f39006fb102bfafc/dynfilters'
flex -F -8 htuml2txt.lex
make[1]: *** [Makefile:135: buildcast.o] Error 1
gcc -O3 -fomit-frame-pointer -O2 -flto=auto -ffat-lto-objects -fexceptions -g -grecord-gcc-switches -pipe -Wall -Werror=format-security -fpermissive -Wp,-U_FORTIFY_SOURCE,-D_FORTIFY_SOURCE=3 -Wp,-D_GLIBCXX_ASSERTIONS -specs=/usr/lib/rpm/redhat/redhat-hardened-cc1 -fstack-protector-strong -specs=/usr/lib/rpm/redhat/redhat-annobin-cc1  -m64 -march=x86-64 -mtune=generic -fasynchronous-unwind-tables -fstack-clash-protection -fcf-protection -mtls-dialect=gnu2 -fno-omit-frame-pointer -mno-omit-leaf-frame-pointer  -c lex.yy.c
lex.yy.c:4312:16: warning: ‘input’ defined but not used [-Wunused-function]
 4312 | #else
      |                ^    
lex.yy.c:4269:17: warning: ‘yyunput’ defined but not used [-Wunused-function]
 4269 | 
      |                 ^      
gcc  -o htuml2txt lex.yy.o -lfl
make[1]: Leaving directory '/builddir/build/BUILD/glimpse-4.12.6_git20161025.4945711-build/glimpse-49457116bb0796636fd1bc84f39006fb102bfafc/dynfilters'
gcc -c -Iindex -Iagrep -Ilibtemplate/include -O2 -flto=auto -ffat-lto-objects -fexceptions -g -grecord-gcc-switches -pipe -Wall -Werror=format-security -fpermissive -Wp,-U_FORTIFY_SOURCE,-D_FORTIFY_SOURCE=3 -Wp,-D_GLIBCXX_ASSERTIONS -specs=/usr/lib/rpm/redhat/redhat-hardened-cc1 -fstack-protector-strong -specs=/usr/lib/rpm/redhat/redhat-annobin-cc1  -m64 -march=x86-64 -mtune=generic -fasynchronous-unwind-tables -fstack-clash-protection -fcf-protection -mtls-dialect=gnu2 -fno-omit-frame-pointer -mno-omit-leaf-frame-pointer  -DISSERVER=0 -o main.o main.c
In file included from main.c:33:
communicate.c: In function ‘mystrlen’:
communicate.c:36:1: warning: old-style function definition [-Wold-style-definition]
   36 | mystrlen(str, max)
      | ^~~~~~~~
communicate.c: In function ‘readn’:
communicate.c:47:1: warning: old-style function definition [-Wold-style-definition]
   47 | readn(fd, ptr, nbytes)
      | ^~~~~
communicate.c: In function ‘writen’:
communicate.c:70:1: warning: old-style function definition [-Wold-style-definition]
   70 | writen(fd, ptr, nbytes)
      | ^~~~~~
communicate.c: In function ‘readline’:
communicate.c:92:1: warning: old-style function definition [-Wold-style-definition]
   92 | readline(sockfd, ptr, maxlen)
      | ^~~~~~~~
communicate.c: In function ‘linearize’:
communicate.c:216:1: warning: old-style function definition [-Wold-style-definition]
  216 | linearize(sockfd, reqbuf, reqlen, argc, argv, pid)
      | ^~~~~~~~~
communicate.c: In function ‘delinearize’:
communicate.c:273:1: warning: old-style function definition [-Wold-style-definition]
  273 | delinearize(sockfd, reqbuf, reqlen, pargc, pargv, ppid)
      | ^~~~~~~~~~~
communicate.c: In function ‘sendreq’:
communicate.c:343:1: warning: old-style function definition [-Wold-style-definition]
  343 | sendreq(sockfd, reqbuf, clstdin, clstdout, clstderr, clargc, clargv, clpid)
      | ^~~~~~~
communicate.c: In function ‘getreq’:
communicate.c:391:1: warning: old-style function definition [-Wold-style-definition]
  391 | getreq(sockfd, reqbuf, pclstdin, pclstdout, pclstderr, pclargc, pclargv, pclpid)
      | ^~~~~~
main.c: At top level:
main.c:204:8: warning: type defaults to ‘int’ in declaration of ‘free_list’ [-Wimplicit-int]
  204 | extern free_list();
      |        ^~~~~~~~~
main.c: In function ‘glimpse_search’:
main.c:217:1: warning: old-style function definition [-Wold-style-definition]
  217 | glimpse_search(AM, APattern, GD_length, GD_pattern, realfilename, filename, fileindex, src_offset_table, outfp)
      | ^~~~~~~~~~~~~~
main.c:261:21: error: too many arguments to function ‘my_fopen’; expected 0, have 2
  261 |         if ((infp = my_fopen(filename, "r")) == NULL) return 0;
      |                     ^~~~~~~~ ~~~~~~~~
In file included from main.c:6:
index/glimpse.h:220:14: note: declared here
  220 | extern FILE *my_fopen();
      |              ^~~~~~~~
main.c:285:25: error: too many arguments to function ‘my_free’; expected 0, have 2
  285 |                         my_free(tp1, sizeof(struct offsets));
      |                         ^~~~~~~ ~~~
index/glimpse.h:219:12: note: declared here
  219 | extern int my_free();
      |            ^~~~~~~
main.c:292:73: warning: ‘/*’ within comment [-Wcomment]
  292 |                         /* beginregionptr = curtextend - GD_length;     /* prevent next curtextbegin to go behind previous curtextend (!) */
main.c:295:45: error: too many arguments to function ‘forward_delimiter’; expected 0, have 5
  295 |                         if (!((curtextend = forward_delimiter(text, endregionptr, GD_pattern, GD_length, 1)) < endregionptr))
      |                                             ^~~~~~~~~~~~~~~~~ ~~~~
In file included from index/glimpse.h:18:
agrep/agrep.h:102:16: note: declared here
  102 | unsigned char *forward_delimiter(), *backward_delimiter();
      |                ^~~~~~~~~~~~~~~~~
main.c:297:47: error: too many arguments to function ‘backward_delimiter’; expected 0, have 5
  297 |                         if (!((curtextbegin = backward_delimiter(text, beginregionptr, GD_pattern, GD_length, 0)) > beginregionptr))
      |                                               ^~~~~~~~~~~~~~~~~~ ~~~~
agrep/agrep.h:102:38: note: declared here
  102 | unsigned char *forward_delimiter(), *backward_delimiter();
      |                                      ^~~~~~~~~~~~~~~~~~
main.c:320:52: error: too many arguments to function ‘forward_delimiter’; expected 0, have 5
  320 |                                 if (((curtextend = forward_delimiter(text, endregionptr, GD_pattern, GD_length, 1)) < endregionptr) ||
      |                                                    ^~~~~~~~~~~~~~~~~ ~~~~
agrep/agrep.h:102:16: note: declared here
  102 | unsigned char *forward_delimiter(), *backward_delimiter();
      |                ^~~~~~~~~~~~~~~~~
main.c:326:53: error: too many arguments to function ‘backward_delimiter’; expected 0, have 5
  326 |                                 if ((curtextbegin = backward_delimiter(text, beginregionptr, GD_pattern, GD_length, 0)) > beginregionptr) break;
      |                                                     ^~~~~~~~~~~~~~~~~~ ~~~~
agrep/agrep.h:102:38: note: declared here
  102 | unsigned char *forward_delimiter(), *backward_delimiter();
      |                                      ^~~~~~~~~~~~~~~~~~
main.c:373:29: warning: pointer targets in passing argument 1 of ‘strncmp’ differ in signedness [-Wpointer-sign]
  373 |                 if (strncmp(curtextbegin, GD_pattern, GD_length)) {
      |                             ^~~~~~~~~~~~
      |                             |
      |                             unsigned char *
In file included from index/glimpse.h:10:
/usr/include/string.h:159:33: note: expected ‘const char *’ but argument is of type ‘unsigned char *’
  159 | extern int strncmp (const char *__s1, const char *__s2, size_t __n)
      |                     ~~~~~~~~~~~~^~~~
main.c:373:43: warning: pointer targets in passing argument 2 of ‘strncmp’ differ in signedness [-Wpointer-sign]
  373 |                 if (strncmp(curtextbegin, GD_pattern, GD_length)) {
      |                                           ^~~~~~~~~~
      |                                           |
      |                                           unsigned char *
/usr/include/string.h:159:51: note: expected ‘const char *’ but argument is of type ‘unsigned char *’
  159 | extern int strncmp (const char *__s1, const char *__s2, size_t __n)
      |                                       ~~~~~~~~~~~~^~~~
main.c:387:17: error: too many arguments to function ‘my_free’; expected 0, have 2
  387 |                 my_free(tp1, sizeof(struct offsets));
      |                 ^~~~~~~ ~~~
index/glimpse.h:219:12: note: declared here
  219 | extern int my_free();
      |            ^~~~~~~
main.c:400:36: warning: implicit declaration of function ‘memagrep_search’ [-Wimplicit-function-declaration]
  400 |                         if ((ret = memagrep_search(AM, APattern, curtextend-curtextbegin, curtextbegin, 0, outfp)) > 0)
      |                                    ^~~~~~~~~~~~~~~
main.c:417:36: warning: implicit declaration of function ‘exec’; did you mean ‘rexec’? [-Wimplicit-function-declaration]
  417 |                         if ((ret = exec(-1, NULL)) > 0)
      |                                    ^~~~
      |                                    rexec
main.c:438:25: warning: implicit declaration of function ‘file_out’; did you mean ‘fileno’? [-Wimplicit-function-declaration]
  438 |                         file_out(realfilename);
      |                         ^~~~~~~~
      |                         fileno
main.c:237:25: warning: variable ‘MAXTIMES’ set but not used [-Wunused-but-set-variable]
  237 |         static int      MAXTIMES, MAXPGTIMES, pagesize;
      |                         ^~~~~~~~
main.c:231:60: warning: unused variable ‘c’ [-Wunused-variable]
  231 |         CHAR            *text, *curtextend, *curtextbegin, c;
      |                                                            ^
main.c:229:25: warning: unused variable ‘sig’ [-Wunused-variable]
  229 |         char            sig[SIGNATURE_LEN];
      |                         ^~~
main.c: In function ‘process_Y_option’:
main.c:446:1: warning: old-style function definition [-Wold-style-definition]
  446 | process_Y_option(num_files, num_days, fp)
      | ^~~~~~~~~~~~~~~~
main.c: At top level:
main.c:466:1: warning: return type defaults to ‘int’ [-Wimplicit-int]
  466 | read_index(indexdir)
      | ^~~~~~~~~~
main.c: In function ‘read_index’:
main.c:466:1: warning: old-style function definition [-Wold-style-definition]
main.c:536:34: warning: implicit declaration of function ‘get_table’ [-Wimplicit-function-declaration]
  536 |                 GNumpartitions = get_table(P_TABLE, p_table, MAX_PARTITION, 0);
      |                                  ^~~~~~~~~
main.c:546:25: error: too many arguments to function ‘preprocess_delimiter’; expected 0, have 4
  546 |                         preprocess_delimiter(rdelim, rdelim_len, rdelim, &rdelim_len);
      |                         ^~~~~~~~~~~~~~~~~~~~ ~~~~~~
agrep/agrep.h:101:13: note: declared here
  101 | extern void preprocess_delimiter();
      |             ^~~~~~~~~~~~~~~~~~~~
main.c:552:43: error: too many arguments to function ‘attr_load_names’; expected 0, have 1
  552 |         else if (-1 == (StructuredIndex = attr_load_names(ATTRIBUTE_FILE))) {
      |                                           ^~~~~~~~~~~~~~~
index/glimpse.h:185:31: note: declared here
  185 | extern int attr_name_to_id(), attr_load_names(), attr_dump_names();
      |                               ^~~~~~~~~~~~~~~
main.c:562:70: warning: implicit declaration of function ‘read_mini’; did you mean ‘readline’? [-Wimplicit-function-declaration]
  562 |         if (OneFilePerBlock && glimpse_isserver && (minifp != NULL)) read_mini(indexfp, minifp);
      |                                                                      ^~~~~~~~~
      |                                                                      readline
main.c:563:9: warning: implicit declaration of function ‘read_filenames’ [-Wimplicit-function-declaration]
  563 |         read_filenames();
      |         ^~~~~~~~~~~~~~
main.c:566:9: warning: implicit declaration of function ‘set_indexable_char’ [-Wimplicit-function-declaration]
  566 |         set_indexable_char(indexable_char);
      |         ^~~~~~~~~~~~~~~~~~
main.c:568:9: warning: implicit declaration of function ‘set_special_char’ [-Wimplicit-function-declaration]
  568 |         set_special_char(indexable_char);
      |         ^~~~~~~~~~~~~~~~
main.c: At top level:
main.c:600:1: warning: return type defaults to ‘int’ [-Wimplicit-int]
  600 | reinitialize_server(argc, argv)
      | ^~~~~~~~~~~~~~~~~~~
main.c: In function ‘reinitialize_server’:
main.c:600:1: warning: old-style function definition [-Wold-style-definition]
main.c:584:25: error: too many arguments to function ‘free_list’; expected 0, have 1
  584 |                         free_list(&src_offset_table[k]);\
      |                         ^~~~~~~~~ ~~~~~~~~~~~~~~~~~~~~
main.c:605:9: note: in expansion of macro ‘CLEANUP’
  605 |         CLEANUP;
      |         ^~~~~~~
main.c:204:8: note: declared here
  204 | extern free_list();
      |        ^~~~~~~~~
main.c:588:25: error: too many arguments to function ‘free_list’; expected 0, have 1
  588 |                         free_list(&multi_dest_offset_table[q][k]);\
      |                         ^~~~~~~~~ ~~~~~~~~~~~~~~~~~~~~~~~~~~~~~~
main.c:605:9: note: in expansion of macro ‘CLEANUP’
  605 |         CLEANUP;
      |         ^~~~~~~
main.c:204:8: note: declared here
  204 | extern free_list();
      |        ^~~~~~~~~
main.c:593:17: warning: implicit declaration of function ‘attr_free_table’ [-Wimplicit-function-declaration]
  593 |                 attr_free_table();\
      |                 ^~~~~~~~~~~~~~~
main.c:605:9: note: in expansion of macro ‘CLEANUP’
  605 |         CLEANUP;
      |         ^~~~~~~
main.c:595:9: warning: implicit declaration of function ‘destroy_filename_hashtable’ [-Wimplicit-function-declaration]
  595 |         destroy_filename_hashtable();\
      |         ^~~~~~~~~~~~~~~~~~~~~~~~~~
main.c:605:9: note: in expansion of macro ‘CLEANUP’
  605 |         CLEANUP;
      |         ^~~~~~~
main.c:596:9: error: too many arguments to function ‘my_free’; expected 0, have 2
  596 |         my_free(SERV_HOST, MAXNAME);\
      |         ^~~~~~~ ~~~~~~~~~
main.c:605:9: note: in expansion of macro ‘CLEANUP’
  605 |         CLEANUP;
      |         ^~~~~~~
index/glimpse.h:219:12: note: declared here
  219 | extern int my_free();
      |            ^~~~~~~
main.c:604:20: warning: unused variable ‘fd’ [-Wunused-variable]
  604 |         int     i, fd;
      |                    ^~
main.c:604:17: warning: unused variable ‘i’ [-Wunused-variable]
  604 |         int     i, fd;
      |                 ^
main.c: In function ‘cleanup’:
main.c:584:25: error: too many arguments to function ‘free_list’; expected 0, have 1
  584 |                         free_list(&src_offset_table[k]);\
      |                         ^~~~~~~~~ ~~~~~~~~~~~~~~~~~~~~
main.c:649:9: note: in expansion of macro ‘CLEANUP’
  649 |         CLEANUP;
      |         ^~~~~~~
main.c:204:8: note: declared here
  204 | extern free_list();
      |        ^~~~~~~~~
main.c:588:25: error: too many arguments to function ‘free_list’; expected 0, have 1
  588 |                         free_list(&multi_dest_offset_table[q][k]);\
      |                         ^~~~~~~~~ ~~~~~~~~~~~~~~~~~~~~~~~~~~~~~~
main.c:649:9: note: in expansion of macro ‘CLEANUP’
  649 |         CLEANUP;
      |         ^~~~~~~
main.c:204:8: note: declared here
  204 | extern free_list();
      |        ^~~~~~~~~
main.c:596:9: error: too many arguments to function ‘my_free’; expected 0, have 2
  596 |         my_free(SERV_HOST, MAXNAME);\
      |         ^~~~~~~ ~~~~~~~~~
main.c:649:9: note: in expansion of macro ‘CLEANUP’
  649 |         CLEANUP;
      |         ^~~~~~~
index/glimpse.h:219:12: note: declared here
  219 | extern int my_free();
      |            ^~~~~~~
main.c: In function ‘reinitialize’:
main.c:654:6: warning: old-style function definition [-Wold-style-definition]
  654 | void reinitialize(s)
      |      ^~~~~~~~~~~~
main.c: In function ‘quitrequest’:
main.c:667:6: warning: old-style function definition [-Wold-style-definition]
  667 | void quitrequest(s)
      |      ^~~~~~~~~~~
main.c: At top level:
main.c:693:1: warning: return type defaults to ‘int’ [-Wimplicit-int]
  693 | main(argc, argv)
      | ^~~~
main.c: In function ‘main’:
main.c:693:1: warning: old-style function definition [-Wold-style-definition]
main.c:727:17: warning: implicit declaration of function ‘usage’ [-Wimplicit-function-declaration]
  727 |                 usage();        /* Client nees at least 1 argument */
      |                 ^~~~~
main.c:740:29: error: too many arguments to function ‘my_malloc’; expected 0, have 1
  740 |         SERV_HOST = (CHAR *)my_malloc(MAXNAME);
      |                             ^~~~~~~~~
index/glimpse.h:218:14: note: declared here
  218 | extern char *my_malloc();
      |              ^~~~~~~~~
main.c:743:9: warning: implicit declaration of function ‘init_filename_hashtable’ [-Wimplicit-function-declaration]
  743 |         init_filename_hashtable();
      |         ^~~~~~~~~~~~~~~~~~~~~~~
main.c:747:21: warning: pointer targets in passing argument 1 of ‘gethostname’ differ in signedness [-Wpointer-sign]
  747 |         gethostname(SERV_HOST, MAXNAME - 2);
      |                     ^~~~~~~~~
      |                     |
      |                     unsigned char *
In file included from /usr/include/features.h:524,
                 from /usr/include/sys/types.h:25,
                 from /usr/include/sys/param.h:25,
                 from main.c:4:
/usr/include/bits/unistd.h:189:21: note: expected ‘char *’ but argument is of type ‘unsigned char *’
  189 | __NTH (gethostname (__fortify_clang_overload_arg (char *, ,__buf),
      |                     ^~~~~~~~~~~~~~~~~~~~~~~~~~~~
main.c:751:16: warning: pointer targets in passing argument 1 of ‘strcpy’ differ in signedness [-Wpointer-sign]
  751 |         strcpy(&GProgname[0], argv[0]);
      |                ^~~~~~~~~~~~~
      |                |
      |                unsigned char *
/usr/include/bits/string_fortified.h:77:16: note: expected ‘char *’ but argument is of type ‘unsigned char *’
   77 | __NTH (strcpy (__fortify_clang_overload_arg (char *, __restrict, __dest),
      |                ^~~~~~~~~~~~~~~~~~~~~~~~~~~~
main.c:753:9: warning: implicit declaration of function ‘region_initialize’; did you mean ‘reinitialize’? [-Wimplicit-function-declaration]
  753 |         region_initialize();
      |         ^~~~~~~~~~~~~~~~~
      |         reinitialize
main.c:584:25: error: too many arguments to function ‘free_list’; expected 0, have 1
  584 |                         free_list(&src_offset_table[k]);\
      |                         ^~~~~~~~~ ~~~~~~~~~~~~~~~~~~~~
main.c:734:9: note: in expansion of macro ‘CLEANUP’
  734 |         CLEANUP;\
      |         ^~~~~~~
main.c:758:17: note: in expansion of macro ‘RETURNMAIN’
  758 |                 RETURNMAIN(-1);
      |                 ^~~~~~~~~~
main.c:204:8: note: declared here
  204 | extern free_list();
      |        ^~~~~~~~~
main.c:588:25: error: too many arguments to function ‘free_list’; expected 0, have 1
  588 |                         free_list(&multi_dest_offset_table[q][k]);\
      |                         ^~~~~~~~~ ~~~~~~~~~~~~~~~~~~~~~~~~~~~~~~
main.c:734:9: note: in expansion of macro ‘CLEANUP’
  734 |         CLEANUP;\
      |         ^~~~~~~
main.c:758:17: note: in expansion of macro ‘RETURNMAIN’
  758 |                 RETURNMAIN(-1);
      |                 ^~~~~~~~~~
main.c:204:8: note: declared here
  204 | extern free_list();
      |        ^~~~~~~~~
main.c:596:9: error: too many arguments to function ‘my_free’; expected 0, have 2
  596 |         my_free(SERV_HOST, MAXNAME);\
      |         ^~~~~~~ ~~~~~~~~~
main.c:734:9: note: in expansion of macro ‘CLEANUP’
  734 |         CLEANUP;\
      |         ^~~~~~~
main.c:758:17: note: in expansion of macro ‘RETURNMAIN’
  758 |                 RETURNMAIN(-1);
      |                 ^~~~~~~~~~
index/glimpse.h:219:12: note: declared here
  219 | extern int my_free();
      |            ^~~~~~~
main.c:766:48: warning: passing argument 2 of ‘signal’ from incompatible pointer type [-Wincompatible-pointer-types]
  766 |         if (((void (*)())-1 == signal(SIGPIPE, exitrequest))
      |                                                ^~~~~~~~~~~
      |                                                |
      |                                                void (*)(void)
In file included from /usr/include/sys/param.h:28:
/usr/include/signal.h:88:57: note: expected ‘__sighandler_t’ {aka ‘void (*)(int)’} but argument is of type ‘void (*)(void)’
   88 | extern __sighandler_t signal (int __sig, __sighandler_t __handler)
      |                                          ~~~~~~~~~~~~~~~^~~~~~~~~
main.c:688:6: note: ‘exitrequest’ declared here
  688 | void exitrequest()
      |      ^~~~~~~~~~~
/usr/include/signal.h:72:16: note: ‘__sighandler_t’ declared here
   72 | typedef void (*__sighandler_t) (int);
      |                ^~~~~~~~~~~~~~
main.c:766:29: warning: comparison of distinct pointer types lacks a cast [-Wcompare-distinct-pointer-types]
  766 |         if (((void (*)())-1 == signal(SIGPIPE, exitrequest))
      |                             ^~
main.c:768:50: warning: passing argument 2 of ‘signal’ from incompatible pointer type [-Wincompatible-pointer-types]
  768 |             || ((void (*)())-1 == signal(SIGURG, exitrequest))
      |                                                  ^~~~~~~~~~~
      |                                                  |
      |                                                  void (*)(void)
/usr/include/signal.h:88:57: note: expected ‘__sighandler_t’ {aka ‘void (*)(int)’} but argument is of type ‘void (*)(void)’
   88 | extern __sighandler_t signal (int __sig, __sighandler_t __handler)
      |                                          ~~~~~~~~~~~~~~~^~~~~~~~~
main.c:688:6: note: ‘exitrequest’ declared here
  688 | void exitrequest()
      |      ^~~~~~~~~~~
/usr/include/signal.h:72:16: note: ‘__sighandler_t’ declared here
   72 | typedef void (*__sighandler_t) (int);
      |                ^~~~~~~~~~~~~~
main.c:768:32: warning: comparison of distinct pointer types lacks a cast [-Wcompare-distinct-pointer-types]
  768 |             || ((void (*)())-1 == signal(SIGURG, exitrequest))
      |                                ^~
main.c:584:25: error: too many arguments to function ‘free_list’; expected 0, have 1
  584 |                         free_list(&src_offset_table[k]);\
      |                         ^~~~~~~~~ ~~~~~~~~~~~~~~~~~~~~
main.c:734:9: note: in expansion of macro ‘CLEANUP’
  734 |         CLEANUP;\
      |         ^~~~~~~
main.c:774:17: note: in expansion of macro ‘RETURNMAIN’
  774 |                 RETURNMAIN(-1);
      |                 ^~~~~~~~~~
main.c:204:8: note: declared here
  204 | extern free_list();
      |        ^~~~~~~~~
main.c:588:25: error: too many arguments to function ‘free_list’; expected 0, have 1
  588 |                         free_list(&multi_dest_offset_table[q][k]);\
      |                         ^~~~~~~~~ ~~~~~~~~~~~~~~~~~~~~~~~~~~~~~~
main.c:734:9: note: in expansion of macro ‘CLEANUP’
  734 |         CLEANUP;\
      |         ^~~~~~~
main.c:774:17: note: in expansion of macro ‘RETURNMAIN’
  774 |                 RETURNMAIN(-1);
      |                 ^~~~~~~~~~
main.c:204:8: note: declared here
  204 | extern free_list();
      |        ^~~~~~~~~
main.c:596:9: error: too many arguments to function ‘my_free’; expected 0, have 2
  596 |         my_free(SERV_HOST, MAXNAME);\
      |         ^~~~~~~ ~~~~~~~~~
main.c:734:9: note: in expansion of macro ‘CLEANUP’
  734 |         CLEANUP;\
      |         ^~~~~~~
main.c:774:17: note: in expansion of macro ‘RETURNMAIN’
  774 |                 RETURNMAIN(-1);
      |                 ^~~~~~~~~~
index/glimpse.h:219:12: note: declared here
  219 | extern int my_free();
      |            ^~~~~~~
main.c:584:25: error: too many arguments to function ‘free_list’; expected 0, have 1
  584 |                         free_list(&src_offset_table[k]);\
      |                         ^~~~~~~~~ ~~~~~~~~~~~~~~~~~~~~
main.c:734:9: note: in expansion of macro ‘CLEANUP’
  734 |         CLEANUP;\
      |         ^~~~~~~
main.c:800:49: note: in expansion of macro ‘RETURNMAIN’
  800 |                                                 RETURNMAIN(usageS());
      |                                                 ^~~~~~~~~~
main.c:204:8: note: declared here
  204 | extern free_list();
      |        ^~~~~~~~~
main.c:588:25: error: too many arguments to function ‘free_list’; expected 0, have 1
  588 |                         free_list(&multi_dest_offset_table[q][k]);\
      |                         ^~~~~~~~~ ~~~~~~~~~~~~~~~~~~~~~~~~~~~~~~
main.c:734:9: note: in expansion of macro ‘CLEANUP’
  734 |         CLEANUP;\
      |         ^~~~~~~
main.c:800:49: note: in expansion of macro ‘RETURNMAIN’
  800 |                                                 RETURNMAIN(usageS());
      |                                                 ^~~~~~~~~~
main.c:204:8: note: declared here
  204 | extern free_list();
      |        ^~~~~~~~~
main.c:596:9: error: too many arguments to function ‘my_free’; expected 0, have 2
  596 |         my_free(SERV_HOST, MAXNAME);\
      |         ^~~~~~~ ~~~~~~~~~
main.c:734:9: note: in expansion of macro ‘CLEANUP’
  734 |         CLEANUP;\
      |         ^~~~~~~
main.c:800:49: note: in expansion of macro ‘RETURNMAIN’
  800 |                                                 RETURNMAIN(usageS());
      |                                                 ^~~~~~~~~~
index/glimpse.h:219:12: note: declared here
  219 | extern int my_free();
      |            ^~~~~~~
main.c:800:60: warning: implicit declaration of function ‘usageS’ [-Wimplicit-function-declaration]
  800 |                                                 RETURNMAIN(usageS());
      |                                                            ^~~~~~
main.c:735:13: note: in definition of macro ‘RETURNMAIN’
  735 |         if (val < 0) exit (2);\
      |             ^~~
main.c:584:25: error: too many arguments to function ‘free_list’; expected 0, have 1
  584 |                         free_list(&src_offset_table[k]);\
      |                         ^~~~~~~~~ ~~~~~~~~~~~~~~~~~~~~
main.c:734:9: note: in expansion of macro ‘CLEANUP’
  734 |         CLEANUP;\
      |         ^~~~~~~
main.c:820:49: note: in expansion of macro ‘RETURNMAIN’
  820 |                                                 RETURNMAIN(usage());
      |                                                 ^~~~~~~~~~
main.c:204:8: note: declared here
  204 | extern free_list();
      |        ^~~~~~~~~
main.c:588:25: error: too many arguments to function ‘free_list’; expected 0, have 1
  588 |                         free_list(&multi_dest_offset_table[q][k]);\
      |                         ^~~~~~~~~ ~~~~~~~~~~~~~~~~~~~~~~~~~~~~~~
main.c:734:9: note: in expansion of macro ‘CLEANUP’
  734 |         CLEANUP;\
      |         ^~~~~~~
main.c:820:49: note: in expansion of macro ‘RETURNMAIN’
  820 |                                                 RETURNMAIN(usage());
      |                                                 ^~~~~~~~~~
main.c:204:8: note: declared here
  204 | extern free_list();
      |        ^~~~~~~~~
main.c:596:9: error: too many arguments to function ‘my_free’; expected 0, have 2
  596 |         my_free(SERV_HOST, MAXNAME);\
      |         ^~~~~~~ ~~~~~~~~~
main.c:734:9: note: in expansion of macro ‘CLEANUP’
  734 |         CLEANUP;\
      |         ^~~~~~~
main.c:820:49: note: in expansion of macro ‘RETURNMAIN’
  820 |                                                 RETURNMAIN(usage());
      |                                                 ^~~~~~~~~~
index/glimpse.h:219:12: note: declared here
  219 | extern int my_free();
      |            ^~~~~~~
main.c:824:48: warning: pointer targets in passing argument 1 of ‘strcpy’ differ in signedness [-Wpointer-sign]
  824 |                                         strcpy(SERV_HOST, argv[0]);
      |                                                ^~~~~~~~~
      |                                                |
      |                                                unsigned char *
/usr/include/bits/string_fortified.h:77:16: note: expected ‘char *’ but argument is of type ‘unsigned char *’
   77 | __NTH (strcpy (__fortify_clang_overload_arg (char *, __restrict, __dest),
      |                ^~~~~~~~~~~~~~~~~~~~~~~~~~~~
main.c:828:48: warning: pointer targets in passing argument 1 of ‘strcpy’ differ in signedness [-Wpointer-sign]
  828 |                                         strcpy(SERV_HOST, p+1);
      |                                                ^~~~~~~~~
      |                                                |
      |                                                unsigned char *
/usr/include/bits/string_fortified.h:77:16: note: expected ‘char *’ but argument is of type ‘unsigned char *’
   77 | __NTH (strcpy (__fortify_clang_overload_arg (char *, __restrict, __dest),
      |                ^~~~~~~~~~~~~~~~~~~~~~~~~~~~
main.c:584:25: error: too many arguments to function ‘free_list’; expected 0, have 1
  584 |                         free_list(&src_offset_table[k]);\
      |                         ^~~~~~~~~ ~~~~~~~~~~~~~~~~~~~~
main.c:734:9: note: in expansion of macro ‘CLEANUP’
  734 |         CLEANUP;\
      |         ^~~~~~~
main.c:841:49: note: in expansion of macro ‘RETURNMAIN’
  841 |                                                 RETURNMAIN(usage());
      |                                                 ^~~~~~~~~~
main.c:204:8: note: declared here
  204 | extern free_list();
      |        ^~~~~~~~~
main.c:588:25: error: too many arguments to function ‘free_list’; expected 0, have 1
  588 |                         free_list(&multi_dest_offset_table[q][k]);\
      |                         ^~~~~~~~~ ~~~~~~~~~~~~~~~~~~~~~~~~~~~~~~
main.c:734:9: note: in expansion of macro ‘CLEANUP’
  734 |         CLEANUP;\
      |         ^~~~~~~
main.c:841:49: note: in expansion of macro ‘RETURNMAIN’
  841 |                                                 RETURNMAIN(usage());
      |                                                 ^~~~~~~~~~
main.c:204:8: note: declared here
  204 | extern free_list();
      |        ^~~~~~~~~
main.c:596:9: error: too many arguments to function ‘my_free’; expected 0, have 2
  596 |         my_free(SERV_HOST, MAXNAME);\
      |         ^~~~~~~ ~~~~~~~~~
main.c:734:9: note: in expansion of macro ‘CLEANUP’
  734 |         CLEANUP;\
      |         ^~~~~~~
main.c:841:49: note: in expansion of macro ‘RETURNMAIN’
  841 |                                                 RETURNMAIN(usage());
      |                                                 ^~~~~~~~~~
index/glimpse.h:219:12: note: declared here
  219 | extern int my_free();
      |            ^~~~~~~
main.c:584:25: error: too many arguments to function ‘free_list’; expected 0, have 1
  584 |                         free_list(&src_offset_table[k]);\
      |                         ^~~~~~~~~ ~~~~~~~~~~~~~~~~~~~~
main.c:734:9: note: in expansion of macro ‘CLEANUP’
  734 |         CLEANUP;\
      |         ^~~~~~~
main.c:900:49: note: in expansion of macro ‘RETURNMAIN’
  900 |                                                 RETURNMAIN(usage());
      |                                                 ^~~~~~~~~~
main.c:204:8: note: declared here
  204 | extern free_list();
      |        ^~~~~~~~~
main.c:588:25: error: too many arguments to function ‘free_list’; expected 0, have 1
  588 |                         free_list(&multi_dest_offset_table[q][k]);\
      |                         ^~~~~~~~~ ~~~~~~~~~~~~~~~~~~~~~~~~~~~~~~
main.c:734:9: note: in expansion of macro ‘CLEANUP’
  734 |         CLEANUP;\
      |         ^~~~~~~
main.c:900:49: note: in expansion of macro ‘RETURNMAIN’
  900 |                                                 RETURNMAIN(usage());
      |                                                 ^~~~~~~~~~
main.c:204:8: note: declared here
  204 | extern free_list();
      |        ^~~~~~~~~
main.c:596:9: error: too many arguments to function ‘my_free’; expected 0, have 2
  596 |         my_free(SERV_HOST, MAXNAME);\
      |         ^~~~~~~ ~~~~~~~~~
main.c:734:9: note: in expansion of macro ‘CLEANUP’
  734 |         CLEANUP;\
      |         ^~~~~~~
main.c:900:49: note: in expansion of macro ‘RETURNMAIN’
  900 |                                                 RETURNMAIN(usage());
      |                                                 ^~~~~~~~~~
index/glimpse.h:219:12: note: declared here
  219 | extern int my_free();
      |            ^~~~~~~
main.c:584:25: error: too many arguments to function ‘free_list’; expected 0, have 1
  584 |                         free_list(&src_offset_table[k]);\
      |                         ^~~~~~~~~ ~~~~~~~~~~~~~~~~~~~~
main.c:734:9: note: in expansion of macro ‘CLEANUP’
  734 |         CLEANUP;\
      |         ^~~~~~~
main.c:912:33: note: in expansion of macro ‘RETURNMAIN’
  912 |                                 RETURNMAIN(usage());
      |                                 ^~~~~~~~~~
main.c:204:8: note: declared here
  204 | extern free_list();
      |        ^~~~~~~~~
main.c:588:25: error: too many arguments to function ‘free_list’; expected 0, have 1
  588 |                         free_list(&multi_dest_offset_table[q][k]);\
      |                         ^~~~~~~~~ ~~~~~~~~~~~~~~~~~~~~~~~~~~~~~~
main.c:734:9: note: in expansion of macro ‘CLEANUP’
  734 |         CLEANUP;\
      |         ^~~~~~~
main.c:912:33: note: in expansion of macro ‘RETURNMAIN’
  912 |                                 RETURNMAIN(usage());
      |                                 ^~~~~~~~~~
main.c:204:8: note: declared here
  204 | extern free_list();
      |        ^~~~~~~~~
main.c:596:9: error: too many arguments to function ‘my_free’; expected 0, have 2
  596 |         my_free(SERV_HOST, MAXNAME);\
      |         ^~~~~~~ ~~~~~~~~~
main.c:734:9: note: in expansion of macro ‘CLEANUP’
  734 |         CLEANUP;\
      |         ^~~~~~~
main.c:912:33: note: in expansion of macro ‘RETURNMAIN’
  912 |                                 RETURNMAIN(usage());
      |                                 ^~~~~~~~~~
index/glimpse.h:219:12: note: declared here
  219 | extern int my_free();
      |            ^~~~~~~
main.c:584:25: error: too many arguments to function ‘free_list’; expected 0, have 1
  584 |                         free_list(&src_offset_table[k]);\
      |                         ^~~~~~~~~ ~~~~~~~~~~~~~~~~~~~~
main.c:734:9: note: in expansion of macro ‘CLEANUP’
  734 |         CLEANUP;\
      |         ^~~~~~~
main.c:955:33: note: in expansion of macro ‘RETURNMAIN’
  955 |                                 RETURNMAIN(1);
      |                                 ^~~~~~~~~~
main.c:204:8: note: declared here
  204 | extern free_list();
      |        ^~~~~~~~~
main.c:588:25: error: too many arguments to function ‘free_list’; expected 0, have 1
  588 |                         free_list(&multi_dest_offset_table[q][k]);\
      |                         ^~~~~~~~~ ~~~~~~~~~~~~~~~~~~~~~~~~~~~~~~
main.c:734:9: note: in expansion of macro ‘CLEANUP’
  734 |         CLEANUP;\
      |         ^~~~~~~
main.c:955:33: note: in expansion of macro ‘RETURNMAIN’
  955 |                                 RETURNMAIN(1);
      |                                 ^~~~~~~~~~
main.c:204:8: note: declared here
  204 | extern free_list();
      |        ^~~~~~~~~
main.c:596:9: error: too many arguments to function ‘my_free’; expected 0, have 2
  596 |         my_free(SERV_HOST, MAXNAME);\
      |         ^~~~~~~ ~~~~~~~~~
main.c:734:9: note: in expansion of macro ‘CLEANUP’
  734 |         CLEANUP;\
      |         ^~~~~~~
main.c:955:33: note: in expansion of macro ‘RETURNMAIN’
  955 |                                 RETURNMAIN(1);
      |                                 ^~~~~~~~~~
index/glimpse.h:219:12: note: declared here
  219 | extern int my_free();
      |            ^~~~~~~
main.c:584:25: error: too many arguments to function ‘free_list’; expected 0, have 1
  584 |                         free_list(&src_offset_table[k]);\
      |                         ^~~~~~~~~ ~~~~~~~~~~~~~~~~~~~~
main.c:734:9: note: in expansion of macro ‘CLEANUP’
  734 |         CLEANUP;\
      |         ^~~~~~~
main.c:958:33: note: in expansion of macro ‘RETURNMAIN’
  958 |                                 RETURNMAIN(usage());
      |                                 ^~~~~~~~~~
main.c:204:8: note: declared here
  204 | extern free_list();
      |        ^~~~~~~~~
main.c:588:25: error: too many arguments to function ‘free_list’; expected 0, have 1
  588 |                         free_list(&multi_dest_offset_table[q][k]);\
      |                         ^~~~~~~~~ ~~~~~~~~~~~~~~~~~~~~~~~~~~~~~~
main.c:734:9: note: in expansion of macro ‘CLEANUP’
  734 |         CLEANUP;\
      |         ^~~~~~~
main.c:958:33: note: in expansion of macro ‘RETURNMAIN’
  958 |                                 RETURNMAIN(usage());
      |                                 ^~~~~~~~~~
main.c:204:8: note: declared here
  204 | extern free_list();
      |        ^~~~~~~~~
main.c:596:9: error: too many arguments to function ‘my_free’; expected 0, have 2
  596 |         my_free(SERV_HOST, MAXNAME);\
      |         ^~~~~~~ ~~~~~~~~~
main.c:734:9: note: in expansion of macro ‘CLEANUP’
  734 |         CLEANUP;\
      |         ^~~~~~~
main.c:958:33: note: in expansion of macro ‘RETURNMAIN’
  958 |                                 RETURNMAIN(usage());
      |                                 ^~~~~~~~~~
index/glimpse.h:219:12: note: declared here
  219 | extern int my_free();
      |            ^~~~~~~
main.c:584:25: error: too many arguments to function ‘free_list’; expected 0, have 1
  584 |                         free_list(&src_offset_table[k]);\
      |                         ^~~~~~~~~ ~~~~~~~~~~~~~~~~~~~~
main.c:734:9: note: in expansion of macro ‘CLEANUP’
  734 |         CLEANUP;\
      |         ^~~~~~~
main.c:963:41: note: in expansion of macro ‘RETURNMAIN’
  963 |                                         RETURNMAIN(usage());
      |                                         ^~~~~~~~~~
main.c:204:8: note: declared here
  204 | extern free_list();
      |        ^~~~~~~~~
main.c:588:25: error: too many arguments to function ‘free_list’; expected 0, have 1
  588 |                         free_list(&multi_dest_offset_table[q][k]);\
      |                         ^~~~~~~~~ ~~~~~~~~~~~~~~~~~~~~~~~~~~~~~~
main.c:734:9: note: in expansion of macro ‘CLEANUP’
  734 |         CLEANUP;\
      |         ^~~~~~~
main.c:963:41: note: in expansion of macro ‘RETURNMAIN’
  963 |                                         RETURNMAIN(usage());
      |                                         ^~~~~~~~~~
main.c:204:8: note: declared here
  204 | extern free_list();
      |        ^~~~~~~~~
main.c:596:9: error: too many arguments to function ‘my_free’; expected 0, have 2
  596 |         my_free(SERV_HOST, MAXNAME);\
      |         ^~~~~~~ ~~~~~~~~~
main.c:734:9: note: in expansion of macro ‘CLEANUP’
  734 |         CLEANUP;\
      |         ^~~~~~~
main.c:963:41: note: in expansion of macro ‘RETURNMAIN’
  963 |                                         RETURNMAIN(usage());
      |                                         ^~~~~~~~~~
index/glimpse.h:219:12: note: declared here
  219 | extern int my_free();
      |            ^~~~~~~
main.c:1214:33: warning: pointer targets in passing argument 1 of ‘gethostbyname’ differ in signedness [-Wpointer-sign]
 1214 |         if ((hp = gethostbyname(SERV_HOST)) == NULL) {
      |                                 ^~~~~~~~~
      |                                 |
      |                                 unsigned char *
In file included from communicate.c:18:
/usr/include/netdb.h:142:51: note: expected ‘const char *’ but argument is of type ‘unsigned char *’
  142 | extern struct hostent *gethostbyname (const char *__name);
      |                                       ~~~~~~~~~~~~^~~~~~
main.c:584:25: error: too many arguments to function ‘free_list’; expected 0, have 1
  584 |                         free_list(&src_offset_table[k]);\
      |                         ^~~~~~~~~ ~~~~~~~~~~~~~~~~~~~~
main.c:734:9: note: in expansion of macro ‘CLEANUP’
  734 |         CLEANUP;\
      |         ^~~~~~~
main.c:1273:9: note: in expansion of macro ‘RETURNMAIN’
 1273 |         RETURNMAIN(ret);
      |         ^~~~~~~~~~
main.c:204:8: note: declared here
  204 | extern free_list();
      |        ^~~~~~~~~
main.c:588:25: error: too many arguments to function ‘free_list’; expected 0, have 1
  588 |                         free_list(&multi_dest_offset_table[q][k]);\
      |                         ^~~~~~~~~ ~~~~~~~~~~~~~~~~~~~~~~~~~~~~~~
main.c:734:9: note: in expansion of macro ‘CLEANUP’
  734 |         CLEANUP;\
      |         ^~~~~~~
main.c:1273:9: note: in expansion of macro ‘RETURNMAIN’
 1273 |         RETURNMAIN(ret);
      |         ^~~~~~~~~~
main.c:204:8: note: declared here
  204 | extern free_list();
      |        ^~~~~~~~~
main.c:596:9: error: too many arguments to function ‘my_free’; expected 0, have 2
  596 |         my_free(SERV_HOST, MAXNAME);\
      |         ^~~~~~~ ~~~~~~~~~
main.c:734:9: note: in expansion of macro ‘CLEANUP’
  734 |         CLEANUP;\
      |         ^~~~~~~
main.c:1273:9: note: in expansion of macro ‘RETURNMAIN’
 1273 |         RETURNMAIN(ret);
      |         ^~~~~~~~~~
index/glimpse.h:219:12: note: declared here
  219 | extern int my_free();
      |            ^~~~~~~
main.c:1284:15: warning: implicit declaration of function ‘process_query’ [-Wimplicit-function-declaration]
 1284 |         ret = process_query(oldargc, oldargv, fileno(stdin));
      |               ^~~~~~~~~~~~~
main.c:584:25: error: too many arguments to function ‘free_list’; expected 0, have 1
  584 |                         free_list(&src_offset_table[k]);\
      |                         ^~~~~~~~~ ~~~~~~~~~~~~~~~~~~~~
main.c:734:9: note: in expansion of macro ‘CLEANUP’
  734 |         CLEANUP;\
      |         ^~~~~~~
main.c:1285:9: note: in expansion of macro ‘RETURNMAIN’
 1285 |         RETURNMAIN(ret);
      |         ^~~~~~~~~~
main.c:204:8: note: declared here
  204 | extern free_list();
      |        ^~~~~~~~~
main.c:588:25: error: too many arguments to function ‘free_list’; expected 0, have 1
  588 |                         free_list(&multi_dest_offset_table[q][k]);\
      |                         ^~~~~~~~~ ~~~~~~~~~~~~~~~~~~~~~~~~~~~~~~
main.c:734:9: note: in expansion of macro ‘CLEANUP’
  734 |         CLEANUP;\
      |         ^~~~~~~
main.c:1285:9: note: in expansion of macro ‘RETURNMAIN’
 1285 |         RETURNMAIN(ret);
      |         ^~~~~~~~~~
main.c:204:8: note: declared here
  204 | extern free_list();
      |        ^~~~~~~~~
main.c:596:9: error: too many arguments to function ‘my_free’; expected 0, have 2
  596 |         my_free(SERV_HOST, MAXNAME);\
      |         ^~~~~~~ ~~~~~~~~~
main.c:734:9: note: in expansion of macro ‘CLEANUP’
  734 |         CLEANUP;\
      |         ^~~~~~~
main.c:1285:9: note: in expansion of macro ‘RETURNMAIN’
 1285 |         RETURNMAIN(ret);
      |         ^~~~~~~~~~
index/glimpse.h:219:12: note: declared here
  219 | extern int my_free();
      |            ^~~~~~~
main.c:715:17: warning: unused variable ‘array’ [-Wunused-variable]
  715 |         char    array[4];
      |                 ^~~~~
main.c:713:36: warning: unused variable ‘clstderr’ [-Wunused-variable]
  713 |         int     clstdin, clstdout, clstderr;
      |                                    ^~~~~~~~
main.c:713:26: warning: unused variable ‘clstdout’ [-Wunused-variable]
  713 |         int     clstdin, clstdout, clstderr;
      |                          ^~~~~~~~
main.c:713:17: warning: unused variable ‘clstdin’ [-Wunused-variable]
  713 |         int     clstdin, clstdout, clstderr;
      |                 ^~~~~~~
main.c:712:19: warning: unused variable ‘clargv’ [-Wunused-variable]
  712 |         char    **clargv;
      |                   ^~~~~~
main.c:711:17: warning: unused variable ‘clargc’ [-Wunused-variable]
  711 |         int     clargc;
      |                 ^~~~~~
main.c:710:17: warning: unused variable ‘cli_len’ [-Wunused-variable]
  710 |         int     cli_len;
      |                 ^~~~~~~
main.c:707:28: warning: unused variable ‘cli_addr’ [-Wunused-variable]
  707 |         struct sockaddr_in cli_addr, serv_addr;
      |                            ^~~~~~~~
main.c:703:17: warning: unused variable ‘clout’ [-Wunused-variable]
  703 |         int     clout;
      |                 ^~~~~
main.c:702:49: warning: unused variable ‘clpid’ [-Wunused-variable]
  702 |         int     sockfd, newsockfd, clilen, len, clpid;
      |                                                 ^~~~~
main.c:702:36: warning: unused variable ‘clilen’ [-Wunused-variable]
  702 |         int     sockfd, newsockfd, clilen, len, clpid;
      |                                    ^~~~~~
main.c:702:25: warning: unused variable ‘newsockfd’ [-Wunused-variable]
  702 |         int     sockfd, newsockfd, clilen, len, clpid;
      |                         ^~~~~~~~~
main.c: At top level:
main.c:1289:1: warning: return type defaults to ‘int’ [-Wimplicit-int]
 1289 | process_query(argc, argv, newsockfd)
      | ^~~~~~~~~~~~~
main.c: In function ‘process_query’:
main.c:1289:1: warning: old-style function definition [-Wold-style-definition]
main.c:1387:16: warning: pointer targets in passing argument 1 of ‘strcpy’ differ in signedness [-Wpointer-sign]
 1387 |         strcpy(&GProgname[0], argv[0]);
      |                ^~~~~~~~~~~~~
      |                |
      |                unsigned char *
/usr/include/bits/string_fortified.h:77:16: note: expected ‘char *’ but argument is of type ‘unsigned char *’
   77 | __NTH (strcpy (__fortify_clang_overload_arg (char *, __restrict, __dest),
      |                ^~~~~~~~~~~~~~~~~~~~~~~~~~~~
main.c:1389:34: error: too many arguments to function ‘my_malloc’; expected 0, have 1
 1389 |         filenames_file = (char *)my_malloc(MAX_LINE_LEN);
      |                                  ^~~~~~~~~
index/glimpse.h:218:14: note: declared here
  218 | extern char *my_malloc();
      |              ^~~~~~~~~
main.c:1390:33: error: too many arguments to function ‘my_malloc’; expected 0, have 1
 1390 |         bitfield_file = (char *)my_malloc(MAX_LINE_LEN);
      |                                 ^~~~~~~~~
index/glimpse.h:218:14: note: declared here
  218 | extern char *my_malloc();
      |              ^~~~~~~~~
main.c:1391:28: error: too many arguments to function ‘my_malloc’; expected 0, have 1
 1391 |         TEMP_DIR = (char *)my_malloc(MAX_LINE_LEN);
      |                            ^~~~~~~~~
index/glimpse.h:218:14: note: declared here
  218 | extern char *my_malloc();
      |              ^~~~~~~~~
main.c:1397:29: error: too many arguments to function ‘my_malloc’; expected 0, have 1
 1397 |         outname  = (char **)my_malloc(sizeof(char *));
      |                             ^~~~~~~~~ ~~~~~~~~~~~~~~
index/glimpse.h:218:14: note: declared here
  218 | extern char *my_malloc();
      |              ^~~~~~~~~
main.c:1398:30: error: too many arguments to function ‘my_malloc’; expected 0, have 1
 1398 |         outname[0] = (char *)my_malloc(MAX_LINE_LEN);
      |                              ^~~~~~~~~
index/glimpse.h:218:14: note: declared here
  218 | extern char *my_malloc();
      |              ^~~~~~~~~
main.c:1434:16: warning: pointer targets in passing argument 1 of ‘strcpy’ differ in signedness [-Wpointer-sign]
 1434 |         strcpy(GD_pattern, "\n");
      |                ^~~~~~~~~~
      |                |
      |                unsigned char *
/usr/include/bits/string_fortified.h:77:16: note: expected ‘char *’ but argument is of type ‘unsigned char *’
   77 | __NTH (strcpy (__fortify_clang_overload_arg (char *, __restrict, __dest),
      |                ^~~~~~~~~~~~~~~~~~~~~~~~~~~~
main.c:1435:28: warning: pointer targets in passing argument 1 of ‘strlen’ differ in signedness [-Wpointer-sign]
 1435 |         GD_length = strlen(GD_pattern);
      |                            ^~~~~~~~~~
      |                            |
      |                            unsigned char *
/usr/include/string.h:407:35: note: expected ‘const char *’ but argument is of type ‘unsigned char *’
  407 | extern size_t strlen (const char *__s)
      |                       ~~~~~~~~~~~~^~~
main.c:1446:41: error: too many arguments to function ‘my_malloc’; expected 0, have 1
 1446 |                 index_argv[i] = (char *)my_malloc(MaxNameLength + 2);
      |                                         ^~~~~~~~~
index/glimpse.h:218:14: note: declared here
  218 | extern char *my_malloc();
      |              ^~~~~~~~~
main.c:1462:21: warning: implicit declaration of function ‘fileagrep’ [-Wimplicit-function-declaration]
 1462 |                 i = fileagrep(oldargc, oldargv, 0, stdout);
      |                     ^~~~~~~~~
main.c:1341:44: error: too many arguments to function ‘my_free’; expected 0, have 2
 1341 |                 if (agrep_argv[k] != NULL) my_free(agrep_argv[k], 0);\
      |                                            ^~~~~~~ ~~~~~~~~~~~~~
main.c:1463:17: note: in expansion of macro ‘RETURN’
 1463 |                 RETURN(i);
      |                 ^~~~~~
index/glimpse.h:219:12: note: declared here
  219 | extern int my_free();
      |            ^~~~~~~
main.c:1342:44: error: too many arguments to function ‘my_free’; expected 0, have 2
 1342 |                 if (index_argv[k] != NULL) my_free(index_argv[k], 0);\
      |                                            ^~~~~~~ ~~~~~~~~~~~~~
main.c:1463:17: note: in expansion of macro ‘RETURN’
 1463 |                 RETURN(i);
      |                 ^~~~~~
index/glimpse.h:219:12: note: declared here
  219 | extern int my_free();
      |            ^~~~~~~
main.c:1345:30: error: too many arguments to function ‘my_free’; expected 0, have 2
 1345 |         if (FileOpt != NULL) my_free(FileOpt, MAXFILEOPT);\
      |                              ^~~~~~~ ~~~~~~~
main.c:1463:17: note: in expansion of macro ‘RETURN’
 1463 |                 RETURN(i);
      |                 ^~~~~~
index/glimpse.h:219:12: note: declared here
  219 | extern int my_free();
      |            ^~~~~~~
main.c:1348:42: error: too many arguments to function ‘my_free’; expected 0, have 2
 1348 |                 if (pat_list[k] != NULL) my_free(pat_list[k], 0);\
      |                                          ^~~~~~~ ~~~~~~~~~~~
main.c:1463:17: note: in expansion of macro ‘RETURN’
 1463 |                 RETURN(i);
      |                 ^~~~~~
index/glimpse.h:219:12: note: declared here
  219 | extern int my_free();
      |            ^~~~~~~
main.c:1355:9: error: too many arguments to function ‘my_free’; expected 0, have 2
 1355 |         my_free(outname[0], 0);\
      |         ^~~~~~~ ~~~~~~~~~~
main.c:1463:17: note: in expansion of macro ‘RETURN’
 1463 |                 RETURN(i);
      |                 ^~~~~~
index/glimpse.h:219:12: note: declared here
  219 | extern int my_free();
      |            ^~~~~~~
main.c:1356:9: error: too many arguments to function ‘my_free’; expected 0, have 2
 1356 |         my_free(outname, 0);\
      |         ^~~~~~~ ~~~~~~~
main.c:1463:17: note: in expansion of macro ‘RETURN’
 1463 |                 RETURN(i);
      |                 ^~~~~~
index/glimpse.h:219:12: note: declared here
  219 | extern int my_free();
      |            ^~~~~~~
main.c:1357:9: error: too many arguments to function ‘my_free’; expected 0, have 2
 1357 |         my_free(TEMP_DIR, MAX_LINE_LEN);\
      |         ^~~~~~~ ~~~~~~~~
main.c:1463:17: note: in expansion of macro ‘RETURN’
 1463 |                 RETURN(i);
      |                 ^~~~~~
index/glimpse.h:219:12: note: declared here
  219 | extern int my_free();
      |            ^~~~~~~
main.c:1358:9: error: too many arguments to function ‘my_free’; expected 0, have 2
 1358 |         my_free(filenames_file, MAX_LINE_LEN);\
      |         ^~~~~~~ ~~~~~~~~~~~~~~
main.c:1463:17: note: in expansion of macro ‘RETURN’
 1463 |                 RETURN(i);
      |                 ^~~~~~
index/glimpse.h:219:12: note: declared here
  219 | extern int my_free();
      |            ^~~~~~~
main.c:1359:9: error: too many arguments to function ‘my_free’; expected 0, have 2
 1359 |         my_free(bitfield_file, MAX_LINE_LEN);\
      |         ^~~~~~~ ~~~~~~~~~~~~~
main.c:1463:17: note: in expansion of macro ‘RETURN’
 1463 |                 RETURN(i);
      |                 ^~~~~~
index/glimpse.h:219:12: note: declared here
  219 | extern int my_free();
      |            ^~~~~~~
main.c:1363:25: error: too many arguments to function ‘free_list’; expected 0, have 1
 1363 |                         free_list(&src_offset_table[k]);\
      |                         ^~~~~~~~~ ~~~~~~~~~~~~~~~~~~~~
main.c:1463:17: note: in expansion of macro ‘RETURN’
 1463 |                 RETURN(i);
      |                 ^~~~~~
main.c:204:8: note: declared here
  204 | extern free_list();
      |        ^~~~~~~~~
main.c:1368:25: error: too many arguments to function ‘free_list’; expected 0, have 1
 1368 |                         free_list(&multi_dest_offset_table[q][k]);\
      |                         ^~~~~~~~~ ~~~~~~~~~~~~~~~~~~~~~~~~~~~~~~
main.c:1463:17: note: in expansion of macro ‘RETURN’
 1463 |                 RETURN(i);
      |                 ^~~~~~
main.c:204:8: note: declared here
  204 | extern free_list();
      |        ^~~~~~~~~
main.c:1375:29: warning: implicit declaration of function ‘destroy_tree’ [-Wimplicit-function-declaration]
 1375 |         if (ComplexBoolean) destroy_tree(&GParse);\
      |                             ^~~~~~~~~~~~
main.c:1463:17: note: in expansion of macro ‘RETURN’
 1463 |                 RETURN(i);
      |                 ^~~~~~
main.c:1377:17: error: too many arguments to function ‘my_free’; expected 0, have 2
 1377 |                 my_free(GTextfiles[k], 0);\
      |                 ^~~~~~~ ~~~~~~~~~~~~~
main.c:1463:17: note: in expansion of macro ‘RETURN’
 1463 |                 RETURN(i);
      |                 ^~~~~~
index/glimpse.h:219:12: note: declared here
  219 | extern int my_free();
      |            ^~~~~~~
main.c:1475:42: error: too many arguments to function ‘my_malloc’; expected 0, have 1
 1475 |         agrep_argv[agrep_argc] = (char *)my_malloc(strlen(argv[0]) + 2);
      |                                          ^~~~~~~~~ ~~~~~~~~~~~~~~~~~~~
index/glimpse.h:218:14: note: declared here
  218 | extern char *my_malloc();
      |              ^~~~~~~~~
main.c:1341:44: error: too many arguments to function ‘my_free’; expected 0, have 2
 1341 |                 if (agrep_argv[k] != NULL) my_free(agrep_argv[k], 0);\
      |                                            ^~~~~~~ ~~~~~~~~~~~~~
main.c:1482:17: note: in expansion of macro ‘RETURN’
 1482 |                 RETURN(usage());
      |                 ^~~~~~
index/glimpse.h:219:12: note: declared here
  219 | extern int my_free();
      |            ^~~~~~~
main.c:1342:44: error: too many arguments to function ‘my_free’; expected 0, have 2
 1342 |                 if (index_argv[k] != NULL) my_free(index_argv[k], 0);\
      |                                            ^~~~~~~ ~~~~~~~~~~~~~
main.c:1482:17: note: in expansion of macro ‘RETURN’
 1482 |                 RETURN(usage());
      |                 ^~~~~~
index/glimpse.h:219:12: note: declared here
  219 | extern int my_free();
      |            ^~~~~~~
main.c:1345:30: error: too many arguments to function ‘my_free’; expected 0, have 2
 1345 |         if (FileOpt != NULL) my_free(FileOpt, MAXFILEOPT);\
      |                              ^~~~~~~ ~~~~~~~
main.c:1482:17: note: in expansion of macro ‘RETURN’
 1482 |                 RETURN(usage());
      |                 ^~~~~~
index/glimpse.h:219:12: note: declared here
  219 | extern int my_free();
      |            ^~~~~~~
main.c:1348:42: error: too many arguments to function ‘my_free’; expected 0, have 2
 1348 |                 if (pat_list[k] != NULL) my_free(pat_list[k], 0);\
      |                                          ^~~~~~~ ~~~~~~~~~~~
main.c:1482:17: note: in expansion of macro ‘RETURN’
 1482 |                 RETURN(usage());
      |                 ^~~~~~
index/glimpse.h:219:12: note: declared here
  219 | extern int my_free();
      |            ^~~~~~~
main.c:1355:9: error: too many arguments to function ‘my_free’; expected 0, have 2
 1355 |         my_free(outname[0], 0);\
      |         ^~~~~~~ ~~~~~~~~~~
main.c:1482:17: note: in expansion of macro ‘RETURN’
 1482 |                 RETURN(usage());
      |                 ^~~~~~
index/glimpse.h:219:12: note: declared here
  219 | extern int my_free();
      |            ^~~~~~~
main.c:1356:9: error: too many arguments to function ‘my_free’; expected 0, have 2
 1356 |         my_free(outname, 0);\
      |         ^~~~~~~ ~~~~~~~
main.c:1482:17: note: in expansion of macro ‘RETURN’
 1482 |                 RETURN(usage());
      |                 ^~~~~~
index/glimpse.h:219:12: note: declared here
  219 | extern int my_free();
      |            ^~~~~~~
main.c:1357:9: error: too many arguments to function ‘my_free’; expected 0, have 2
 1357 |         my_free(TEMP_DIR, MAX_LINE_LEN);\
      |         ^~~~~~~ ~~~~~~~~
main.c:1482:17: note: in expansion of macro ‘RETURN’
 1482 |                 RETURN(usage());
      |                 ^~~~~~
index/glimpse.h:219:12: note: declared here
  219 | extern int my_free();
      |            ^~~~~~~
main.c:1358:9: error: too many arguments to function ‘my_free’; expected 0, have 2
 1358 |         my_free(filenames_file, MAX_LINE_LEN);\
      |         ^~~~~~~ ~~~~~~~~~~~~~~
main.c:1482:17: note: in expansion of macro ‘RETURN’
 1482 |                 RETURN(usage());
      |                 ^~~~~~
index/glimpse.h:219:12: note: declared here
  219 | extern int my_free();
      |            ^~~~~~~
main.c:1359:9: error: too many arguments to function ‘my_free’; expected 0, have 2
 1359 |         my_free(bitfield_file, MAX_LINE_LEN);\
      |         ^~~~~~~ ~~~~~~~~~~~~~
main.c:1482:17: note: in expansion of macro ‘RETURN’
 1482 |                 RETURN(usage());
      |                 ^~~~~~
index/glimpse.h:219:12: note: declared here
  219 | extern int my_free();
      |            ^~~~~~~
main.c:1363:25: error: too many arguments to function ‘free_list’; expected 0, have 1
 1363 |                         free_list(&src_offset_table[k]);\
      |                         ^~~~~~~~~ ~~~~~~~~~~~~~~~~~~~~
main.c:1482:17: note: in expansion of macro ‘RETURN’
 1482 |                 RETURN(usage());
      |                 ^~~~~~
main.c:204:8: note: declared here
  204 | extern free_list();
      |        ^~~~~~~~~
main.c:1368:25: error: too many arguments to function ‘free_list’; expected 0, have 1
 1368 |                         free_list(&multi_dest_offset_table[q][k]);\
      |                         ^~~~~~~~~ ~~~~~~~~~~~~~~~~~~~~~~~~~~~~~~
main.c:1482:17: note: in expansion of macro ‘RETURN’
 1482 |                 RETURN(usage());
      |                 ^~~~~~
main.c:204:8: note: declared here
  204 | extern free_list();
      |        ^~~~~~~~~
main.c:1377:17: error: too many arguments to function ‘my_free’; expected 0, have 2
 1377 |                 my_free(GTextfiles[k], 0);\
      |                 ^~~~~~~ ~~~~~~~~~~~~~
main.c:1482:17: note: in expansion of macro ‘RETURN’
 1482 |                 RETURN(usage());
      |                 ^~~~~~
index/glimpse.h:219:12: note: declared here
  219 | extern int my_free();
      |            ^~~~~~~
main.c:1484:42: error: too many arguments to function ‘my_malloc’; expected 0, have 1
 1484 |         agrep_argv[agrep_argc] = (char *)my_malloc(sizeof(char *));
      |                                          ^~~~~~~~~ ~~~~~~~~~~~~~~
index/glimpse.h:218:14: note: declared here
  218 | extern char *my_malloc();
      |              ^~~~~~~~~
main.c:1341:44: error: too many arguments to function ‘my_free’; expected 0, have 2
 1341 |                 if (agrep_argv[k] != NULL) my_free(agrep_argv[k], 0);\
      |                                            ^~~~~~~ ~~~~~~~~~~~~~
main.c:1493:17: note: in expansion of macro ‘RETURN’
 1493 |                 RETURN(usage());
      |                 ^~~~~~
index/glimpse.h:219:12: note: declared here
  219 | extern int my_free();
      |            ^~~~~~~
main.c:1342:44: error: too many arguments to function ‘my_free’; expected 0, have 2
 1342 |                 if (index_argv[k] != NULL) my_free(index_argv[k], 0);\
      |                                            ^~~~~~~ ~~~~~~~~~~~~~
main.c:1493:17: note: in expansion of macro ‘RETURN’
 1493 |                 RETURN(usage());
      |                 ^~~~~~
index/glimpse.h:219:12: note: declared here
  219 | extern int my_free();
      |            ^~~~~~~
main.c:1345:30: error: too many arguments to function ‘my_free’; expected 0, have 2
 1345 |         if (FileOpt != NULL) my_free(FileOpt, MAXFILEOPT);\
      |                              ^~~~~~~ ~~~~~~~
main.c:1493:17: note: in expansion of macro ‘RETURN’
 1493 |                 RETURN(usage());
      |                 ^~~~~~
index/glimpse.h:219:12: note: declared here
  219 | extern int my_free();
      |            ^~~~~~~
main.c:1348:42: error: too many arguments to function ‘my_free’; expected 0, have 2
 1348 |                 if (pat_list[k] != NULL) my_free(pat_list[k], 0);\
      |                                          ^~~~~~~ ~~~~~~~~~~~
main.c:1493:17: note: in expansion of macro ‘RETURN’
 1493 |                 RETURN(usage());
      |                 ^~~~~~
index/glimpse.h:219:12: note: declared here
  219 | extern int my_free();
      |            ^~~~~~~
main.c:1355:9: error: too many arguments to function ‘my_free’; expected 0, have 2
 1355 |         my_free(outname[0], 0);\
      |         ^~~~~~~ ~~~~~~~~~~
main.c:1493:17: note: in expansion of macro ‘RETURN’
 1493 |                 RETURN(usage());
      |                 ^~~~~~
index/glimpse.h:219:12: note: declared here
  219 | extern int my_free();
      |            ^~~~~~~
main.c:1356:9: error: too many arguments to function ‘my_free’; expected 0, have 2
 1356 |         my_free(outname, 0);\
      |         ^~~~~~~ ~~~~~~~
main.c:1493:17: note: in expansion of macro ‘RETURN’
 1493 |                 RETURN(usage());
      |                 ^~~~~~
index/glimpse.h:219:12: note: declared here
  219 | extern int my_free();
      |            ^~~~~~~
main.c:1357:9: error: too many arguments to function ‘my_free’; expected 0, have 2
 1357 |         my_free(TEMP_DIR, MAX_LINE_LEN);\
      |         ^~~~~~~ ~~~~~~~~
main.c:1493:17: note: in expansion of macro ‘RETURN’
 1493 |                 RETURN(usage());
      |                 ^~~~~~
index/glimpse.h:219:12: note: declared here
  219 | extern int my_free();
      |            ^~~~~~~
main.c:1358:9: error: too many arguments to function ‘my_free’; expected 0, have 2
 1358 |         my_free(filenames_file, MAX_LINE_LEN);\
      |         ^~~~~~~ ~~~~~~~~~~~~~~
main.c:1493:17: note: in expansion of macro ‘RETURN’
 1493 |                 RETURN(usage());
      |                 ^~~~~~
index/glimpse.h:219:12: note: declared here
  219 | extern int my_free();
      |            ^~~~~~~
main.c:1359:9: error: too many arguments to function ‘my_free’; expected 0, have 2
 1359 |         my_free(bitfield_file, MAX_LINE_LEN);\
      |         ^~~~~~~ ~~~~~~~~~~~~~
main.c:1493:17: note: in expansion of macro ‘RETURN’
 1493 |                 RETURN(usage());
      |                 ^~~~~~
index/glimpse.h:219:12: note: declared here
  219 | extern int my_free();
      |            ^~~~~~~
main.c:1363:25: error: too many arguments to function ‘free_list’; expected 0, have 1
 1363 |                         free_list(&src_offset_table[k]);\
      |                         ^~~~~~~~~ ~~~~~~~~~~~~~~~~~~~~
main.c:1493:17: note: in expansion of macro ‘RETURN’
 1493 |                 RETURN(usage());
      |                 ^~~~~~
main.c:204:8: note: declared here
  204 | extern free_list();
      |        ^~~~~~~~~
main.c:1368:25: error: too many arguments to function ‘free_list’; expected 0, have 1
 1368 |                         free_list(&multi_dest_offset_table[q][k]);\
      |                         ^~~~~~~~~ ~~~~~~~~~~~~~~~~~~~~~~~~~~~~~~
main.c:1493:17: note: in expansion of macro ‘RETURN’
 1493 |                 RETURN(usage());
      |                 ^~~~~~
main.c:204:8: note: declared here
  204 | extern free_list();
      |        ^~~~~~~~~
main.c:1377:17: error: too many arguments to function ‘my_free’; expected 0, have 2
 1377 |                 my_free(GTextfiles[k], 0);\
      |                 ^~~~~~~ ~~~~~~~~~~~~~
main.c:1493:17: note: in expansion of macro ‘RETURN’
 1493 |                 RETURN(usage());
      |                 ^~~~~~
index/glimpse.h:219:12: note: declared here
  219 | extern int my_free();
      |            ^~~~~~~
main.c:1495:42: error: too many arguments to function ‘my_malloc’; expected 0, have 1
 1495 |         agrep_argv[agrep_argc] = (char *)my_malloc(sizeof(char *));
      |                                          ^~~~~~~~~ ~~~~~~~~~~~~~~
index/glimpse.h:218:14: note: declared here
  218 | extern char *my_malloc();
      |              ^~~~~~~~~
main.c:1341:44: error: too many arguments to function ‘my_free’; expected 0, have 2
 1341 |                 if (agrep_argv[k] != NULL) my_free(agrep_argv[k], 0);\
      |                                            ^~~~~~~ ~~~~~~~~~~~~~
main.c:1505:17: note: in expansion of macro ‘RETURN’
 1505 |                 RETURN(usage());
      |                 ^~~~~~
index/glimpse.h:219:12: note: declared here
  219 | extern int my_free();
      |            ^~~~~~~
main.c:1342:44: error: too many arguments to function ‘my_free’; expected 0, have 2
 1342 |                 if (index_argv[k] != NULL) my_free(index_argv[k], 0);\
      |                                            ^~~~~~~ ~~~~~~~~~~~~~
main.c:1505:17: note: in expansion of macro ‘RETURN’
 1505 |                 RETURN(usage());
      |                 ^~~~~~
index/glimpse.h:219:12: note: declared here
  219 | extern int my_free();
      |            ^~~~~~~
main.c:1345:30: error: too many arguments to function ‘my_free’; expected 0, have 2
 1345 |         if (FileOpt != NULL) my_free(FileOpt, MAXFILEOPT);\
      |                              ^~~~~~~ ~~~~~~~
main.c:1505:17: note: in expansion of macro ‘RETURN’
 1505 |                 RETURN(usage());
      |                 ^~~~~~
index/glimpse.h:219:12: note: declared here
  219 | extern int my_free();
      |            ^~~~~~~
main.c:1348:42: error: too many arguments to function ‘my_free’; expected 0, have 2
 1348 |                 if (pat_list[k] != NULL) my_free(pat_list[k], 0);\
      |                                          ^~~~~~~ ~~~~~~~~~~~
main.c:1505:17: note: in expansion of macro ‘RETURN’
 1505 |                 RETURN(usage());
      |                 ^~~~~~
index/glimpse.h:219:12: note: declared here
  219 | extern int my_free();
      |            ^~~~~~~
main.c:1355:9: error: too many arguments to function ‘my_free’; expected 0, have 2
 1355 |         my_free(outname[0], 0);\
      |         ^~~~~~~ ~~~~~~~~~~
main.c:1505:17: note: in expansion of macro ‘RETURN’
 1505 |                 RETURN(usage());
      |                 ^~~~~~
index/glimpse.h:219:12: note: declared here
  219 | extern int my_free();
      |            ^~~~~~~
main.c:1356:9: error: too many arguments to function ‘my_free’; expected 0, have 2
 1356 |         my_free(outname, 0);\
      |         ^~~~~~~ ~~~~~~~
main.c:1505:17: note: in expansion of macro ‘RETURN’
 1505 |                 RETURN(usage());
      |                 ^~~~~~
index/glimpse.h:219:12: note: declared here
  219 | extern int my_free();
      |            ^~~~~~~
main.c:1357:9: error: too many arguments to function ‘my_free’; expected 0, have 2
 1357 |         my_free(TEMP_DIR, MAX_LINE_LEN);\
      |         ^~~~~~~ ~~~~~~~~
main.c:1505:17: note: in expansion of macro ‘RETURN’
 1505 |                 RETURN(usage());
      |                 ^~~~~~
index/glimpse.h:219:12: note: declared here
  219 | extern int my_free();
      |            ^~~~~~~
main.c:1358:9: error: too many arguments to function ‘my_free’; expected 0, have 2
 1358 |         my_free(filenames_file, MAX_LINE_LEN);\
      |         ^~~~~~~ ~~~~~~~~~~~~~~
main.c:1505:17: note: in expansion of macro ‘RETURN’
 1505 |                 RETURN(usage());
      |                 ^~~~~~
index/glimpse.h:219:12: note: declared here
  219 | extern int my_free();
      |            ^~~~~~~
main.c:1359:9: error: too many arguments to function ‘my_free’; expected 0, have 2
 1359 |         my_free(bitfield_file, MAX_LINE_LEN);\
      |         ^~~~~~~ ~~~~~~~~~~~~~
main.c:1505:17: note: in expansion of macro ‘RETURN’
 1505 |                 RETURN(usage());
      |                 ^~~~~~
index/glimpse.h:219:12: note: declared here
  219 | extern int my_free();
      |            ^~~~~~~
main.c:1363:25: error: too many arguments to function ‘free_list’; expected 0, have 1
 1363 |                         free_list(&src_offset_table[k]);\
      |                         ^~~~~~~~~ ~~~~~~~~~~~~~~~~~~~~
main.c:1505:17: note: in expansion of macro ‘RETURN’
 1505 |                 RETURN(usage());
      |                 ^~~~~~
main.c:204:8: note: declared here
  204 | extern free_list();
      |        ^~~~~~~~~
main.c:1368:25: error: too many arguments to function ‘free_list’; expected 0, have 1
 1368 |                         free_list(&multi_dest_offset_table[q][k]);\
      |                         ^~~~~~~~~ ~~~~~~~~~~~~~~~~~~~~~~~~~~~~~~
main.c:1505:17: note: in expansion of macro ‘RETURN’
 1505 |                 RETURN(usage());
      |                 ^~~~~~
main.c:204:8: note: declared here
  204 | extern free_list();
      |        ^~~~~~~~~
main.c:1377:17: error: too many arguments to function ‘my_free’; expected 0, have 2
 1377 |                 my_free(GTextfiles[k], 0);\
      |                 ^~~~~~~ ~~~~~~~~~~~~~
main.c:1505:17: note: in expansion of macro ‘RETURN’
 1505 |                 RETURN(usage());
      |                 ^~~~~~
index/glimpse.h:219:12: note: declared here
  219 | extern int my_free();
      |            ^~~~~~~
main.c:1507:42: error: too many arguments to function ‘my_malloc’; expected 0, have 1
 1507 |         agrep_argv[agrep_argc] = (char *)my_malloc(sizeof(char *));
      |                                          ^~~~~~~~~ ~~~~~~~~~~~~~~
index/glimpse.h:218:14: note: declared here
  218 | extern char *my_malloc();
      |              ^~~~~~~~~
main.c:1341:44: error: too many arguments to function ‘my_free’; expected 0, have 2
 1341 |                 if (agrep_argv[k] != NULL) my_free(agrep_argv[k], 0);\
      |                                            ^~~~~~~ ~~~~~~~~~~~~~
main.c:1517:17: note: in expansion of macro ‘RETURN’
 1517 |                 RETURN(usage());
      |                 ^~~~~~
index/glimpse.h:219:12: note: declared here
  219 | extern int my_free();
      |            ^~~~~~~
main.c:1342:44: error: too many arguments to function ‘my_free’; expected 0, have 2
 1342 |                 if (index_argv[k] != NULL) my_free(index_argv[k], 0);\
      |                                            ^~~~~~~ ~~~~~~~~~~~~~
main.c:1517:17: note: in expansion of macro ‘RETURN’
 1517 |                 RETURN(usage());
      |                 ^~~~~~
index/glimpse.h:219:12: note: declared here
  219 | extern int my_free();
      |            ^~~~~~~
main.c:1345:30: error: too many arguments to function ‘my_free’; expected 0, have 2
 1345 |         if (FileOpt != NULL) my_free(FileOpt, MAXFILEOPT);\
      |                              ^~~~~~~ ~~~~~~~
main.c:1517:17: note: in expansion of macro ‘RETURN’
 1517 |                 RETURN(usage());
      |                 ^~~~~~
index/glimpse.h:219:12: note: declared here
  219 | extern int my_free();
      |            ^~~~~~~
main.c:1348:42: error: too many arguments to function ‘my_free’; expected 0, have 2
 1348 |                 if (pat_list[k] != NULL) my_free(pat_list[k], 0);\
      |                                          ^~~~~~~ ~~~~~~~~~~~
main.c:1517:17: note: in expansion of macro ‘RETURN’
 1517 |                 RETURN(usage());
      |                 ^~~~~~
index/glimpse.h:219:12: note: declared here
  219 | extern int my_free();
      |            ^~~~~~~
main.c:1355:9: error: too many arguments to function ‘my_free’; expected 0, have 2
 1355 |         my_free(outname[0], 0);\
      |         ^~~~~~~ ~~~~~~~~~~
main.c:1517:17: note: in expansion of macro ‘RETURN’
 1517 |                 RETURN(usage());
      |                 ^~~~~~
index/glimpse.h:219:12: note: declared here
  219 | extern int my_free();
      |            ^~~~~~~
main.c:1356:9: error: too many arguments to function ‘my_free’; expected 0, have 2
 1356 |         my_free(outname, 0);\
      |         ^~~~~~~ ~~~~~~~
main.c:1517:17: note: in expansion of macro ‘RETURN’
 1517 |                 RETURN(usage());
      |                 ^~~~~~
index/glimpse.h:219:12: note: declared here
  219 | extern int my_free();
      |            ^~~~~~~
main.c:1357:9: error: too many arguments to function ‘my_free’; expected 0, have 2
 1357 |         my_free(TEMP_DIR, MAX_LINE_LEN);\
      |         ^~~~~~~ ~~~~~~~~
main.c:1517:17: note: in expansion of macro ‘RETURN’
 1517 |                 RETURN(usage());
      |                 ^~~~~~
index/glimpse.h:219:12: note: declared here
  219 | extern int my_free();
      |            ^~~~~~~
main.c:1358:9: error: too many arguments to function ‘my_free’; expected 0, have 2
 1358 |         my_free(filenames_file, MAX_LINE_LEN);\
      |         ^~~~~~~ ~~~~~~~~~~~~~~
main.c:1517:17: note: in expansion of macro ‘RETURN’
 1517 |                 RETURN(usage());
      |                 ^~~~~~
index/glimpse.h:219:12: note: declared here
  219 | extern int my_free();
      |            ^~~~~~~
main.c:1359:9: error: too many arguments to function ‘my_free’; expected 0, have 2
 1359 |         my_free(bitfield_file, MAX_LINE_LEN);\
      |         ^~~~~~~ ~~~~~~~~~~~~~
main.c:1517:17: note: in expansion of macro ‘RETURN’
 1517 |                 RETURN(usage());
      |                 ^~~~~~
index/glimpse.h:219:12: note: declared here
  219 | extern int my_free();
      |            ^~~~~~~
main.c:1363:25: error: too many arguments to function ‘free_list’; expected 0, have 1
 1363 |                         free_list(&src_offset_table[k]);\
      |                         ^~~~~~~~~ ~~~~~~~~~~~~~~~~~~~~
main.c:1517:17: note: in expansion of macro ‘RETURN’
 1517 |                 RETURN(usage());
      |                 ^~~~~~
main.c:204:8: note: declared here
  204 | extern free_list();
      |        ^~~~~~~~~
main.c:1368:25: error: too many arguments to function ‘free_list’; expected 0, have 1
 1368 |                         free_list(&multi_dest_offset_table[q][k]);\
      |                         ^~~~~~~~~ ~~~~~~~~~~~~~~~~~~~~~~~~~~~~~~
main.c:1517:17: note: in expansion of macro ‘RETURN’
 1517 |                 RETURN(usage());
      |                 ^~~~~~
main.c:204:8: note: declared here
  204 | extern free_list();
      |        ^~~~~~~~~
main.c:1377:17: error: too many arguments to function ‘my_free’; expected 0, have 2
 1377 |                 my_free(GTextfiles[k], 0);\
      |                 ^~~~~~~ ~~~~~~~~~~~~~
main.c:1517:17: note: in expansion of macro ‘RETURN’
 1517 |                 RETURN(usage());
      |                 ^~~~~~
index/glimpse.h:219:12: note: declared here
  219 | extern int my_free();
      |            ^~~~~~~
main.c:1519:42: error: too many arguments to function ‘my_malloc’; expected 0, have 1
 1519 |         agrep_argv[agrep_argc] = (char *)my_malloc(sizeof(char *));
      |                                          ^~~~~~~~~ ~~~~~~~~~~~~~~
index/glimpse.h:218:14: note: declared here
  218 | extern char *my_malloc();
      |              ^~~~~~~~~
main.c:1341:44: error: too many arguments to function ‘my_free’; expected 0, have 2
 1341 |                 if (agrep_argv[k] != NULL) my_free(agrep_argv[k], 0);\
      |                                            ^~~~~~~ ~~~~~~~~~~~~~
main.c:1529:17: note: in expansion of macro ‘RETURN’
 1529 |                 RETURN(usage());
      |                 ^~~~~~
index/glimpse.h:219:12: note: declared here
  219 | extern int my_free();
      |            ^~~~~~~
main.c:1342:44: error: too many arguments to function ‘my_free’; expected 0, have 2
 1342 |                 if (index_argv[k] != NULL) my_free(index_argv[k], 0);\
      |                                            ^~~~~~~ ~~~~~~~~~~~~~
main.c:1529:17: note: in expansion of macro ‘RETURN’
 1529 |                 RETURN(usage());
      |                 ^~~~~~
index/glimpse.h:219:12: note: declared here
  219 | extern int my_free();
      |            ^~~~~~~
main.c:1345:30: error: too many arguments to function ‘my_free’; expected 0, have 2
 1345 |         if (FileOpt != NULL) my_free(FileOpt, MAXFILEOPT);\
      |                              ^~~~~~~ ~~~~~~~
main.c:1529:17: note: in expansion of macro ‘RETURN’
 1529 |                 RETURN(usage());
      |                 ^~~~~~
index/glimpse.h:219:12: note: declared here
  219 | extern int my_free();
      |            ^~~~~~~
main.c:1348:42: error: too many arguments to function ‘my_free’; expected 0, have 2
 1348 |                 if (pat_list[k] != NULL) my_free(pat_list[k], 0);\
      |                                          ^~~~~~~ ~~~~~~~~~~~
main.c:1529:17: note: in expansion of macro ‘RETURN’
 1529 |                 RETURN(usage());
      |                 ^~~~~~
index/glimpse.h:219:12: note: declared here
  219 | extern int my_free();
      |            ^~~~~~~
main.c:1355:9: error: too many arguments to function ‘my_free’; expected 0, have 2
 1355 |         my_free(outname[0], 0);\
      |         ^~~~~~~ ~~~~~~~~~~
main.c:1529:17: note: in expansion of macro ‘RETURN’
 1529 |                 RETURN(usage());
      |                 ^~~~~~
index/glimpse.h:219:12: note: declared here
  219 | extern int my_free();
      |            ^~~~~~~
main.c:1356:9: error: too many arguments to function ‘my_free’; expected 0, have 2
 1356 |         my_free(outname, 0);\
      |         ^~~~~~~ ~~~~~~~
main.c:1529:17: note: in expansion of macro ‘RETURN’
 1529 |                 RETURN(usage());
      |                 ^~~~~~
index/glimpse.h:219:12: note: declared here
  219 | extern int my_free();
      |            ^~~~~~~
main.c:1357:9: error: too many arguments to function ‘my_free’; expected 0, have 2
 1357 |         my_free(TEMP_DIR, MAX_LINE_LEN);\
      |         ^~~~~~~ ~~~~~~~~
main.c:1529:17: note: in expansion of macro ‘RETURN’
 1529 |                 RETURN(usage());
      |                 ^~~~~~
index/glimpse.h:219:12: note: declared here
  219 | extern int my_free();
      |            ^~~~~~~
main.c:1358:9: error: too many arguments to function ‘my_free’; expected 0, have 2
 1358 |         my_free(filenames_file, MAX_LINE_LEN);\
      |         ^~~~~~~ ~~~~~~~~~~~~~~
main.c:1529:17: note: in expansion of macro ‘RETURN’
 1529 |                 RETURN(usage());
      |                 ^~~~~~
index/glimpse.h:219:12: note: declared here
  219 | extern int my_free();
      |            ^~~~~~~
main.c:1359:9: error: too many arguments to function ‘my_free’; expected 0, have 2
 1359 |         my_free(bitfield_file, MAX_LINE_LEN);\
      |         ^~~~~~~ ~~~~~~~~~~~~~
main.c:1529:17: note: in expansion of macro ‘RETURN’
 1529 |                 RETURN(usage());
      |                 ^~~~~~
index/glimpse.h:219:12: note: declared here
  219 | extern int my_free();
      |            ^~~~~~~
main.c:1363:25: error: too many arguments to function ‘free_list’; expected 0, have 1
 1363 |                         free_list(&src_offset_table[k]);\
      |                         ^~~~~~~~~ ~~~~~~~~~~~~~~~~~~~~
main.c:1529:17: note: in expansion of macro ‘RETURN’
 1529 |                 RETURN(usage());
      |                 ^~~~~~
main.c:204:8: note: declared here
  204 | extern free_list();
      |        ^~~~~~~~~
main.c:1368:25: error: too many arguments to function ‘free_list’; expected 0, have 1
 1368 |                         free_list(&multi_dest_offset_table[q][k]);\
      |                         ^~~~~~~~~ ~~~~~~~~~~~~~~~~~~~~~~~~~~~~~~
main.c:1529:17: note: in expansion of macro ‘RETURN’
 1529 |                 RETURN(usage());
      |                 ^~~~~~
main.c:204:8: note: declared here
  204 | extern free_list();
      |        ^~~~~~~~~
main.c:1377:17: error: too many arguments to function ‘my_free’; expected 0, have 2
 1377 |                 my_free(GTextfiles[k], 0);\
      |                 ^~~~~~~ ~~~~~~~~~~~~~
main.c:1529:17: note: in expansion of macro ‘RETURN’
 1529 |                 RETURN(usage());
      |                 ^~~~~~
index/glimpse.h:219:12: note: declared here
  219 | extern int my_free();
      |            ^~~~~~~
main.c:1531:42: error: too many arguments to function ‘my_malloc’; expected 0, have 1
 1531 |         agrep_argv[agrep_argc] = (char *)my_malloc(sizeof(char *));
      |                                          ^~~~~~~~~ ~~~~~~~~~~~~~~
index/glimpse.h:218:14: note: declared here
  218 | extern char *my_malloc();
      |              ^~~~~~~~~
main.c:1536:42: error: too many arguments to function ‘my_malloc’; expected 0, have 1
 1536 |         agrep_argv[agrep_argc] = (char *)my_malloc(2);  /* no op */
      |                                          ^~~~~~~~~ ~
index/glimpse.h:218:14: note: declared here
  218 | extern char *my_malloc();
      |              ^~~~~~~~~
main.c:1341:44: error: too many arguments to function ‘my_free’; expected 0, have 2
 1341 |                 if (agrep_argv[k] != NULL) my_free(agrep_argv[k], 0);\
      |                                            ^~~~~~~ ~~~~~~~~~~~~~
main.c:1543:17: note: in expansion of macro ‘RETURN’
 1543 |                 RETURN(usage());
      |                 ^~~~~~
index/glimpse.h:219:12: note: declared here
  219 | extern int my_free();
      |            ^~~~~~~
main.c:1342:44: error: too many arguments to function ‘my_free’; expected 0, have 2
 1342 |                 if (index_argv[k] != NULL) my_free(index_argv[k], 0);\
      |                                            ^~~~~~~ ~~~~~~~~~~~~~
main.c:1543:17: note: in expansion of macro ‘RETURN’
 1543 |                 RETURN(usage());
      |                 ^~~~~~
index/glimpse.h:219:12: note: declared here
  219 | extern int my_free();
      |            ^~~~~~~
main.c:1345:30: error: too many arguments to function ‘my_free’; expected 0, have 2
 1345 |         if (FileOpt != NULL) my_free(FileOpt, MAXFILEOPT);\
      |                              ^~~~~~~ ~~~~~~~
main.c:1543:17: note: in expansion of macro ‘RETURN’
 1543 |                 RETURN(usage());
      |                 ^~~~~~
index/glimpse.h:219:12: note: declared here
  219 | extern int my_free();
      |            ^~~~~~~
main.c:1348:42: error: too many arguments to function ‘my_free’; expected 0, have 2
 1348 |                 if (pat_list[k] != NULL) my_free(pat_list[k], 0);\
      |                                          ^~~~~~~ ~~~~~~~~~~~
main.c:1543:17: note: in expansion of macro ‘RETURN’
 1543 |                 RETURN(usage());
      |                 ^~~~~~
index/glimpse.h:219:12: note: declared here
  219 | extern int my_free();
      |            ^~~~~~~
main.c:1355:9: error: too many arguments to function ‘my_free’; expected 0, have 2
 1355 |         my_free(outname[0], 0);\
      |         ^~~~~~~ ~~~~~~~~~~
main.c:1543:17: note: in expansion of macro ‘RETURN’
 1543 |                 RETURN(usage());
      |                 ^~~~~~
index/glimpse.h:219:12: note: declared here
  219 | extern int my_free();
      |            ^~~~~~~
main.c:1356:9: error: too many arguments to function ‘my_free’; expected 0, have 2
 1356 |         my_free(outname, 0);\
      |         ^~~~~~~ ~~~~~~~
main.c:1543:17: note: in expansion of macro ‘RETURN’
 1543 |                 RETURN(usage());
      |                 ^~~~~~
index/glimpse.h:219:12: note: declared here
  219 | extern int my_free();
      |            ^~~~~~~
main.c:1357:9: error: too many arguments to function ‘my_free’; expected 0, have 2
 1357 |         my_free(TEMP_DIR, MAX_LINE_LEN);\
      |         ^~~~~~~ ~~~~~~~~
main.c:1543:17: note: in expansion of macro ‘RETURN’
 1543 |                 RETURN(usage());
      |                 ^~~~~~
index/glimpse.h:219:12: note: declared here
  219 | extern int my_free();
      |            ^~~~~~~
main.c:1358:9: error: too many arguments to function ‘my_free’; expected 0, have 2
 1358 |         my_free(filenames_file, MAX_LINE_LEN);\
      |         ^~~~~~~ ~~~~~~~~~~~~~~
main.c:1543:17: note: in expansion of macro ‘RETURN’
 1543 |                 RETURN(usage());
      |                 ^~~~~~
index/glimpse.h:219:12: note: declared here
  219 | extern int my_free();
      |            ^~~~~~~
main.c:1359:9: error: too many arguments to function ‘my_free’; expected 0, have 2
 1359 |         my_free(bitfield_file, MAX_LINE_LEN);\
      |         ^~~~~~~ ~~~~~~~~~~~~~
main.c:1543:17: note: in expansion of macro ‘RETURN’
 1543 |                 RETURN(usage());
      |                 ^~~~~~
index/glimpse.h:219:12: note: declared here
  219 | extern int my_free();
      |            ^~~~~~~
main.c:1363:25: error: too many arguments to function ‘free_list’; expected 0, have 1
 1363 |                         free_list(&src_offset_table[k]);\
      |                         ^~~~~~~~~ ~~~~~~~~~~~~~~~~~~~~
main.c:1543:17: note: in expansion of macro ‘RETURN’
 1543 |                 RETURN(usage());
      |                 ^~~~~~
main.c:204:8: note: declared here
  204 | extern free_list();
      |        ^~~~~~~~~
main.c:1368:25: error: too many arguments to function ‘free_list’; expected 0, have 1
 1368 |                         free_list(&multi_dest_offset_table[q][k]);\
      |                         ^~~~~~~~~ ~~~~~~~~~~~~~~~~~~~~~~~~~~~~~~
main.c:1543:17: note: in expansion of macro ‘RETURN’
 1543 |                 RETURN(usage());
      |                 ^~~~~~
main.c:204:8: note: declared here
  204 | extern free_list();
      |        ^~~~~~~~~
main.c:1377:17: error: too many arguments to function ‘my_free’; expected 0, have 2
 1377 |                 my_free(GTextfiles[k], 0);\
      |                 ^~~~~~~ ~~~~~~~~~~~~~
main.c:1543:17: note: in expansion of macro ‘RETURN’
 1543 |                 RETURN(usage());
      |                 ^~~~~~
index/glimpse.h:219:12: note: declared here
  219 | extern int my_free();
      |            ^~~~~~~
main.c:1545:42: error: too many arguments to function ‘my_malloc’; expected 0, have 1
 1545 |         agrep_argv[agrep_argc] = (char *)my_malloc(sizeof(char *));
      |                                          ^~~~~~~~~ ~~~~~~~~~~~~~~
index/glimpse.h:218:14: note: declared here
  218 | extern char *my_malloc();
      |              ^~~~~~~~~
main.c:1561:51: error: too many arguments to function ‘my_malloc’; expected 0, have 1
 1561 |                                 FileOpt = (CHAR *)my_malloc(MAXFILEOPT);
      |                                                   ^~~~~~~~~
index/glimpse.h:218:14: note: declared here
  218 | extern char *my_malloc();
      |              ^~~~~~~~~
main.c:1341:44: error: too many arguments to function ‘my_free’; expected 0, have 2
 1341 |                 if (agrep_argv[k] != NULL) my_free(agrep_argv[k], 0);\
      |                                            ^~~~~~~ ~~~~~~~~~~~~~
main.c:1565:49: note: in expansion of macro ‘RETURN’
 1565 |                                                 RETURN(usage());
      |                                                 ^~~~~~
index/glimpse.h:219:12: note: declared here
  219 | extern int my_free();
      |            ^~~~~~~
main.c:1342:44: error: too many arguments to function ‘my_free’; expected 0, have 2
 1342 |                 if (index_argv[k] != NULL) my_free(index_argv[k], 0);\
      |                                            ^~~~~~~ ~~~~~~~~~~~~~
main.c:1565:49: note: in expansion of macro ‘RETURN’
 1565 |                                                 RETURN(usage());
      |                                                 ^~~~~~
index/glimpse.h:219:12: note: declared here
  219 | extern int my_free();
      |            ^~~~~~~
main.c:1345:30: error: too many arguments to function ‘my_free’; expected 0, have 2
 1345 |         if (FileOpt != NULL) my_free(FileOpt, MAXFILEOPT);\
      |                              ^~~~~~~ ~~~~~~~
main.c:1565:49: note: in expansion of macro ‘RETURN’
 1565 |                                                 RETURN(usage());
      |                                                 ^~~~~~
index/glimpse.h:219:12: note: declared here
  219 | extern int my_free();
      |            ^~~~~~~
main.c:1348:42: error: too many arguments to function ‘my_free’; expected 0, have 2
 1348 |                 if (pat_list[k] != NULL) my_free(pat_list[k], 0);\
      |                                          ^~~~~~~ ~~~~~~~~~~~
main.c:1565:49: note: in expansion of macro ‘RETURN’
 1565 |                                                 RETURN(usage());
      |                                                 ^~~~~~
index/glimpse.h:219:12: note: declared here
  219 | extern int my_free();
      |            ^~~~~~~
main.c:1355:9: error: too many arguments to function ‘my_free’; expected 0, have 2
 1355 |         my_free(outname[0], 0);\
      |         ^~~~~~~ ~~~~~~~~~~
main.c:1565:49: note: in expansion of macro ‘RETURN’
 1565 |                                                 RETURN(usage());
      |                                                 ^~~~~~
index/glimpse.h:219:12: note: declared here
  219 | extern int my_free();
      |            ^~~~~~~
main.c:1356:9: error: too many arguments to function ‘my_free’; expected 0, have 2
 1356 |         my_free(outname, 0);\
      |         ^~~~~~~ ~~~~~~~
main.c:1565:49: note: in expansion of macro ‘RETURN’
 1565 |                                                 RETURN(usage());
      |                                                 ^~~~~~
index/glimpse.h:219:12: note: declared here
  219 | extern int my_free();
      |            ^~~~~~~
main.c:1357:9: error: too many arguments to function ‘my_free’; expected 0, have 2
 1357 |         my_free(TEMP_DIR, MAX_LINE_LEN);\
      |         ^~~~~~~ ~~~~~~~~
main.c:1565:49: note: in expansion of macro ‘RETURN’
 1565 |                                                 RETURN(usage());
      |                                                 ^~~~~~
index/glimpse.h:219:12: note: declared here
  219 | extern int my_free();
      |            ^~~~~~~
main.c:1358:9: error: too many arguments to function ‘my_free’; expected 0, have 2
 1358 |         my_free(filenames_file, MAX_LINE_LEN);\
      |         ^~~~~~~ ~~~~~~~~~~~~~~
main.c:1565:49: note: in expansion of macro ‘RETURN’
 1565 |                                                 RETURN(usage());
      |                                                 ^~~~~~
index/glimpse.h:219:12: note: declared here
  219 | extern int my_free();
      |            ^~~~~~~
main.c:1359:9: error: too many arguments to function ‘my_free’; expected 0, have 2
 1359 |         my_free(bitfield_file, MAX_LINE_LEN);\
      |         ^~~~~~~ ~~~~~~~~~~~~~
main.c:1565:49: note: in expansion of macro ‘RETURN’
 1565 |                                                 RETURN(usage());
      |                                                 ^~~~~~
index/glimpse.h:219:12: note: declared here
  219 | extern int my_free();
      |            ^~~~~~~
main.c:1363:25: error: too many arguments to function ‘free_list’; expected 0, have 1
 1363 |                         free_list(&src_offset_table[k]);\
      |                         ^~~~~~~~~ ~~~~~~~~~~~~~~~~~~~~
main.c:1565:49: note: in expansion of macro ‘RETURN’
 1565 |                                                 RETURN(usage());
      |                                                 ^~~~~~
main.c:204:8: note: declared here
  204 | extern free_list();
      |        ^~~~~~~~~
main.c:1368:25: error: too many arguments to function ‘free_list’; expected 0, have 1
 1368 |                         free_list(&multi_dest_offset_table[q][k]);\
      |                         ^~~~~~~~~ ~~~~~~~~~~~~~~~~~~~~~~~~~~~~~~
main.c:1565:49: note: in expansion of macro ‘RETURN’
 1565 |                                                 RETURN(usage());
      |                                                 ^~~~~~
main.c:204:8: note: declared here
  204 | extern free_list();
      |        ^~~~~~~~~
main.c:1377:17: error: too many arguments to function ‘my_free’; expected 0, have 2
 1377 |                 my_free(GTextfiles[k], 0);\
      |                 ^~~~~~~ ~~~~~~~~~~~~~
main.c:1565:49: note: in expansion of macro ‘RETURN’
 1565 |                                                 RETURN(usage());
      |                                                 ^~~~~~
index/glimpse.h:219:12: note: declared here
  219 | extern int my_free();
      |            ^~~~~~~
main.c:1341:44: error: too many arguments to function ‘my_free’; expected 0, have 2
 1341 |                 if (agrep_argv[k] != NULL) my_free(agrep_argv[k], 0);\
      |                                            ^~~~~~~ ~~~~~~~~~~~~~
main.c:1570:49: note: in expansion of macro ‘RETURN’
 1570 |                                                 RETURN(usage());
      |                                                 ^~~~~~
index/glimpse.h:219:12: note: declared here
  219 | extern int my_free();
      |            ^~~~~~~
main.c:1342:44: error: too many arguments to function ‘my_free’; expected 0, have 2
 1342 |                 if (index_argv[k] != NULL) my_free(index_argv[k], 0);\
      |                                            ^~~~~~~ ~~~~~~~~~~~~~
main.c:1570:49: note: in expansion of macro ‘RETURN’
 1570 |                                                 RETURN(usage());
      |                                                 ^~~~~~
index/glimpse.h:219:12: note: declared here
  219 | extern int my_free();
      |            ^~~~~~~
main.c:1345:30: error: too many arguments to function ‘my_free’; expected 0, have 2
 1345 |         if (FileOpt != NULL) my_free(FileOpt, MAXFILEOPT);\
      |                              ^~~~~~~ ~~~~~~~
main.c:1570:49: note: in expansion of macro ‘RETURN’
 1570 |                                                 RETURN(usage());
      |                                                 ^~~~~~
index/glimpse.h:219:12: note: declared here
  219 | extern int my_free();
      |            ^~~~~~~
main.c:1348:42: error: too many arguments to function ‘my_free’; expected 0, have 2
 1348 |                 if (pat_list[k] != NULL) my_free(pat_list[k], 0);\
      |                                          ^~~~~~~ ~~~~~~~~~~~
main.c:1570:49: note: in expansion of macro ‘RETURN’
 1570 |                                                 RETURN(usage());
      |                                                 ^~~~~~
index/glimpse.h:219:12: note: declared here
  219 | extern int my_free();
      |            ^~~~~~~
main.c:1355:9: error: too many arguments to function ‘my_free’; expected 0, have 2
 1355 |         my_free(outname[0], 0);\
      |         ^~~~~~~ ~~~~~~~~~~
main.c:1570:49: note: in expansion of macro ‘RETURN’
 1570 |                                                 RETURN(usage());
      |                                                 ^~~~~~
index/glimpse.h:219:12: note: declared here
  219 | extern int my_free();
      |            ^~~~~~~
main.c:1356:9: error: too many arguments to function ‘my_free’; expected 0, have 2
 1356 |         my_free(outname, 0);\
      |         ^~~~~~~ ~~~~~~~
main.c:1570:49: note: in expansion of macro ‘RETURN’
 1570 |                                                 RETURN(usage());
      |                                                 ^~~~~~
index/glimpse.h:219:12: note: declared here
  219 | extern int my_free();
      |            ^~~~~~~
main.c:1357:9: error: too many arguments to function ‘my_free’; expected 0, have 2
 1357 |         my_free(TEMP_DIR, MAX_LINE_LEN);\
      |         ^~~~~~~ ~~~~~~~~
main.c:1570:49: note: in expansion of macro ‘RETURN’
 1570 |                                                 RETURN(usage());
      |                                                 ^~~~~~
index/glimpse.h:219:12: note: declared here
  219 | extern int my_free();
      |            ^~~~~~~
main.c:1358:9: error: too many arguments to function ‘my_free’; expected 0, have 2
 1358 |         my_free(filenames_file, MAX_LINE_LEN);\
      |         ^~~~~~~ ~~~~~~~~~~~~~~
main.c:1570:49: note: in expansion of macro ‘RETURN’
 1570 |                                                 RETURN(usage());
      |                                                 ^~~~~~
index/glimpse.h:219:12: note: declared here
  219 | extern int my_free();
      |            ^~~~~~~
main.c:1359:9: error: too many arguments to function ‘my_free’; expected 0, have 2
 1359 |         my_free(bitfield_file, MAX_LINE_LEN);\
      |         ^~~~~~~ ~~~~~~~~~~~~~
main.c:1570:49: note: in expansion of macro ‘RETURN’
 1570 |                                                 RETURN(usage());
      |                                                 ^~~~~~
index/glimpse.h:219:12: note: declared here
  219 | extern int my_free();
      |            ^~~~~~~
main.c:1363:25: error: too many arguments to function ‘free_list’; expected 0, have 1
 1363 |                         free_list(&src_offset_table[k]);\
      |                         ^~~~~~~~~ ~~~~~~~~~~~~~~~~~~~~
main.c:1570:49: note: in expansion of macro ‘RETURN’
 1570 |                                                 RETURN(usage());
      |                                                 ^~~~~~
main.c:204:8: note: declared here
  204 | extern free_list();
      |        ^~~~~~~~~
main.c:1368:25: error: too many arguments to function ‘free_list’; expected 0, have 1
 1368 |                         free_list(&multi_dest_offset_table[q][k]);\
      |                         ^~~~~~~~~ ~~~~~~~~~~~~~~~~~~~~~~~~~~~~~~
main.c:1570:49: note: in expansion of macro ‘RETURN’
 1570 |                                                 RETURN(usage());
      |                                                 ^~~~~~
main.c:204:8: note: declared here
  204 | extern free_list();
      |        ^~~~~~~~~
main.c:1377:17: error: too many arguments to function ‘my_free’; expected 0, have 2
 1377 |                 my_free(GTextfiles[k], 0);\
      |                 ^~~~~~~ ~~~~~~~~~~~~~
main.c:1570:49: note: in expansion of macro ‘RETURN’
 1570 |                                                 RETURN(usage());
      |                                                 ^~~~~~
index/glimpse.h:219:12: note: declared here
  219 | extern int my_free();
      |            ^~~~~~~
main.c:1572:48: warning: pointer targets in passing argument 1 of ‘strcpy’ differ in signedness [-Wpointer-sign]
 1572 |                                         strcpy(FileOpt, argv[0]);
      |                                                ^~~~~~~
      |                                                |
      |                                                unsigned char *
/usr/include/bits/string_fortified.h:77:16: note: expected ‘char *’ but argument is of type ‘unsigned char *’
   77 | __NTH (strcpy (__fortify_clang_overload_arg (char *, __restrict, __dest),
      |                ^~~~~~~~~~~~~~~~~~~~~~~~~~~~
main.c:1341:44: error: too many arguments to function ‘my_free’; expected 0, have 2
 1341 |                 if (agrep_argv[k] != NULL) my_free(agrep_argv[k], 0);\
      |                                            ^~~~~~~ ~~~~~~~~~~~~~
main.c:1577:49: note: in expansion of macro ‘RETURN’
 1577 |                                                 RETURN(usage());
      |                                                 ^~~~~~
index/glimpse.h:219:12: note: declared here
  219 | extern int my_free();
      |            ^~~~~~~
main.c:1342:44: error: too many arguments to function ‘my_free’; expected 0, have 2
 1342 |                 if (index_argv[k] != NULL) my_free(index_argv[k], 0);\
      |                                            ^~~~~~~ ~~~~~~~~~~~~~
main.c:1577:49: note: in expansion of macro ‘RETURN’
 1577 |                                                 RETURN(usage());
      |                                                 ^~~~~~
index/glimpse.h:219:12: note: declared here
  219 | extern int my_free();
      |            ^~~~~~~
main.c:1345:30: error: too many arguments to function ‘my_free’; expected 0, have 2
 1345 |         if (FileOpt != NULL) my_free(FileOpt, MAXFILEOPT);\
      |                              ^~~~~~~ ~~~~~~~
main.c:1577:49: note: in expansion of macro ‘RETURN’
 1577 |                                                 RETURN(usage());
      |                                                 ^~~~~~
index/glimpse.h:219:12: note: declared here
  219 | extern int my_free();
      |            ^~~~~~~
main.c:1348:42: error: too many arguments to function ‘my_free’; expected 0, have 2
 1348 |                 if (pat_list[k] != NULL) my_free(pat_list[k], 0);\
      |                                          ^~~~~~~ ~~~~~~~~~~~
main.c:1577:49: note: in expansion of macro ‘RETURN’
 1577 |                                                 RETURN(usage());
      |                                                 ^~~~~~
index/glimpse.h:219:12: note: declared here
  219 | extern int my_free();
      |            ^~~~~~~
main.c:1355:9: error: too many arguments to function ‘my_free’; expected 0, have 2
 1355 |         my_free(outname[0], 0);\
      |         ^~~~~~~ ~~~~~~~~~~
main.c:1577:49: note: in expansion of macro ‘RETURN’
 1577 |                                                 RETURN(usage());
      |                                                 ^~~~~~
index/glimpse.h:219:12: note: declared here
  219 | extern int my_free();
      |            ^~~~~~~
main.c:1356:9: error: too many arguments to function ‘my_free’; expected 0, have 2
 1356 |         my_free(outname, 0);\
      |         ^~~~~~~ ~~~~~~~
main.c:1577:49: note: in expansion of macro ‘RETURN’
 1577 |                                                 RETURN(usage());
      |                                                 ^~~~~~
index/glimpse.h:219:12: note: declared here
  219 | extern int my_free();
      |            ^~~~~~~
main.c:1357:9: error: too many arguments to function ‘my_free’; expected 0, have 2
 1357 |         my_free(TEMP_DIR, MAX_LINE_LEN);\
      |         ^~~~~~~ ~~~~~~~~
main.c:1577:49: note: in expansion of macro ‘RETURN’
 1577 |                                                 RETURN(usage());
      |                                                 ^~~~~~
index/glimpse.h:219:12: note: declared here
  219 | extern int my_free();
      |            ^~~~~~~
main.c:1358:9: error: too many arguments to function ‘my_free’; expected 0, have 2
 1358 |         my_free(filenames_file, MAX_LINE_LEN);\
      |         ^~~~~~~ ~~~~~~~~~~~~~~
main.c:1577:49: note: in expansion of macro ‘RETURN’
 1577 |                                                 RETURN(usage());
      |                                                 ^~~~~~
index/glimpse.h:219:12: note: declared here
  219 | extern int my_free();
      |            ^~~~~~~
main.c:1359:9: error: too many arguments to function ‘my_free’; expected 0, have 2
 1359 |         my_free(bitfield_file, MAX_LINE_LEN);\
      |         ^~~~~~~ ~~~~~~~~~~~~~
main.c:1577:49: note: in expansion of macro ‘RETURN’
 1577 |                                                 RETURN(usage());
      |                                                 ^~~~~~
index/glimpse.h:219:12: note: declared here
  219 | extern int my_free();
      |            ^~~~~~~
main.c:1363:25: error: too many arguments to function ‘free_list’; expected 0, have 1
 1363 |                         free_list(&src_offset_table[k]);\
      |                         ^~~~~~~~~ ~~~~~~~~~~~~~~~~~~~~
main.c:1577:49: note: in expansion of macro ‘RETURN’
 1577 |                                                 RETURN(usage());
      |                                                 ^~~~~~
main.c:204:8: note: declared here
  204 | extern free_list();
      |        ^~~~~~~~~
main.c:1368:25: error: too many arguments to function ‘free_list’; expected 0, have 1
 1368 |                         free_list(&multi_dest_offset_table[q][k]);\
      |                         ^~~~~~~~~ ~~~~~~~~~~~~~~~~~~~~~~~~~~~~~~
main.c:1577:49: note: in expansion of macro ‘RETURN’
 1577 |                                                 RETURN(usage());
      |                                                 ^~~~~~
main.c:204:8: note: declared here
  204 | extern free_list();
      |        ^~~~~~~~~
main.c:1377:17: error: too many arguments to function ‘my_free’; expected 0, have 2
 1377 |                 my_free(GTextfiles[k], 0);\
      |                 ^~~~~~~ ~~~~~~~~~~~~~
main.c:1577:49: note: in expansion of macro ‘RETURN’
 1577 |                                                 RETURN(usage());
      |                                                 ^~~~~~
index/glimpse.h:219:12: note: declared here
  219 | extern int my_free();
      |            ^~~~~~~
main.c:1579:48: warning: pointer targets in passing argument 1 of ‘strcpy’ differ in signedness [-Wpointer-sign]
 1579 |                                         strcpy(FileOpt, p+1);
      |                                                ^~~~~~~
      |                                                |
      |                                                unsigned char *
/usr/include/bits/string_fortified.h:77:16: note: expected ‘char *’ but argument is of type ‘unsigned char *’
   77 | __NTH (strcpy (__fortify_clang_overload_arg (char *, __restrict, __dest),
      |                ^~~~~~~~~~~~~~~~~~~~~~~~~~~~
main.c:1341:44: error: too many arguments to function ‘my_free’; expected 0, have 2
 1341 |                 if (agrep_argv[k] != NULL) my_free(agrep_argv[k], 0);\
      |                                            ^~~~~~~ ~~~~~~~~~~~~~
main.c:1607:49: note: in expansion of macro ‘RETURN’
 1607 |                                                 RETURN(usage());
      |                                                 ^~~~~~
index/glimpse.h:219:12: note: declared here
  219 | extern int my_free();
      |            ^~~~~~~
main.c:1342:44: error: too many arguments to function ‘my_free’; expected 0, have 2
 1342 |                 if (index_argv[k] != NULL) my_free(index_argv[k], 0);\
      |                                            ^~~~~~~ ~~~~~~~~~~~~~
main.c:1607:49: note: in expansion of macro ‘RETURN’
 1607 |                                                 RETURN(usage());
      |                                                 ^~~~~~
index/glimpse.h:219:12: note: declared here
  219 | extern int my_free();
      |            ^~~~~~~
main.c:1345:30: error: too many arguments to function ‘my_free’; expected 0, have 2
 1345 |         if (FileOpt != NULL) my_free(FileOpt, MAXFILEOPT);\
      |                              ^~~~~~~ ~~~~~~~
main.c:1607:49: note: in expansion of macro ‘RETURN’
 1607 |                                                 RETURN(usage());
      |                                                 ^~~~~~
index/glimpse.h:219:12: note: declared here
  219 | extern int my_free();
      |            ^~~~~~~
main.c:1348:42: error: too many arguments to function ‘my_free’; expected 0, have 2
 1348 |                 if (pat_list[k] != NULL) my_free(pat_list[k], 0);\
      |                                          ^~~~~~~ ~~~~~~~~~~~
main.c:1607:49: note: in expansion of macro ‘RETURN’
 1607 |                                                 RETURN(usage());
      |                                                 ^~~~~~
index/glimpse.h:219:12: note: declared here
  219 | extern int my_free();
      |            ^~~~~~~
main.c:1355:9: error: too many arguments to function ‘my_free’; expected 0, have 2
 1355 |         my_free(outname[0], 0);\
      |         ^~~~~~~ ~~~~~~~~~~
main.c:1607:49: note: in expansion of macro ‘RETURN’
 1607 |                                                 RETURN(usage());
      |                                                 ^~~~~~
index/glimpse.h:219:12: note: declared here
  219 | extern int my_free();
      |            ^~~~~~~
main.c:1356:9: error: too many arguments to function ‘my_free’; expected 0, have 2
 1356 |         my_free(outname, 0);\
      |         ^~~~~~~ ~~~~~~~
main.c:1607:49: note: in expansion of macro ‘RETURN’
 1607 |                                                 RETURN(usage());
      |                                                 ^~~~~~
index/glimpse.h:219:12: note: declared here
  219 | extern int my_free();
      |            ^~~~~~~
main.c:1357:9: error: too many arguments to function ‘my_free’; expected 0, have 2
 1357 |         my_free(TEMP_DIR, MAX_LINE_LEN);\
      |         ^~~~~~~ ~~~~~~~~
main.c:1607:49: note: in expansion of macro ‘RETURN’
 1607 |                                                 RETURN(usage());
      |                                                 ^~~~~~
index/glimpse.h:219:12: note: declared here
  219 | extern int my_free();
      |            ^~~~~~~
main.c:1358:9: error: too many arguments to function ‘my_free’; expected 0, have 2
 1358 |         my_free(filenames_file, MAX_LINE_LEN);\
      |         ^~~~~~~ ~~~~~~~~~~~~~~
main.c:1607:49: note: in expansion of macro ‘RETURN’
 1607 |                                                 RETURN(usage());
      |                                                 ^~~~~~
index/glimpse.h:219:12: note: declared here
  219 | extern int my_free();
      |            ^~~~~~~
main.c:1359:9: error: too many arguments to function ‘my_free’; expected 0, have 2
 1359 |         my_free(bitfield_file, MAX_LINE_LEN);\
      |         ^~~~~~~ ~~~~~~~~~~~~~
main.c:1607:49: note: in expansion of macro ‘RETURN’
 1607 |                                                 RETURN(usage());
      |                                                 ^~~~~~
index/glimpse.h:219:12: note: declared here
  219 | extern int my_free();
      |            ^~~~~~~
main.c:1363:25: error: too many arguments to function ‘free_list’; expected 0, have 1
 1363 |                         free_list(&src_offset_table[k]);\
      |                         ^~~~~~~~~ ~~~~~~~~~~~~~~~~~~~~
main.c:1607:49: note: in expansion of macro ‘RETURN’
 1607 |                                                 RETURN(usage());
      |                                                 ^~~~~~
main.c:204:8: note: declared here
  204 | extern free_list();
      |        ^~~~~~~~~
main.c:1368:25: error: too many arguments to function ‘free_list’; expected 0, have 1
 1368 |                         free_list(&multi_dest_offset_table[q][k]);\
      |                         ^~~~~~~~~ ~~~~~~~~~~~~~~~~~~~~~~~~~~~~~~
main.c:1607:49: note: in expansion of macro ‘RETURN’
 1607 |                                                 RETURN(usage());
      |                                                 ^~~~~~
main.c:204:8: note: declared here
  204 | extern free_list();
      |        ^~~~~~~~~
main.c:1377:17: error: too many arguments to function ‘my_free’; expected 0, have 2
 1377 |                 my_free(GTextfiles[k], 0);\
      |                 ^~~~~~~ ~~~~~~~~~~~~~
main.c:1607:49: note: in expansion of macro ‘RETURN’
 1607 |                                                 RETURN(usage());
      |                                                 ^~~~~~
index/glimpse.h:219:12: note: declared here
  219 | extern int my_free();
      |            ^~~~~~~
main.c:1619:66: error: too many arguments to function ‘my_malloc’; expected 0, have 1
 1619 |                                 agrep_argv[agrep_argc] = (char *)my_malloc(4);
      |                                                                  ^~~~~~~~~ ~
index/glimpse.h:218:14: note: declared here
  218 | extern char *my_malloc();
      |              ^~~~~~~~~
main.c:1622:66: error: too many arguments to function ‘my_malloc’; expected 0, have 1
 1622 |                                 agrep_argv[agrep_argc] = (char *)my_malloc(strlen(indexdir) + 2);
      |                                                                  ^~~~~~~~~ ~~~~~~~~~~~~~~~~~~~~
index/glimpse.h:218:14: note: declared here
  218 | extern char *my_malloc();
      |              ^~~~~~~~~
main.c:1341:44: error: too many arguments to function ‘my_free’; expected 0, have 2
 1341 |                 if (agrep_argv[k] != NULL) my_free(agrep_argv[k], 0);\
      |                                            ^~~~~~~ ~~~~~~~~~~~~~
main.c:1671:49: note: in expansion of macro ‘RETURN’
 1671 |                                                 RETURN(usage());
      |                                                 ^~~~~~
index/glimpse.h:219:12: note: declared here
  219 | extern int my_free();
      |            ^~~~~~~
main.c:1342:44: error: too many arguments to function ‘my_free’; expected 0, have 2
 1342 |                 if (index_argv[k] != NULL) my_free(index_argv[k], 0);\
      |                                            ^~~~~~~ ~~~~~~~~~~~~~
main.c:1671:49: note: in expansion of macro ‘RETURN’
 1671 |                                                 RETURN(usage());
      |                                                 ^~~~~~
index/glimpse.h:219:12: note: declared here
  219 | extern int my_free();
      |            ^~~~~~~
main.c:1345:30: error: too many arguments to function ‘my_free’; expected 0, have 2
 1345 |         if (FileOpt != NULL) my_free(FileOpt, MAXFILEOPT);\
      |                              ^~~~~~~ ~~~~~~~
main.c:1671:49: note: in expansion of macro ‘RETURN’
 1671 |                                                 RETURN(usage());
      |                                                 ^~~~~~
index/glimpse.h:219:12: note: declared here
  219 | extern int my_free();
      |            ^~~~~~~
main.c:1348:42: error: too many arguments to function ‘my_free’; expected 0, have 2
 1348 |                 if (pat_list[k] != NULL) my_free(pat_list[k], 0);\
      |                                          ^~~~~~~ ~~~~~~~~~~~
main.c:1671:49: note: in expansion of macro ‘RETURN’
 1671 |                                                 RETURN(usage());
      |                                                 ^~~~~~
index/glimpse.h:219:12: note: declared here
  219 | extern int my_free();
      |            ^~~~~~~
main.c:1355:9: error: too many arguments to function ‘my_free’; expected 0, have 2
 1355 |         my_free(outname[0], 0);\
      |         ^~~~~~~ ~~~~~~~~~~
main.c:1671:49: note: in expansion of macro ‘RETURN’
 1671 |                                                 RETURN(usage());
      |                                                 ^~~~~~
index/glimpse.h:219:12: note: declared here
  219 | extern int my_free();
      |            ^~~~~~~
main.c:1356:9: error: too many arguments to function ‘my_free’; expected 0, have 2
 1356 |         my_free(outname, 0);\
      |         ^~~~~~~ ~~~~~~~
main.c:1671:49: note: in expansion of macro ‘RETURN’
 1671 |                                                 RETURN(usage());
      |                                                 ^~~~~~
index/glimpse.h:219:12: note: declared here
  219 | extern int my_free();
      |            ^~~~~~~
main.c:1357:9: error: too many arguments to function ‘my_free’; expected 0, have 2
 1357 |         my_free(TEMP_DIR, MAX_LINE_LEN);\
      |         ^~~~~~~ ~~~~~~~~
main.c:1671:49: note: in expansion of macro ‘RETURN’
 1671 |                                                 RETURN(usage());
      |                                                 ^~~~~~
index/glimpse.h:219:12: note: declared here
  219 | extern int my_free();
      |            ^~~~~~~
main.c:1358:9: error: too many arguments to function ‘my_free’; expected 0, have 2
 1358 |         my_free(filenames_file, MAX_LINE_LEN);\
      |         ^~~~~~~ ~~~~~~~~~~~~~~
main.c:1671:49: note: in expansion of macro ‘RETURN’
 1671 |                                                 RETURN(usage());
      |                                                 ^~~~~~
index/glimpse.h:219:12: note: declared here
  219 | extern int my_free();
      |            ^~~~~~~
main.c:1359:9: error: too many arguments to function ‘my_free’; expected 0, have 2
 1359 |         my_free(bitfield_file, MAX_LINE_LEN);\
      |         ^~~~~~~ ~~~~~~~~~~~~~
main.c:1671:49: note: in expansion of macro ‘RETURN’
 1671 |                                                 RETURN(usage());
      |                                                 ^~~~~~
index/glimpse.h:219:12: note: declared here
  219 | extern int my_free();
      |            ^~~~~~~
main.c:1363:25: error: too many arguments to function ‘free_list’; expected 0, have 1
 1363 |                         free_list(&src_offset_table[k]);\
      |                         ^~~~~~~~~ ~~~~~~~~~~~~~~~~~~~~
main.c:1671:49: note: in expansion of macro ‘RETURN’
 1671 |                                                 RETURN(usage());
      |                                                 ^~~~~~
main.c:204:8: note: declared here
  204 | extern free_list();
      |        ^~~~~~~~~
main.c:1368:25: error: too many arguments to function ‘free_list’; expected 0, have 1
 1368 |                         free_list(&multi_dest_offset_table[q][k]);\
      |                         ^~~~~~~~~ ~~~~~~~~~~~~~~~~~~~~~~~~~~~~~~
main.c:1671:49: note: in expansion of macro ‘RETURN’
 1671 |                                                 RETURN(usage());
      |                                                 ^~~~~~
main.c:204:8: note: declared here
  204 | extern free_list();
      |        ^~~~~~~~~
main.c:1377:17: error: too many arguments to function ‘my_free’; expected 0, have 2
 1377 |                 my_free(GTextfiles[k], 0);\
      |                 ^~~~~~~ ~~~~~~~~~~~~~
main.c:1671:49: note: in expansion of macro ‘RETURN’
 1671 |                                                 RETURN(usage());
      |                                                 ^~~~~~
index/glimpse.h:219:12: note: declared here
  219 | extern int my_free();
      |            ^~~~~~~
main.c:1341:44: error: too many arguments to function ‘my_free’; expected 0, have 2
 1341 |                 if (agrep_argv[k] != NULL) my_free(agrep_argv[k], 0);\
      |                                            ^~~~~~~ ~~~~~~~~~~~~~
main.c:1689:49: note: in expansion of macro ‘RETURN’
 1689 |                                                 RETURN(usage());
      |                                                 ^~~~~~
index/glimpse.h:219:12: note: declared here
  219 | extern int my_free();
      |            ^~~~~~~
main.c:1342:44: error: too many arguments to function ‘my_free’; expected 0, have 2
 1342 |                 if (index_argv[k] != NULL) my_free(index_argv[k], 0);\
      |                                            ^~~~~~~ ~~~~~~~~~~~~~
main.c:1689:49: note: in expansion of macro ‘RETURN’
 1689 |                                                 RETURN(usage());
      |                                                 ^~~~~~
index/glimpse.h:219:12: note: declared here
  219 | extern int my_free();
      |            ^~~~~~~
main.c:1345:30: error: too many arguments to function ‘my_free’; expected 0, have 2
 1345 |         if (FileOpt != NULL) my_free(FileOpt, MAXFILEOPT);\
      |                              ^~~~~~~ ~~~~~~~
main.c:1689:49: note: in expansion of macro ‘RETURN’
 1689 |                                                 RETURN(usage());
      |                                                 ^~~~~~
index/glimpse.h:219:12: note: declared here
  219 | extern int my_free();
      |            ^~~~~~~
main.c:1348:42: error: too many arguments to function ‘my_free’; expected 0, have 2
 1348 |                 if (pat_list[k] != NULL) my_free(pat_list[k], 0);\
      |                                          ^~~~~~~ ~~~~~~~~~~~
main.c:1689:49: note: in expansion of macro ‘RETURN’
 1689 |                                                 RETURN(usage());
      |                                                 ^~~~~~
index/glimpse.h:219:12: note: declared here
  219 | extern int my_free();
      |            ^~~~~~~
main.c:1355:9: error: too many arguments to function ‘my_free’; expected 0, have 2
 1355 |         my_free(outname[0], 0);\
      |         ^~~~~~~ ~~~~~~~~~~
main.c:1689:49: note: in expansion of macro ‘RETURN’
 1689 |                                                 RETURN(usage());
      |                                                 ^~~~~~
index/glimpse.h:219:12: note: declared here
  219 | extern int my_free();
      |            ^~~~~~~
main.c:1356:9: error: too many arguments to function ‘my_free’; expected 0, have 2
 1356 |         my_free(outname, 0);\
      |         ^~~~~~~ ~~~~~~~
main.c:1689:49: note: in expansion of macro ‘RETURN’
 1689 |                                                 RETURN(usage());
      |                                                 ^~~~~~
index/glimpse.h:219:12: note: declared here
  219 | extern int my_free();
      |            ^~~~~~~
main.c:1357:9: error: too many arguments to function ‘my_free’; expected 0, have 2
 1357 |         my_free(TEMP_DIR, MAX_LINE_LEN);\
      |         ^~~~~~~ ~~~~~~~~
main.c:1689:49: note: in expansion of macro ‘RETURN’
 1689 |                                                 RETURN(usage());
      |                                                 ^~~~~~
index/glimpse.h:219:12: note: declared here
  219 | extern int my_free();
      |            ^~~~~~~
main.c:1358:9: error: too many arguments to function ‘my_free’; expected 0, have 2
 1358 |         my_free(filenames_file, MAX_LINE_LEN);\
      |         ^~~~~~~ ~~~~~~~~~~~~~~
main.c:1689:49: note: in expansion of macro ‘RETURN’
 1689 |                                                 RETURN(usage());
      |                                                 ^~~~~~
index/glimpse.h:219:12: note: declared here
  219 | extern int my_free();
      |            ^~~~~~~
main.c:1359:9: error: too many arguments to function ‘my_free’; expected 0, have 2
 1359 |         my_free(bitfield_file, MAX_LINE_LEN);\
      |         ^~~~~~~ ~~~~~~~~~~~~~
main.c:1689:49: note: in expansion of macro ‘RETURN’
 1689 |                                                 RETURN(usage());
      |                                                 ^~~~~~
index/glimpse.h:219:12: note: declared here
  219 | extern int my_free();
      |            ^~~~~~~
main.c:1363:25: error: too many arguments to function ‘free_list’; expected 0, have 1
 1363 |                         free_list(&src_offset_table[k]);\
      |                         ^~~~~~~~~ ~~~~~~~~~~~~~~~~~~~~
main.c:1689:49: note: in expansion of macro ‘RETURN’
 1689 |                                                 RETURN(usage());
      |                                                 ^~~~~~
main.c:204:8: note: declared here
  204 | extern free_list();
      |        ^~~~~~~~~
main.c:1368:25: error: too many arguments to function ‘free_list’; expected 0, have 1
 1368 |                         free_list(&multi_dest_offset_table[q][k]);\
      |                         ^~~~~~~~~ ~~~~~~~~~~~~~~~~~~~~~~~~~~~~~~
main.c:1689:49: note: in expansion of macro ‘RETURN’
 1689 |                                                 RETURN(usage());
      |                                                 ^~~~~~
main.c:204:8: note: declared here
  204 | extern free_list();
      |        ^~~~~~~~~
main.c:1377:17: error: too many arguments to function ‘my_free’; expected 0, have 2
 1377 |                 my_free(GTextfiles[k], 0);\
      |                 ^~~~~~~ ~~~~~~~~~~~~~
main.c:1689:49: note: in expansion of macro ‘RETURN’
 1689 |                                                 RETURN(usage());
      |                                                 ^~~~~~
index/glimpse.h:219:12: note: declared here
  219 | extern int my_free();
      |            ^~~~~~~
main.c:1341:44: error: too many arguments to function ‘my_free’; expected 0, have 2
 1341 |                 if (agrep_argv[k] != NULL) my_free(agrep_argv[k], 0);\
      |                                            ^~~~~~~ ~~~~~~~~~~~~~
main.c:1700:41: note: in expansion of macro ‘RETURN’
 1700 |                                         RETURN(usage());
      |                                         ^~~~~~
index/glimpse.h:219:12: note: declared here
  219 | extern int my_free();
      |            ^~~~~~~
main.c:1342:44: error: too many arguments to function ‘my_free’; expected 0, have 2
 1342 |                 if (index_argv[k] != NULL) my_free(index_argv[k], 0);\
      |                                            ^~~~~~~ ~~~~~~~~~~~~~
main.c:1700:41: note: in expansion of macro ‘RETURN’
 1700 |                                         RETURN(usage());
      |                                         ^~~~~~
index/glimpse.h:219:12: note: declared here
  219 | extern int my_free();
      |            ^~~~~~~
main.c:1345:30: error: too many arguments to function ‘my_free’; expected 0, have 2
 1345 |         if (FileOpt != NULL) my_free(FileOpt, MAXFILEOPT);\
      |                              ^~~~~~~ ~~~~~~~
main.c:1700:41: note: in expansion of macro ‘RETURN’
 1700 |                                         RETURN(usage());
      |                                         ^~~~~~
index/glimpse.h:219:12: note: declared here
  219 | extern int my_free();
      |            ^~~~~~~
main.c:1348:42: error: too many arguments to function ‘my_free’; expected 0, have 2
 1348 |                 if (pat_list[k] != NULL) my_free(pat_list[k], 0);\
      |                                          ^~~~~~~ ~~~~~~~~~~~
main.c:1700:41: note: in expansion of macro ‘RETURN’
 1700 |                                         RETURN(usage());
      |                                         ^~~~~~
index/glimpse.h:219:12: note: declared here
  219 | extern int my_free();
      |            ^~~~~~~
main.c:1355:9: error: too many arguments to function ‘my_free’; expected 0, have 2
 1355 |         my_free(outname[0], 0);\
      |         ^~~~~~~ ~~~~~~~~~~
main.c:1700:41: note: in expansion of macro ‘RETURN’
 1700 |                                         RETURN(usage());
      |                                         ^~~~~~
index/glimpse.h:219:12: note: declared here
  219 | extern int my_free();
      |            ^~~~~~~
main.c:1356:9: error: too many arguments to function ‘my_free’; expected 0, have 2
 1356 |         my_free(outname, 0);\
      |         ^~~~~~~ ~~~~~~~
main.c:1700:41: note: in expansion of macro ‘RETURN’
 1700 |                                         RETURN(usage());
      |                                         ^~~~~~
index/glimpse.h:219:12: note: declared here
  219 | extern int my_free();
      |            ^~~~~~~
main.c:1357:9: error: too many arguments to function ‘my_free’; expected 0, have 2
 1357 |         my_free(TEMP_DIR, MAX_LINE_LEN);\
      |         ^~~~~~~ ~~~~~~~~
main.c:1700:41: note: in expansion of macro ‘RETURN’
 1700 |                                         RETURN(usage());
      |                                         ^~~~~~
index/glimpse.h:219:12: note: declared here
  219 | extern int my_free();
      |            ^~~~~~~
main.c:1358:9: error: too many arguments to function ‘my_free’; expected 0, have 2
 1358 |         my_free(filenames_file, MAX_LINE_LEN);\
      |         ^~~~~~~ ~~~~~~~~~~~~~~
main.c:1700:41: note: in expansion of macro ‘RETURN’
 1700 |                                         RETURN(usage());
      |                                         ^~~~~~
index/glimpse.h:219:12: note: declared here
  219 | extern int my_free();
      |            ^~~~~~~
main.c:1359:9: error: too many arguments to function ‘my_free’; expected 0, have 2
 1359 |         my_free(bitfield_file, MAX_LINE_LEN);\
      |         ^~~~~~~ ~~~~~~~~~~~~~
main.c:1700:41: note: in expansion of macro ‘RETURN’
 1700 |                                         RETURN(usage());
      |                                         ^~~~~~
index/glimpse.h:219:12: note: declared here
  219 | extern int my_free();
      |            ^~~~~~~
main.c:1363:25: error: too many arguments to function ‘free_list’; expected 0, have 1
 1363 |                         free_list(&src_offset_table[k]);\
      |                         ^~~~~~~~~ ~~~~~~~~~~~~~~~~~~~~
main.c:1700:41: note: in expansion of macro ‘RETURN’
 1700 |                                         RETURN(usage());
      |                                         ^~~~~~
main.c:204:8: note: declared here
  204 | extern free_list();
      |        ^~~~~~~~~
main.c:1368:25: error: too many arguments to function ‘free_list’; expected 0, have 1
 1368 |                         free_list(&multi_dest_offset_table[q][k]);\
      |                         ^~~~~~~~~ ~~~~~~~~~~~~~~~~~~~~~~~~~~~~~~
main.c:1700:41: note: in expansion of macro ‘RETURN’
 1700 |                                         RETURN(usage());
      |                                         ^~~~~~
main.c:204:8: note: declared here
  204 | extern free_list();
      |        ^~~~~~~~~
main.c:1377:17: error: too many arguments to function ‘my_free’; expected 0, have 2
 1377 |                 my_free(GTextfiles[k], 0);\
      |                 ^~~~~~~ ~~~~~~~~~~~~~
main.c:1700:41: note: in expansion of macro ‘RETURN’
 1700 |                                         RETURN(usage());
      |                                         ^~~~~~
index/glimpse.h:219:12: note: declared here
  219 | extern int my_free();
      |            ^~~~~~~
main.c:1341:44: error: too many arguments to function ‘my_free’; expected 0, have 2
 1341 |                 if (agrep_argv[k] != NULL) my_free(agrep_argv[k], 0);\
      |                                            ^~~~~~~ ~~~~~~~~~~~~~
main.c:1709:49: note: in expansion of macro ‘RETURN’
 1709 |                                                 RETURN(usage());
      |                                                 ^~~~~~
index/glimpse.h:219:12: note: declared here
  219 | extern int my_free();
      |            ^~~~~~~
main.c:1342:44: error: too many arguments to function ‘my_free’; expected 0, have 2
 1342 |                 if (index_argv[k] != NULL) my_free(index_argv[k], 0);\
      |                                            ^~~~~~~ ~~~~~~~~~~~~~
main.c:1709:49: note: in expansion of macro ‘RETURN’
 1709 |                                                 RETURN(usage());
      |                                                 ^~~~~~
index/glimpse.h:219:12: note: declared here
  219 | extern int my_free();
      |            ^~~~~~~
main.c:1345:30: error: too many arguments to function ‘my_free’; expected 0, have 2
 1345 |         if (FileOpt != NULL) my_free(FileOpt, MAXFILEOPT);\
      |                              ^~~~~~~ ~~~~~~~
main.c:1709:49: note: in expansion of macro ‘RETURN’
 1709 |                                                 RETURN(usage());
      |                                                 ^~~~~~
index/glimpse.h:219:12: note: declared here
  219 | extern int my_free();
      |            ^~~~~~~
main.c:1348:42: error: too many arguments to function ‘my_free’; expected 0, have 2
 1348 |                 if (pat_list[k] != NULL) my_free(pat_list[k], 0);\
      |                                          ^~~~~~~ ~~~~~~~~~~~
main.c:1709:49: note: in expansion of macro ‘RETURN’
 1709 |                                                 RETURN(usage());
      |                                                 ^~~~~~
index/glimpse.h:219:12: note: declared here
  219 | extern int my_free();
      |            ^~~~~~~
main.c:1355:9: error: too many arguments to function ‘my_free’; expected 0, have 2
 1355 |         my_free(outname[0], 0);\
      |         ^~~~~~~ ~~~~~~~~~~
main.c:1709:49: note: in expansion of macro ‘RETURN’
 1709 |                                                 RETURN(usage());
      |                                                 ^~~~~~
index/glimpse.h:219:12: note: declared here
  219 | extern int my_free();
      |            ^~~~~~~
main.c:1356:9: error: too many arguments to function ‘my_free’; expected 0, have 2
 1356 |         my_free(outname, 0);\
      |         ^~~~~~~ ~~~~~~~
main.c:1709:49: note: in expansion of macro ‘RETURN’
 1709 |                                                 RETURN(usage());
      |                                                 ^~~~~~
index/glimpse.h:219:12: note: declared here
  219 | extern int my_free();
      |            ^~~~~~~
main.c:1357:9: error: too many arguments to function ‘my_free’; expected 0, have 2
 1357 |         my_free(TEMP_DIR, MAX_LINE_LEN);\
      |         ^~~~~~~ ~~~~~~~~
main.c:1709:49: note: in expansion of macro ‘RETURN’
 1709 |                                                 RETURN(usage());
      |                                                 ^~~~~~
index/glimpse.h:219:12: note: declared here
  219 | extern int my_free();
      |            ^~~~~~~
main.c:1358:9: error: too many arguments to function ‘my_free’; expected 0, have 2
 1358 |         my_free(filenames_file, MAX_LINE_LEN);\
      |         ^~~~~~~ ~~~~~~~~~~~~~~
main.c:1709:49: note: in expansion of macro ‘RETURN’
 1709 |                                                 RETURN(usage());
      |                                                 ^~~~~~
index/glimpse.h:219:12: note: declared here
  219 | extern int my_free();
      |            ^~~~~~~
main.c:1359:9: error: too many arguments to function ‘my_free’; expected 0, have 2
 1359 |         my_free(bitfield_file, MAX_LINE_LEN);\
      |         ^~~~~~~ ~~~~~~~~~~~~~
main.c:1709:49: note: in expansion of macro ‘RETURN’
 1709 |                                                 RETURN(usage());
      |                                                 ^~~~~~
index/glimpse.h:219:12: note: declared here
  219 | extern int my_free();
      |            ^~~~~~~
main.c:1363:25: error: too many arguments to function ‘free_list’; expected 0, have 1
 1363 |                         free_list(&src_offset_table[k]);\
      |                         ^~~~~~~~~ ~~~~~~~~~~~~~~~~~~~~
main.c:1709:49: note: in expansion of macro ‘RETURN’
 1709 |                                                 RETURN(usage());
      |                                                 ^~~~~~
main.c:204:8: note: declared here
  204 | extern free_list();
      |        ^~~~~~~~~
main.c:1368:25: error: too many arguments to function ‘free_list’; expected 0, have 1
 1368 |                         free_list(&multi_dest_offset_table[q][k]);\
      |                         ^~~~~~~~~ ~~~~~~~~~~~~~~~~~~~~~~~~~~~~~~
main.c:1709:49: note: in expansion of macro ‘RETURN’
 1709 |                                                 RETURN(usage());
      |                                                 ^~~~~~
main.c:204:8: note: declared here
  204 | extern free_list();
      |        ^~~~~~~~~
main.c:1377:17: error: too many arguments to function ‘my_free’; expected 0, have 2
 1377 |                 my_free(GTextfiles[k], 0);\
      |                 ^~~~~~~ ~~~~~~~~~~~~~
main.c:1709:49: note: in expansion of macro ‘RETURN’
 1709 |                                                 RETURN(usage());
      |                                                 ^~~~~~
index/glimpse.h:219:12: note: declared here
  219 | extern int my_free();
      |            ^~~~~~~
main.c:1341:44: error: too many arguments to function ‘my_free’; expected 0, have 2
 1341 |                 if (agrep_argv[k] != NULL) my_free(agrep_argv[k], 0);\
      |                                            ^~~~~~~ ~~~~~~~~~~~~~
main.c:1731:49: note: in expansion of macro ‘RETURN’
 1731 |                                                 RETURN(usageS());
      |                                                 ^~~~~~
index/glimpse.h:219:12: note: declared here
  219 | extern int my_free();
      |            ^~~~~~~
main.c:1342:44: error: too many arguments to function ‘my_free’; expected 0, have 2
 1342 |                 if (index_argv[k] != NULL) my_free(index_argv[k], 0);\
      |                                            ^~~~~~~ ~~~~~~~~~~~~~
main.c:1731:49: note: in expansion of macro ‘RETURN’
 1731 |                                                 RETURN(usageS());
      |                                                 ^~~~~~
index/glimpse.h:219:12: note: declared here
  219 | extern int my_free();
      |            ^~~~~~~
main.c:1345:30: error: too many arguments to function ‘my_free’; expected 0, have 2
 1345 |         if (FileOpt != NULL) my_free(FileOpt, MAXFILEOPT);\
      |                              ^~~~~~~ ~~~~~~~
main.c:1731:49: note: in expansion of macro ‘RETURN’
 1731 |                                                 RETURN(usageS());
      |                                                 ^~~~~~
index/glimpse.h:219:12: note: declared here
  219 | extern int my_free();
      |            ^~~~~~~
main.c:1348:42: error: too many arguments to function ‘my_free’; expected 0, have 2
 1348 |                 if (pat_list[k] != NULL) my_free(pat_list[k], 0);\
      |                                          ^~~~~~~ ~~~~~~~~~~~
main.c:1731:49: note: in expansion of macro ‘RETURN’
 1731 |                                                 RETURN(usageS());
      |                                                 ^~~~~~
index/glimpse.h:219:12: note: declared here
  219 | extern int my_free();
      |            ^~~~~~~
main.c:1355:9: error: too many arguments to function ‘my_free’; expected 0, have 2
 1355 |         my_free(outname[0], 0);\
      |         ^~~~~~~ ~~~~~~~~~~
main.c:1731:49: note: in expansion of macro ‘RETURN’
 1731 |                                                 RETURN(usageS());
      |                                                 ^~~~~~
index/glimpse.h:219:12: note: declared here
  219 | extern int my_free();
      |            ^~~~~~~
main.c:1356:9: error: too many arguments to function ‘my_free’; expected 0, have 2
 1356 |         my_free(outname, 0);\
      |         ^~~~~~~ ~~~~~~~
main.c:1731:49: note: in expansion of macro ‘RETURN’
 1731 |                                                 RETURN(usageS());
      |                                                 ^~~~~~
index/glimpse.h:219:12: note: declared here
  219 | extern int my_free();
      |            ^~~~~~~
main.c:1357:9: error: too many arguments to function ‘my_free’; expected 0, have 2
 1357 |         my_free(TEMP_DIR, MAX_LINE_LEN);\
      |         ^~~~~~~ ~~~~~~~~
main.c:1731:49: note: in expansion of macro ‘RETURN’
 1731 |                                                 RETURN(usageS());
      |                                                 ^~~~~~
index/glimpse.h:219:12: note: declared here
  219 | extern int my_free();
      |            ^~~~~~~
main.c:1358:9: error: too many arguments to function ‘my_free’; expected 0, have 2
 1358 |         my_free(filenames_file, MAX_LINE_LEN);\
      |         ^~~~~~~ ~~~~~~~~~~~~~~
main.c:1731:49: note: in expansion of macro ‘RETURN’
 1731 |                                                 RETURN(usageS());
      |                                                 ^~~~~~
index/glimpse.h:219:12: note: declared here
  219 | extern int my_free();
      |            ^~~~~~~
main.c:1359:9: error: too many arguments to function ‘my_free’; expected 0, have 2
 1359 |         my_free(bitfield_file, MAX_LINE_LEN);\
      |         ^~~~~~~ ~~~~~~~~~~~~~
main.c:1731:49: note: in expansion of macro ‘RETURN’
 1731 |                                                 RETURN(usageS());
      |                                                 ^~~~~~
index/glimpse.h:219:12: note: declared here
  219 | extern int my_free();
      |            ^~~~~~~
main.c:1363:25: error: too many arguments to function ‘free_list’; expected 0, have 1
 1363 |                         free_list(&src_offset_table[k]);\
      |                         ^~~~~~~~~ ~~~~~~~~~~~~~~~~~~~~
main.c:1731:49: note: in expansion of macro ‘RETURN’
 1731 |                                                 RETURN(usageS());
      |                                                 ^~~~~~
main.c:204:8: note: declared here
  204 | extern free_list();
      |        ^~~~~~~~~
main.c:1368:25: error: too many arguments to function ‘free_list’; expected 0, have 1
 1368 |                         free_list(&multi_dest_offset_table[q][k]);\
      |                         ^~~~~~~~~ ~~~~~~~~~~~~~~~~~~~~~~~~~~~~~~
main.c:1731:49: note: in expansion of macro ‘RETURN’
 1731 |                                                 RETURN(usageS());
      |                                                 ^~~~~~
main.c:204:8: note: declared here
  204 | extern free_list();
      |        ^~~~~~~~~
main.c:1377:17: error: too many arguments to function ‘my_free’; expected 0, have 2
 1377 |                 my_free(GTextfiles[k], 0);\
      |                 ^~~~~~~ ~~~~~~~~~~~~~
main.c:1731:49: note: in expansion of macro ‘RETURN’
 1731 |                                                 RETURN(usageS());
      |                                                 ^~~~~~
index/glimpse.h:219:12: note: declared here
  219 | extern int my_free();
      |            ^~~~~~~
main.c:1735:48: warning: pointer targets in passing argument 1 of ‘strcpy’ differ in signedness [-Wpointer-sign]
 1735 |                                         strcpy(SERV_HOST, argv[0]);
      |                                                ^~~~~~~~~
      |                                                |
      |                                                unsigned char *
/usr/include/bits/string_fortified.h:77:16: note: expected ‘char *’ but argument is of type ‘unsigned char *’
   77 | __NTH (strcpy (__fortify_clang_overload_arg (char *, __restrict, __dest),
      |                ^~~~~~~~~~~~~~~~~~~~~~~~~~~~
main.c:1741:48: warning: pointer targets in passing argument 1 of ‘strcpy’ differ in signedness [-Wpointer-sign]
 1741 |                                         strcpy(SERV_HOST, p+1);
      |                                                ^~~~~~~~~
      |                                                |
      |                                                unsigned char *
/usr/include/bits/string_fortified.h:77:16: note: expected ‘char *’ but argument is of type ‘unsigned char *’
   77 | __NTH (strcpy (__fortify_clang_overload_arg (char *, __restrict, __dest),
      |                ^~~~~~~~~~~~~~~~~~~~~~~~~~~~
main.c:1341:44: error: too many arguments to function ‘my_free’; expected 0, have 2
 1341 |                 if (agrep_argv[k] != NULL) my_free(agrep_argv[k], 0);\
      |                                            ^~~~~~~ ~~~~~~~~~~~~~
main.c:1752:49: note: in expansion of macro ‘RETURN’
 1752 |                                                 RETURN(usage());
      |                                                 ^~~~~~
index/glimpse.h:219:12: note: declared here
  219 | extern int my_free();
      |            ^~~~~~~
main.c:1342:44: error: too many arguments to function ‘my_free’; expected 0, have 2
 1342 |                 if (index_argv[k] != NULL) my_free(index_argv[k], 0);\
      |                                            ^~~~~~~ ~~~~~~~~~~~~~
main.c:1752:49: note: in expansion of macro ‘RETURN’
 1752 |                                                 RETURN(usage());
      |                                                 ^~~~~~
index/glimpse.h:219:12: note: declared here
  219 | extern int my_free();
      |            ^~~~~~~
main.c:1345:30: error: too many arguments to function ‘my_free’; expected 0, have 2
 1345 |         if (FileOpt != NULL) my_free(FileOpt, MAXFILEOPT);\
      |                              ^~~~~~~ ~~~~~~~
main.c:1752:49: note: in expansion of macro ‘RETURN’
 1752 |                                                 RETURN(usage());
      |                                                 ^~~~~~
index/glimpse.h:219:12: note: declared here
  219 | extern int my_free();
      |            ^~~~~~~
main.c:1348:42: error: too many arguments to function ‘my_free’; expected 0, have 2
 1348 |                 if (pat_list[k] != NULL) my_free(pat_list[k], 0);\
      |                                          ^~~~~~~ ~~~~~~~~~~~
main.c:1752:49: note: in expansion of macro ‘RETURN’
 1752 |                                                 RETURN(usage());
      |                                                 ^~~~~~
index/glimpse.h:219:12: note: declared here
  219 | extern int my_free();
      |            ^~~~~~~
main.c:1355:9: error: too many arguments to function ‘my_free’; expected 0, have 2
 1355 |         my_free(outname[0], 0);\
      |         ^~~~~~~ ~~~~~~~~~~
main.c:1752:49: note: in expansion of macro ‘RETURN’
 1752 |                                                 RETURN(usage());
      |                                                 ^~~~~~
index/glimpse.h:219:12: note: declared here
  219 | extern int my_free();
      |            ^~~~~~~
main.c:1356:9: error: too many arguments to function ‘my_free’; expected 0, have 2
 1356 |         my_free(outname, 0);\
      |         ^~~~~~~ ~~~~~~~
main.c:1752:49: note: in expansion of macro ‘RETURN’
 1752 |                                                 RETURN(usage());
      |                                                 ^~~~~~
index/glimpse.h:219:12: note: declared here
  219 | extern int my_free();
      |            ^~~~~~~
main.c:1357:9: error: too many arguments to function ‘my_free’; expected 0, have 2
 1357 |         my_free(TEMP_DIR, MAX_LINE_LEN);\
      |         ^~~~~~~ ~~~~~~~~
main.c:1752:49: note: in expansion of macro ‘RETURN’
 1752 |                                                 RETURN(usage());
      |                                                 ^~~~~~
index/glimpse.h:219:12: note: declared here
  219 | extern int my_free();
      |            ^~~~~~~
main.c:1358:9: error: too many arguments to function ‘my_free’; expected 0, have 2
 1358 |         my_free(filenames_file, MAX_LINE_LEN);\
      |         ^~~~~~~ ~~~~~~~~~~~~~~
main.c:1752:49: note: in expansion of macro ‘RETURN’
 1752 |                                                 RETURN(usage());
      |                                                 ^~~~~~
index/glimpse.h:219:12: note: declared here
  219 | extern int my_free();
      |            ^~~~~~~
main.c:1359:9: error: too many arguments to function ‘my_free’; expected 0, have 2
 1359 |         my_free(bitfield_file, MAX_LINE_LEN);\
      |         ^~~~~~~ ~~~~~~~~~~~~~
main.c:1752:49: note: in expansion of macro ‘RETURN’
 1752 |                                                 RETURN(usage());
      |                                                 ^~~~~~
index/glimpse.h:219:12: note: declared here
  219 | extern int my_free();
      |            ^~~~~~~
main.c:1363:25: error: too many arguments to function ‘free_list’; expected 0, have 1
 1363 |                         free_list(&src_offset_table[k]);\
      |                         ^~~~~~~~~ ~~~~~~~~~~~~~~~~~~~~
main.c:1752:49: note: in expansion of macro ‘RETURN’
 1752 |                                                 RETURN(usage());
      |                                                 ^~~~~~
main.c:204:8: note: declared here
  204 | extern free_list();
      |        ^~~~~~~~~
main.c:1368:25: error: too many arguments to function ‘free_list’; expected 0, have 1
 1368 |                         free_list(&multi_dest_offset_table[q][k]);\
      |                         ^~~~~~~~~ ~~~~~~~~~~~~~~~~~~~~~~~~~~~~~~
main.c:1752:49: note: in expansion of macro ‘RETURN’
 1752 |                                                 RETURN(usage());
      |                                                 ^~~~~~
main.c:204:8: note: declared here
  204 | extern free_list();
      |        ^~~~~~~~~
main.c:1377:17: error: too many arguments to function ‘my_free’; expected 0, have 2
 1377 |                 my_free(GTextfiles[k], 0);\
      |                 ^~~~~~~ ~~~~~~~~~~~~~
main.c:1752:49: note: in expansion of macro ‘RETURN’
 1752 |                                                 RETURN(usage());
      |                                                 ^~~~~~
index/glimpse.h:219:12: note: declared here
  219 | extern int my_free();
      |            ^~~~~~~
main.c:1341:44: error: too many arguments to function ‘my_free’; expected 0, have 2
 1341 |                 if (agrep_argv[k] != NULL) my_free(agrep_argv[k], 0);\
      |                                            ^~~~~~~ ~~~~~~~~~~~~~
main.c:1779:49: note: in expansion of macro ‘RETURN’
 1779 |                                                 RETURN(usage());
      |                                                 ^~~~~~
index/glimpse.h:219:12: note: declared here
  219 | extern int my_free();
      |            ^~~~~~~
main.c:1342:44: error: too many arguments to function ‘my_free’; expected 0, have 2
 1342 |                 if (index_argv[k] != NULL) my_free(index_argv[k], 0);\
      |                                            ^~~~~~~ ~~~~~~~~~~~~~
main.c:1779:49: note: in expansion of macro ‘RETURN’
 1779 |                                                 RETURN(usage());
      |                                                 ^~~~~~
index/glimpse.h:219:12: note: declared here
  219 | extern int my_free();
      |            ^~~~~~~
main.c:1345:30: error: too many arguments to function ‘my_free’; expected 0, have 2
 1345 |         if (FileOpt != NULL) my_free(FileOpt, MAXFILEOPT);\
      |                              ^~~~~~~ ~~~~~~~
main.c:1779:49: note: in expansion of macro ‘RETURN’
 1779 |                                                 RETURN(usage());
      |                                                 ^~~~~~
index/glimpse.h:219:12: note: declared here
  219 | extern int my_free();
      |            ^~~~~~~
main.c:1348:42: error: too many arguments to function ‘my_free’; expected 0, have 2
 1348 |                 if (pat_list[k] != NULL) my_free(pat_list[k], 0);\
      |                                          ^~~~~~~ ~~~~~~~~~~~
main.c:1779:49: note: in expansion of macro ‘RETURN’
 1779 |                                                 RETURN(usage());
      |                                                 ^~~~~~
index/glimpse.h:219:12: note: declared here
  219 | extern int my_free();
      |            ^~~~~~~
main.c:1355:9: error: too many arguments to function ‘my_free’; expected 0, have 2
 1355 |         my_free(outname[0], 0);\
      |         ^~~~~~~ ~~~~~~~~~~
main.c:1779:49: note: in expansion of macro ‘RETURN’
 1779 |                                                 RETURN(usage());
      |                                                 ^~~~~~
index/glimpse.h:219:12: note: declared here
  219 | extern int my_free();
      |            ^~~~~~~
main.c:1356:9: error: too many arguments to function ‘my_free’; expected 0, have 2
 1356 |         my_free(outname, 0);\
      |         ^~~~~~~ ~~~~~~~
main.c:1779:49: note: in expansion of macro ‘RETURN’
 1779 |                                                 RETURN(usage());
      |                                                 ^~~~~~
index/glimpse.h:219:12: note: declared here
  219 | extern int my_free();
      |            ^~~~~~~
main.c:1357:9: error: too many arguments to function ‘my_free’; expected 0, have 2
 1357 |         my_free(TEMP_DIR, MAX_LINE_LEN);\
      |         ^~~~~~~ ~~~~~~~~
main.c:1779:49: note: in expansion of macro ‘RETURN’
 1779 |                                                 RETURN(usage());
      |                                                 ^~~~~~
index/glimpse.h:219:12: note: declared here
  219 | extern int my_free();
      |            ^~~~~~~
main.c:1358:9: error: too many arguments to function ‘my_free’; expected 0, have 2
 1358 |         my_free(filenames_file, MAX_LINE_LEN);\
      |         ^~~~~~~ ~~~~~~~~~~~~~~
main.c:1779:49: note: in expansion of macro ‘RETURN’
 1779 |                                                 RETURN(usage());
      |                                                 ^~~~~~
index/glimpse.h:219:12: note: declared here
  219 | extern int my_free();
      |            ^~~~~~~
main.c:1359:9: error: too many arguments to function ‘my_free’; expected 0, have 2
 1359 |         my_free(bitfield_file, MAX_LINE_LEN);\
      |         ^~~~~~~ ~~~~~~~~~~~~~
main.c:1779:49: note: in expansion of macro ‘RETURN’
 1779 |                                                 RETURN(usage());
      |                                                 ^~~~~~
index/glimpse.h:219:12: note: declared here
  219 | extern int my_free();
      |            ^~~~~~~
main.c:1363:25: error: too many arguments to function ‘free_list’; expected 0, have 1
 1363 |                         free_list(&src_offset_table[k]);\
      |                         ^~~~~~~~~ ~~~~~~~~~~~~~~~~~~~~
main.c:1779:49: note: in expansion of macro ‘RETURN’
 1779 |                                                 RETURN(usage());
      |                                                 ^~~~~~
main.c:204:8: note: declared here
  204 | extern free_list();
      |        ^~~~~~~~~
main.c:1368:25: error: too many arguments to function ‘free_list’; expected 0, have 1
 1368 |                         free_list(&multi_dest_offset_table[q][k]);\
      |                         ^~~~~~~~~ ~~~~~~~~~~~~~~~~~~~~~~~~~~~~~~
main.c:1779:49: note: in expansion of macro ‘RETURN’
 1779 |                                                 RETURN(usage());
      |                                                 ^~~~~~
main.c:204:8: note: declared here
  204 | extern free_list();
      |        ^~~~~~~~~
main.c:1377:17: error: too many arguments to function ‘my_free’; expected 0, have 2
 1377 |                 my_free(GTextfiles[k], 0);\
      |                 ^~~~~~~ ~~~~~~~~~~~~~
main.c:1779:49: note: in expansion of macro ‘RETURN’
 1779 |                                                 RETURN(usage());
      |                                                 ^~~~~~
index/glimpse.h:219:12: note: declared here
  219 | extern int my_free();
      |            ^~~~~~~
main.c:1341:44: error: too many arguments to function ‘my_free’; expected 0, have 2
 1341 |                 if (agrep_argv[k] != NULL) my_free(agrep_argv[k], 0);\
      |                                            ^~~~~~~ ~~~~~~~~~~~~~
main.c:1811:65: note: in expansion of macro ‘RETURN’
 1811 |                                                                 RETURN(usage());
      |                                                                 ^~~~~~
index/glimpse.h:219:12: note: declared here
  219 | extern int my_free();
      |            ^~~~~~~
main.c:1342:44: error: too many arguments to function ‘my_free’; expected 0, have 2
 1342 |                 if (index_argv[k] != NULL) my_free(index_argv[k], 0);\
      |                                            ^~~~~~~ ~~~~~~~~~~~~~
main.c:1811:65: note: in expansion of macro ‘RETURN’
 1811 |                                                                 RETURN(usage());
      |                                                                 ^~~~~~
index/glimpse.h:219:12: note: declared here
  219 | extern int my_free();
      |            ^~~~~~~
main.c:1345:30: error: too many arguments to function ‘my_free’; expected 0, have 2
 1345 |         if (FileOpt != NULL) my_free(FileOpt, MAXFILEOPT);\
      |                              ^~~~~~~ ~~~~~~~
main.c:1811:65: note: in expansion of macro ‘RETURN’
 1811 |                                                                 RETURN(usage());
      |                                                                 ^~~~~~
index/glimpse.h:219:12: note: declared here
  219 | extern int my_free();
      |            ^~~~~~~
main.c:1348:42: error: too many arguments to function ‘my_free’; expected 0, have 2
 1348 |                 if (pat_list[k] != NULL) my_free(pat_list[k], 0);\
      |                                          ^~~~~~~ ~~~~~~~~~~~
main.c:1811:65: note: in expansion of macro ‘RETURN’
 1811 |                                                                 RETURN(usage());
      |                                                                 ^~~~~~
index/glimpse.h:219:12: note: declared here
  219 | extern int my_free();
      |            ^~~~~~~
main.c:1355:9: error: too many arguments to function ‘my_free’; expected 0, have 2
 1355 |         my_free(outname[0], 0);\
      |         ^~~~~~~ ~~~~~~~~~~
main.c:1811:65: note: in expansion of macro ‘RETURN’
 1811 |                                                                 RETURN(usage());
      |                                                                 ^~~~~~
index/glimpse.h:219:12: note: declared here
  219 | extern int my_free();
      |            ^~~~~~~
main.c:1356:9: error: too many arguments to function ‘my_free’; expected 0, have 2
 1356 |         my_free(outname, 0);\
      |         ^~~~~~~ ~~~~~~~
main.c:1811:65: note: in expansion of macro ‘RETURN’
 1811 |                                                                 RETURN(usage());
      |                                                                 ^~~~~~
index/glimpse.h:219:12: note: declared here
  219 | extern int my_free();
      |            ^~~~~~~
main.c:1357:9: error: too many arguments to function ‘my_free’; expected 0, have 2
 1357 |         my_free(TEMP_DIR, MAX_LINE_LEN);\
      |         ^~~~~~~ ~~~~~~~~
main.c:1811:65: note: in expansion of macro ‘RETURN’
 1811 |                                                                 RETURN(usage());
      |                                                                 ^~~~~~
index/glimpse.h:219:12: note: declared here
  219 | extern int my_free();
      |            ^~~~~~~
main.c:1358:9: error: too many arguments to function ‘my_free’; expected 0, have 2
 1358 |         my_free(filenames_file, MAX_LINE_LEN);\
      |         ^~~~~~~ ~~~~~~~~~~~~~~
main.c:1811:65: note: in expansion of macro ‘RETURN’
 1811 |                                                                 RETURN(usage());
      |                                                                 ^~~~~~
index/glimpse.h:219:12: note: declared here
  219 | extern int my_free();
      |            ^~~~~~~
main.c:1359:9: error: too many arguments to function ‘my_free’; expected 0, have 2
 1359 |         my_free(bitfield_file, MAX_LINE_LEN);\
      |         ^~~~~~~ ~~~~~~~~~~~~~
main.c:1811:65: note: in expansion of macro ‘RETURN’
 1811 |                                                                 RETURN(usage());
      |                                                                 ^~~~~~
index/glimpse.h:219:12: note: declared here
  219 | extern int my_free();
      |            ^~~~~~~
main.c:1363:25: error: too many arguments to function ‘free_list’; expected 0, have 1
 1363 |                         free_list(&src_offset_table[k]);\
      |                         ^~~~~~~~~ ~~~~~~~~~~~~~~~~~~~~
main.c:1811:65: note: in expansion of macro ‘RETURN’
 1811 |                                                                 RETURN(usage());
      |                                                                 ^~~~~~
main.c:204:8: note: declared here
  204 | extern free_list();
      |        ^~~~~~~~~
main.c:1368:25: error: too many arguments to function ‘free_list’; expected 0, have 1
 1368 |                         free_list(&multi_dest_offset_table[q][k]);\
      |                         ^~~~~~~~~ ~~~~~~~~~~~~~~~~~~~~~~~~~~~~~~
main.c:1811:65: note: in expansion of macro ‘RETURN’
 1811 |                                                                 RETURN(usage());
      |                                                                 ^~~~~~
main.c:204:8: note: declared here
  204 | extern free_list();
      |        ^~~~~~~~~
main.c:1377:17: error: too many arguments to function ‘my_free’; expected 0, have 2
 1377 |                 my_free(GTextfiles[k], 0);\
      |                 ^~~~~~~ ~~~~~~~~~~~~~
main.c:1811:65: note: in expansion of macro ‘RETURN’
 1811 |                                                                 RETURN(usage());
      |                                                                 ^~~~~~
index/glimpse.h:219:12: note: declared here
  219 | extern int my_free();
      |            ^~~~~~~
main.c:1341:44: error: too many arguments to function ‘my_free’; expected 0, have 2
 1341 |                 if (agrep_argv[k] != NULL) my_free(agrep_argv[k], 0);\
      |                                            ^~~~~~~ ~~~~~~~~~~~~~
main.c:1836:49: note: in expansion of macro ‘RETURN’
 1836 |                                                 RETURN(usage());
      |                                                 ^~~~~~
index/glimpse.h:219:12: note: declared here
  219 | extern int my_free();
      |            ^~~~~~~
main.c:1342:44: error: too many arguments to function ‘my_free’; expected 0, have 2
 1342 |                 if (index_argv[k] != NULL) my_free(index_argv[k], 0);\
      |                                            ^~~~~~~ ~~~~~~~~~~~~~
main.c:1836:49: note: in expansion of macro ‘RETURN’
 1836 |                                                 RETURN(usage());
      |                                                 ^~~~~~
index/glimpse.h:219:12: note: declared here
  219 | extern int my_free();
      |            ^~~~~~~
main.c:1345:30: error: too many arguments to function ‘my_free’; expected 0, have 2
 1345 |         if (FileOpt != NULL) my_free(FileOpt, MAXFILEOPT);\
      |                              ^~~~~~~ ~~~~~~~
main.c:1836:49: note: in expansion of macro ‘RETURN’
 1836 |                                                 RETURN(usage());
      |                                                 ^~~~~~
index/glimpse.h:219:12: note: declared here
  219 | extern int my_free();
      |            ^~~~~~~
main.c:1348:42: error: too many arguments to function ‘my_free’; expected 0, have 2
 1348 |                 if (pat_list[k] != NULL) my_free(pat_list[k], 0);\
      |                                          ^~~~~~~ ~~~~~~~~~~~
main.c:1836:49: note: in expansion of macro ‘RETURN’
 1836 |                                                 RETURN(usage());
      |                                                 ^~~~~~
index/glimpse.h:219:12: note: declared here
  219 | extern int my_free();
      |            ^~~~~~~
main.c:1355:9: error: too many arguments to function ‘my_free’; expected 0, have 2
 1355 |         my_free(outname[0], 0);\
      |         ^~~~~~~ ~~~~~~~~~~
main.c:1836:49: note: in expansion of macro ‘RETURN’
 1836 |                                                 RETURN(usage());
      |                                                 ^~~~~~
index/glimpse.h:219:12: note: declared here
  219 | extern int my_free();
      |            ^~~~~~~
main.c:1356:9: error: too many arguments to function ‘my_free’; expected 0, have 2
 1356 |         my_free(outname, 0);\
      |         ^~~~~~~ ~~~~~~~
main.c:1836:49: note: in expansion of macro ‘RETURN’
 1836 |                                                 RETURN(usage());
      |                                                 ^~~~~~
index/glimpse.h:219:12: note: declared here
  219 | extern int my_free();
      |            ^~~~~~~
main.c:1357:9: error: too many arguments to function ‘my_free’; expected 0, have 2
 1357 |         my_free(TEMP_DIR, MAX_LINE_LEN);\
      |         ^~~~~~~ ~~~~~~~~
main.c:1836:49: note: in expansion of macro ‘RETURN’
 1836 |                                                 RETURN(usage());
      |                                                 ^~~~~~
index/glimpse.h:219:12: note: declared here
  219 | extern int my_free();
      |            ^~~~~~~
main.c:1358:9: error: too many arguments to function ‘my_free’; expected 0, have 2
 1358 |         my_free(filenames_file, MAX_LINE_LEN);\
      |         ^~~~~~~ ~~~~~~~~~~~~~~
main.c:1836:49: note: in expansion of macro ‘RETURN’
 1836 |                                                 RETURN(usage());
      |                                                 ^~~~~~
index/glimpse.h:219:12: note: declared here
  219 | extern int my_free();
      |            ^~~~~~~
main.c:1359:9: error: too many arguments to function ‘my_free’; expected 0, have 2
 1359 |         my_free(bitfield_file, MAX_LINE_LEN);\
      |         ^~~~~~~ ~~~~~~~~~~~~~
main.c:1836:49: note: in expansion of macro ‘RETURN’
 1836 |                                                 RETURN(usage());
      |                                                 ^~~~~~
index/glimpse.h:219:12: note: declared here
  219 | extern int my_free();
      |            ^~~~~~~
main.c:1363:25: error: too many arguments to function ‘free_list’; expected 0, have 1
 1363 |                         free_list(&src_offset_table[k]);\
      |                         ^~~~~~~~~ ~~~~~~~~~~~~~~~~~~~~
main.c:1836:49: note: in expansion of macro ‘RETURN’
 1836 |                                                 RETURN(usage());
      |                                                 ^~~~~~
main.c:204:8: note: declared here
  204 | extern free_list();
      |        ^~~~~~~~~
main.c:1368:25: error: too many arguments to function ‘free_list’; expected 0, have 1
 1368 |                         free_list(&multi_dest_offset_table[q][k]);\
      |                         ^~~~~~~~~ ~~~~~~~~~~~~~~~~~~~~~~~~~~~~~~
main.c:1836:49: note: in expansion of macro ‘RETURN’
 1836 |                                                 RETURN(usage());
      |                                                 ^~~~~~
main.c:204:8: note: declared here
  204 | extern free_list();
      |        ^~~~~~~~~
main.c:1377:17: error: too many arguments to function ‘my_free’; expected 0, have 2
 1377 |                 my_free(GTextfiles[k], 0);\
      |                 ^~~~~~~ ~~~~~~~~~~~~~
main.c:1836:49: note: in expansion of macro ‘RETURN’
 1836 |                                                 RETURN(usage());
      |                                                 ^~~~~~
index/glimpse.h:219:12: note: declared here
  219 | extern int my_free();
      |            ^~~~~~~
main.c:1341:44: error: too many arguments to function ‘my_free’; expected 0, have 2
 1341 |                 if (agrep_argv[k] != NULL) my_free(agrep_argv[k], 0);\
      |                                            ^~~~~~~ ~~~~~~~~~~~~~
main.c:1881:33: note: in expansion of macro ‘RETURN’
 1881 |                                 RETURN(0);
      |                                 ^~~~~~
index/glimpse.h:219:12: note: declared here
  219 | extern int my_free();
      |            ^~~~~~~
main.c:1342:44: error: too many arguments to function ‘my_free’; expected 0, have 2
 1342 |                 if (index_argv[k] != NULL) my_free(index_argv[k], 0);\
      |                                            ^~~~~~~ ~~~~~~~~~~~~~
main.c:1881:33: note: in expansion of macro ‘RETURN’
 1881 |                                 RETURN(0);
      |                                 ^~~~~~
index/glimpse.h:219:12: note: declared here
  219 | extern int my_free();
      |            ^~~~~~~
main.c:1345:30: error: too many arguments to function ‘my_free’; expected 0, have 2
 1345 |         if (FileOpt != NULL) my_free(FileOpt, MAXFILEOPT);\
      |                              ^~~~~~~ ~~~~~~~
main.c:1881:33: note: in expansion of macro ‘RETURN’
 1881 |                                 RETURN(0);
      |                                 ^~~~~~
index/glimpse.h:219:12: note: declared here
  219 | extern int my_free();
      |            ^~~~~~~
main.c:1348:42: error: too many arguments to function ‘my_free’; expected 0, have 2
 1348 |                 if (pat_list[k] != NULL) my_free(pat_list[k], 0);\
      |                                          ^~~~~~~ ~~~~~~~~~~~
main.c:1881:33: note: in expansion of macro ‘RETURN’
 1881 |                                 RETURN(0);
      |                                 ^~~~~~
index/glimpse.h:219:12: note: declared here
  219 | extern int my_free();
      |            ^~~~~~~
main.c:1355:9: error: too many arguments to function ‘my_free’; expected 0, have 2
 1355 |         my_free(outname[0], 0);\
      |         ^~~~~~~ ~~~~~~~~~~
main.c:1881:33: note: in expansion of macro ‘RETURN’
 1881 |                                 RETURN(0);
      |                                 ^~~~~~
index/glimpse.h:219:12: note: declared here
  219 | extern int my_free();
      |            ^~~~~~~
main.c:1356:9: error: too many arguments to function ‘my_free’; expected 0, have 2
 1356 |         my_free(outname, 0);\
      |         ^~~~~~~ ~~~~~~~
main.c:1881:33: note: in expansion of macro ‘RETURN’
 1881 |                                 RETURN(0);
      |                                 ^~~~~~
index/glimpse.h:219:12: note: declared here
  219 | extern int my_free();
      |            ^~~~~~~
main.c:1357:9: error: too many arguments to function ‘my_free’; expected 0, have 2
 1357 |         my_free(TEMP_DIR, MAX_LINE_LEN);\
      |         ^~~~~~~ ~~~~~~~~
main.c:1881:33: note: in expansion of macro ‘RETURN’
 1881 |                                 RETURN(0);
      |                                 ^~~~~~
index/glimpse.h:219:12: note: declared here
  219 | extern int my_free();
      |            ^~~~~~~
main.c:1358:9: error: too many arguments to function ‘my_free’; expected 0, have 2
 1358 |         my_free(filenames_file, MAX_LINE_LEN);\
      |         ^~~~~~~ ~~~~~~~~~~~~~~
main.c:1881:33: note: in expansion of macro ‘RETURN’
 1881 |                                 RETURN(0);
      |                                 ^~~~~~
index/glimpse.h:219:12: note: declared here
  219 | extern int my_free();
      |            ^~~~~~~
main.c:1359:9: error: too many arguments to function ‘my_free’; expected 0, have 2
 1359 |         my_free(bitfield_file, MAX_LINE_LEN);\
      |         ^~~~~~~ ~~~~~~~~~~~~~
main.c:1881:33: note: in expansion of macro ‘RETURN’
 1881 |                                 RETURN(0);
      |                                 ^~~~~~
index/glimpse.h:219:12: note: declared here
  219 | extern int my_free();
      |            ^~~~~~~
main.c:1363:25: error: too many arguments to function ‘free_list’; expected 0, have 1
 1363 |                         free_list(&src_offset_table[k]);\
      |                         ^~~~~~~~~ ~~~~~~~~~~~~~~~~~~~~
main.c:1881:33: note: in expansion of macro ‘RETURN’
 1881 |                                 RETURN(0);
      |                                 ^~~~~~
main.c:204:8: note: declared here
  204 | extern free_list();
      |        ^~~~~~~~~
main.c:1368:25: error: too many arguments to function ‘free_list’; expected 0, have 1
 1368 |                         free_list(&multi_dest_offset_table[q][k]);\
      |                         ^~~~~~~~~ ~~~~~~~~~~~~~~~~~~~~~~~~~~~~~~
main.c:1881:33: note: in expansion of macro ‘RETURN’
 1881 |                                 RETURN(0);
      |                                 ^~~~~~
main.c:204:8: note: declared here
  204 | extern free_list();
      |        ^~~~~~~~~
main.c:1377:17: error: too many arguments to function ‘my_free’; expected 0, have 2
 1377 |                 my_free(GTextfiles[k], 0);\
      |                 ^~~~~~~ ~~~~~~~~~~~~~
main.c:1881:33: note: in expansion of macro ‘RETURN’
 1881 |                                 RETURN(0);
      |                                 ^~~~~~
index/glimpse.h:219:12: note: declared here
  219 | extern int my_free();
      |            ^~~~~~~
main.c:1341:44: error: too many arguments to function ‘my_free’; expected 0, have 2
 1341 |                 if (agrep_argv[k] != NULL) my_free(agrep_argv[k], 0);\
      |                                            ^~~~~~~ ~~~~~~~~~~~~~
main.c:1887:33: note: in expansion of macro ‘RETURN’
 1887 |                                 RETURN(usage());
      |                                 ^~~~~~
index/glimpse.h:219:12: note: declared here
  219 | extern int my_free();
      |            ^~~~~~~
main.c:1342:44: error: too many arguments to function ‘my_free’; expected 0, have 2
 1342 |                 if (index_argv[k] != NULL) my_free(index_argv[k], 0);\
      |                                            ^~~~~~~ ~~~~~~~~~~~~~
main.c:1887:33: note: in expansion of macro ‘RETURN’
 1887 |                                 RETURN(usage());
      |                                 ^~~~~~
index/glimpse.h:219:12: note: declared here
  219 | extern int my_free();
      |            ^~~~~~~
main.c:1345:30: error: too many arguments to function ‘my_free’; expected 0, have 2
 1345 |         if (FileOpt != NULL) my_free(FileOpt, MAXFILEOPT);\
      |                              ^~~~~~~ ~~~~~~~
main.c:1887:33: note: in expansion of macro ‘RETURN’
 1887 |                                 RETURN(usage());
      |                                 ^~~~~~
index/glimpse.h:219:12: note: declared here
  219 | extern int my_free();
      |            ^~~~~~~
main.c:1348:42: error: too many arguments to function ‘my_free’; expected 0, have 2
 1348 |                 if (pat_list[k] != NULL) my_free(pat_list[k], 0);\
      |                                          ^~~~~~~ ~~~~~~~~~~~
main.c:1887:33: note: in expansion of macro ‘RETURN’
 1887 |                                 RETURN(usage());
      |                                 ^~~~~~
index/glimpse.h:219:12: note: declared here
  219 | extern int my_free();
      |            ^~~~~~~
main.c:1355:9: error: too many arguments to function ‘my_free’; expected 0, have 2
 1355 |         my_free(outname[0], 0);\
      |         ^~~~~~~ ~~~~~~~~~~
main.c:1887:33: note: in expansion of macro ‘RETURN’
 1887 |                                 RETURN(usage());
      |                                 ^~~~~~
index/glimpse.h:219:12: note: declared here
  219 | extern int my_free();
      |            ^~~~~~~
main.c:1356:9: error: too many arguments to function ‘my_free’; expected 0, have 2
 1356 |         my_free(outname, 0);\
      |         ^~~~~~~ ~~~~~~~
main.c:1887:33: note: in expansion of macro ‘RETURN’
 1887 |                                 RETURN(usage());
      |                                 ^~~~~~
index/glimpse.h:219:12: note: declared here
  219 | extern int my_free();
      |            ^~~~~~~
main.c:1357:9: error: too many arguments to function ‘my_free’; expected 0, have 2
 1357 |         my_free(TEMP_DIR, MAX_LINE_LEN);\
      |         ^~~~~~~ ~~~~~~~~
main.c:1887:33: note: in expansion of macro ‘RETURN’
 1887 |                                 RETURN(usage());
      |                                 ^~~~~~
index/glimpse.h:219:12: note: declared here
  219 | extern int my_free();
      |            ^~~~~~~
main.c:1358:9: error: too many arguments to function ‘my_free’; expected 0, have 2
 1358 |         my_free(filenames_file, MAX_LINE_LEN);\
      |         ^~~~~~~ ~~~~~~~~~~~~~~
main.c:1887:33: note: in expansion of macro ‘RETURN’
 1887 |                                 RETURN(usage());
      |                                 ^~~~~~
index/glimpse.h:219:12: note: declared here
  219 | extern int my_free();
      |            ^~~~~~~
main.c:1359:9: error: too many arguments to function ‘my_free’; expected 0, have 2
 1359 |         my_free(bitfield_file, MAX_LINE_LEN);\
      |         ^~~~~~~ ~~~~~~~~~~~~~
main.c:1887:33: note: in expansion of macro ‘RETURN’
 1887 |                                 RETURN(usage());
      |                                 ^~~~~~
index/glimpse.h:219:12: note: declared here
  219 | extern int my_free();
      |            ^~~~~~~
main.c:1363:25: error: too many arguments to function ‘free_list’; expected 0, have 1
 1363 |                         free_list(&src_offset_table[k]);\
      |                         ^~~~~~~~~ ~~~~~~~~~~~~~~~~~~~~
main.c:1887:33: note: in expansion of macro ‘RETURN’
 1887 |                                 RETURN(usage());
      |                                 ^~~~~~
main.c:204:8: note: declared here
  204 | extern free_list();
      |        ^~~~~~~~~
main.c:1368:25: error: too many arguments to function ‘free_list’; expected 0, have 1
 1368 |                         free_list(&multi_dest_offset_table[q][k]);\
      |                         ^~~~~~~~~ ~~~~~~~~~~~~~~~~~~~~~~~~~~~~~~
main.c:1887:33: note: in expansion of macro ‘RETURN’
 1887 |                                 RETURN(usage());
      |                                 ^~~~~~
main.c:204:8: note: declared here
  204 | extern free_list();
      |        ^~~~~~~~~
main.c:1377:17: error: too many arguments to function ‘my_free’; expected 0, have 2
 1377 |                 my_free(GTextfiles[k], 0);\
      |                 ^~~~~~~ ~~~~~~~~~~~~~
main.c:1887:33: note: in expansion of macro ‘RETURN’
 1887 |                                 RETURN(usage());
      |                                 ^~~~~~
index/glimpse.h:219:12: note: declared here
  219 | extern int my_free();
      |            ^~~~~~~
main.c:1893:66: error: too many arguments to function ‘my_malloc’; expected 0, have 1
 1893 |                                 agrep_argv[agrep_argc] = (char *)my_malloc(strlen(argv[0]) + 2);
      |                                                                  ^~~~~~~~~ ~~~~~~~~~~~~~~~~~~~
index/glimpse.h:218:14: note: declared here
  218 | extern char *my_malloc();
      |              ^~~~~~~~~
main.c:1903:66: error: too many arguments to function ‘my_malloc’; expected 0, have 1
 1903 |                                 agrep_argv[agrep_argc] = (char *)my_malloc(4);
      |                                                                  ^~~~~~~~~ ~
index/glimpse.h:218:14: note: declared here
  218 | extern char *my_malloc();
      |              ^~~~~~~~~
main.c:1916:66: error: too many arguments to function ‘my_malloc’; expected 0, have 1
 1916 |                                 agrep_argv[agrep_argc] = (char *)my_malloc(16);
      |                                                                  ^~~~~~~~~ ~~
index/glimpse.h:218:14: note: declared here
  218 | extern char *my_malloc();
      |              ^~~~~~~~~
main.c:1341:44: error: too many arguments to function ‘my_free’; expected 0, have 2
 1341 |                 if (agrep_argv[k] != NULL) my_free(agrep_argv[k], 0);\
      |                                            ^~~~~~~ ~~~~~~~~~~~~~
main.c:1942:57: note: in expansion of macro ‘RETURN’
 1942 |                                                         RETURN(usage());
      |                                                         ^~~~~~
index/glimpse.h:219:12: note: declared here
  219 | extern int my_free();
      |            ^~~~~~~
main.c:1342:44: error: too many arguments to function ‘my_free’; expected 0, have 2
 1342 |                 if (index_argv[k] != NULL) my_free(index_argv[k], 0);\
      |                                            ^~~~~~~ ~~~~~~~~~~~~~
main.c:1942:57: note: in expansion of macro ‘RETURN’
 1942 |                                                         RETURN(usage());
      |                                                         ^~~~~~
index/glimpse.h:219:12: note: declared here
  219 | extern int my_free();
      |            ^~~~~~~
main.c:1345:30: error: too many arguments to function ‘my_free’; expected 0, have 2
 1345 |         if (FileOpt != NULL) my_free(FileOpt, MAXFILEOPT);\
      |                              ^~~~~~~ ~~~~~~~
main.c:1942:57: note: in expansion of macro ‘RETURN’
 1942 |                                                         RETURN(usage());
      |                                                         ^~~~~~
index/glimpse.h:219:12: note: declared here
  219 | extern int my_free();
      |            ^~~~~~~
main.c:1348:42: error: too many arguments to function ‘my_free’; expected 0, have 2
 1348 |                 if (pat_list[k] != NULL) my_free(pat_list[k], 0);\
      |                                          ^~~~~~~ ~~~~~~~~~~~
main.c:1942:57: note: in expansion of macro ‘RETURN’
 1942 |                                                         RETURN(usage());
      |                                                         ^~~~~~
index/glimpse.h:219:12: note: declared here
  219 | extern int my_free();
      |            ^~~~~~~
main.c:1355:9: error: too many arguments to function ‘my_free’; expected 0, have 2
 1355 |         my_free(outname[0], 0);\
      |         ^~~~~~~ ~~~~~~~~~~
main.c:1942:57: note: in expansion of macro ‘RETURN’
 1942 |                                                         RETURN(usage());
      |                                                         ^~~~~~
index/glimpse.h:219:12: note: declared here
  219 | extern int my_free();
      |            ^~~~~~~
main.c:1356:9: error: too many arguments to function ‘my_free’; expected 0, have 2
 1356 |         my_free(outname, 0);\
      |         ^~~~~~~ ~~~~~~~
main.c:1942:57: note: in expansion of macro ‘RETURN’
 1942 |                                                         RETURN(usage());
      |                                                         ^~~~~~
index/glimpse.h:219:12: note: declared here
  219 | extern int my_free();
      |            ^~~~~~~
main.c:1357:9: error: too many arguments to function ‘my_free’; expected 0, have 2
 1357 |         my_free(TEMP_DIR, MAX_LINE_LEN);\
      |         ^~~~~~~ ~~~~~~~~
main.c:1942:57: note: in expansion of macro ‘RETURN’
 1942 |                                                         RETURN(usage());
      |                                                         ^~~~~~
index/glimpse.h:219:12: note: declared here
  219 | extern int my_free();
      |            ^~~~~~~
main.c:1358:9: error: too many arguments to function ‘my_free’; expected 0, have 2
 1358 |         my_free(filenames_file, MAX_LINE_LEN);\
      |         ^~~~~~~ ~~~~~~~~~~~~~~
main.c:1942:57: note: in expansion of macro ‘RETURN’
 1942 |                                                         RETURN(usage());
      |                                                         ^~~~~~
index/glimpse.h:219:12: note: declared here
  219 | extern int my_free();
      |            ^~~~~~~
main.c:1359:9: error: too many arguments to function ‘my_free’; expected 0, have 2
 1359 |         my_free(bitfield_file, MAX_LINE_LEN);\
      |         ^~~~~~~ ~~~~~~~~~~~~~
main.c:1942:57: note: in expansion of macro ‘RETURN’
 1942 |                                                         RETURN(usage());
      |                                                         ^~~~~~
index/glimpse.h:219:12: note: declared here
  219 | extern int my_free();
      |            ^~~~~~~
main.c:1363:25: error: too many arguments to function ‘free_list’; expected 0, have 1
 1363 |                         free_list(&src_offset_table[k]);\
      |                         ^~~~~~~~~ ~~~~~~~~~~~~~~~~~~~~
main.c:1942:57: note: in expansion of macro ‘RETURN’
 1942 |                                                         RETURN(usage());
      |                                                         ^~~~~~
main.c:204:8: note: declared here
  204 | extern free_list();
      |        ^~~~~~~~~
main.c:1368:25: error: too many arguments to function ‘free_list’; expected 0, have 1
 1368 |                         free_list(&multi_dest_offset_table[q][k]);\
      |                         ^~~~~~~~~ ~~~~~~~~~~~~~~~~~~~~~~~~~~~~~~
main.c:1942:57: note: in expansion of macro ‘RETURN’
 1942 |                                                         RETURN(usage());
      |                                                         ^~~~~~
main.c:204:8: note: declared here
  204 | extern free_list();
      |        ^~~~~~~~~
main.c:1377:17: error: too many arguments to function ‘my_free’; expected 0, have 2
 1377 |                 my_free(GTextfiles[k], 0);\
      |                 ^~~~~~~ ~~~~~~~~~~~~~
main.c:1942:57: note: in expansion of macro ‘RETURN’
 1942 |                                                         RETURN(usage());
      |                                                         ^~~~~~
index/glimpse.h:219:12: note: declared here
  219 | extern int my_free();
      |            ^~~~~~~
main.c:1341:44: error: too many arguments to function ‘my_free’; expected 0, have 2
 1341 |                 if (agrep_argv[k] != NULL) my_free(agrep_argv[k], 0);\
      |                                            ^~~~~~~ ~~~~~~~~~~~~~
main.c:1947:57: note: in expansion of macro ‘RETURN’
 1947 |                                                         RETURN(usage());
      |                                                         ^~~~~~
index/glimpse.h:219:12: note: declared here
  219 | extern int my_free();
      |            ^~~~~~~
main.c:1342:44: error: too many arguments to function ‘my_free’; expected 0, have 2
 1342 |                 if (index_argv[k] != NULL) my_free(index_argv[k], 0);\
      |                                            ^~~~~~~ ~~~~~~~~~~~~~
main.c:1947:57: note: in expansion of macro ‘RETURN’
 1947 |                                                         RETURN(usage());
      |                                                         ^~~~~~
index/glimpse.h:219:12: note: declared here
  219 | extern int my_free();
      |            ^~~~~~~
main.c:1345:30: error: too many arguments to function ‘my_free’; expected 0, have 2
 1345 |         if (FileOpt != NULL) my_free(FileOpt, MAXFILEOPT);\
      |                              ^~~~~~~ ~~~~~~~
main.c:1947:57: note: in expansion of macro ‘RETURN’
 1947 |                                                         RETURN(usage());
      |                                                         ^~~~~~
index/glimpse.h:219:12: note: declared here
  219 | extern int my_free();
      |            ^~~~~~~
main.c:1348:42: error: too many arguments to function ‘my_free’; expected 0, have 2
 1348 |                 if (pat_list[k] != NULL) my_free(pat_list[k], 0);\
      |                                          ^~~~~~~ ~~~~~~~~~~~
main.c:1947:57: note: in expansion of macro ‘RETURN’
 1947 |                                                         RETURN(usage());
      |                                                         ^~~~~~
index/glimpse.h:219:12: note: declared here
  219 | extern int my_free();
      |            ^~~~~~~
main.c:1355:9: error: too many arguments to function ‘my_free’; expected 0, have 2
 1355 |         my_free(outname[0], 0);\
      |         ^~~~~~~ ~~~~~~~~~~
main.c:1947:57: note: in expansion of macro ‘RETURN’
 1947 |                                                         RETURN(usage());
      |                                                         ^~~~~~
index/glimpse.h:219:12: note: declared here
  219 | extern int my_free();
      |            ^~~~~~~
main.c:1356:9: error: too many arguments to function ‘my_free’; expected 0, have 2
 1356 |         my_free(outname, 0);\
      |         ^~~~~~~ ~~~~~~~
main.c:1947:57: note: in expansion of macro ‘RETURN’
 1947 |                                                         RETURN(usage());
      |                                                         ^~~~~~
index/glimpse.h:219:12: note: declared here
  219 | extern int my_free();
      |            ^~~~~~~
main.c:1357:9: error: too many arguments to function ‘my_free’; expected 0, have 2
 1357 |         my_free(TEMP_DIR, MAX_LINE_LEN);\
      |         ^~~~~~~ ~~~~~~~~
main.c:1947:57: note: in expansion of macro ‘RETURN’
 1947 |                                                         RETURN(usage());
      |                                                         ^~~~~~
index/glimpse.h:219:12: note: declared here
  219 | extern int my_free();
      |            ^~~~~~~
main.c:1358:9: error: too many arguments to function ‘my_free’; expected 0, have 2
 1358 |         my_free(filenames_file, MAX_LINE_LEN);\
      |         ^~~~~~~ ~~~~~~~~~~~~~~
main.c:1947:57: note: in expansion of macro ‘RETURN’
 1947 |                                                         RETURN(usage());
      |                                                         ^~~~~~
index/glimpse.h:219:12: note: declared here
  219 | extern int my_free();
      |            ^~~~~~~
main.c:1359:9: error: too many arguments to function ‘my_free’; expected 0, have 2
 1359 |         my_free(bitfield_file, MAX_LINE_LEN);\
      |         ^~~~~~~ ~~~~~~~~~~~~~
main.c:1947:57: note: in expansion of macro ‘RETURN’
 1947 |                                                         RETURN(usage());
      |                                                         ^~~~~~
index/glimpse.h:219:12: note: declared here
  219 | extern int my_free();
      |            ^~~~~~~
main.c:1363:25: error: too many arguments to function ‘free_list’; expected 0, have 1
 1363 |                         free_list(&src_offset_table[k]);\
      |                         ^~~~~~~~~ ~~~~~~~~~~~~~~~~~~~~
main.c:1947:57: note: in expansion of macro ‘RETURN’
 1947 |                                                         RETURN(usage());
      |                                                         ^~~~~~
main.c:204:8: note: declared here
  204 | extern free_list();
      |        ^~~~~~~~~
main.c:1368:25: error: too many arguments to function ‘free_list’; expected 0, have 1
 1368 |                         free_list(&multi_dest_offset_table[q][k]);\
      |                         ^~~~~~~~~ ~~~~~~~~~~~~~~~~~~~~~~~~~~~~~~
main.c:1947:57: note: in expansion of macro ‘RETURN’
 1947 |                                                         RETURN(usage());
      |                                                         ^~~~~~
main.c:204:8: note: declared here
  204 | extern free_list();
      |        ^~~~~~~~~
main.c:1377:17: error: too many arguments to function ‘my_free’; expected 0, have 2
 1377 |                 my_free(GTextfiles[k], 0);\
      |                 ^~~~~~~ ~~~~~~~~~~~~~
main.c:1947:57: note: in expansion of macro ‘RETURN’
 1947 |                                                         RETURN(usage());
      |                                                         ^~~~~~
index/glimpse.h:219:12: note: declared here
  219 | extern int my_free();
      |            ^~~~~~~
main.c:1341:44: error: too many arguments to function ‘my_free’; expected 0, have 2
 1341 |                 if (agrep_argv[k] != NULL) my_free(agrep_argv[k], 0);\
      |                                            ^~~~~~~ ~~~~~~~~~~~~~
main.c:1955:65: note: in expansion of macro ‘RETURN’
 1955 |                                                                 RETURN(usage());
      |                                                                 ^~~~~~
index/glimpse.h:219:12: note: declared here
  219 | extern int my_free();
      |            ^~~~~~~
main.c:1342:44: error: too many arguments to function ‘my_free’; expected 0, have 2
 1342 |                 if (index_argv[k] != NULL) my_free(index_argv[k], 0);\
      |                                            ^~~~~~~ ~~~~~~~~~~~~~
main.c:1955:65: note: in expansion of macro ‘RETURN’
 1955 |                                                                 RETURN(usage());
      |                                                                 ^~~~~~
index/glimpse.h:219:12: note: declared here
  219 | extern int my_free();
      |            ^~~~~~~
main.c:1345:30: error: too many arguments to function ‘my_free’; expected 0, have 2
 1345 |         if (FileOpt != NULL) my_free(FileOpt, MAXFILEOPT);\
      |                              ^~~~~~~ ~~~~~~~
main.c:1955:65: note: in expansion of macro ‘RETURN’
 1955 |                                                                 RETURN(usage());
      |                                                                 ^~~~~~
index/glimpse.h:219:12: note: declared here
  219 | extern int my_free();
      |            ^~~~~~~
main.c:1348:42: error: too many arguments to function ‘my_free’; expected 0, have 2
 1348 |                 if (pat_list[k] != NULL) my_free(pat_list[k], 0);\
      |                                          ^~~~~~~ ~~~~~~~~~~~
main.c:1955:65: note: in expansion of macro ‘RETURN’
 1955 |                                                                 RETURN(usage());
      |                                                                 ^~~~~~
index/glimpse.h:219:12: note: declared here
  219 | extern int my_free();
      |            ^~~~~~~
main.c:1355:9: error: too many arguments to function ‘my_free’; expected 0, have 2
 1355 |         my_free(outname[0], 0);\
      |         ^~~~~~~ ~~~~~~~~~~
main.c:1955:65: note: in expansion of macro ‘RETURN’
 1955 |                                                                 RETURN(usage());
      |                                                                 ^~~~~~
index/glimpse.h:219:12: note: declared here
  219 | extern int my_free();
      |            ^~~~~~~
main.c:1356:9: error: too many arguments to function ‘my_free’; expected 0, have 2
 1356 |         my_free(outname, 0);\
      |         ^~~~~~~ ~~~~~~~
main.c:1955:65: note: in expansion of macro ‘RETURN’
 1955 |                                                                 RETURN(usage());
      |                                                                 ^~~~~~
index/glimpse.h:219:12: note: declared here
  219 | extern int my_free();
      |            ^~~~~~~
main.c:1357:9: error: too many arguments to function ‘my_free’; expected 0, have 2
 1357 |         my_free(TEMP_DIR, MAX_LINE_LEN);\
      |         ^~~~~~~ ~~~~~~~~
main.c:1955:65: note: in expansion of macro ‘RETURN’
 1955 |                                                                 RETURN(usage());
      |                                                                 ^~~~~~
index/glimpse.h:219:12: note: declared here
  219 | extern int my_free();
      |            ^~~~~~~
main.c:1358:9: error: too many arguments to function ‘my_free’; expected 0, have 2
 1358 |         my_free(filenames_file, MAX_LINE_LEN);\
      |         ^~~~~~~ ~~~~~~~~~~~~~~
main.c:1955:65: note: in expansion of macro ‘RETURN’
 1955 |                                                                 RETURN(usage());
      |                                                                 ^~~~~~
index/glimpse.h:219:12: note: declared here
  219 | extern int my_free();
      |            ^~~~~~~
main.c:1359:9: error: too many arguments to function ‘my_free’; expected 0, have 2
 1359 |         my_free(bitfield_file, MAX_LINE_LEN);\
      |         ^~~~~~~ ~~~~~~~~~~~~~
main.c:1955:65: note: in expansion of macro ‘RETURN’
 1955 |                                                                 RETURN(usage());
      |                                                                 ^~~~~~
index/glimpse.h:219:12: note: declared here
  219 | extern int my_free();
      |            ^~~~~~~
main.c:1363:25: error: too many arguments to function ‘free_list’; expected 0, have 1
 1363 |                         free_list(&src_offset_table[k]);\
      |                         ^~~~~~~~~ ~~~~~~~~~~~~~~~~~~~~
main.c:1955:65: note: in expansion of macro ‘RETURN’
 1955 |                                                                 RETURN(usage());
      |                                                                 ^~~~~~
main.c:204:8: note: declared here
  204 | extern free_list();
      |        ^~~~~~~~~
main.c:1368:25: error: too many arguments to function ‘free_list’; expected 0, have 1
 1368 |                         free_list(&multi_dest_offset_table[q][k]);\
      |                         ^~~~~~~~~ ~~~~~~~~~~~~~~~~~~~~~~~~~~~~~~
main.c:1955:65: note: in expansion of macro ‘RETURN’
 1955 |                                                                 RETURN(usage());
      |                                                                 ^~~~~~
main.c:204:8: note: declared here
  204 | extern free_list();
      |        ^~~~~~~~~
main.c:1377:17: error: too many arguments to function ‘my_free’; expected 0, have 2
 1377 |                 my_free(GTextfiles[k], 0);\
      |                 ^~~~~~~ ~~~~~~~~~~~~~
main.c:1955:65: note: in expansion of macro ‘RETURN’
 1955 |                                                                 RETURN(usage());
      |                                                                 ^~~~~~
index/glimpse.h:219:12: note: declared here
  219 | extern int my_free();
      |            ^~~~~~~
main.c:1958:82: error: too many arguments to function ‘my_malloc’; expected 0, have 1
 1958 |                                                 agrep_argv[agrep_argc] = (char *)my_malloc(strlen(argv[0]) + 2);
      |                                                                                  ^~~~~~~~~ ~~~~~~~~~~~~~~~~~~~
index/glimpse.h:218:14: note: declared here
  218 | extern char *my_malloc();
      |              ^~~~~~~~~
main.c:1961:57: error: too many arguments to function ‘preprocess_delimiter’; expected 0, have 4
 1961 |                                                         preprocess_delimiter(argv[0], D_length, GD_pattern, &GD_length);
      |                                                         ^~~~~~~~~~~~~~~~~~~~ ~~~~~~~
agrep/agrep.h:101:13: note: declared here
  101 | extern void preprocess_delimiter();
      |             ^~~~~~~~~~~~~~~~~~~~
main.c:1341:44: error: too many arguments to function ‘my_free’; expected 0, have 2
 1341 |                 if (agrep_argv[k] != NULL) my_free(agrep_argv[k], 0);\
      |                                            ^~~~~~~ ~~~~~~~~~~~~~
main.c:1970:57: note: in expansion of macro ‘RETURN’
 1970 |                                                         RETURN(usage());
      |                                                         ^~~~~~
index/glimpse.h:219:12: note: declared here
  219 | extern int my_free();
      |            ^~~~~~~
main.c:1342:44: error: too many arguments to function ‘my_free’; expected 0, have 2
 1342 |                 if (index_argv[k] != NULL) my_free(index_argv[k], 0);\
      |                                            ^~~~~~~ ~~~~~~~~~~~~~
main.c:1970:57: note: in expansion of macro ‘RETURN’
 1970 |                                                         RETURN(usage());
      |                                                         ^~~~~~
index/glimpse.h:219:12: note: declared here
  219 | extern int my_free();
      |            ^~~~~~~
main.c:1345:30: error: too many arguments to function ‘my_free’; expected 0, have 2
 1345 |         if (FileOpt != NULL) my_free(FileOpt, MAXFILEOPT);\
      |                              ^~~~~~~ ~~~~~~~
main.c:1970:57: note: in expansion of macro ‘RETURN’
 1970 |                                                         RETURN(usage());
      |                                                         ^~~~~~
index/glimpse.h:219:12: note: declared here
  219 | extern int my_free();
      |            ^~~~~~~
main.c:1348:42: error: too many arguments to function ‘my_free’; expected 0, have 2
 1348 |                 if (pat_list[k] != NULL) my_free(pat_list[k], 0);\
      |                                          ^~~~~~~ ~~~~~~~~~~~
main.c:1970:57: note: in expansion of macro ‘RETURN’
 1970 |                                                         RETURN(usage());
      |                                                         ^~~~~~
index/glimpse.h:219:12: note: declared here
  219 | extern int my_free();
      |            ^~~~~~~
main.c:1355:9: error: too many arguments to function ‘my_free’; expected 0, have 2
 1355 |         my_free(outname[0], 0);\
      |         ^~~~~~~ ~~~~~~~~~~
main.c:1970:57: note: in expansion of macro ‘RETURN’
 1970 |                                                         RETURN(usage());
      |                                                         ^~~~~~
index/glimpse.h:219:12: note: declared here
  219 | extern int my_free();
      |            ^~~~~~~
main.c:1356:9: error: too many arguments to function ‘my_free’; expected 0, have 2
 1356 |         my_free(outname, 0);\
      |         ^~~~~~~ ~~~~~~~
main.c:1970:57: note: in expansion of macro ‘RETURN’
 1970 |                                                         RETURN(usage());
      |                                                         ^~~~~~
index/glimpse.h:219:12: note: declared here
  219 | extern int my_free();
      |            ^~~~~~~
main.c:1357:9: error: too many arguments to function ‘my_free’; expected 0, have 2
 1357 |         my_free(TEMP_DIR, MAX_LINE_LEN);\
      |         ^~~~~~~ ~~~~~~~~
main.c:1970:57: note: in expansion of macro ‘RETURN’
 1970 |                                                         RETURN(usage());
      |                                                         ^~~~~~
index/glimpse.h:219:12: note: declared here
  219 | extern int my_free();
      |            ^~~~~~~
main.c:1358:9: error: too many arguments to function ‘my_free’; expected 0, have 2
 1358 |         my_free(filenames_file, MAX_LINE_LEN);\
      |         ^~~~~~~ ~~~~~~~~~~~~~~
main.c:1970:57: note: in expansion of macro ‘RETURN’
 1970 |                                                         RETURN(usage());
      |                                                         ^~~~~~
index/glimpse.h:219:12: note: declared here
  219 | extern int my_free();
      |            ^~~~~~~
main.c:1359:9: error: too many arguments to function ‘my_free’; expected 0, have 2
 1359 |         my_free(bitfield_file, MAX_LINE_LEN);\
      |         ^~~~~~~ ~~~~~~~~~~~~~
main.c:1970:57: note: in expansion of macro ‘RETURN’
 1970 |                                                         RETURN(usage());
      |                                                         ^~~~~~
index/glimpse.h:219:12: note: declared here
  219 | extern int my_free();
      |            ^~~~~~~
main.c:1363:25: error: too many arguments to function ‘free_list’; expected 0, have 1
 1363 |                         free_list(&src_offset_table[k]);\
      |                         ^~~~~~~~~ ~~~~~~~~~~~~~~~~~~~~
main.c:1970:57: note: in expansion of macro ‘RETURN’
 1970 |                                                         RETURN(usage());
      |                                                         ^~~~~~
main.c:204:8: note: declared here
  204 | extern free_list();
      |        ^~~~~~~~~
main.c:1368:25: error: too many arguments to function ‘free_list’; expected 0, have 1
 1368 |                         free_list(&multi_dest_offset_table[q][k]);\
      |                         ^~~~~~~~~ ~~~~~~~~~~~~~~~~~~~~~~~~~~~~~~
main.c:1970:57: note: in expansion of macro ‘RETURN’
 1970 |                                                         RETURN(usage());
      |                                                         ^~~~~~
main.c:204:8: note: declared here
  204 | extern free_list();
      |        ^~~~~~~~~
main.c:1377:17: error: too many arguments to function ‘my_free’; expected 0, have 2
 1377 |                 my_free(GTextfiles[k], 0);\
      |                 ^~~~~~~ ~~~~~~~~~~~~~
main.c:1970:57: note: in expansion of macro ‘RETURN’
 1970 |                                                         RETURN(usage());
      |                                                         ^~~~~~
index/glimpse.h:219:12: note: declared here
  219 | extern int my_free();
      |            ^~~~~~~
main.c:1341:44: error: too many arguments to function ‘my_free’; expected 0, have 2
 1341 |                 if (agrep_argv[k] != NULL) my_free(agrep_argv[k], 0);\
      |                                            ^~~~~~~ ~~~~~~~~~~~~~
main.c:1978:65: note: in expansion of macro ‘RETURN’
 1978 |                                                                 RETURN(usage());
      |                                                                 ^~~~~~
index/glimpse.h:219:12: note: declared here
  219 | extern int my_free();
      |            ^~~~~~~
main.c:1342:44: error: too many arguments to function ‘my_free’; expected 0, have 2
 1342 |                 if (index_argv[k] != NULL) my_free(index_argv[k], 0);\
      |                                            ^~~~~~~ ~~~~~~~~~~~~~
main.c:1978:65: note: in expansion of macro ‘RETURN’
 1978 |                                                                 RETURN(usage());
      |                                                                 ^~~~~~
index/glimpse.h:219:12: note: declared here
  219 | extern int my_free();
      |            ^~~~~~~
main.c:1345:30: error: too many arguments to function ‘my_free’; expected 0, have 2
 1345 |         if (FileOpt != NULL) my_free(FileOpt, MAXFILEOPT);\
      |                              ^~~~~~~ ~~~~~~~
main.c:1978:65: note: in expansion of macro ‘RETURN’
 1978 |                                                                 RETURN(usage());
      |                                                                 ^~~~~~
index/glimpse.h:219:12: note: declared here
  219 | extern int my_free();
      |            ^~~~~~~
main.c:1348:42: error: too many arguments to function ‘my_free’; expected 0, have 2
 1348 |                 if (pat_list[k] != NULL) my_free(pat_list[k], 0);\
      |                                          ^~~~~~~ ~~~~~~~~~~~
main.c:1978:65: note: in expansion of macro ‘RETURN’
 1978 |                                                                 RETURN(usage());
      |                                                                 ^~~~~~
index/glimpse.h:219:12: note: declared here
  219 | extern int my_free();
      |            ^~~~~~~
main.c:1355:9: error: too many arguments to function ‘my_free’; expected 0, have 2
 1355 |         my_free(outname[0], 0);\
      |         ^~~~~~~ ~~~~~~~~~~
main.c:1978:65: note: in expansion of macro ‘RETURN’
 1978 |                                                                 RETURN(usage());
      |                                                                 ^~~~~~
index/glimpse.h:219:12: note: declared here
  219 | extern int my_free();
      |            ^~~~~~~
main.c:1356:9: error: too many arguments to function ‘my_free’; expected 0, have 2
 1356 |         my_free(outname, 0);\
      |         ^~~~~~~ ~~~~~~~
main.c:1978:65: note: in expansion of macro ‘RETURN’
 1978 |                                                                 RETURN(usage());
      |                                                                 ^~~~~~
index/glimpse.h:219:12: note: declared here
  219 | extern int my_free();
      |            ^~~~~~~
main.c:1357:9: error: too many arguments to function ‘my_free’; expected 0, have 2
 1357 |         my_free(TEMP_DIR, MAX_LINE_LEN);\
      |         ^~~~~~~ ~~~~~~~~
main.c:1978:65: note: in expansion of macro ‘RETURN’
 1978 |                                                                 RETURN(usage());
      |                                                                 ^~~~~~
index/glimpse.h:219:12: note: declared here
  219 | extern int my_free();
      |            ^~~~~~~
main.c:1358:9: error: too many arguments to function ‘my_free’; expected 0, have 2
 1358 |         my_free(filenames_file, MAX_LINE_LEN);\
      |         ^~~~~~~ ~~~~~~~~~~~~~~
main.c:1978:65: note: in expansion of macro ‘RETURN’
 1978 |                                                                 RETURN(usage());
      |                                                                 ^~~~~~
index/glimpse.h:219:12: note: declared here
  219 | extern int my_free();
      |            ^~~~~~~
main.c:1359:9: error: too many arguments to function ‘my_free’; expected 0, have 2
 1359 |         my_free(bitfield_file, MAX_LINE_LEN);\
      |         ^~~~~~~ ~~~~~~~~~~~~~
main.c:1978:65: note: in expansion of macro ‘RETURN’
 1978 |                                                                 RETURN(usage());
      |                                                                 ^~~~~~
index/glimpse.h:219:12: note: declared here
  219 | extern int my_free();
      |            ^~~~~~~
main.c:1363:25: error: too many arguments to function ‘free_list’; expected 0, have 1
 1363 |                         free_list(&src_offset_table[k]);\
      |                         ^~~~~~~~~ ~~~~~~~~~~~~~~~~~~~~
main.c:1978:65: note: in expansion of macro ‘RETURN’
 1978 |                                                                 RETURN(usage());
      |                                                                 ^~~~~~
main.c:204:8: note: declared here
  204 | extern free_list();
      |        ^~~~~~~~~
main.c:1368:25: error: too many arguments to function ‘free_list’; expected 0, have 1
 1368 |                         free_list(&multi_dest_offset_table[q][k]);\
      |                         ^~~~~~~~~ ~~~~~~~~~~~~~~~~~~~~~~~~~~~~~~
main.c:1978:65: note: in expansion of macro ‘RETURN’
 1978 |                                                                 RETURN(usage());
      |                                                                 ^~~~~~
main.c:204:8: note: declared here
  204 | extern free_list();
      |        ^~~~~~~~~
main.c:1377:17: error: too many arguments to function ‘my_free’; expected 0, have 2
 1377 |                 my_free(GTextfiles[k], 0);\
      |                 ^~~~~~~ ~~~~~~~~~~~~~
main.c:1978:65: note: in expansion of macro ‘RETURN’
 1978 |                                                                 RETURN(usage());
      |                                                                 ^~~~~~
index/glimpse.h:219:12: note: declared here
  219 | extern int my_free();
      |            ^~~~~~~
main.c:1981:82: error: too many arguments to function ‘my_malloc’; expected 0, have 1
 1981 |                                                 agrep_argv[agrep_argc] = (char *)my_malloc(strlen(p+1) + 2);
      |                                                                                  ^~~~~~~~~ ~~~~~~~~~~~~~~~
index/glimpse.h:218:14: note: declared here
  218 | extern char *my_malloc();
      |              ^~~~~~~~~
main.c:1984:57: error: too many arguments to function ‘preprocess_delimiter’; expected 0, have 4
 1984 |                                                         preprocess_delimiter(p+1, D_length-2, GD_pattern, &GD_length);
      |                                                         ^~~~~~~~~~~~~~~~~~~~ ~~~
agrep/agrep.h:101:13: note: declared here
  101 | extern void preprocess_delimiter();
      |             ^~~~~~~~~~~~~~~~~~~~
main.c:2027:58: error: too many arguments to function ‘my_malloc’; expected 0, have 1
 2027 |                         agrep_argv[agrep_argc] = (char *)my_malloc(strlen(argv[0]) + 2);
      |                                                          ^~~~~~~~~ ~~~~~~~~~~~~~~~~~~~
index/glimpse.h:218:14: note: declared here
  218 | extern char *my_malloc();
      |              ^~~~~~~~~
main.c:1341:44: error: too many arguments to function ‘my_free’; expected 0, have 2
 1341 |                 if (agrep_argv[k] != NULL) my_free(agrep_argv[k], 0);\
      |                                            ^~~~~~~ ~~~~~~~~~~~~~
main.c:2061:25: note: in expansion of macro ‘RETURN’
 2061 |                         RETURN(usage());
      |                         ^~~~~~
index/glimpse.h:219:12: note: declared here
  219 | extern int my_free();
      |            ^~~~~~~
main.c:1342:44: error: too many arguments to function ‘my_free’; expected 0, have 2
 1342 |                 if (index_argv[k] != NULL) my_free(index_argv[k], 0);\
      |                                            ^~~~~~~ ~~~~~~~~~~~~~
main.c:2061:25: note: in expansion of macro ‘RETURN’
 2061 |                         RETURN(usage());
      |                         ^~~~~~
index/glimpse.h:219:12: note: declared here
  219 | extern int my_free();
      |            ^~~~~~~
main.c:1345:30: error: too many arguments to function ‘my_free’; expected 0, have 2
 1345 |         if (FileOpt != NULL) my_free(FileOpt, MAXFILEOPT);\
      |                              ^~~~~~~ ~~~~~~~
main.c:2061:25: note: in expansion of macro ‘RETURN’
 2061 |                         RETURN(usage());
      |                         ^~~~~~
index/glimpse.h:219:12: note: declared here
  219 | extern int my_free();
      |            ^~~~~~~
main.c:1348:42: error: too many arguments to function ‘my_free’; expected 0, have 2
 1348 |                 if (pat_list[k] != NULL) my_free(pat_list[k], 0);\
      |                                          ^~~~~~~ ~~~~~~~~~~~
main.c:2061:25: note: in expansion of macro ‘RETURN’
 2061 |                         RETURN(usage());
      |                         ^~~~~~
index/glimpse.h:219:12: note: declared here
  219 | extern int my_free();
      |            ^~~~~~~
main.c:1355:9: error: too many arguments to function ‘my_free’; expected 0, have 2
 1355 |         my_free(outname[0], 0);\
      |         ^~~~~~~ ~~~~~~~~~~
main.c:2061:25: note: in expansion of macro ‘RETURN’
 2061 |                         RETURN(usage());
      |                         ^~~~~~
index/glimpse.h:219:12: note: declared here
  219 | extern int my_free();
      |            ^~~~~~~
main.c:1356:9: error: too many arguments to function ‘my_free’; expected 0, have 2
 1356 |         my_free(outname, 0);\
      |         ^~~~~~~ ~~~~~~~
main.c:2061:25: note: in expansion of macro ‘RETURN’
 2061 |                         RETURN(usage());
      |                         ^~~~~~
index/glimpse.h:219:12: note: declared here
  219 | extern int my_free();
      |            ^~~~~~~
main.c:1357:9: error: too many arguments to function ‘my_free’; expected 0, have 2
 1357 |         my_free(TEMP_DIR, MAX_LINE_LEN);\
      |         ^~~~~~~ ~~~~~~~~
main.c:2061:25: note: in expansion of macro ‘RETURN’
 2061 |                         RETURN(usage());
      |                         ^~~~~~
index/glimpse.h:219:12: note: declared here
  219 | extern int my_free();
      |            ^~~~~~~
main.c:1358:9: error: too many arguments to function ‘my_free’; expected 0, have 2
 1358 |         my_free(filenames_file, MAX_LINE_LEN);\
      |         ^~~~~~~ ~~~~~~~~~~~~~~
main.c:2061:25: note: in expansion of macro ‘RETURN’
 2061 |                         RETURN(usage());
      |                         ^~~~~~
index/glimpse.h:219:12: note: declared here
  219 | extern int my_free();
      |            ^~~~~~~
main.c:1359:9: error: too many arguments to function ‘my_free’; expected 0, have 2
 1359 |         my_free(bitfield_file, MAX_LINE_LEN);\
      |         ^~~~~~~ ~~~~~~~~~~~~~
main.c:2061:25: note: in expansion of macro ‘RETURN’
 2061 |                         RETURN(usage());
      |                         ^~~~~~
index/glimpse.h:219:12: note: declared here
  219 | extern int my_free();
      |            ^~~~~~~
main.c:1363:25: error: too many arguments to function ‘free_list’; expected 0, have 1
 1363 |                         free_list(&src_offset_table[k]);\
      |                         ^~~~~~~~~ ~~~~~~~~~~~~~~~~~~~~
main.c:2061:25: note: in expansion of macro ‘RETURN’
 2061 |                         RETURN(usage());
      |                         ^~~~~~
main.c:204:8: note: declared here
  204 | extern free_list();
      |        ^~~~~~~~~
main.c:1368:25: error: too many arguments to function ‘free_list’; expected 0, have 1
 1368 |                         free_list(&multi_dest_offset_table[q][k]);\
      |                         ^~~~~~~~~ ~~~~~~~~~~~~~~~~~~~~~~~~~~~~~~
main.c:2061:25: note: in expansion of macro ‘RETURN’
 2061 |                         RETURN(usage());
      |                         ^~~~~~
main.c:204:8: note: declared here
  204 | extern free_list();
      |        ^~~~~~~~~
main.c:1377:17: error: too many arguments to function ‘my_free’; expected 0, have 2
 1377 |                 my_free(GTextfiles[k], 0);\
      |                 ^~~~~~~ ~~~~~~~~~~~~~
main.c:2061:25: note: in expansion of macro ‘RETURN’
 2061 |                         RETURN(usage());
      |                         ^~~~~~
index/glimpse.h:219:12: note: declared here
  219 | extern int my_free();
      |            ^~~~~~~
main.c:1341:44: error: too many arguments to function ‘my_free’; expected 0, have 2
 1341 |                 if (agrep_argv[k] != NULL) my_free(agrep_argv[k], 0);\
      |                                            ^~~~~~~ ~~~~~~~~~~~~~
main.c:2067:49: note: in expansion of macro ‘RETURN’
 2067 |                 if (-1 == read_index(indexdir)) RETURN(-1);
      |                                                 ^~~~~~
index/glimpse.h:219:12: note: declared here
  219 | extern int my_free();
      |            ^~~~~~~
main.c:1342:44: error: too many arguments to function ‘my_free’; expected 0, have 2
 1342 |                 if (index_argv[k] != NULL) my_free(index_argv[k], 0);\
      |                                            ^~~~~~~ ~~~~~~~~~~~~~
main.c:2067:49: note: in expansion of macro ‘RETURN’
 2067 |                 if (-1 == read_index(indexdir)) RETURN(-1);
      |                                                 ^~~~~~
index/glimpse.h:219:12: note: declared here
  219 | extern int my_free();
      |            ^~~~~~~
main.c:1345:30: error: too many arguments to function ‘my_free’; expected 0, have 2
 1345 |         if (FileOpt != NULL) my_free(FileOpt, MAXFILEOPT);\
      |                              ^~~~~~~ ~~~~~~~
main.c:2067:49: note: in expansion of macro ‘RETURN’
 2067 |                 if (-1 == read_index(indexdir)) RETURN(-1);
      |                                                 ^~~~~~
index/glimpse.h:219:12: note: declared here
  219 | extern int my_free();
      |            ^~~~~~~
main.c:1348:42: error: too many arguments to function ‘my_free’; expected 0, have 2
 1348 |                 if (pat_list[k] != NULL) my_free(pat_list[k], 0);\
      |                                          ^~~~~~~ ~~~~~~~~~~~
main.c:2067:49: note: in expansion of macro ‘RETURN’
 2067 |                 if (-1 == read_index(indexdir)) RETURN(-1);
      |                                                 ^~~~~~
index/glimpse.h:219:12: note: declared here
  219 | extern int my_free();
      |            ^~~~~~~
main.c:1355:9: error: too many arguments to function ‘my_free’; expected 0, have 2
 1355 |         my_free(outname[0], 0);\
      |         ^~~~~~~ ~~~~~~~~~~
main.c:2067:49: note: in expansion of macro ‘RETURN’
 2067 |                 if (-1 == read_index(indexdir)) RETURN(-1);
      |                                                 ^~~~~~
index/glimpse.h:219:12: note: declared here
  219 | extern int my_free();
      |            ^~~~~~~
main.c:1356:9: error: too many arguments to function ‘my_free’; expected 0, have 2
 1356 |         my_free(outname, 0);\
      |         ^~~~~~~ ~~~~~~~
main.c:2067:49: note: in expansion of macro ‘RETURN’
 2067 |                 if (-1 == read_index(indexdir)) RETURN(-1);
      |                                                 ^~~~~~
index/glimpse.h:219:12: note: declared here
  219 | extern int my_free();
      |            ^~~~~~~
main.c:1357:9: error: too many arguments to function ‘my_free’; expected 0, have 2
 1357 |         my_free(TEMP_DIR, MAX_LINE_LEN);\
      |         ^~~~~~~ ~~~~~~~~
main.c:2067:49: note: in expansion of macro ‘RETURN’
 2067 |                 if (-1 == read_index(indexdir)) RETURN(-1);
      |                                                 ^~~~~~
index/glimpse.h:219:12: note: declared here
  219 | extern int my_free();
      |            ^~~~~~~
main.c:1358:9: error: too many arguments to function ‘my_free’; expected 0, have 2
 1358 |         my_free(filenames_file, MAX_LINE_LEN);\
      |         ^~~~~~~ ~~~~~~~~~~~~~~
main.c:2067:49: note: in expansion of macro ‘RETURN’
 2067 |                 if (-1 == read_index(indexdir)) RETURN(-1);
      |                                                 ^~~~~~
index/glimpse.h:219:12: note: declared here
  219 | extern int my_free();
      |            ^~~~~~~
main.c:1359:9: error: too many arguments to function ‘my_free’; expected 0, have 2
 1359 |         my_free(bitfield_file, MAX_LINE_LEN);\
      |         ^~~~~~~ ~~~~~~~~~~~~~
main.c:2067:49: note: in expansion of macro ‘RETURN’
 2067 |                 if (-1 == read_index(indexdir)) RETURN(-1);
      |                                                 ^~~~~~
index/glimpse.h:219:12: note: declared here
  219 | extern int my_free();
      |            ^~~~~~~
main.c:1363:25: error: too many arguments to function ‘free_list’; expected 0, have 1
 1363 |                         free_list(&src_offset_table[k]);\
      |                         ^~~~~~~~~ ~~~~~~~~~~~~~~~~~~~~
main.c:2067:49: note: in expansion of macro ‘RETURN’
 2067 |                 if (-1 == read_index(indexdir)) RETURN(-1);
      |                                                 ^~~~~~
main.c:204:8: note: declared here
  204 | extern free_list();
      |        ^~~~~~~~~
main.c:1368:25: error: too many arguments to function ‘free_list’; expected 0, have 1
 1368 |                         free_list(&multi_dest_offset_table[q][k]);\
      |                         ^~~~~~~~~ ~~~~~~~~~~~~~~~~~~~~~~~~~~~~~~
main.c:2067:49: note: in expansion of macro ‘RETURN’
 2067 |                 if (-1 == read_index(indexdir)) RETURN(-1);
      |                                                 ^~~~~~
main.c:204:8: note: declared here
  204 | extern free_list();
      |        ^~~~~~~~~
main.c:1377:17: error: too many arguments to function ‘my_free’; expected 0, have 2
 1377 |                 my_free(GTextfiles[k], 0);\
      |                 ^~~~~~~ ~~~~~~~~~~~~~
main.c:2067:49: note: in expansion of macro ‘RETURN’
 2067 |                 if (-1 == read_index(indexdir)) RETURN(-1);
      |                                                 ^~~~~~
index/glimpse.h:219:12: note: declared here
  219 | extern int my_free();
      |            ^~~~~~~
main.c:2083:69: error: too many arguments to function ‘my_malloc’; expected 0, have 1
 2083 |                             ((src_offset_table = (struct offsets **)my_malloc(sizeof(struct offsets *) * OneFilePerBlock)) == NULL)) exit(2);
      |                                                                     ^~~~~~~~~ ~~~~~~~~~~~~~~~~~~~~~~~~~~~~~~~~~~~~~~~~~~
index/glimpse.h:218:14: note: declared here
  218 | extern char *my_malloc();
      |              ^~~~~~~~~
main.c:2087:87: error: too many arguments to function ‘my_malloc’; expected 0, have 1
 2087 |                                     ((multi_dest_offset_table[i] = (struct offsets **)my_malloc(sizeof(struct offsets *) * OneFilePerBlock)) == NULL)) exit(2);
      |                                                                                       ^~~~~~~~~ ~~~~~~~~~~~~~~~~~~~~~~~~~~~~~~~~~~~~~~~~~~
index/glimpse.h:218:14: note: declared here
  218 | extern char *my_malloc();
      |              ^~~~~~~~~
main.c:2091:17: warning: implicit declaration of function ‘read_filters’ [-Wimplicit-function-declaration]
 2091 |                 read_filters(INDEX_DIR, UseFilters);
      |                 ^~~~~~~~~~~~
main.c:1341:44: error: too many arguments to function ‘my_free’; expected 0, have 2
 1341 |                 if (agrep_argv[k] != NULL) my_free(agrep_argv[k], 0);\
      |                                            ^~~~~~~ ~~~~~~~~~~~~~
main.c:2093:41: note: in expansion of macro ‘RETURN’
 2093 |                 if (glimpse_clientdied) RETURN(0);
      |                                         ^~~~~~
index/glimpse.h:219:12: note: declared here
  219 | extern int my_free();
      |            ^~~~~~~
main.c:1342:44: error: too many arguments to function ‘my_free’; expected 0, have 2
 1342 |                 if (index_argv[k] != NULL) my_free(index_argv[k], 0);\
      |                                            ^~~~~~~ ~~~~~~~~~~~~~
main.c:2093:41: note: in expansion of macro ‘RETURN’
 2093 |                 if (glimpse_clientdied) RETURN(0);
      |                                         ^~~~~~
index/glimpse.h:219:12: note: declared here
  219 | extern int my_free();
      |            ^~~~~~~
main.c:1345:30: error: too many arguments to function ‘my_free’; expected 0, have 2
 1345 |         if (FileOpt != NULL) my_free(FileOpt, MAXFILEOPT);\
      |                              ^~~~~~~ ~~~~~~~
main.c:2093:41: note: in expansion of macro ‘RETURN’
 2093 |                 if (glimpse_clientdied) RETURN(0);
      |                                         ^~~~~~
index/glimpse.h:219:12: note: declared here
  219 | extern int my_free();
      |            ^~~~~~~
main.c:1348:42: error: too many arguments to function ‘my_free’; expected 0, have 2
 1348 |                 if (pat_list[k] != NULL) my_free(pat_list[k], 0);\
      |                                          ^~~~~~~ ~~~~~~~~~~~
main.c:2093:41: note: in expansion of macro ‘RETURN’
 2093 |                 if (glimpse_clientdied) RETURN(0);
      |                                         ^~~~~~
index/glimpse.h:219:12: note: declared here
  219 | extern int my_free();
      |            ^~~~~~~
main.c:1355:9: error: too many arguments to function ‘my_free’; expected 0, have 2
 1355 |         my_free(outname[0], 0);\
      |         ^~~~~~~ ~~~~~~~~~~
main.c:2093:41: note: in expansion of macro ‘RETURN’
 2093 |                 if (glimpse_clientdied) RETURN(0);
      |                                         ^~~~~~
index/glimpse.h:219:12: note: declared here
  219 | extern int my_free();
      |            ^~~~~~~
main.c:1356:9: error: too many arguments to function ‘my_free’; expected 0, have 2
 1356 |         my_free(outname, 0);\
      |         ^~~~~~~ ~~~~~~~
main.c:2093:41: note: in expansion of macro ‘RETURN’
 2093 |                 if (glimpse_clientdied) RETURN(0);
      |                                         ^~~~~~
index/glimpse.h:219:12: note: declared here
  219 | extern int my_free();
      |            ^~~~~~~
main.c:1357:9: error: too many arguments to function ‘my_free’; expected 0, have 2
 1357 |         my_free(TEMP_DIR, MAX_LINE_LEN);\
      |         ^~~~~~~ ~~~~~~~~
main.c:2093:41: note: in expansion of macro ‘RETURN’
 2093 |                 if (glimpse_clientdied) RETURN(0);
      |                                         ^~~~~~
index/glimpse.h:219:12: note: declared here
  219 | extern int my_free();
      |            ^~~~~~~
main.c:1358:9: error: too many arguments to function ‘my_free’; expected 0, have 2
 1358 |         my_free(filenames_file, MAX_LINE_LEN);\
      |         ^~~~~~~ ~~~~~~~~~~~~~~
main.c:2093:41: note: in expansion of macro ‘RETURN’
 2093 |                 if (glimpse_clientdied) RETURN(0);
      |                                         ^~~~~~
index/glimpse.h:219:12: note: declared here
  219 | extern int my_free();
      |            ^~~~~~~
main.c:1359:9: error: too many arguments to function ‘my_free’; expected 0, have 2
 1359 |         my_free(bitfield_file, MAX_LINE_LEN);\
      |         ^~~~~~~ ~~~~~~~~~~~~~
main.c:2093:41: note: in expansion of macro ‘RETURN’
 2093 |                 if (glimpse_clientdied) RETURN(0);
      |                                         ^~~~~~
index/glimpse.h:219:12: note: declared here
  219 | extern int my_free();
      |            ^~~~~~~
main.c:1363:25: error: too many arguments to function ‘free_list’; expected 0, have 1
 1363 |                         free_list(&src_offset_table[k]);\
      |                         ^~~~~~~~~ ~~~~~~~~~~~~~~~~~~~~
main.c:2093:41: note: in expansion of macro ‘RETURN’
 2093 |                 if (glimpse_clientdied) RETURN(0);
      |                                         ^~~~~~
main.c:204:8: note: declared here
  204 | extern free_list();
      |        ^~~~~~~~~
main.c:1368:25: error: too many arguments to function ‘free_list’; expected 0, have 1
 1368 |                         free_list(&multi_dest_offset_table[q][k]);\
      |                         ^~~~~~~~~ ~~~~~~~~~~~~~~~~~~~~~~~~~~~~~~
main.c:2093:41: note: in expansion of macro ‘RETURN’
 2093 |                 if (glimpse_clientdied) RETURN(0);
      |                                         ^~~~~~
main.c:204:8: note: declared here
  204 | extern free_list();
      |        ^~~~~~~~~
main.c:1377:17: error: too many arguments to function ‘my_free’; expected 0, have 2
 1377 |                 my_free(GTextfiles[k], 0);\
      |                 ^~~~~~~ ~~~~~~~~~~~~~
main.c:2093:41: note: in expansion of macro ‘RETURN’
 2093 |                 if (glimpse_clientdied) RETURN(0);
      |                                         ^~~~~~
index/glimpse.h:219:12: note: declared here
  219 | extern int my_free();
      |            ^~~~~~~
main.c:2095:27: warning: implicit declaration of function ‘fileagrep_init’ [-Wimplicit-function-declaration]
 2095 |                 if ((GM = fileagrep_init(agrep_argc, agrep_argv, MAXPAT, GPattern)) <= 0) {
      |                           ^~~~~~~~~~~~~~
main.c:1341:44: error: too many arguments to function ‘my_free’; expected 0, have 2
 1341 |                 if (agrep_argv[k] != NULL) my_free(agrep_argv[k], 0);\
      |                                            ^~~~~~~ ~~~~~~~~~~~~~
main.c:2098:25: note: in expansion of macro ‘RETURN’
 2098 |                         RETURN(usage());
      |                         ^~~~~~
index/glimpse.h:219:12: note: declared here
  219 | extern int my_free();
      |            ^~~~~~~
main.c:1342:44: error: too many arguments to function ‘my_free’; expected 0, have 2
 1342 |                 if (index_argv[k] != NULL) my_free(index_argv[k], 0);\
      |                                            ^~~~~~~ ~~~~~~~~~~~~~
main.c:2098:25: note: in expansion of macro ‘RETURN’
 2098 |                         RETURN(usage());
      |                         ^~~~~~
index/glimpse.h:219:12: note: declared here
  219 | extern int my_free();
      |            ^~~~~~~
main.c:1345:30: error: too many arguments to function ‘my_free’; expected 0, have 2
 1345 |         if (FileOpt != NULL) my_free(FileOpt, MAXFILEOPT);\
      |                              ^~~~~~~ ~~~~~~~
main.c:2098:25: note: in expansion of macro ‘RETURN’
 2098 |                         RETURN(usage());
      |                         ^~~~~~
index/glimpse.h:219:12: note: declared here
  219 | extern int my_free();
      |            ^~~~~~~
main.c:1348:42: error: too many arguments to function ‘my_free’; expected 0, have 2
 1348 |                 if (pat_list[k] != NULL) my_free(pat_list[k], 0);\
      |                                          ^~~~~~~ ~~~~~~~~~~~
main.c:2098:25: note: in expansion of macro ‘RETURN’
 2098 |                         RETURN(usage());
      |                         ^~~~~~
index/glimpse.h:219:12: note: declared here
  219 | extern int my_free();
      |            ^~~~~~~
main.c:1355:9: error: too many arguments to function ‘my_free’; expected 0, have 2
 1355 |         my_free(outname[0], 0);\
      |         ^~~~~~~ ~~~~~~~~~~
main.c:2098:25: note: in expansion of macro ‘RETURN’
 2098 |                         RETURN(usage());
      |                         ^~~~~~
index/glimpse.h:219:12: note: declared here
  219 | extern int my_free();
      |            ^~~~~~~
main.c:1356:9: error: too many arguments to function ‘my_free’; expected 0, have 2
 1356 |         my_free(outname, 0);\
      |         ^~~~~~~ ~~~~~~~
main.c:2098:25: note: in expansion of macro ‘RETURN’
 2098 |                         RETURN(usage());
      |                         ^~~~~~
index/glimpse.h:219:12: note: declared here
  219 | extern int my_free();
      |            ^~~~~~~
main.c:1357:9: error: too many arguments to function ‘my_free’; expected 0, have 2
 1357 |         my_free(TEMP_DIR, MAX_LINE_LEN);\
      |         ^~~~~~~ ~~~~~~~~
main.c:2098:25: note: in expansion of macro ‘RETURN’
 2098 |                         RETURN(usage());
      |                         ^~~~~~
index/glimpse.h:219:12: note: declared here
  219 | extern int my_free();
      |            ^~~~~~~
main.c:1358:9: error: too many arguments to function ‘my_free’; expected 0, have 2
 1358 |         my_free(filenames_file, MAX_LINE_LEN);\
      |         ^~~~~~~ ~~~~~~~~~~~~~~
main.c:2098:25: note: in expansion of macro ‘RETURN’
 2098 |                         RETURN(usage());
      |                         ^~~~~~
index/glimpse.h:219:12: note: declared here
  219 | extern int my_free();
      |            ^~~~~~~
main.c:1359:9: error: too many arguments to function ‘my_free’; expected 0, have 2
 1359 |         my_free(bitfield_file, MAX_LINE_LEN);\
      |         ^~~~~~~ ~~~~~~~~~~~~~
main.c:2098:25: note: in expansion of macro ‘RETURN’
 2098 |                         RETURN(usage());
      |                         ^~~~~~
index/glimpse.h:219:12: note: declared here
  219 | extern int my_free();
      |            ^~~~~~~
main.c:1363:25: error: too many arguments to function ‘free_list’; expected 0, have 1
 1363 |                         free_list(&src_offset_table[k]);\
      |                         ^~~~~~~~~ ~~~~~~~~~~~~~~~~~~~~
main.c:2098:25: note: in expansion of macro ‘RETURN’
 2098 |                         RETURN(usage());
      |                         ^~~~~~
main.c:204:8: note: declared here
  204 | extern free_list();
      |        ^~~~~~~~~
main.c:1368:25: error: too many arguments to function ‘free_list’; expected 0, have 1
 1368 |                         free_list(&multi_dest_offset_table[q][k]);\
      |                         ^~~~~~~~~ ~~~~~~~~~~~~~~~~~~~~~~~~~~~~~~
main.c:2098:25: note: in expansion of macro ‘RETURN’
 2098 |                         RETURN(usage());
      |                         ^~~~~~
main.c:204:8: note: declared here
  204 | extern free_list();
      |        ^~~~~~~~~
main.c:1377:17: error: too many arguments to function ‘my_free’; expected 0, have 2
 1377 |                 my_free(GTextfiles[k], 0);\
      |                 ^~~~~~~ ~~~~~~~~~~~~~
main.c:2098:25: note: in expansion of macro ‘RETURN’
 2098 |                         RETURN(usage());
      |                         ^~~~~~
index/glimpse.h:219:12: note: declared here
  219 | extern int my_free();
      |            ^~~~~~~
main.c:1341:44: error: too many arguments to function ‘my_free’; expected 0, have 2
 1341 |                 if (agrep_argv[k] != NULL) my_free(agrep_argv[k], 0);\
      |                                            ^~~~~~~ ~~~~~~~~~~~~~
main.c:2114:25: note: in expansion of macro ‘RETURN’
 2114 |                         RETURN(-1);
      |                         ^~~~~~
index/glimpse.h:219:12: note: declared here
  219 | extern int my_free();
      |            ^~~~~~~
main.c:1342:44: error: too many arguments to function ‘my_free’; expected 0, have 2
 1342 |                 if (index_argv[k] != NULL) my_free(index_argv[k], 0);\
      |                                            ^~~~~~~ ~~~~~~~~~~~~~
main.c:2114:25: note: in expansion of macro ‘RETURN’
 2114 |                         RETURN(-1);
      |                         ^~~~~~
index/glimpse.h:219:12: note: declared here
  219 | extern int my_free();
      |            ^~~~~~~
main.c:1345:30: error: too many arguments to function ‘my_free’; expected 0, have 2
 1345 |         if (FileOpt != NULL) my_free(FileOpt, MAXFILEOPT);\
      |                              ^~~~~~~ ~~~~~~~
main.c:2114:25: note: in expansion of macro ‘RETURN’
 2114 |                         RETURN(-1);
      |                         ^~~~~~
index/glimpse.h:219:12: note: declared here
  219 | extern int my_free();
      |            ^~~~~~~
main.c:1348:42: error: too many arguments to function ‘my_free’; expected 0, have 2
 1348 |                 if (pat_list[k] != NULL) my_free(pat_list[k], 0);\
      |                                          ^~~~~~~ ~~~~~~~~~~~
main.c:2114:25: note: in expansion of macro ‘RETURN’
 2114 |                         RETURN(-1);
      |                         ^~~~~~
index/glimpse.h:219:12: note: declared here
  219 | extern int my_free();
      |            ^~~~~~~
main.c:1355:9: error: too many arguments to function ‘my_free’; expected 0, have 2
 1355 |         my_free(outname[0], 0);\
      |         ^~~~~~~ ~~~~~~~~~~
main.c:2114:25: note: in expansion of macro ‘RETURN’
 2114 |                         RETURN(-1);
      |                         ^~~~~~
index/glimpse.h:219:12: note: declared here
  219 | extern int my_free();
      |            ^~~~~~~
main.c:1356:9: error: too many arguments to function ‘my_free’; expected 0, have 2
 1356 |         my_free(outname, 0);\
      |         ^~~~~~~ ~~~~~~~
main.c:2114:25: note: in expansion of macro ‘RETURN’
 2114 |                         RETURN(-1);
      |                         ^~~~~~
index/glimpse.h:219:12: note: declared here
  219 | extern int my_free();
      |            ^~~~~~~
main.c:1357:9: error: too many arguments to function ‘my_free’; expected 0, have 2
 1357 |         my_free(TEMP_DIR, MAX_LINE_LEN);\
      |         ^~~~~~~ ~~~~~~~~
main.c:2114:25: note: in expansion of macro ‘RETURN’
 2114 |                         RETURN(-1);
      |                         ^~~~~~
index/glimpse.h:219:12: note: declared here
  219 | extern int my_free();
      |            ^~~~~~~
main.c:1358:9: error: too many arguments to function ‘my_free’; expected 0, have 2
 1358 |         my_free(filenames_file, MAX_LINE_LEN);\
      |         ^~~~~~~ ~~~~~~~~~~~~~~
main.c:2114:25: note: in expansion of macro ‘RETURN’
 2114 |                         RETURN(-1);
      |                         ^~~~~~
index/glimpse.h:219:12: note: declared here
  219 | extern int my_free();
      |            ^~~~~~~
main.c:1359:9: error: too many arguments to function ‘my_free’; expected 0, have 2
 1359 |         my_free(bitfield_file, MAX_LINE_LEN);\
      |         ^~~~~~~ ~~~~~~~~~~~~~
main.c:2114:25: note: in expansion of macro ‘RETURN’
 2114 |                         RETURN(-1);
      |                         ^~~~~~
index/glimpse.h:219:12: note: declared here
  219 | extern int my_free();
      |            ^~~~~~~
main.c:1363:25: error: too many arguments to function ‘free_list’; expected 0, have 1
 1363 |                         free_list(&src_offset_table[k]);\
      |                         ^~~~~~~~~ ~~~~~~~~~~~~~~~~~~~~
main.c:2114:25: note: in expansion of macro ‘RETURN’
 2114 |                         RETURN(-1);
      |                         ^~~~~~
main.c:204:8: note: declared here
  204 | extern free_list();
      |        ^~~~~~~~~
main.c:1368:25: error: too many arguments to function ‘free_list’; expected 0, have 1
 1368 |                         free_list(&multi_dest_offset_table[q][k]);\
      |                         ^~~~~~~~~ ~~~~~~~~~~~~~~~~~~~~~~~~~~~~~~
main.c:2114:25: note: in expansion of macro ‘RETURN’
 2114 |                         RETURN(-1);
      |                         ^~~~~~
main.c:204:8: note: declared here
  204 | extern free_list();
      |        ^~~~~~~~~
main.c:1377:17: error: too many arguments to function ‘my_free’; expected 0, have 2
 1377 |                 my_free(GTextfiles[k], 0);\
      |                 ^~~~~~~ ~~~~~~~~~~~~~
main.c:2114:25: note: in expansion of macro ‘RETURN’
 2114 |                         RETURN(-1);
      |                         ^~~~~~
index/glimpse.h:219:12: note: declared here
  219 | extern int my_free();
      |            ^~~~~~~
main.c:2119:32: warning: pointer targets in passing argument 1 of ‘strcpy’ differ in signedness [-Wpointer-sign]
 2119 |                         strcpy(APattern, GPattern);
      |                                ^~~~~~~~
      |                                |
      |                                unsigned char *
/usr/include/bits/string_fortified.h:77:16: note: expected ‘char *’ but argument is of type ‘unsigned char *’
   77 | __NTH (strcpy (__fortify_clang_overload_arg (char *, __restrict, __dest),
      |                ^~~~~~~~~~~~~~~~~~~~~~~~~~~~
main.c:2119:42: warning: pointer targets in passing argument 2 of ‘strcpy’ differ in signedness [-Wpointer-sign]
 2119 |                         strcpy(APattern, GPattern);
      |                                          ^~~~~~~~
      |                                          |
      |                                          unsigned char *
/usr/include/bits/string_fortified.h:77:1: note: expected ‘const char *’ but argument is of type ‘unsigned char *’
   77 | __NTH (strcpy (__fortify_clang_overload_arg (char *, __restrict, __dest),
      | ^~~~~
main.c:2127:54: warning: pointer targets in passing argument 1 of ‘strcpy’ differ in signedness [-Wpointer-sign]
 2127 |                         strcpy(terminals[0].data.leaf.value, GPattern);
      |                                ~~~~~~~~~~~~~~~~~~~~~~^~~~~~
      |                                                      |
      |                                                      unsigned char *
/usr/include/bits/string_fortified.h:77:16: note: expected ‘char *’ but argument is of type ‘unsigned char *’
   77 | __NTH (strcpy (__fortify_clang_overload_arg (char *, __restrict, __dest),
      |                ^~~~~~~~~~~~~~~~~~~~~~~~~~~~
main.c:2127:62: warning: pointer targets in passing argument 2 of ‘strcpy’ differ in signedness [-Wpointer-sign]
 2127 |                         strcpy(terminals[0].data.leaf.value, GPattern);
      |                                                              ^~~~~~~~
      |                                                              |
      |                                                              unsigned char *
/usr/include/bits/string_fortified.h:77:1: note: expected ‘const char *’ but argument is of type ‘unsigned char *’
   77 | __NTH (strcpy (__fortify_clang_overload_arg (char *, __restrict, __dest),
      | ^~~~~
main.c:2130:26: warning: implicit declaration of function ‘split_pattern’ [-Wimplicit-function-declaration]
 2130 |                 else if (split_pattern(GPattern, GM, APattern, terminals, &num_terminals, &GParse, StructuredIndex) <= 0) RETURN(-1);
      |                          ^~~~~~~~~~~~~
main.c:1341:44: error: too many arguments to function ‘my_free’; expected 0, have 2
 1341 |                 if (agrep_argv[k] != NULL) my_free(agrep_argv[k], 0);\
      |                                            ^~~~~~~ ~~~~~~~~~~~~~
main.c:2130:123: note: in expansion of macro ‘RETURN’
 2130 |                 else if (split_pattern(GPattern, GM, APattern, terminals, &num_terminals, &GParse, StructuredIndex) <= 0) RETURN(-1);
      |                                                                                                                           ^~~~~~
index/glimpse.h:219:12: note: declared here
  219 | extern int my_free();
      |            ^~~~~~~
main.c:1342:44: error: too many arguments to function ‘my_free’; expected 0, have 2
 1342 |                 if (index_argv[k] != NULL) my_free(index_argv[k], 0);\
      |                                            ^~~~~~~ ~~~~~~~~~~~~~
main.c:2130:123: note: in expansion of macro ‘RETURN’
 2130 |                 else if (split_pattern(GPattern, GM, APattern, terminals, &num_terminals, &GParse, StructuredIndex) <= 0) RETURN(-1);
      |                                                                                                                           ^~~~~~
index/glimpse.h:219:12: note: declared here
  219 | extern int my_free();
      |            ^~~~~~~
main.c:1345:30: error: too many arguments to function ‘my_free’; expected 0, have 2
 1345 |         if (FileOpt != NULL) my_free(FileOpt, MAXFILEOPT);\
      |                              ^~~~~~~ ~~~~~~~
main.c:2130:123: note: in expansion of macro ‘RETURN’
 2130 |                 else if (split_pattern(GPattern, GM, APattern, terminals, &num_terminals, &GParse, StructuredIndex) <= 0) RETURN(-1);
      |                                                                                                                           ^~~~~~
index/glimpse.h:219:12: note: declared here
  219 | extern int my_free();
      |            ^~~~~~~
main.c:1348:42: error: too many arguments to function ‘my_free’; expected 0, have 2
 1348 |                 if (pat_list[k] != NULL) my_free(pat_list[k], 0);\
      |                                          ^~~~~~~ ~~~~~~~~~~~
main.c:2130:123: note: in expansion of macro ‘RETURN’
 2130 |                 else if (split_pattern(GPattern, GM, APattern, terminals, &num_terminals, &GParse, StructuredIndex) <= 0) RETURN(-1);
      |                                                                                                                           ^~~~~~
index/glimpse.h:219:12: note: declared here
  219 | extern int my_free();
      |            ^~~~~~~
main.c:1355:9: error: too many arguments to function ‘my_free’; expected 0, have 2
 1355 |         my_free(outname[0], 0);\
      |         ^~~~~~~ ~~~~~~~~~~
main.c:2130:123: note: in expansion of macro ‘RETURN’
 2130 |                 else if (split_pattern(GPattern, GM, APattern, terminals, &num_terminals, &GParse, StructuredIndex) <= 0) RETURN(-1);
      |                                                                                                                           ^~~~~~
index/glimpse.h:219:12: note: declared here
  219 | extern int my_free();
      |            ^~~~~~~
main.c:1356:9: error: too many arguments to function ‘my_free’; expected 0, have 2
 1356 |         my_free(outname, 0);\
      |         ^~~~~~~ ~~~~~~~
main.c:2130:123: note: in expansion of macro ‘RETURN’
 2130 |                 else if (split_pattern(GPattern, GM, APattern, terminals, &num_terminals, &GParse, StructuredIndex) <= 0) RETURN(-1);
      |                                                                                                                           ^~~~~~
index/glimpse.h:219:12: note: declared here
  219 | extern int my_free();
      |            ^~~~~~~
main.c:1357:9: error: too many arguments to function ‘my_free’; expected 0, have 2
 1357 |         my_free(TEMP_DIR, MAX_LINE_LEN);\
      |         ^~~~~~~ ~~~~~~~~
main.c:2130:123: note: in expansion of macro ‘RETURN’
 2130 |                 else if (split_pattern(GPattern, GM, APattern, terminals, &num_terminals, &GParse, StructuredIndex) <= 0) RETURN(-1);
      |                                                                                                                           ^~~~~~
index/glimpse.h:219:12: note: declared here
  219 | extern int my_free();
      |            ^~~~~~~
main.c:1358:9: error: too many arguments to function ‘my_free’; expected 0, have 2
 1358 |         my_free(filenames_file, MAX_LINE_LEN);\
      |         ^~~~~~~ ~~~~~~~~~~~~~~
main.c:2130:123: note: in expansion of macro ‘RETURN’
 2130 |                 else if (split_pattern(GPattern, GM, APattern, terminals, &num_terminals, &GParse, StructuredIndex) <= 0) RETURN(-1);
      |                                                                                                                           ^~~~~~
index/glimpse.h:219:12: note: declared here
  219 | extern int my_free();
      |            ^~~~~~~
main.c:1359:9: error: too many arguments to function ‘my_free’; expected 0, have 2
 1359 |         my_free(bitfield_file, MAX_LINE_LEN);\
      |         ^~~~~~~ ~~~~~~~~~~~~~
main.c:2130:123: note: in expansion of macro ‘RETURN’
 2130 |                 else if (split_pattern(GPattern, GM, APattern, terminals, &num_terminals, &GParse, StructuredIndex) <= 0) RETURN(-1);
      |                                                                                                                           ^~~~~~
index/glimpse.h:219:12: note: declared here
  219 | extern int my_free();
      |            ^~~~~~~
main.c:1363:25: error: too many arguments to function ‘free_list’; expected 0, have 1
 1363 |                         free_list(&src_offset_table[k]);\
      |                         ^~~~~~~~~ ~~~~~~~~~~~~~~~~~~~~
main.c:2130:123: note: in expansion of macro ‘RETURN’
 2130 |                 else if (split_pattern(GPattern, GM, APattern, terminals, &num_terminals, &GParse, StructuredIndex) <= 0) RETURN(-1);
      |                                                                                                                           ^~~~~~
main.c:204:8: note: declared here
  204 | extern free_list();
      |        ^~~~~~~~~
main.c:1368:25: error: too many arguments to function ‘free_list’; expected 0, have 1
 1368 |                         free_list(&multi_dest_offset_table[q][k]);\
      |                         ^~~~~~~~~ ~~~~~~~~~~~~~~~~~~~~~~~~~~~~~~
main.c:2130:123: note: in expansion of macro ‘RETURN’
 2130 |                 else if (split_pattern(GPattern, GM, APattern, terminals, &num_terminals, &GParse, StructuredIndex) <= 0) RETURN(-1);
      |                                                                                                                           ^~~~~~
main.c:204:8: note: declared here
  204 | extern free_list();
      |        ^~~~~~~~~
main.c:1377:17: error: too many arguments to function ‘my_free’; expected 0, have 2
 1377 |                 my_free(GTextfiles[k], 0);\
      |                 ^~~~~~~ ~~~~~~~~~~~~~
main.c:2130:123: note: in expansion of macro ‘RETURN’
 2130 |                 else if (split_pattern(GPattern, GM, APattern, terminals, &num_terminals, &GParse, StructuredIndex) <= 0) RETURN(-1);
      |                                                                                                                           ^~~~~~
index/glimpse.h:219:12: note: declared here
  219 | extern int my_free();
      |            ^~~~~~~
main.c:1341:44: error: too many arguments to function ‘my_free’; expected 0, have 2
 1341 |                 if (agrep_argv[k] != NULL) my_free(agrep_argv[k], 0);\
      |                                            ^~~~~~~ ~~~~~~~~~~~~~
main.c:2138:25: note: in expansion of macro ‘RETURN’
 2138 |                         RETURN(usage())
      |                         ^~~~~~
index/glimpse.h:219:12: note: declared here
  219 | extern int my_free();
      |            ^~~~~~~
main.c:1342:44: error: too many arguments to function ‘my_free’; expected 0, have 2
 1342 |                 if (index_argv[k] != NULL) my_free(index_argv[k], 0);\
      |                                            ^~~~~~~ ~~~~~~~~~~~~~
main.c:2138:25: note: in expansion of macro ‘RETURN’
 2138 |                         RETURN(usage())
      |                         ^~~~~~
index/glimpse.h:219:12: note: declared here
  219 | extern int my_free();
      |            ^~~~~~~
main.c:1345:30: error: too many arguments to function ‘my_free’; expected 0, have 2
 1345 |         if (FileOpt != NULL) my_free(FileOpt, MAXFILEOPT);\
      |                              ^~~~~~~ ~~~~~~~
main.c:2138:25: note: in expansion of macro ‘RETURN’
 2138 |                         RETURN(usage())
      |                         ^~~~~~
index/glimpse.h:219:12: note: declared here
  219 | extern int my_free();
      |            ^~~~~~~
main.c:1348:42: error: too many arguments to function ‘my_free’; expected 0, have 2
 1348 |                 if (pat_list[k] != NULL) my_free(pat_list[k], 0);\
      |                                          ^~~~~~~ ~~~~~~~~~~~
main.c:2138:25: note: in expansion of macro ‘RETURN’
 2138 |                         RETURN(usage())
      |                         ^~~~~~
index/glimpse.h:219:12: note: declared here
  219 | extern int my_free();
      |            ^~~~~~~
main.c:1355:9: error: too many arguments to function ‘my_free’; expected 0, have 2
 1355 |         my_free(outname[0], 0);\
      |         ^~~~~~~ ~~~~~~~~~~
main.c:2138:25: note: in expansion of macro ‘RETURN’
 2138 |                         RETURN(usage())
      |                         ^~~~~~
index/glimpse.h:219:12: note: declared here
  219 | extern int my_free();
      |            ^~~~~~~
main.c:1356:9: error: too many arguments to function ‘my_free’; expected 0, have 2
 1356 |         my_free(outname, 0);\
      |         ^~~~~~~ ~~~~~~~
main.c:2138:25: note: in expansion of macro ‘RETURN’
 2138 |                         RETURN(usage())
      |                         ^~~~~~
index/glimpse.h:219:12: note: declared here
  219 | extern int my_free();
      |            ^~~~~~~
main.c:1357:9: error: too many arguments to function ‘my_free’; expected 0, have 2
 1357 |         my_free(TEMP_DIR, MAX_LINE_LEN);\
      |         ^~~~~~~ ~~~~~~~~
main.c:2138:25: note: in expansion of macro ‘RETURN’
 2138 |                         RETURN(usage())
      |                         ^~~~~~
index/glimpse.h:219:12: note: declared here
  219 | extern int my_free();
      |            ^~~~~~~
main.c:1358:9: error: too many arguments to function ‘my_free’; expected 0, have 2
 1358 |         my_free(filenames_file, MAX_LINE_LEN);\
      |         ^~~~~~~ ~~~~~~~~~~~~~~
main.c:2138:25: note: in expansion of macro ‘RETURN’
 2138 |                         RETURN(usage())
      |                         ^~~~~~
index/glimpse.h:219:12: note: declared here
  219 | extern int my_free();
      |            ^~~~~~~
main.c:1359:9: error: too many arguments to function ‘my_free’; expected 0, have 2
 1359 |         my_free(bitfield_file, MAX_LINE_LEN);\
      |         ^~~~~~~ ~~~~~~~~~~~~~
main.c:2138:25: note: in expansion of macro ‘RETURN’
 2138 |                         RETURN(usage())
      |                         ^~~~~~
index/glimpse.h:219:12: note: declared here
  219 | extern int my_free();
      |            ^~~~~~~
main.c:1363:25: error: too many arguments to function ‘free_list’; expected 0, have 1
 1363 |                         free_list(&src_offset_table[k]);\
      |                         ^~~~~~~~~ ~~~~~~~~~~~~~~~~~~~~
main.c:2138:25: note: in expansion of macro ‘RETURN’
 2138 |                         RETURN(usage())
      |                         ^~~~~~
main.c:204:8: note: declared here
  204 | extern free_list();
      |        ^~~~~~~~~
main.c:1368:25: error: too many arguments to function ‘free_list’; expected 0, have 1
 1368 |                         free_list(&multi_dest_offset_table[q][k]);\
      |                         ^~~~~~~~~ ~~~~~~~~~~~~~~~~~~~~~~~~~~~~~~
main.c:2138:25: note: in expansion of macro ‘RETURN’
 2138 |                         RETURN(usage())
      |                         ^~~~~~
main.c:204:8: note: declared here
  204 | extern free_list();
      |        ^~~~~~~~~
main.c:1377:17: error: too many arguments to function ‘my_free’; expected 0, have 2
 1377 |                 my_free(GTextfiles[k], 0);\
      |                 ^~~~~~~ ~~~~~~~~~~~~~
main.c:2138:25: note: in expansion of macro ‘RETURN’
 2138 |                         RETURN(usage())
      |                         ^~~~~~
index/glimpse.h:219:12: note: declared here
  219 | extern int my_free();
      |            ^~~~~~~
main.c:2149:17: error: too many arguments to function ‘my_free’; expected 0, have 2
 2149 |                 my_free(agrep_argv[patindex], 0);
      |                 ^~~~~~~ ~~~~~~~~~~~~~~~~~~~~
index/glimpse.h:219:12: note: declared here
  219 | extern int my_free();
      |            ^~~~~~~
main.c:2150:27: warning: pointer targets in passing argument 1 of ‘strlen’ differ in signedness [-Wpointer-sign]
 2150 |                 AM=strlen(APattern);
      |                           ^~~~~~~~
      |                           |
      |                           unsigned char *
/usr/include/string.h:407:35: note: expected ‘const char *’ but argument is of type ‘unsigned char *’
  407 | extern size_t strlen (const char *__s)
      |                       ~~~~~~~~~~~~^~~
main.c:2151:48: error: too many arguments to function ‘my_malloc’; expected 0, have 1
 2151 |                 agrep_argv[patindex] = (char *)my_malloc(AM + 2);
      |                                                ^~~~~~~~~ ~~~~~~
index/glimpse.h:218:14: note: declared here
  218 | extern char *my_malloc();
      |              ^~~~~~~~~
main.c:2152:46: warning: pointer targets in passing argument 2 of ‘strcpy’ differ in signedness [-Wpointer-sign]
 2152 |                 strcpy(agrep_argv[patindex], APattern);
      |                                              ^~~~~~~~
      |                                              |
      |                                              unsigned char *
/usr/include/bits/string_fortified.h:77:1: note: expected ‘const char *’ but argument is of type ‘unsigned char *’
   77 | __NTH (strcpy (__fortify_clang_overload_arg (char *, __restrict, __dest),
      | ^~~~~
main.c:1341:44: error: too many arguments to function ‘my_free’; expected 0, have 2
 1341 |                 if (agrep_argv[k] != NULL) my_free(agrep_argv[k], 0);\
      |                                            ^~~~~~~ ~~~~~~~~~~~~~
main.c:2162:41: note: in expansion of macro ‘RETURN’
 2162 |                                         RETURN(-1);
      |                                         ^~~~~~
index/glimpse.h:219:12: note: declared here
  219 | extern int my_free();
      |            ^~~~~~~
main.c:1342:44: error: too many arguments to function ‘my_free’; expected 0, have 2
 1342 |                 if (index_argv[k] != NULL) my_free(index_argv[k], 0);\
      |                                            ^~~~~~~ ~~~~~~~~~~~~~
main.c:2162:41: note: in expansion of macro ‘RETURN’
 2162 |                                         RETURN(-1);
      |                                         ^~~~~~
index/glimpse.h:219:12: note: declared here
  219 | extern int my_free();
      |            ^~~~~~~
main.c:1345:30: error: too many arguments to function ‘my_free’; expected 0, have 2
 1345 |         if (FileOpt != NULL) my_free(FileOpt, MAXFILEOPT);\
      |                              ^~~~~~~ ~~~~~~~
main.c:2162:41: note: in expansion of macro ‘RETURN’
 2162 |                                         RETURN(-1);
      |                                         ^~~~~~
index/glimpse.h:219:12: note: declared here
  219 | extern int my_free();
      |            ^~~~~~~
main.c:1348:42: error: too many arguments to function ‘my_free’; expected 0, have 2
 1348 |                 if (pat_list[k] != NULL) my_free(pat_list[k], 0);\
      |                                          ^~~~~~~ ~~~~~~~~~~~
main.c:2162:41: note: in expansion of macro ‘RETURN’
 2162 |                                         RETURN(-1);
      |                                         ^~~~~~
index/glimpse.h:219:12: note: declared here
  219 | extern int my_free();
      |            ^~~~~~~
main.c:1355:9: error: too many arguments to function ‘my_free’; expected 0, have 2
 1355 |         my_free(outname[0], 0);\
      |         ^~~~~~~ ~~~~~~~~~~
main.c:2162:41: note: in expansion of macro ‘RETURN’
 2162 |                                         RETURN(-1);
      |                                         ^~~~~~
index/glimpse.h:219:12: note: declared here
  219 | extern int my_free();
      |            ^~~~~~~
main.c:1356:9: error: too many arguments to function ‘my_free’; expected 0, have 2
 1356 |         my_free(outname, 0);\
      |         ^~~~~~~ ~~~~~~~
main.c:2162:41: note: in expansion of macro ‘RETURN’
 2162 |                                         RETURN(-1);
      |                                         ^~~~~~
index/glimpse.h:219:12: note: declared here
  219 | extern int my_free();
      |            ^~~~~~~
main.c:1357:9: error: too many arguments to function ‘my_free’; expected 0, have 2
 1357 |         my_free(TEMP_DIR, MAX_LINE_LEN);\
      |         ^~~~~~~ ~~~~~~~~
main.c:2162:41: note: in expansion of macro ‘RETURN’
 2162 |                                         RETURN(-1);
      |                                         ^~~~~~
index/glimpse.h:219:12: note: declared here
  219 | extern int my_free();
      |            ^~~~~~~
main.c:1358:9: error: too many arguments to function ‘my_free’; expected 0, have 2
 1358 |         my_free(filenames_file, MAX_LINE_LEN);\
      |         ^~~~~~~ ~~~~~~~~~~~~~~
main.c:2162:41: note: in expansion of macro ‘RETURN’
 2162 |                                         RETURN(-1);
      |                                         ^~~~~~
index/glimpse.h:219:12: note: declared here
  219 | extern int my_free();
      |            ^~~~~~~
main.c:1359:9: error: too many arguments to function ‘my_free’; expected 0, have 2
 1359 |         my_free(bitfield_file, MAX_LINE_LEN);\
      |         ^~~~~~~ ~~~~~~~~~~~~~
main.c:2162:41: note: in expansion of macro ‘RETURN’
 2162 |                                         RETURN(-1);
      |                                         ^~~~~~
index/glimpse.h:219:12: note: declared here
  219 | extern int my_free();
      |            ^~~~~~~
main.c:1363:25: error: too many arguments to function ‘free_list’; expected 0, have 1
 1363 |                         free_list(&src_offset_table[k]);\
      |                         ^~~~~~~~~ ~~~~~~~~~~~~~~~~~~~~
main.c:2162:41: note: in expansion of macro ‘RETURN’
 2162 |                                         RETURN(-1);
      |                                         ^~~~~~
main.c:204:8: note: declared here
  204 | extern free_list();
      |        ^~~~~~~~~
main.c:1368:25: error: too many arguments to function ‘free_list’; expected 0, have 1
 1368 |                         free_list(&multi_dest_offset_table[q][k]);\
      |                         ^~~~~~~~~ ~~~~~~~~~~~~~~~~~~~~~~~~~~~~~~
main.c:2162:41: note: in expansion of macro ‘RETURN’
 2162 |                                         RETURN(-1);
      |                                         ^~~~~~
main.c:204:8: note: declared here
  204 | extern free_list();
      |        ^~~~~~~~~
main.c:1377:17: error: too many arguments to function ‘my_free’; expected 0, have 2
 1377 |                 my_free(GTextfiles[k], 0);\
      |                 ^~~~~~~ ~~~~~~~~~~~~~
main.c:2162:41: note: in expansion of macro ‘RETURN’
 2162 |                                         RETURN(-1);
      |                                         ^~~~~~
index/glimpse.h:219:12: note: declared here
  219 | extern int my_free();
      |            ^~~~~~~
main.c:2165:46: warning: pointer targets in passing argument 1 of ‘strncmp’ differ in signedness [-Wpointer-sign]
 2165 |                                 if (!strncmp(dest_index_buf, "BEGIN", strlen("BEGIN"))) break;
      |                                              ^~~~~~~~~~~~~~
      |                                              |
      |                                              unsigned char *
/usr/include/string.h:159:33: note: expected ‘const char *’ but argument is of type ‘unsigned char *’
  159 | extern int strncmp (const char *__s1, const char *__s2, size_t __n)
      |                     ~~~~~~~~~~~~^~~~
main.c:2167:32: warning: pointer targets in passing argument 1 of ‘sscanf’ differ in signedness [-Wpointer-sign]
 2167 |                         sscanf(&dest_index_buf[strlen("BEGIN")], "%d%d%d", &bestmatcherrors, &NOBYTELEVEL, &OPTIMIZEBYTELEVEL);
      |                                ^~~~~~~~~~~~~~~~~~~~~~~~~~~~~~~~
      |                                |
      |                                unsigned char *
In file included from index/glimpse.h:8:
/usr/include/stdio.h:430:43: note: expected ‘const char *’ but argument is of type ‘unsigned char *’
  430 | extern int sscanf (const char *__restrict __s,
      |                    ~~~~~~~~~~~~~~~~~~~~~~~^~~
main.c:2172:46: warning: pointer targets in passing argument 1 of ‘strncmp’ differ in signedness [-Wpointer-sign]
 2172 |                                 if (!strncmp(dest_index_buf, "END", strlen("END"))) break;
      |                                              ^~~~~~~~~~~~~~
      |                                              |
      |                                              unsigned char *
/usr/include/string.h:159:33: note: expected ‘const char *’ but argument is of type ‘unsigned char *’
  159 | extern int strncmp (const char *__s1, const char *__s2, size_t __n)
      |                     ~~~~~~~~~~~~^~~~
main.c:2181:96: warning: pointer targets in passing argument 1 of ‘strdup’ differ in signedness [-Wpointer-sign]
 2181 |                                         GTextfiles[GNumfiles++] = (CHAR *)strdup(GTextfilenames[x]);
      |                                                                                  ~~~~~~~~~~~~~~^~~
      |                                                                                                |
      |                                                                                                unsigned char *
/usr/include/string.h:187:34: note: expected ‘const char *’ but argument is of type ‘unsigned char *’
  187 | extern char *strdup (const char *__s)
      |                      ~~~~~~~~~~~~^~~
main.c:2186:96: warning: pointer targets in passing argument 1 of ‘strdup’ differ in signedness [-Wpointer-sign]
 2186 |                                         GTextfiles[GNumfiles++] = (CHAR *)strdup(GTextfilenames[x]);
      |                                                                                  ~~~~~~~~~~~~~~^~~
      |                                                                                                |
      |                                                                                                unsigned char *
/usr/include/string.h:187:34: note: expected ‘const char *’ but argument is of type ‘unsigned char *’
  187 | extern char *strdup (const char *__s)
      |                      ~~~~~~~~~~~~^~~
main.c:2201:63: error: too many arguments to function ‘my_malloc’; expected 0, have 1
 2201 |                                         o = (struct offsets *)my_malloc(sizeof(struct offsets));
      |                                                               ^~~~~~~~~ ~~~~~~~~~~~~~~~~~~~~~~
index/glimpse.h:218:14: note: declared here
  218 | extern char *my_malloc();
      |              ^~~~~~~~~
main.c:2273:23: warning: implicit declaration of function ‘search_index’; did you mean ‘read_index’? [-Wimplicit-function-declaration]
 2273 |                 ret = search_index(GParse);
      |                       ^~~~~~~~~~~~
      |                       read_index
main.c:1341:44: error: too many arguments to function ‘my_free’; expected 0, have 2
 1341 |                 if (agrep_argv[k] != NULL) my_free(agrep_argv[k], 0);\
      |                                            ^~~~~~~ ~~~~~~~~~~~~~
main.c:2274:99: note: in expansion of macro ‘RETURN’
 2274 |                 if ((ret <= 0) && (!OneFilePerBlock || (src_index_set[REAL_PARTITION - 1] != 1))) RETURN(-1);   /* previously was: if ret < 0 then return... */
      |                                                                                                   ^~~~~~
index/glimpse.h:219:12: note: declared here
  219 | extern int my_free();
      |            ^~~~~~~
main.c:1342:44: error: too many arguments to function ‘my_free’; expected 0, have 2
 1342 |                 if (index_argv[k] != NULL) my_free(index_argv[k], 0);\
      |                                            ^~~~~~~ ~~~~~~~~~~~~~
main.c:2274:99: note: in expansion of macro ‘RETURN’
 2274 |                 if ((ret <= 0) && (!OneFilePerBlock || (src_index_set[REAL_PARTITION - 1] != 1))) RETURN(-1);   /* previously was: if ret < 0 then return... */
      |                                                                                                   ^~~~~~
index/glimpse.h:219:12: note: declared here
  219 | extern int my_free();
      |            ^~~~~~~
main.c:1345:30: error: too many arguments to function ‘my_free’; expected 0, have 2
 1345 |         if (FileOpt != NULL) my_free(FileOpt, MAXFILEOPT);\
      |                              ^~~~~~~ ~~~~~~~
main.c:2274:99: note: in expansion of macro ‘RETURN’
 2274 |                 if ((ret <= 0) && (!OneFilePerBlock || (src_index_set[REAL_PARTITION - 1] != 1))) RETURN(-1);   /* previously was: if ret < 0 then return... */
      |                                                                                                   ^~~~~~
index/glimpse.h:219:12: note: declared here
  219 | extern int my_free();
      |            ^~~~~~~
main.c:1348:42: error: too many arguments to function ‘my_free’; expected 0, have 2
 1348 |                 if (pat_list[k] != NULL) my_free(pat_list[k], 0);\
      |                                          ^~~~~~~ ~~~~~~~~~~~
main.c:2274:99: note: in expansion of macro ‘RETURN’
 2274 |                 if ((ret <= 0) && (!OneFilePerBlock || (src_index_set[REAL_PARTITION - 1] != 1))) RETURN(-1);   /* previously was: if ret < 0 then return... */
      |                                                                                                   ^~~~~~
index/glimpse.h:219:12: note: declared here
  219 | extern int my_free();
      |            ^~~~~~~
main.c:1355:9: error: too many arguments to function ‘my_free’; expected 0, have 2
 1355 |         my_free(outname[0], 0);\
      |         ^~~~~~~ ~~~~~~~~~~
main.c:2274:99: note: in expansion of macro ‘RETURN’
 2274 |                 if ((ret <= 0) && (!OneFilePerBlock || (src_index_set[REAL_PARTITION - 1] != 1))) RETURN(-1);   /* previously was: if ret < 0 then return... */
      |                                                                                                   ^~~~~~
index/glimpse.h:219:12: note: declared here
  219 | extern int my_free();
      |            ^~~~~~~
main.c:1356:9: error: too many arguments to function ‘my_free’; expected 0, have 2
 1356 |         my_free(outname, 0);\
      |         ^~~~~~~ ~~~~~~~
main.c:2274:99: note: in expansion of macro ‘RETURN’
 2274 |                 if ((ret <= 0) && (!OneFilePerBlock || (src_index_set[REAL_PARTITION - 1] != 1))) RETURN(-1);   /* previously was: if ret < 0 then return... */
      |                                                                                                   ^~~~~~
index/glimpse.h:219:12: note: declared here
  219 | extern int my_free();
      |            ^~~~~~~
main.c:1357:9: error: too many arguments to function ‘my_free’; expected 0, have 2
 1357 |         my_free(TEMP_DIR, MAX_LINE_LEN);\
      |         ^~~~~~~ ~~~~~~~~
main.c:2274:99: note: in expansion of macro ‘RETURN’
 2274 |                 if ((ret <= 0) && (!OneFilePerBlock || (src_index_set[REAL_PARTITION - 1] != 1))) RETURN(-1);   /* previously was: if ret < 0 then return... */
      |                                                                                                   ^~~~~~
index/glimpse.h:219:12: note: declared here
  219 | extern int my_free();
      |            ^~~~~~~
main.c:1358:9: error: too many arguments to function ‘my_free’; expected 0, have 2
 1358 |         my_free(filenames_file, MAX_LINE_LEN);\
      |         ^~~~~~~ ~~~~~~~~~~~~~~
main.c:2274:99: note: in expansion of macro ‘RETURN’
 2274 |                 if ((ret <= 0) && (!OneFilePerBlock || (src_index_set[REAL_PARTITION - 1] != 1))) RETURN(-1);   /* previously was: if ret < 0 then return... */
      |                                                                                                   ^~~~~~
index/glimpse.h:219:12: note: declared here
  219 | extern int my_free();
      |            ^~~~~~~
main.c:1359:9: error: too many arguments to function ‘my_free’; expected 0, have 2
 1359 |         my_free(bitfield_file, MAX_LINE_LEN);\
      |         ^~~~~~~ ~~~~~~~~~~~~~
main.c:2274:99: note: in expansion of macro ‘RETURN’
 2274 |                 if ((ret <= 0) && (!OneFilePerBlock || (src_index_set[REAL_PARTITION - 1] != 1))) RETURN(-1);   /* previously was: if ret < 0 then return... */
      |                                                                                                   ^~~~~~
index/glimpse.h:219:12: note: declared here
  219 | extern int my_free();
      |            ^~~~~~~
main.c:1363:25: error: too many arguments to function ‘free_list’; expected 0, have 1
 1363 |                         free_list(&src_offset_table[k]);\
      |                         ^~~~~~~~~ ~~~~~~~~~~~~~~~~~~~~
main.c:2274:99: note: in expansion of macro ‘RETURN’
 2274 |                 if ((ret <= 0) && (!OneFilePerBlock || (src_index_set[REAL_PARTITION - 1] != 1))) RETURN(-1);   /* previously was: if ret < 0 then return... */
      |                                                                                                   ^~~~~~
main.c:204:8: note: declared here
  204 | extern free_list();
      |        ^~~~~~~~~
main.c:1368:25: error: too many arguments to function ‘free_list’; expected 0, have 1
 1368 |                         free_list(&multi_dest_offset_table[q][k]);\
      |                         ^~~~~~~~~ ~~~~~~~~~~~~~~~~~~~~~~~~~~~~~~
main.c:2274:99: note: in expansion of macro ‘RETURN’
 2274 |                 if ((ret <= 0) && (!OneFilePerBlock || (src_index_set[REAL_PARTITION - 1] != 1))) RETURN(-1);   /* previously was: if ret < 0 then return... */
      |                                                                                                   ^~~~~~
main.c:204:8: note: declared here
  204 | extern free_list();
      |        ^~~~~~~~~
main.c:1377:17: error: too many arguments to function ‘my_free’; expected 0, have 2
 1377 |                 my_free(GTextfiles[k], 0);\
      |                 ^~~~~~~ ~~~~~~~~~~~~~
main.c:2274:99: note: in expansion of macro ‘RETURN’
 2274 |                 if ((ret <= 0) && (!OneFilePerBlock || (src_index_set[REAL_PARTITION - 1] != 1))) RETURN(-1);   /* previously was: if ret < 0 then return... */
      |                                                                                                   ^~~~~~
index/glimpse.h:219:12: note: declared here
  219 | extern int my_free();
      |            ^~~~~~~
main.c:2299:44: warning: suggest explicit braces to avoid ambiguous ‘else’ [-Wdangling-else]
 2299 |                                         if (src_index_set[iii] & mask_int[jjj])
      |                                            ^
main.c:1341:44: error: too many arguments to function ‘my_free’; expected 0, have 2
 1341 |                 if (agrep_argv[k] != NULL) my_free(agrep_argv[k], 0);\
      |                                            ^~~~~~~ ~~~~~~~~~~~~~
main.c:2315:38: note: in expansion of macro ‘RETURN’
 2315 |                 if (num_blocks <= 0) RETURN (0);
      |                                      ^~~~~~
index/glimpse.h:219:12: note: declared here
  219 | extern int my_free();
      |            ^~~~~~~
main.c:1342:44: error: too many arguments to function ‘my_free’; expected 0, have 2
 1342 |                 if (index_argv[k] != NULL) my_free(index_argv[k], 0);\
      |                                            ^~~~~~~ ~~~~~~~~~~~~~
main.c:2315:38: note: in expansion of macro ‘RETURN’
 2315 |                 if (num_blocks <= 0) RETURN (0);
      |                                      ^~~~~~
index/glimpse.h:219:12: note: declared here
  219 | extern int my_free();
      |            ^~~~~~~
main.c:1345:30: error: too many arguments to function ‘my_free’; expected 0, have 2
 1345 |         if (FileOpt != NULL) my_free(FileOpt, MAXFILEOPT);\
      |                              ^~~~~~~ ~~~~~~~
main.c:2315:38: note: in expansion of macro ‘RETURN’
 2315 |                 if (num_blocks <= 0) RETURN (0);
      |                                      ^~~~~~
index/glimpse.h:219:12: note: declared here
  219 | extern int my_free();
      |            ^~~~~~~
main.c:1348:42: error: too many arguments to function ‘my_free’; expected 0, have 2
 1348 |                 if (pat_list[k] != NULL) my_free(pat_list[k], 0);\
      |                                          ^~~~~~~ ~~~~~~~~~~~
main.c:2315:38: note: in expansion of macro ‘RETURN’
 2315 |                 if (num_blocks <= 0) RETURN (0);
      |                                      ^~~~~~
index/glimpse.h:219:12: note: declared here
  219 | extern int my_free();
      |            ^~~~~~~
main.c:1355:9: error: too many arguments to function ‘my_free’; expected 0, have 2
 1355 |         my_free(outname[0], 0);\
      |         ^~~~~~~ ~~~~~~~~~~
main.c:2315:38: note: in expansion of macro ‘RETURN’
 2315 |                 if (num_blocks <= 0) RETURN (0);
      |                                      ^~~~~~
index/glimpse.h:219:12: note: declared here
  219 | extern int my_free();
      |            ^~~~~~~
main.c:1356:9: error: too many arguments to function ‘my_free’; expected 0, have 2
 1356 |         my_free(outname, 0);\
      |         ^~~~~~~ ~~~~~~~
main.c:2315:38: note: in expansion of macro ‘RETURN’
 2315 |                 if (num_blocks <= 0) RETURN (0);
      |                                      ^~~~~~
index/glimpse.h:219:12: note: declared here
  219 | extern int my_free();
      |            ^~~~~~~
main.c:1357:9: error: too many arguments to function ‘my_free’; expected 0, have 2
 1357 |         my_free(TEMP_DIR, MAX_LINE_LEN);\
      |         ^~~~~~~ ~~~~~~~~
main.c:2315:38: note: in expansion of macro ‘RETURN’
 2315 |                 if (num_blocks <= 0) RETURN (0);
      |                                      ^~~~~~
index/glimpse.h:219:12: note: declared here
  219 | extern int my_free();
      |            ^~~~~~~
main.c:1358:9: error: too many arguments to function ‘my_free’; expected 0, have 2
 1358 |         my_free(filenames_file, MAX_LINE_LEN);\
      |         ^~~~~~~ ~~~~~~~~~~~~~~
main.c:2315:38: note: in expansion of macro ‘RETURN’
 2315 |                 if (num_blocks <= 0) RETURN (0);
      |                                      ^~~~~~
index/glimpse.h:219:12: note: declared here
  219 | extern int my_free();
      |            ^~~~~~~
main.c:1359:9: error: too many arguments to function ‘my_free’; expected 0, have 2
 1359 |         my_free(bitfield_file, MAX_LINE_LEN);\
      |         ^~~~~~~ ~~~~~~~~~~~~~
main.c:2315:38: note: in expansion of macro ‘RETURN’
 2315 |                 if (num_blocks <= 0) RETURN (0);
      |                                      ^~~~~~
index/glimpse.h:219:12: note: declared here
  219 | extern int my_free();
      |            ^~~~~~~
main.c:1363:25: error: too many arguments to function ‘free_list’; expected 0, have 1
 1363 |                         free_list(&src_offset_table[k]);\
      |                         ^~~~~~~~~ ~~~~~~~~~~~~~~~~~~~~
main.c:2315:38: note: in expansion of macro ‘RETURN’
 2315 |                 if (num_blocks <= 0) RETURN (0);
      |                                      ^~~~~~
main.c:204:8: note: declared here
  204 | extern free_list();
      |        ^~~~~~~~~
main.c:1368:25: error: too many arguments to function ‘free_list’; expected 0, have 1
 1368 |                         free_list(&multi_dest_offset_table[q][k]);\
      |                         ^~~~~~~~~ ~~~~~~~~~~~~~~~~~~~~~~~~~~~~~~
main.c:2315:38: note: in expansion of macro ‘RETURN’
 2315 |                 if (num_blocks <= 0) RETURN (0);
      |                                      ^~~~~~
main.c:204:8: note: declared here
  204 | extern free_list();
      |        ^~~~~~~~~
main.c:1377:17: error: too many arguments to function ‘my_free’; expected 0, have 2
 1377 |                 my_free(GTextfiles[k], 0);\
      |                 ^~~~~~~ ~~~~~~~~~~~~~
main.c:2315:38: note: in expansion of macro ‘RETURN’
 2315 |                 if (num_blocks <= 0) RETURN (0);
      |                                      ^~~~~~
index/glimpse.h:219:12: note: declared here
  219 | extern int my_free();
      |            ^~~~~~~
main.c:2328:32: warning: unused variable ‘len’ [-Wunused-variable]
 2328 |                         int i, len = -1, nextchar;
      |                                ^~~
main.c:2429:38: warning: implicit declaration of function ‘mask_filenames’ [-Wimplicit-function-declaration]
 2429 |                 if (FILENAMESINFILE) mask_filenames(src_index_set, filenames_file, file_num, num_blocks);       /* keep only those files that are in filenames_file */
      |                                      ^~~~~~~~~~~~~~
main.c:2436:52: warning: suggest explicit braces to avoid ambiguous ‘else’ [-Wdangling-else]
 2436 |                                                 if (src_index_set[iii] & mask_int[jjj])
      |                                                    ^
main.c:1341:44: error: too many arguments to function ‘my_free’; expected 0, have 2
 1341 |                 if (agrep_argv[k] != NULL) my_free(agrep_argv[k], 0);\
      |                                            ^~~~~~~ ~~~~~~~~~~~~~
main.c:2452:46: note: in expansion of macro ‘RETURN’
 2452 |                         if (num_blocks <= 0) RETURN (0);
      |                                              ^~~~~~
index/glimpse.h:219:12: note: declared here
  219 | extern int my_free();
      |            ^~~~~~~
main.c:1342:44: error: too many arguments to function ‘my_free’; expected 0, have 2
 1342 |                 if (index_argv[k] != NULL) my_free(index_argv[k], 0);\
      |                                            ^~~~~~~ ~~~~~~~~~~~~~
main.c:2452:46: note: in expansion of macro ‘RETURN’
 2452 |                         if (num_blocks <= 0) RETURN (0);
      |                                              ^~~~~~
index/glimpse.h:219:12: note: declared here
  219 | extern int my_free();
      |            ^~~~~~~
main.c:1345:30: error: too many arguments to function ‘my_free’; expected 0, have 2
 1345 |         if (FileOpt != NULL) my_free(FileOpt, MAXFILEOPT);\
      |                              ^~~~~~~ ~~~~~~~
main.c:2452:46: note: in expansion of macro ‘RETURN’
 2452 |                         if (num_blocks <= 0) RETURN (0);
      |                                              ^~~~~~
index/glimpse.h:219:12: note: declared here
  219 | extern int my_free();
      |            ^~~~~~~
main.c:1348:42: error: too many arguments to function ‘my_free’; expected 0, have 2
 1348 |                 if (pat_list[k] != NULL) my_free(pat_list[k], 0);\
      |                                          ^~~~~~~ ~~~~~~~~~~~
main.c:2452:46: note: in expansion of macro ‘RETURN’
 2452 |                         if (num_blocks <= 0) RETURN (0);
      |                                              ^~~~~~
index/glimpse.h:219:12: note: declared here
  219 | extern int my_free();
      |            ^~~~~~~
main.c:1355:9: error: too many arguments to function ‘my_free’; expected 0, have 2
 1355 |         my_free(outname[0], 0);\
      |         ^~~~~~~ ~~~~~~~~~~
main.c:2452:46: note: in expansion of macro ‘RETURN’
 2452 |                         if (num_blocks <= 0) RETURN (0);
      |                                              ^~~~~~
index/glimpse.h:219:12: note: declared here
  219 | extern int my_free();
      |            ^~~~~~~
main.c:1356:9: error: too many arguments to function ‘my_free’; expected 0, have 2
 1356 |         my_free(outname, 0);\
      |         ^~~~~~~ ~~~~~~~
main.c:2452:46: note: in expansion of macro ‘RETURN’
 2452 |                         if (num_blocks <= 0) RETURN (0);
      |                                              ^~~~~~
index/glimpse.h:219:12: note: declared here
  219 | extern int my_free();
      |            ^~~~~~~
main.c:1357:9: error: too many arguments to function ‘my_free’; expected 0, have 2
 1357 |         my_free(TEMP_DIR, MAX_LINE_LEN);\
      |         ^~~~~~~ ~~~~~~~~
main.c:2452:46: note: in expansion of macro ‘RETURN’
 2452 |                         if (num_blocks <= 0) RETURN (0);
      |                                              ^~~~~~
index/glimpse.h:219:12: note: declared here
  219 | extern int my_free();
      |            ^~~~~~~
main.c:1358:9: error: too many arguments to function ‘my_free’; expected 0, have 2
 1358 |         my_free(filenames_file, MAX_LINE_LEN);\
      |         ^~~~~~~ ~~~~~~~~~~~~~~
main.c:2452:46: note: in expansion of macro ‘RETURN’
 2452 |                         if (num_blocks <= 0) RETURN (0);
      |                                              ^~~~~~
index/glimpse.h:219:12: note: declared here
  219 | extern int my_free();
      |            ^~~~~~~
main.c:1359:9: error: too many arguments to function ‘my_free’; expected 0, have 2
 1359 |         my_free(bitfield_file, MAX_LINE_LEN);\
      |         ^~~~~~~ ~~~~~~~~~~~~~
main.c:2452:46: note: in expansion of macro ‘RETURN’
 2452 |                         if (num_blocks <= 0) RETURN (0);
      |                                              ^~~~~~
index/glimpse.h:219:12: note: declared here
  219 | extern int my_free();
      |            ^~~~~~~
main.c:1363:25: error: too many arguments to function ‘free_list’; expected 0, have 1
 1363 |                         free_list(&src_offset_table[k]);\
      |                         ^~~~~~~~~ ~~~~~~~~~~~~~~~~~~~~
main.c:2452:46: note: in expansion of macro ‘RETURN’
 2452 |                         if (num_blocks <= 0) RETURN (0);
      |                                              ^~~~~~
main.c:204:8: note: declared here
  204 | extern free_list();
      |        ^~~~~~~~~
main.c:1368:25: error: too many arguments to function ‘free_list’; expected 0, have 1
 1368 |                         free_list(&multi_dest_offset_table[q][k]);\
      |                         ^~~~~~~~~ ~~~~~~~~~~~~~~~~~~~~~~~~~~~~~~
main.c:2452:46: note: in expansion of macro ‘RETURN’
 2452 |                         if (num_blocks <= 0) RETURN (0);
      |                                              ^~~~~~
main.c:204:8: note: declared here
  204 | extern free_list();
      |        ^~~~~~~~~
main.c:1377:17: error: too many arguments to function ‘my_free’; expected 0, have 2
 1377 |                 my_free(GTextfiles[k], 0);\
      |                 ^~~~~~~ ~~~~~~~~~~~~~
main.c:2452:46: note: in expansion of macro ‘RETURN’
 2452 |                         if (num_blocks <= 0) RETURN (0);
      |                                              ^~~~~~
index/glimpse.h:219:12: note: declared here
  219 | extern int my_free();
      |            ^~~~~~~
main.c:2457:25: warning: implicit declaration of function ‘get_filenames’; did you mean ‘get_file_time’? [-Wimplicit-function-declaration]
 2457 |                         get_filenames(src_index_set, 0, NULL, dummylen, dummypat, file_num);
      |                         ^~~~~~~~~~~~~
      |                         get_file_time
main.c:1341:44: error: too many arguments to function ‘my_free’; expected 0, have 2
 1341 |                 if (agrep_argv[k] != NULL) my_free(agrep_argv[k], 0);\
      |                                            ^~~~~~~ ~~~~~~~~~~~~~
main.c:2512:33: note: in expansion of macro ‘RETURN’
 2512 |                                 RETURN(0);
      |                                 ^~~~~~
index/glimpse.h:219:12: note: declared here
  219 | extern int my_free();
      |            ^~~~~~~
main.c:1342:44: error: too many arguments to function ‘my_free’; expected 0, have 2
 1342 |                 if (index_argv[k] != NULL) my_free(index_argv[k], 0);\
      |                                            ^~~~~~~ ~~~~~~~~~~~~~
main.c:2512:33: note: in expansion of macro ‘RETURN’
 2512 |                                 RETURN(0);
      |                                 ^~~~~~
index/glimpse.h:219:12: note: declared here
  219 | extern int my_free();
      |            ^~~~~~~
main.c:1345:30: error: too many arguments to function ‘my_free’; expected 0, have 2
 1345 |         if (FileOpt != NULL) my_free(FileOpt, MAXFILEOPT);\
      |                              ^~~~~~~ ~~~~~~~
main.c:2512:33: note: in expansion of macro ‘RETURN’
 2512 |                                 RETURN(0);
      |                                 ^~~~~~
index/glimpse.h:219:12: note: declared here
  219 | extern int my_free();
      |            ^~~~~~~
main.c:1348:42: error: too many arguments to function ‘my_free’; expected 0, have 2
 1348 |                 if (pat_list[k] != NULL) my_free(pat_list[k], 0);\
      |                                          ^~~~~~~ ~~~~~~~~~~~
main.c:2512:33: note: in expansion of macro ‘RETURN’
 2512 |                                 RETURN(0);
      |                                 ^~~~~~
index/glimpse.h:219:12: note: declared here
  219 | extern int my_free();
      |            ^~~~~~~
main.c:1355:9: error: too many arguments to function ‘my_free’; expected 0, have 2
 1355 |         my_free(outname[0], 0);\
      |         ^~~~~~~ ~~~~~~~~~~
main.c:2512:33: note: in expansion of macro ‘RETURN’
 2512 |                                 RETURN(0);
      |                                 ^~~~~~
index/glimpse.h:219:12: note: declared here
  219 | extern int my_free();
      |            ^~~~~~~
main.c:1356:9: error: too many arguments to function ‘my_free’; expected 0, have 2
 1356 |         my_free(outname, 0);\
      |         ^~~~~~~ ~~~~~~~
main.c:2512:33: note: in expansion of macro ‘RETURN’
 2512 |                                 RETURN(0);
      |                                 ^~~~~~
index/glimpse.h:219:12: note: declared here
  219 | extern int my_free();
      |            ^~~~~~~
main.c:1357:9: error: too many arguments to function ‘my_free’; expected 0, have 2
 1357 |         my_free(TEMP_DIR, MAX_LINE_LEN);\
      |         ^~~~~~~ ~~~~~~~~
main.c:2512:33: note: in expansion of macro ‘RETURN’
 2512 |                                 RETURN(0);
      |                                 ^~~~~~
index/glimpse.h:219:12: note: declared here
  219 | extern int my_free();
      |            ^~~~~~~
main.c:1358:9: error: too many arguments to function ‘my_free’; expected 0, have 2
 1358 |         my_free(filenames_file, MAX_LINE_LEN);\
      |         ^~~~~~~ ~~~~~~~~~~~~~~
main.c:2512:33: note: in expansion of macro ‘RETURN’
 2512 |                                 RETURN(0);
      |                                 ^~~~~~
index/glimpse.h:219:12: note: declared here
  219 | extern int my_free();
      |            ^~~~~~~
main.c:1359:9: error: too many arguments to function ‘my_free’; expected 0, have 2
 1359 |         my_free(bitfield_file, MAX_LINE_LEN);\
      |         ^~~~~~~ ~~~~~~~~~~~~~
main.c:2512:33: note: in expansion of macro ‘RETURN’
 2512 |                                 RETURN(0);
      |                                 ^~~~~~
index/glimpse.h:219:12: note: declared here
  219 | extern int my_free();
      |            ^~~~~~~
main.c:1363:25: error: too many arguments to function ‘free_list’; expected 0, have 1
 1363 |                         free_list(&src_offset_table[k]);\
      |                         ^~~~~~~~~ ~~~~~~~~~~~~~~~~~~~~
main.c:2512:33: note: in expansion of macro ‘RETURN’
 2512 |                                 RETURN(0);
      |                                 ^~~~~~
main.c:204:8: note: declared here
  204 | extern free_list();
      |        ^~~~~~~~~
main.c:1368:25: error: too many arguments to function ‘free_list’; expected 0, have 1
 1368 |                         free_list(&multi_dest_offset_table[q][k]);\
      |                         ^~~~~~~~~ ~~~~~~~~~~~~~~~~~~~~~~~~~~~~~~
main.c:2512:33: note: in expansion of macro ‘RETURN’
 2512 |                                 RETURN(0);
      |                                 ^~~~~~
main.c:204:8: note: declared here
  204 | extern free_list();
      |        ^~~~~~~~~
main.c:1377:17: error: too many arguments to function ‘my_free’; expected 0, have 2
 1377 |                 my_free(GTextfiles[k], 0);\
      |                 ^~~~~~~ ~~~~~~~~~~~~~
main.c:2512:33: note: in expansion of macro ‘RETURN’
 2512 |                                 RETURN(0);
      |                                 ^~~~~~
index/glimpse.h:219:12: note: declared here
  219 | extern int my_free();
      |            ^~~~~~~
main.c:1341:44: error: too many arguments to function ‘my_free’; expected 0, have 2
 1341 |                 if (agrep_argv[k] != NULL) my_free(agrep_argv[k], 0);\
      |                                            ^~~~~~~ ~~~~~~~~~~~~~
main.c:2525:51: note: in expansion of macro ‘RETURN’
 2525 |                                 if (cc[0] != 'y') RETURN(0);
      |                                                   ^~~~~~
index/glimpse.h:219:12: note: declared here
  219 | extern int my_free();
      |            ^~~~~~~
main.c:1342:44: error: too many arguments to function ‘my_free’; expected 0, have 2
 1342 |                 if (index_argv[k] != NULL) my_free(index_argv[k], 0);\
      |                                            ^~~~~~~ ~~~~~~~~~~~~~
main.c:2525:51: note: in expansion of macro ‘RETURN’
 2525 |                                 if (cc[0] != 'y') RETURN(0);
      |                                                   ^~~~~~
index/glimpse.h:219:12: note: declared here
  219 | extern int my_free();
      |            ^~~~~~~
main.c:1345:30: error: too many arguments to function ‘my_free’; expected 0, have 2
 1345 |         if (FileOpt != NULL) my_free(FileOpt, MAXFILEOPT);\
      |                              ^~~~~~~ ~~~~~~~
main.c:2525:51: note: in expansion of macro ‘RETURN’
 2525 |                                 if (cc[0] != 'y') RETURN(0);
      |                                                   ^~~~~~
index/glimpse.h:219:12: note: declared here
  219 | extern int my_free();
      |            ^~~~~~~
main.c:1348:42: error: too many arguments to function ‘my_free’; expected 0, have 2
 1348 |                 if (pat_list[k] != NULL) my_free(pat_list[k], 0);\
      |                                          ^~~~~~~ ~~~~~~~~~~~
main.c:2525:51: note: in expansion of macro ‘RETURN’
 2525 |                                 if (cc[0] != 'y') RETURN(0);
      |                                                   ^~~~~~
index/glimpse.h:219:12: note: declared here
  219 | extern int my_free();
      |            ^~~~~~~
main.c:1355:9: error: too many arguments to function ‘my_free’; expected 0, have 2
 1355 |         my_free(outname[0], 0);\
      |         ^~~~~~~ ~~~~~~~~~~
main.c:2525:51: note: in expansion of macro ‘RETURN’
 2525 |                                 if (cc[0] != 'y') RETURN(0);
      |                                                   ^~~~~~
index/glimpse.h:219:12: note: declared here
  219 | extern int my_free();
      |            ^~~~~~~
main.c:1356:9: error: too many arguments to function ‘my_free’; expected 0, have 2
 1356 |         my_free(outname, 0);\
      |         ^~~~~~~ ~~~~~~~
main.c:2525:51: note: in expansion of macro ‘RETURN’
 2525 |                                 if (cc[0] != 'y') RETURN(0);
      |                                                   ^~~~~~
index/glimpse.h:219:12: note: declared here
  219 | extern int my_free();
      |            ^~~~~~~
main.c:1357:9: error: too many arguments to function ‘my_free’; expected 0, have 2
 1357 |         my_free(TEMP_DIR, MAX_LINE_LEN);\
      |         ^~~~~~~ ~~~~~~~~
main.c:2525:51: note: in expansion of macro ‘RETURN’
 2525 |                                 if (cc[0] != 'y') RETURN(0);
      |                                                   ^~~~~~
index/glimpse.h:219:12: note: declared here
  219 | extern int my_free();
      |            ^~~~~~~
main.c:1358:9: error: too many arguments to function ‘my_free’; expected 0, have 2
 1358 |         my_free(filenames_file, MAX_LINE_LEN);\
      |         ^~~~~~~ ~~~~~~~~~~~~~~
main.c:2525:51: note: in expansion of macro ‘RETURN’
 2525 |                                 if (cc[0] != 'y') RETURN(0);
      |                                                   ^~~~~~
index/glimpse.h:219:12: note: declared here
  219 | extern int my_free();
      |            ^~~~~~~
main.c:1359:9: error: too many arguments to function ‘my_free’; expected 0, have 2
 1359 |         my_free(bitfield_file, MAX_LINE_LEN);\
      |         ^~~~~~~ ~~~~~~~~~~~~~
main.c:2525:51: note: in expansion of macro ‘RETURN’
 2525 |                                 if (cc[0] != 'y') RETURN(0);
      |                                                   ^~~~~~
index/glimpse.h:219:12: note: declared here
  219 | extern int my_free();
      |            ^~~~~~~
main.c:1363:25: error: too many arguments to function ‘free_list’; expected 0, have 1
 1363 |                         free_list(&src_offset_table[k]);\
      |                         ^~~~~~~~~ ~~~~~~~~~~~~~~~~~~~~
main.c:2525:51: note: in expansion of macro ‘RETURN’
 2525 |                                 if (cc[0] != 'y') RETURN(0);
      |                                                   ^~~~~~
main.c:204:8: note: declared here
  204 | extern free_list();
      |        ^~~~~~~~~
main.c:1368:25: error: too many arguments to function ‘free_list’; expected 0, have 1
 1368 |                         free_list(&multi_dest_offset_table[q][k]);\
      |                         ^~~~~~~~~ ~~~~~~~~~~~~~~~~~~~~~~~~~~~~~~
main.c:2525:51: note: in expansion of macro ‘RETURN’
 2525 |                                 if (cc[0] != 'y') RETURN(0);
      |                                                   ^~~~~~
main.c:204:8: note: declared here
  204 | extern free_list();
      |        ^~~~~~~~~
main.c:1377:17: error: too many arguments to function ‘my_free’; expected 0, have 2
 1377 |                 my_free(GTextfiles[k], 0);\
      |                 ^~~~~~~ ~~~~~~~~~~~~~
main.c:2525:51: note: in expansion of macro ‘RETURN’
 2525 |                                 if (cc[0] != 'y') RETURN(0);
      |                                                   ^~~~~~
index/glimpse.h:219:12: note: declared here
  219 | extern int my_free();
      |            ^~~~~~~
main.c:2532:47: warning: pointer targets in passing argument 2 of ‘strcpy’ differ in signedness [-Wpointer-sign]
 2532 |                         strcpy(index_argv[0], GProgname);
      |                                               ^~~~~~~~~
      |                                               |
      |                                               unsigned char *
/usr/include/bits/string_fortified.h:77:1: note: expected ‘const char *’ but argument is of type ‘unsigned char *’
   77 | __NTH (strcpy (__fortify_clang_overload_arg (char *, __restrict, __dest),
      | ^~~~~
main.c:1341:44: error: too many arguments to function ‘my_free’; expected 0, have 2
 1341 |                 if (agrep_argv[k] != NULL) my_free(agrep_argv[k], 0);\
      |                                            ^~~~~~~ ~~~~~~~~~~~~~
main.c:2548:49: note: in expansion of macro ‘RETURN’
 2548 |                                                 RETURN(usage());
      |                                                 ^~~~~~
index/glimpse.h:219:12: note: declared here
  219 | extern int my_free();
      |            ^~~~~~~
main.c:1342:44: error: too many arguments to function ‘my_free’; expected 0, have 2
 1342 |                 if (index_argv[k] != NULL) my_free(index_argv[k], 0);\
      |                                            ^~~~~~~ ~~~~~~~~~~~~~
main.c:2548:49: note: in expansion of macro ‘RETURN’
 2548 |                                                 RETURN(usage());
      |                                                 ^~~~~~
index/glimpse.h:219:12: note: declared here
  219 | extern int my_free();
      |            ^~~~~~~
main.c:1345:30: error: too many arguments to function ‘my_free’; expected 0, have 2
 1345 |         if (FileOpt != NULL) my_free(FileOpt, MAXFILEOPT);\
      |                              ^~~~~~~ ~~~~~~~
main.c:2548:49: note: in expansion of macro ‘RETURN’
 2548 |                                                 RETURN(usage());
      |                                                 ^~~~~~
index/glimpse.h:219:12: note: declared here
  219 | extern int my_free();
      |            ^~~~~~~
main.c:1348:42: error: too many arguments to function ‘my_free’; expected 0, have 2
 1348 |                 if (pat_list[k] != NULL) my_free(pat_list[k], 0);\
      |                                          ^~~~~~~ ~~~~~~~~~~~
main.c:2548:49: note: in expansion of macro ‘RETURN’
 2548 |                                                 RETURN(usage());
      |                                                 ^~~~~~
index/glimpse.h:219:12: note: declared here
  219 | extern int my_free();
      |            ^~~~~~~
main.c:1355:9: error: too many arguments to function ‘my_free’; expected 0, have 2
 1355 |         my_free(outname[0], 0);\
      |         ^~~~~~~ ~~~~~~~~~~
main.c:2548:49: note: in expansion of macro ‘RETURN’
 2548 |                                                 RETURN(usage());
      |                                                 ^~~~~~
index/glimpse.h:219:12: note: declared here
  219 | extern int my_free();
      |            ^~~~~~~
main.c:1356:9: error: too many arguments to function ‘my_free’; expected 0, have 2
 1356 |         my_free(outname, 0);\
      |         ^~~~~~~ ~~~~~~~
main.c:2548:49: note: in expansion of macro ‘RETURN’
 2548 |                                                 RETURN(usage());
      |                                                 ^~~~~~
index/glimpse.h:219:12: note: declared here
  219 | extern int my_free();
      |            ^~~~~~~
main.c:1357:9: error: too many arguments to function ‘my_free’; expected 0, have 2
 1357 |         my_free(TEMP_DIR, MAX_LINE_LEN);\
      |         ^~~~~~~ ~~~~~~~~
main.c:2548:49: note: in expansion of macro ‘RETURN’
 2548 |                                                 RETURN(usage());
      |                                                 ^~~~~~
index/glimpse.h:219:12: note: declared here
  219 | extern int my_free();
      |            ^~~~~~~
main.c:1358:9: error: too many arguments to function ‘my_free’; expected 0, have 2
 1358 |         my_free(filenames_file, MAX_LINE_LEN);\
      |         ^~~~~~~ ~~~~~~~~~~~~~~
main.c:2548:49: note: in expansion of macro ‘RETURN’
 2548 |                                                 RETURN(usage());
      |                                                 ^~~~~~
index/glimpse.h:219:12: note: declared here
  219 | extern int my_free();
      |            ^~~~~~~
main.c:1359:9: error: too many arguments to function ‘my_free’; expected 0, have 2
 1359 |         my_free(bitfield_file, MAX_LINE_LEN);\
      |         ^~~~~~~ ~~~~~~~~~~~~~
main.c:2548:49: note: in expansion of macro ‘RETURN’
 2548 |                                                 RETURN(usage());
      |                                                 ^~~~~~
index/glimpse.h:219:12: note: declared here
  219 | extern int my_free();
      |            ^~~~~~~
main.c:1363:25: error: too many arguments to function ‘free_list’; expected 0, have 1
 1363 |                         free_list(&src_offset_table[k]);\
      |                         ^~~~~~~~~ ~~~~~~~~~~~~~~~~~~~~
main.c:2548:49: note: in expansion of macro ‘RETURN’
 2548 |                                                 RETURN(usage());
      |                                                 ^~~~~~
main.c:204:8: note: declared here
  204 | extern free_list();
      |        ^~~~~~~~~
main.c:1368:25: error: too many arguments to function ‘free_list’; expected 0, have 1
 1368 |                         free_list(&multi_dest_offset_table[q][k]);\
      |                         ^~~~~~~~~ ~~~~~~~~~~~~~~~~~~~~~~~~~~~~~~
main.c:2548:49: note: in expansion of macro ‘RETURN’
 2548 |                                                 RETURN(usage());
      |                                                 ^~~~~~
main.c:204:8: note: declared here
  204 | extern free_list();
      |        ^~~~~~~~~
main.c:1377:17: error: too many arguments to function ‘my_free’; expected 0, have 2
 1377 |                 my_free(GTextfiles[k], 0);\
      |                 ^~~~~~~ ~~~~~~~~~~~~~
main.c:2548:49: note: in expansion of macro ‘RETURN’
 2548 |                                                 RETURN(usage());
      |                                                 ^~~~~~
index/glimpse.h:219:12: note: declared here
  219 | extern int my_free();
      |            ^~~~~~~
main.c:1341:44: error: too many arguments to function ‘my_free’; expected 0, have 2
 1341 |                 if (agrep_argv[k] != NULL) my_free(agrep_argv[k], 0);\
      |                                            ^~~~~~~ ~~~~~~~~~~~~~
main.c:2559:41: note: in expansion of macro ‘RETURN’
 2559 |                                         RETURN(usage());
      |                                         ^~~~~~
index/glimpse.h:219:12: note: declared here
  219 | extern int my_free();
      |            ^~~~~~~
main.c:1342:44: error: too many arguments to function ‘my_free’; expected 0, have 2
 1342 |                 if (index_argv[k] != NULL) my_free(index_argv[k], 0);\
      |                                            ^~~~~~~ ~~~~~~~~~~~~~
main.c:2559:41: note: in expansion of macro ‘RETURN’
 2559 |                                         RETURN(usage());
      |                                         ^~~~~~
index/glimpse.h:219:12: note: declared here
  219 | extern int my_free();
      |            ^~~~~~~
main.c:1345:30: error: too many arguments to function ‘my_free’; expected 0, have 2
 1345 |         if (FileOpt != NULL) my_free(FileOpt, MAXFILEOPT);\
      |                              ^~~~~~~ ~~~~~~~
main.c:2559:41: note: in expansion of macro ‘RETURN’
 2559 |                                         RETURN(usage());
      |                                         ^~~~~~
index/glimpse.h:219:12: note: declared here
  219 | extern int my_free();
      |            ^~~~~~~
main.c:1348:42: error: too many arguments to function ‘my_free’; expected 0, have 2
 1348 |                 if (pat_list[k] != NULL) my_free(pat_list[k], 0);\
      |                                          ^~~~~~~ ~~~~~~~~~~~
main.c:2559:41: note: in expansion of macro ‘RETURN’
 2559 |                                         RETURN(usage());
      |                                         ^~~~~~
index/glimpse.h:219:12: note: declared here
  219 | extern int my_free();
      |            ^~~~~~~
main.c:1355:9: error: too many arguments to function ‘my_free’; expected 0, have 2
 1355 |         my_free(outname[0], 0);\
      |         ^~~~~~~ ~~~~~~~~~~
main.c:2559:41: note: in expansion of macro ‘RETURN’
 2559 |                                         RETURN(usage());
      |                                         ^~~~~~
index/glimpse.h:219:12: note: declared here
  219 | extern int my_free();
      |            ^~~~~~~
main.c:1356:9: error: too many arguments to function ‘my_free’; expected 0, have 2
 1356 |         my_free(outname, 0);\
      |         ^~~~~~~ ~~~~~~~
main.c:2559:41: note: in expansion of macro ‘RETURN’
 2559 |                                         RETURN(usage());
      |                                         ^~~~~~
index/glimpse.h:219:12: note: declared here
  219 | extern int my_free();
      |            ^~~~~~~
main.c:1357:9: error: too many arguments to function ‘my_free’; expected 0, have 2
 1357 |         my_free(TEMP_DIR, MAX_LINE_LEN);\
      |         ^~~~~~~ ~~~~~~~~
main.c:2559:41: note: in expansion of macro ‘RETURN’
 2559 |                                         RETURN(usage());
      |                                         ^~~~~~
index/glimpse.h:219:12: note: declared here
  219 | extern int my_free();
      |            ^~~~~~~
main.c:1358:9: error: too many arguments to function ‘my_free’; expected 0, have 2
 1358 |         my_free(filenames_file, MAX_LINE_LEN);\
      |         ^~~~~~~ ~~~~~~~~~~~~~~
main.c:2559:41: note: in expansion of macro ‘RETURN’
 2559 |                                         RETURN(usage());
      |                                         ^~~~~~
index/glimpse.h:219:12: note: declared here
  219 | extern int my_free();
      |            ^~~~~~~
main.c:1359:9: error: too many arguments to function ‘my_free’; expected 0, have 2
 1359 |         my_free(bitfield_file, MAX_LINE_LEN);\
      |         ^~~~~~~ ~~~~~~~~~~~~~
main.c:2559:41: note: in expansion of macro ‘RETURN’
 2559 |                                         RETURN(usage());
      |                                         ^~~~~~
index/glimpse.h:219:12: note: declared here
  219 | extern int my_free();
      |            ^~~~~~~
main.c:1363:25: error: too many arguments to function ‘free_list’; expected 0, have 1
 1363 |                         free_list(&src_offset_table[k]);\
      |                         ^~~~~~~~~ ~~~~~~~~~~~~~~~~~~~~
main.c:2559:41: note: in expansion of macro ‘RETURN’
 2559 |                                         RETURN(usage());
      |                                         ^~~~~~
main.c:204:8: note: declared here
  204 | extern free_list();
      |        ^~~~~~~~~
main.c:1368:25: error: too many arguments to function ‘free_list’; expected 0, have 1
 1368 |                         free_list(&multi_dest_offset_table[q][k]);\
      |                         ^~~~~~~~~ ~~~~~~~~~~~~~~~~~~~~~~~~~~~~~~
main.c:2559:41: note: in expansion of macro ‘RETURN’
 2559 |                                         RETURN(usage());
      |                                         ^~~~~~
main.c:204:8: note: declared here
  204 | extern free_list();
      |        ^~~~~~~~~
main.c:1377:17: error: too many arguments to function ‘my_free’; expected 0, have 2
 1377 |                 my_free(GTextfiles[k], 0);\
      |                 ^~~~~~~ ~~~~~~~~~~~~~
main.c:2559:41: note: in expansion of macro ‘RETURN’
 2559 |                                         RETURN(usage());
      |                                         ^~~~~~
index/glimpse.h:219:12: note: declared here
  219 | extern int my_free();
      |            ^~~~~~~
main.c:2565:49: warning: pointer targets in passing argument 1 of ‘strlen’ differ in signedness [-Wpointer-sign]
 2565 |                         fileopt_length = strlen(FileOpt);
      |                                                 ^~~~~~~
      |                                                 |
      |                                                 unsigned char *
/usr/include/string.h:407:35: note: expected ‘const char *’ but argument is of type ‘unsigned char *’
  407 | extern size_t strlen (const char *__s)
      |                       ~~~~~~~~~~~~^~~
main.c:2566:63: warning: pointer targets in passing argument 2 of ‘strncpy’ differ in signedness [-Wpointer-sign]
 2566 |                         strncpy(index_argv[index_argc],FileOpt+j,fileopt_length-j);
      |                                                        ~~~~~~~^~
      |                                                               |
      |                                                               unsigned char *
/usr/include/bits/string_fortified.h:96:1: note: expected ‘const char *’ but argument is of type ‘unsigned char *’
   96 | __NTH (strncpy (__fortify_clang_overload_arg (char *, __restrict, __dest),
      | ^~~~~
main.c:2569:25: error: too many arguments to function ‘my_free’; expected 0, have 2
 2569 |                         my_free(FileOpt, MAXFILEOPT);
      |                         ^~~~~~~ ~~~~~~~
index/glimpse.h:219:12: note: declared here
  219 | extern int my_free();
      |            ^~~~~~~
main.c:1341:44: error: too many arguments to function ‘my_free’; expected 0, have 2
 1341 |                 if (agrep_argv[k] != NULL) my_free(agrep_argv[k], 0);\
      |                                            ^~~~~~~ ~~~~~~~~~~~~~
main.c:2640:33: note: in expansion of macro ‘RETURN’
 2640 |                                 RETURN(0);
      |                                 ^~~~~~
index/glimpse.h:219:12: note: declared here
  219 | extern int my_free();
      |            ^~~~~~~
main.c:1342:44: error: too many arguments to function ‘my_free’; expected 0, have 2
 1342 |                 if (index_argv[k] != NULL) my_free(index_argv[k], 0);\
      |                                            ^~~~~~~ ~~~~~~~~~~~~~
main.c:2640:33: note: in expansion of macro ‘RETURN’
 2640 |                                 RETURN(0);
      |                                 ^~~~~~
index/glimpse.h:219:12: note: declared here
  219 | extern int my_free();
      |            ^~~~~~~
main.c:1345:30: error: too many arguments to function ‘my_free’; expected 0, have 2
 1345 |         if (FileOpt != NULL) my_free(FileOpt, MAXFILEOPT);\
      |                              ^~~~~~~ ~~~~~~~
main.c:2640:33: note: in expansion of macro ‘RETURN’
 2640 |                                 RETURN(0);
      |                                 ^~~~~~
index/glimpse.h:219:12: note: declared here
  219 | extern int my_free();
      |            ^~~~~~~
main.c:1348:42: error: too many arguments to function ‘my_free’; expected 0, have 2
 1348 |                 if (pat_list[k] != NULL) my_free(pat_list[k], 0);\
      |                                          ^~~~~~~ ~~~~~~~~~~~
main.c:2640:33: note: in expansion of macro ‘RETURN’
 2640 |                                 RETURN(0);
      |                                 ^~~~~~
index/glimpse.h:219:12: note: declared here
  219 | extern int my_free();
      |            ^~~~~~~
main.c:1355:9: error: too many arguments to function ‘my_free’; expected 0, have 2
 1355 |         my_free(outname[0], 0);\
      |         ^~~~~~~ ~~~~~~~~~~
main.c:2640:33: note: in expansion of macro ‘RETURN’
 2640 |                                 RETURN(0);
      |                                 ^~~~~~
index/glimpse.h:219:12: note: declared here
  219 | extern int my_free();
      |            ^~~~~~~
main.c:1356:9: error: too many arguments to function ‘my_free’; expected 0, have 2
 1356 |         my_free(outname, 0);\
      |         ^~~~~~~ ~~~~~~~
main.c:2640:33: note: in expansion of macro ‘RETURN’
 2640 |                                 RETURN(0);
      |                                 ^~~~~~
index/glimpse.h:219:12: note: declared here
  219 | extern int my_free();
      |            ^~~~~~~
main.c:1357:9: error: too many arguments to function ‘my_free’; expected 0, have 2
 1357 |         my_free(TEMP_DIR, MAX_LINE_LEN);\
      |         ^~~~~~~ ~~~~~~~~
main.c:2640:33: note: in expansion of macro ‘RETURN’
 2640 |                                 RETURN(0);
      |                                 ^~~~~~
index/glimpse.h:219:12: note: declared here
  219 | extern int my_free();
      |            ^~~~~~~
main.c:1358:9: error: too many arguments to function ‘my_free’; expected 0, have 2
 1358 |         my_free(filenames_file, MAX_LINE_LEN);\
      |         ^~~~~~~ ~~~~~~~~~~~~~~
main.c:2640:33: note: in expansion of macro ‘RETURN’
 2640 |                                 RETURN(0);
      |                                 ^~~~~~
index/glimpse.h:219:12: note: declared here
  219 | extern int my_free();
      |            ^~~~~~~
main.c:1359:9: error: too many arguments to function ‘my_free’; expected 0, have 2
 1359 |         my_free(bitfield_file, MAX_LINE_LEN);\
      |         ^~~~~~~ ~~~~~~~~~~~~~
main.c:2640:33: note: in expansion of macro ‘RETURN’
 2640 |                                 RETURN(0);
      |                                 ^~~~~~
index/glimpse.h:219:12: note: declared here
  219 | extern int my_free();
      |            ^~~~~~~
main.c:1363:25: error: too many arguments to function ‘free_list’; expected 0, have 1
 1363 |                         free_list(&src_offset_table[k]);\
      |                         ^~~~~~~~~ ~~~~~~~~~~~~~~~~~~~~
main.c:2640:33: note: in expansion of macro ‘RETURN’
 2640 |                                 RETURN(0);
      |                                 ^~~~~~
main.c:204:8: note: declared here
  204 | extern free_list();
      |        ^~~~~~~~~
main.c:1368:25: error: too many arguments to function ‘free_list’; expected 0, have 1
 1368 |                         free_list(&multi_dest_offset_table[q][k]);\
      |                         ^~~~~~~~~ ~~~~~~~~~~~~~~~~~~~~~~~~~~~~~~
main.c:2640:33: note: in expansion of macro ‘RETURN’
 2640 |                                 RETURN(0);
      |                                 ^~~~~~
main.c:204:8: note: declared here
  204 | extern free_list();
      |        ^~~~~~~~~
main.c:1377:17: error: too many arguments to function ‘my_free’; expected 0, have 2
 1377 |                 my_free(GTextfiles[k], 0);\
      |                 ^~~~~~~ ~~~~~~~~~~~~~
main.c:2640:33: note: in expansion of macro ‘RETURN’
 2640 |                                 RETURN(0);
      |                                 ^~~~~~
index/glimpse.h:219:12: note: declared here
  219 | extern int my_free();
      |            ^~~~~~~
main.c:1341:44: error: too many arguments to function ‘my_free’; expected 0, have 2
 1341 |                 if (agrep_argv[k] != NULL) my_free(agrep_argv[k], 0);\
      |                                            ^~~~~~~ ~~~~~~~~~~~~~
main.c:2653:51: note: in expansion of macro ‘RETURN’
 2653 |                                 if (cc[0] != 'y') RETURN(0);
      |                                                   ^~~~~~
index/glimpse.h:219:12: note: declared here
  219 | extern int my_free();
      |            ^~~~~~~
main.c:1342:44: error: too many arguments to function ‘my_free’; expected 0, have 2
 1342 |                 if (index_argv[k] != NULL) my_free(index_argv[k], 0);\
      |                                            ^~~~~~~ ~~~~~~~~~~~~~
main.c:2653:51: note: in expansion of macro ‘RETURN’
 2653 |                                 if (cc[0] != 'y') RETURN(0);
      |                                                   ^~~~~~
index/glimpse.h:219:12: note: declared here
  219 | extern int my_free();
      |            ^~~~~~~
main.c:1345:30: error: too many arguments to function ‘my_free’; expected 0, have 2
 1345 |         if (FileOpt != NULL) my_free(FileOpt, MAXFILEOPT);\
      |                              ^~~~~~~ ~~~~~~~
main.c:2653:51: note: in expansion of macro ‘RETURN’
 2653 |                                 if (cc[0] != 'y') RETURN(0);
      |                                                   ^~~~~~
index/glimpse.h:219:12: note: declared here
  219 | extern int my_free();
      |            ^~~~~~~
main.c:1348:42: error: too many arguments to function ‘my_free’; expected 0, have 2
 1348 |                 if (pat_list[k] != NULL) my_free(pat_list[k], 0);\
      |                                          ^~~~~~~ ~~~~~~~~~~~
main.c:2653:51: note: in expansion of macro ‘RETURN’
 2653 |                                 if (cc[0] != 'y') RETURN(0);
      |                                                   ^~~~~~
index/glimpse.h:219:12: note: declared here
  219 | extern int my_free();
      |            ^~~~~~~
main.c:1355:9: error: too many arguments to function ‘my_free’; expected 0, have 2
 1355 |         my_free(outname[0], 0);\
      |         ^~~~~~~ ~~~~~~~~~~
main.c:2653:51: note: in expansion of macro ‘RETURN’
 2653 |                                 if (cc[0] != 'y') RETURN(0);
      |                                                   ^~~~~~
index/glimpse.h:219:12: note: declared here
  219 | extern int my_free();
      |            ^~~~~~~
main.c:1356:9: error: too many arguments to function ‘my_free’; expected 0, have 2
 1356 |         my_free(outname, 0);\
      |         ^~~~~~~ ~~~~~~~
main.c:2653:51: note: in expansion of macro ‘RETURN’
 2653 |                                 if (cc[0] != 'y') RETURN(0);
      |                                                   ^~~~~~
index/glimpse.h:219:12: note: declared here
  219 | extern int my_free();
      |            ^~~~~~~
main.c:1357:9: error: too many arguments to function ‘my_free’; expected 0, have 2
 1357 |         my_free(TEMP_DIR, MAX_LINE_LEN);\
      |         ^~~~~~~ ~~~~~~~~
main.c:2653:51: note: in expansion of macro ‘RETURN’
 2653 |                                 if (cc[0] != 'y') RETURN(0);
      |                                                   ^~~~~~
index/glimpse.h:219:12: note: declared here
  219 | extern int my_free();
      |            ^~~~~~~
main.c:1358:9: error: too many arguments to function ‘my_free’; expected 0, have 2
 1358 |         my_free(filenames_file, MAX_LINE_LEN);\
      |         ^~~~~~~ ~~~~~~~~~~~~~~
main.c:2653:51: note: in expansion of macro ‘RETURN’
 2653 |                                 if (cc[0] != 'y') RETURN(0);
      |                                                   ^~~~~~
index/glimpse.h:219:12: note: declared here
  219 | extern int my_free();
      |            ^~~~~~~
main.c:1359:9: error: too many arguments to function ‘my_free’; expected 0, have 2
 1359 |         my_free(bitfield_file, MAX_LINE_LEN);\
      |         ^~~~~~~ ~~~~~~~~~~~~~
main.c:2653:51: note: in expansion of macro ‘RETURN’
 2653 |                                 if (cc[0] != 'y') RETURN(0);
      |                                                   ^~~~~~
index/glimpse.h:219:12: note: declared here
  219 | extern int my_free();
      |            ^~~~~~~
main.c:1363:25: error: too many arguments to function ‘free_list’; expected 0, have 1
 1363 |                         free_list(&src_offset_table[k]);\
      |                         ^~~~~~~~~ ~~~~~~~~~~~~~~~~~~~~
main.c:2653:51: note: in expansion of macro ‘RETURN’
 2653 |                                 if (cc[0] != 'y') RETURN(0);
      |                                                   ^~~~~~
main.c:204:8: note: declared here
  204 | extern free_list();
      |        ^~~~~~~~~
main.c:1368:25: error: too many arguments to function ‘free_list’; expected 0, have 1
 1368 |                         free_list(&multi_dest_offset_table[q][k]);\
      |                         ^~~~~~~~~ ~~~~~~~~~~~~~~~~~~~~~~~~~~~~~~
main.c:2653:51: note: in expansion of macro ‘RETURN’
 2653 |                                 if (cc[0] != 'y') RETURN(0);
      |                                                   ^~~~~~
main.c:204:8: note: declared here
  204 | extern free_list();
      |        ^~~~~~~~~
main.c:1377:17: error: too many arguments to function ‘my_free’; expected 0, have 2
 1377 |                 my_free(GTextfiles[k], 0);\
      |                 ^~~~~~~ ~~~~~~~~~~~~~
main.c:2653:51: note: in expansion of macro ‘RETURN’
 2653 |                                 if (cc[0] != 'y') RETURN(0);
      |                                                   ^~~~~~
index/glimpse.h:219:12: note: declared here
  219 | extern int my_free();
      |            ^~~~~~~
main.c:1341:44: error: too many arguments to function ‘my_free’; expected 0, have 2
 1341 |                 if (agrep_argv[k] != NULL) my_free(agrep_argv[k], 0);\
      |                                            ^~~~~~~ ~~~~~~~~~~~~~
main.c:2680:37: note: in expansion of macro ‘RETURN’
 2680 |                 if (GNumfiles <= 0) RETURN(0);
      |                                     ^~~~~~
index/glimpse.h:219:12: note: declared here
  219 | extern int my_free();
      |            ^~~~~~~
main.c:1342:44: error: too many arguments to function ‘my_free’; expected 0, have 2
 1342 |                 if (index_argv[k] != NULL) my_free(index_argv[k], 0);\
      |                                            ^~~~~~~ ~~~~~~~~~~~~~
main.c:2680:37: note: in expansion of macro ‘RETURN’
 2680 |                 if (GNumfiles <= 0) RETURN(0);
      |                                     ^~~~~~
index/glimpse.h:219:12: note: declared here
  219 | extern int my_free();
      |            ^~~~~~~
main.c:1345:30: error: too many arguments to function ‘my_free’; expected 0, have 2
 1345 |         if (FileOpt != NULL) my_free(FileOpt, MAXFILEOPT);\
      |                              ^~~~~~~ ~~~~~~~
main.c:2680:37: note: in expansion of macro ‘RETURN’
 2680 |                 if (GNumfiles <= 0) RETURN(0);
      |                                     ^~~~~~
index/glimpse.h:219:12: note: declared here
  219 | extern int my_free();
      |            ^~~~~~~
main.c:1348:42: error: too many arguments to function ‘my_free’; expected 0, have 2
 1348 |                 if (pat_list[k] != NULL) my_free(pat_list[k], 0);\
      |                                          ^~~~~~~ ~~~~~~~~~~~
main.c:2680:37: note: in expansion of macro ‘RETURN’
 2680 |                 if (GNumfiles <= 0) RETURN(0);
      |                                     ^~~~~~
index/glimpse.h:219:12: note: declared here
  219 | extern int my_free();
      |            ^~~~~~~
main.c:1355:9: error: too many arguments to function ‘my_free’; expected 0, have 2
 1355 |         my_free(outname[0], 0);\
      |         ^~~~~~~ ~~~~~~~~~~
main.c:2680:37: note: in expansion of macro ‘RETURN’
 2680 |                 if (GNumfiles <= 0) RETURN(0);
      |                                     ^~~~~~
index/glimpse.h:219:12: note: declared here
  219 | extern int my_free();
      |            ^~~~~~~
main.c:1356:9: error: too many arguments to function ‘my_free’; expected 0, have 2
 1356 |         my_free(outname, 0);\
      |         ^~~~~~~ ~~~~~~~
main.c:2680:37: note: in expansion of macro ‘RETURN’
 2680 |                 if (GNumfiles <= 0) RETURN(0);
      |                                     ^~~~~~
index/glimpse.h:219:12: note: declared here
  219 | extern int my_free();
      |            ^~~~~~~
main.c:1357:9: error: too many arguments to function ‘my_free’; expected 0, have 2
 1357 |         my_free(TEMP_DIR, MAX_LINE_LEN);\
      |         ^~~~~~~ ~~~~~~~~
main.c:2680:37: note: in expansion of macro ‘RETURN’
 2680 |                 if (GNumfiles <= 0) RETURN(0);
      |                                     ^~~~~~
index/glimpse.h:219:12: note: declared here
  219 | extern int my_free();
      |            ^~~~~~~
main.c:1358:9: error: too many arguments to function ‘my_free’; expected 0, have 2
 1358 |         my_free(filenames_file, MAX_LINE_LEN);\
      |         ^~~~~~~ ~~~~~~~~~~~~~~
main.c:2680:37: note: in expansion of macro ‘RETURN’
 2680 |                 if (GNumfiles <= 0) RETURN(0);
      |                                     ^~~~~~
index/glimpse.h:219:12: note: declared here
  219 | extern int my_free();
      |            ^~~~~~~
main.c:1359:9: error: too many arguments to function ‘my_free’; expected 0, have 2
 1359 |         my_free(bitfield_file, MAX_LINE_LEN);\
      |         ^~~~~~~ ~~~~~~~~~~~~~
main.c:2680:37: note: in expansion of macro ‘RETURN’
 2680 |                 if (GNumfiles <= 0) RETURN(0);
      |                                     ^~~~~~
index/glimpse.h:219:12: note: declared here
  219 | extern int my_free();
      |            ^~~~~~~
main.c:1363:25: error: too many arguments to function ‘free_list’; expected 0, have 1
 1363 |                         free_list(&src_offset_table[k]);\
      |                         ^~~~~~~~~ ~~~~~~~~~~~~~~~~~~~~
main.c:2680:37: note: in expansion of macro ‘RETURN’
 2680 |                 if (GNumfiles <= 0) RETURN(0);
      |                                     ^~~~~~
main.c:204:8: note: declared here
  204 | extern free_list();
      |        ^~~~~~~~~
main.c:1368:25: error: too many arguments to function ‘free_list’; expected 0, have 1
 1368 |                         free_list(&multi_dest_offset_table[q][k]);\
      |                         ^~~~~~~~~ ~~~~~~~~~~~~~~~~~~~~~~~~~~~~~~
main.c:2680:37: note: in expansion of macro ‘RETURN’
 2680 |                 if (GNumfiles <= 0) RETURN(0);
      |                                     ^~~~~~
main.c:204:8: note: declared here
  204 | extern free_list();
      |        ^~~~~~~~~
main.c:1377:17: error: too many arguments to function ‘my_free’; expected 0, have 2
 1377 |                 my_free(GTextfiles[k], 0);\
      |                 ^~~~~~~ ~~~~~~~~~~~~~
main.c:2680:37: note: in expansion of macro ‘RETURN’
 2680 |                 if (GNumfiles <= 0) RETURN(0);
      |                                     ^~~~~~
index/glimpse.h:219:12: note: declared here
  219 | extern int my_free();
      |            ^~~~~~~
main.c:1341:44: error: too many arguments to function ‘my_free’; expected 0, have 2
 1341 |                 if (agrep_argv[k] != NULL) my_free(agrep_argv[k], 0);\
      |                                            ^~~~~~~ ~~~~~~~~~~~~~
main.c:2681:41: note: in expansion of macro ‘RETURN’
 2681 |                 if (glimpse_clientdied) RETURN(0);
      |                                         ^~~~~~
index/glimpse.h:219:12: note: declared here
  219 | extern int my_free();
      |            ^~~~~~~
main.c:1342:44: error: too many arguments to function ‘my_free’; expected 0, have 2
 1342 |                 if (index_argv[k] != NULL) my_free(index_argv[k], 0);\
      |                                            ^~~~~~~ ~~~~~~~~~~~~~
main.c:2681:41: note: in expansion of macro ‘RETURN’
 2681 |                 if (glimpse_clientdied) RETURN(0);
      |                                         ^~~~~~
index/glimpse.h:219:12: note: declared here
  219 | extern int my_free();
      |            ^~~~~~~
main.c:1345:30: error: too many arguments to function ‘my_free’; expected 0, have 2
 1345 |         if (FileOpt != NULL) my_free(FileOpt, MAXFILEOPT);\
      |                              ^~~~~~~ ~~~~~~~
main.c:2681:41: note: in expansion of macro ‘RETURN’
 2681 |                 if (glimpse_clientdied) RETURN(0);
      |                                         ^~~~~~
index/glimpse.h:219:12: note: declared here
  219 | extern int my_free();
      |            ^~~~~~~
main.c:1348:42: error: too many arguments to function ‘my_free’; expected 0, have 2
 1348 |                 if (pat_list[k] != NULL) my_free(pat_list[k], 0);\
      |                                          ^~~~~~~ ~~~~~~~~~~~
main.c:2681:41: note: in expansion of macro ‘RETURN’
 2681 |                 if (glimpse_clientdied) RETURN(0);
      |                                         ^~~~~~
index/glimpse.h:219:12: note: declared here
  219 | extern int my_free();
      |            ^~~~~~~
main.c:1355:9: error: too many arguments to function ‘my_free’; expected 0, have 2
 1355 |         my_free(outname[0], 0);\
      |         ^~~~~~~ ~~~~~~~~~~
main.c:2681:41: note: in expansion of macro ‘RETURN’
 2681 |                 if (glimpse_clientdied) RETURN(0);
      |                                         ^~~~~~
index/glimpse.h:219:12: note: declared here
  219 | extern int my_free();
      |            ^~~~~~~
main.c:1356:9: error: too many arguments to function ‘my_free’; expected 0, have 2
 1356 |         my_free(outname, 0);\
      |         ^~~~~~~ ~~~~~~~
main.c:2681:41: note: in expansion of macro ‘RETURN’
 2681 |                 if (glimpse_clientdied) RETURN(0);
      |                                         ^~~~~~
index/glimpse.h:219:12: note: declared here
  219 | extern int my_free();
      |            ^~~~~~~
main.c:1357:9: error: too many arguments to function ‘my_free’; expected 0, have 2
 1357 |         my_free(TEMP_DIR, MAX_LINE_LEN);\
      |         ^~~~~~~ ~~~~~~~~
main.c:2681:41: note: in expansion of macro ‘RETURN’
 2681 |                 if (glimpse_clientdied) RETURN(0);
      |                                         ^~~~~~
index/glimpse.h:219:12: note: declared here
  219 | extern int my_free();
      |            ^~~~~~~
main.c:1358:9: error: too many arguments to function ‘my_free’; expected 0, have 2
 1358 |         my_free(filenames_file, MAX_LINE_LEN);\
      |         ^~~~~~~ ~~~~~~~~~~~~~~
main.c:2681:41: note: in expansion of macro ‘RETURN’
 2681 |                 if (glimpse_clientdied) RETURN(0);
      |                                         ^~~~~~
index/glimpse.h:219:12: note: declared here
  219 | extern int my_free();
      |            ^~~~~~~
main.c:1359:9: error: too many arguments to function ‘my_free’; expected 0, have 2
 1359 |         my_free(bitfield_file, MAX_LINE_LEN);\
      |         ^~~~~~~ ~~~~~~~~~~~~~
main.c:2681:41: note: in expansion of macro ‘RETURN’
 2681 |                 if (glimpse_clientdied) RETURN(0);
      |                                         ^~~~~~
index/glimpse.h:219:12: note: declared here
  219 | extern int my_free();
      |            ^~~~~~~
main.c:1363:25: error: too many arguments to function ‘free_list’; expected 0, have 1
 1363 |                         free_list(&src_offset_table[k]);\
      |                         ^~~~~~~~~ ~~~~~~~~~~~~~~~~~~~~
main.c:2681:41: note: in expansion of macro ‘RETURN’
 2681 |                 if (glimpse_clientdied) RETURN(0);
      |                                         ^~~~~~
main.c:204:8: note: declared here
  204 | extern free_list();
      |        ^~~~~~~~~
main.c:1368:25: error: too many arguments to function ‘free_list’; expected 0, have 1
 1368 |                         free_list(&multi_dest_offset_table[q][k]);\
      |                         ^~~~~~~~~ ~~~~~~~~~~~~~~~~~~~~~~~~~~~~~~
main.c:2681:41: note: in expansion of macro ‘RETURN’
 2681 |                 if (glimpse_clientdied) RETURN(0);
      |                                         ^~~~~~
main.c:204:8: note: declared here
  204 | extern free_list();
      |        ^~~~~~~~~
main.c:1377:17: error: too many arguments to function ‘my_free’; expected 0, have 2
 1377 |                 my_free(GTextfiles[k], 0);\
      |                 ^~~~~~~ ~~~~~~~~~~~~~
main.c:2681:41: note: in expansion of macro ‘RETURN’
 2681 |                 if (glimpse_clientdied) RETURN(0);
      |                                         ^~~~~~
index/glimpse.h:219:12: note: declared here
  219 | extern int my_free();
      |            ^~~~~~~
main.c:2692:79: warning: pointer targets in passing argument 1 of ‘sprintf’ differ in signedness [-Wpointer-sign]
 2692 |                                                 if (GPRINTFILENUMBER) sprintf(CurrentFileName, "%d", GFileIndex[i]);
      |                                                                               ^~~~~~~~~~~~~~~
      |                                                                               |
      |                                                                               unsigned char *
/usr/include/bits/stdio2.h:28:1: note: expected ‘char *’ but argument is of type ‘unsigned char *’
   28 | __NTH (sprintf (char *__restrict __s, const char *__restrict __fmt, ...))
      | ^~~~~
main.c:2693:61: warning: pointer targets in passing argument 1 of ‘strcpy’ differ in signedness [-Wpointer-sign]
 2693 |                                                 else strcpy(CurrentFileName, GTextfiles[i]);
      |                                                             ^~~~~~~~~~~~~~~
      |                                                             |
      |                                                             unsigned char *
/usr/include/bits/string_fortified.h:77:16: note: expected ‘char *’ but argument is of type ‘unsigned char *’
   77 | __NTH (strcpy (__fortify_clang_overload_arg (char *, __restrict, __dest),
      |                ^~~~~~~~~~~~~~~~~~~~~~~~~~~~
main.c:2693:88: warning: pointer targets in passing argument 2 of ‘strcpy’ differ in signedness [-Wpointer-sign]
 2693 |                                                 else strcpy(CurrentFileName, GTextfiles[i]);
      |                                                                              ~~~~~~~~~~^~~
      |                                                                                        |
      |                                                                                        unsigned char *
/usr/include/bits/string_fortified.h:77:1: note: expected ‘const char *’ but argument is of type ‘unsigned char *’
   77 | __NTH (strcpy (__fortify_clang_overload_arg (char *, __restrict, __dest),
      | ^~~~~
main.c:2696:75: error: too many arguments to function ‘get_file_time’; expected 0, have 4
 2696 |                                                         CurrentFileTime = get_file_time(timesfp, NULL, GTextfiles[i], GFileIndex[i]);
      |                                                                           ^~~~~~~~~~~~~ ~~~~~~~
main.c:1322:17: note: declared here
 1322 |         long    get_file_time();
      |                 ^~~~~~~~~~~~~
main.c:2698:60: warning: implicit declaration of function ‘fileagrep_search’ [-Wimplicit-function-declaration]
 2698 |                                                 if ((ret = fileagrep_search(AM, APattern, 1, &GTextfiles[i], 0, stdout)) > 0) {
      |                                                            ^~~~~~~~~~~~~~~~
main.c:2721:79: warning: pointer targets in passing argument 1 of ‘sprintf’ differ in signedness [-Wpointer-sign]
 2721 |                                                 if (GPRINTFILENUMBER) sprintf(CurrentFileName, "%d", GFileIndex[i]);
      |                                                                               ^~~~~~~~~~~~~~~
      |                                                                               |
      |                                                                               unsigned char *
/usr/include/bits/stdio2.h:28:1: note: expected ‘char *’ but argument is of type ‘unsigned char *’
   28 | __NTH (sprintf (char *__restrict __s, const char *__restrict __fmt, ...))
      | ^~~~~
main.c:2722:61: warning: pointer targets in passing argument 1 of ‘strcpy’ differ in signedness [-Wpointer-sign]
 2722 |                                                 else strcpy(CurrentFileName, GTextfiles[i]);
      |                                                             ^~~~~~~~~~~~~~~
      |                                                             |
      |                                                             unsigned char *
/usr/include/bits/string_fortified.h:77:16: note: expected ‘char *’ but argument is of type ‘unsigned char *’
   77 | __NTH (strcpy (__fortify_clang_overload_arg (char *, __restrict, __dest),
      |                ^~~~~~~~~~~~~~~~~~~~~~~~~~~~
main.c:2722:88: warning: pointer targets in passing argument 2 of ‘strcpy’ differ in signedness [-Wpointer-sign]
 2722 |                                                 else strcpy(CurrentFileName, GTextfiles[i]);
      |                                                                              ~~~~~~~~~~^~~
      |                                                                                        |
      |                                                                                        unsigned char *
/usr/include/bits/string_fortified.h:77:1: note: expected ‘const char *’ but argument is of type ‘unsigned char *’
   77 | __NTH (strcpy (__fortify_clang_overload_arg (char *, __restrict, __dest),
      | ^~~~~
main.c:2723:53: error: too many arguments to function ‘my_stat’; expected 0, have 2
 2723 |                                                 if (my_stat(GTextfiles[i], &file_stat_buf) == -1) {
      |                                                     ^~~~~~~ ~~~~~~~~~~~~~
index/glimpse.h:221:23: note: declared here
  221 | extern int my_open(), my_stat(), my_lstat();
      |                       ^~~~~~~
main.c:2729:75: error: too many arguments to function ‘get_file_time’; expected 0, have 4
 2729 |                                                         CurrentFileTime = get_file_time(timesfp, &file_stat_buf, GTextfiles[i], GFileIndex[i]);
      |                                                                           ^~~~~~~~~~~~~ ~~~~~~~
main.c:1322:17: note: declared here
 1322 |         long    get_file_time();
      |                 ^~~~~~~~~~~~~
main.c:2733:57: error: too many arguments to function ‘free_list’; expected 0, have 1
 2733 |                                                         free_list(&src_offset_table[GFileIndex[i]]);
      |                                                         ^~~~~~~~~ ~~~~~~~~~~~~~~~~~~~~~~~~~~~~~~~~
main.c:204:8: note: declared here
  204 | extern free_list();
      |        ^~~~~~~~~
main.c:2764:45: warning: implicit declaration of function ‘apply_filter’ [-Wimplicit-function-declaration]
 2764 |                                         if (apply_filter(GTextfiles[i], outname[0]) == 1) {
      |                                             ^~~~~~~~~~~~
main.c:2767:79: warning: pointer targets in passing argument 1 of ‘sprintf’ differ in signedness [-Wpointer-sign]
 2767 |                                                 if (GPRINTFILENUMBER) sprintf(CurrentFileName, "%d", GFileIndex[i]);
      |                                                                               ^~~~~~~~~~~~~~~
      |                                                                               |
      |                                                                               unsigned char *
/usr/include/bits/stdio2.h:28:1: note: expected ‘char *’ but argument is of type ‘unsigned char *’
   28 | __NTH (sprintf (char *__restrict __s, const char *__restrict __fmt, ...))
      | ^~~~~
main.c:2768:61: warning: pointer targets in passing argument 1 of ‘strcpy’ differ in signedness [-Wpointer-sign]
 2768 |                                                 else strcpy(CurrentFileName, GTextfiles[i]);
      |                                                             ^~~~~~~~~~~~~~~
      |                                                             |
      |                                                             unsigned char *
/usr/include/bits/string_fortified.h:77:16: note: expected ‘char *’ but argument is of type ‘unsigned char *’
   77 | __NTH (strcpy (__fortify_clang_overload_arg (char *, __restrict, __dest),
      |                ^~~~~~~~~~~~~~~~~~~~~~~~~~~~
main.c:2768:88: warning: pointer targets in passing argument 2 of ‘strcpy’ differ in signedness [-Wpointer-sign]
 2768 |                                                 else strcpy(CurrentFileName, GTextfiles[i]);
      |                                                                              ~~~~~~~~~~^~~
      |                                                                                        |
      |                                                                                        unsigned char *
/usr/include/bits/string_fortified.h:77:1: note: expected ‘const char *’ but argument is of type ‘unsigned char *’
   77 | __NTH (strcpy (__fortify_clang_overload_arg (char *, __restrict, __dest),
      | ^~~~~
main.c:2769:53: error: too many arguments to function ‘my_stat’; expected 0, have 2
 2769 |                                                 if (my_stat(GTextfiles[i], &file_stat_buf) == -1) {
      |                                                     ^~~~~~~ ~~~~~~~~~~~~~
index/glimpse.h:221:23: note: declared here
  221 | extern int my_open(), my_stat(), my_lstat();
      |                       ^~~~~~~
main.c:2775:75: error: too many arguments to function ‘get_file_time’; expected 0, have 4
 2775 |                                                         CurrentFileTime = get_file_time(timesfp, &file_stat_buf, GTextfiles[i], GFileIndex[i]);
      |                                                                           ^~~~~~~~~~~~~ ~~~~~~~
main.c:1322:17: note: declared here
 1322 |         long    get_file_time();
      |                 ^~~~~~~~~~~~~
main.c:2787:65: error: too many arguments to function ‘free_list’; expected 0, have 1
 2787 |                                                                 free_list(&src_offset_table[GFileIndex[i]]);
      |                                                                 ^~~~~~~~~ ~~~~~~~~~~~~~~~~~~~~~~~~~~~~~~~~
main.c:204:8: note: declared here
  204 | extern free_list();
      |        ^~~~~~~~~
main.c:2812:87: warning: pointer targets in passing argument 1 of ‘sprintf’ differ in signedness [-Wpointer-sign]
 2812 |                                                         if (GPRINTFILENUMBER) sprintf(CurrentFileName, "%d", GFileIndex[i]);
      |                                                                                       ^~~~~~~~~~~~~~~
      |                                                                                       |
      |                                                                                       unsigned char *
/usr/include/bits/stdio2.h:28:1: note: expected ‘char *’ but argument is of type ‘unsigned char *’
   28 | __NTH (sprintf (char *__restrict __s, const char *__restrict __fmt, ...))
      | ^~~~~
main.c:2813:69: warning: pointer targets in passing argument 1 of ‘strcpy’ differ in signedness [-Wpointer-sign]
 2813 |                                                         else strcpy(CurrentFileName, GTextfiles[i]);
      |                                                                     ^~~~~~~~~~~~~~~
      |                                                                     |
      |                                                                     unsigned char *
/usr/include/bits/string_fortified.h:77:16: note: expected ‘char *’ but argument is of type ‘unsigned char *’
   77 | __NTH (strcpy (__fortify_clang_overload_arg (char *, __restrict, __dest),
      |                ^~~~~~~~~~~~~~~~~~~~~~~~~~~~
main.c:2813:96: warning: pointer targets in passing argument 2 of ‘strcpy’ differ in signedness [-Wpointer-sign]
 2813 |                                                         else strcpy(CurrentFileName, GTextfiles[i]);
      |                                                                                      ~~~~~~~~~~^~~
      |                                                                                                |
      |                                                                                                unsigned char *
/usr/include/bits/string_fortified.h:77:1: note: expected ‘const char *’ but argument is of type ‘unsigned char *’
   77 | __NTH (strcpy (__fortify_clang_overload_arg (char *, __restrict, __dest),
      | ^~~~~
main.c:2814:61: error: too many arguments to function ‘my_stat’; expected 0, have 2
 2814 |                                                         if (my_stat(GTextfiles[i], &file_stat_buf) == -1) {
      |                                                             ^~~~~~~ ~~~~~~~~~~~~~
index/glimpse.h:221:23: note: declared here
  221 | extern int my_open(), my_stat(), my_lstat();
      |                       ^~~~~~~
main.c:2820:83: error: too many arguments to function ‘get_file_time’; expected 0, have 4
 2820 |                                                                 CurrentFileTime = get_file_time(timesfp, &file_stat_buf, GTextfiles[i], GFileIndex[i]);
      |                                                                                   ^~~~~~~~~~~~~ ~~~~~~~
main.c:1322:17: note: declared here
 1322 |         long    get_file_time();
      |                 ^~~~~~~~~~~~~
main.c:2824:65: error: too many arguments to function ‘free_list’; expected 0, have 1
 2824 |                                                                 free_list(&src_offset_table[GFileIndex[i]]);
      |                                                                 ^~~~~~~~~ ~~~~~~~~~~~~~~~~~~~~~~~~~~~~~~~~
main.c:204:8: note: declared here
  204 | extern free_list();
      |        ^~~~~~~~~
main.c:1341:44: error: too many arguments to function ‘my_free’; expected 0, have 2
 1341 |                 if (agrep_argv[k] != NULL) my_free(agrep_argv[k], 0);\
      |                                            ^~~~~~~ ~~~~~~~~~~~~~
main.c:2880:49: note: in expansion of macro ‘RETURN’
 2880 |                                                 RETURN(usage());
      |                                                 ^~~~~~
index/glimpse.h:219:12: note: declared here
  219 | extern int my_free();
      |            ^~~~~~~
main.c:1342:44: error: too many arguments to function ‘my_free’; expected 0, have 2
 1342 |                 if (index_argv[k] != NULL) my_free(index_argv[k], 0);\
      |                                            ^~~~~~~ ~~~~~~~~~~~~~
main.c:2880:49: note: in expansion of macro ‘RETURN’
 2880 |                                                 RETURN(usage());
      |                                                 ^~~~~~
index/glimpse.h:219:12: note: declared here
  219 | extern int my_free();
      |            ^~~~~~~
main.c:1345:30: error: too many arguments to function ‘my_free’; expected 0, have 2
 1345 |         if (FileOpt != NULL) my_free(FileOpt, MAXFILEOPT);\
      |                              ^~~~~~~ ~~~~~~~
main.c:2880:49: note: in expansion of macro ‘RETURN’
 2880 |                                                 RETURN(usage());
      |                                                 ^~~~~~
index/glimpse.h:219:12: note: declared here
  219 | extern int my_free();
      |            ^~~~~~~
main.c:1348:42: error: too many arguments to function ‘my_free’; expected 0, have 2
 1348 |                 if (pat_list[k] != NULL) my_free(pat_list[k], 0);\
      |                                          ^~~~~~~ ~~~~~~~~~~~
main.c:2880:49: note: in expansion of macro ‘RETURN’
 2880 |                                                 RETURN(usage());
      |                                                 ^~~~~~
index/glimpse.h:219:12: note: declared here
  219 | extern int my_free();
      |            ^~~~~~~
main.c:1355:9: error: too many arguments to function ‘my_free’; expected 0, have 2
 1355 |         my_free(outname[0], 0);\
      |         ^~~~~~~ ~~~~~~~~~~
main.c:2880:49: note: in expansion of macro ‘RETURN’
 2880 |                                                 RETURN(usage());
      |                                                 ^~~~~~
index/glimpse.h:219:12: note: declared here
  219 | extern int my_free();
      |            ^~~~~~~
main.c:1356:9: error: too many arguments to function ‘my_free’; expected 0, have 2
 1356 |         my_free(outname, 0);\
      |         ^~~~~~~ ~~~~~~~
main.c:2880:49: note: in expansion of macro ‘RETURN’
 2880 |                                                 RETURN(usage());
      |                                                 ^~~~~~
index/glimpse.h:219:12: note: declared here
  219 | extern int my_free();
      |            ^~~~~~~
main.c:1357:9: error: too many arguments to function ‘my_free’; expected 0, have 2
 1357 |         my_free(TEMP_DIR, MAX_LINE_LEN);\
      |         ^~~~~~~ ~~~~~~~~
main.c:2880:49: note: in expansion of macro ‘RETURN’
 2880 |                                                 RETURN(usage());
      |                                                 ^~~~~~
index/glimpse.h:219:12: note: declared here
  219 | extern int my_free();
      |            ^~~~~~~
main.c:1358:9: error: too many arguments to function ‘my_free’; expected 0, have 2
 1358 |         my_free(filenames_file, MAX_LINE_LEN);\
      |         ^~~~~~~ ~~~~~~~~~~~~~~
main.c:2880:49: note: in expansion of macro ‘RETURN’
 2880 |                                                 RETURN(usage());
      |                                                 ^~~~~~
index/glimpse.h:219:12: note: declared here
  219 | extern int my_free();
      |            ^~~~~~~
main.c:1359:9: error: too many arguments to function ‘my_free’; expected 0, have 2
 1359 |         my_free(bitfield_file, MAX_LINE_LEN);\
      |         ^~~~~~~ ~~~~~~~~~~~~~
main.c:2880:49: note: in expansion of macro ‘RETURN’
 2880 |                                                 RETURN(usage());
      |                                                 ^~~~~~
index/glimpse.h:219:12: note: declared here
  219 | extern int my_free();
      |            ^~~~~~~
main.c:1363:25: error: too many arguments to function ‘free_list’; expected 0, have 1
 1363 |                         free_list(&src_offset_table[k]);\
      |                         ^~~~~~~~~ ~~~~~~~~~~~~~~~~~~~~
main.c:2880:49: note: in expansion of macro ‘RETURN’
 2880 |                                                 RETURN(usage());
      |                                                 ^~~~~~
main.c:204:8: note: declared here
  204 | extern free_list();
      |        ^~~~~~~~~
main.c:1368:25: error: too many arguments to function ‘free_list’; expected 0, have 1
 1368 |                         free_list(&multi_dest_offset_table[q][k]);\
      |                         ^~~~~~~~~ ~~~~~~~~~~~~~~~~~~~~~~~~~~~~~~
main.c:2880:49: note: in expansion of macro ‘RETURN’
 2880 |                                                 RETURN(usage());
      |                                                 ^~~~~~
main.c:204:8: note: declared here
  204 | extern free_list();
      |        ^~~~~~~~~
main.c:1377:17: error: too many arguments to function ‘my_free’; expected 0, have 2
 1377 |                 my_free(GTextfiles[k], 0);\
      |                 ^~~~~~~ ~~~~~~~~~~~~~
main.c:2880:49: note: in expansion of macro ‘RETURN’
 2880 |                                                 RETURN(usage());
      |                                                 ^~~~~~
index/glimpse.h:219:12: note: declared here
  219 | extern int my_free();
      |            ^~~~~~~
main.c:2883:71: warning: pointer targets in passing argument 1 of ‘sprintf’ differ in signedness [-Wpointer-sign]
 2883 |                                         if (GPRINTFILENUMBER) sprintf(CurrentFileName, "%d", GFileIndex[i]);
      |                                                                       ^~~~~~~~~~~~~~~
      |                                                                       |
      |                                                                       unsigned char *
/usr/include/bits/stdio2.h:28:1: note: expected ‘char *’ but argument is of type ‘unsigned char *’
   28 | __NTH (sprintf (char *__restrict __s, const char *__restrict __fmt, ...))
      | ^~~~~
main.c:2884:53: warning: pointer targets in passing argument 1 of ‘strcpy’ differ in signedness [-Wpointer-sign]
 2884 |                                         else strcpy(CurrentFileName, GTextfiles[i]);
      |                                                     ^~~~~~~~~~~~~~~
      |                                                     |
      |                                                     unsigned char *
/usr/include/bits/string_fortified.h:77:16: note: expected ‘char *’ but argument is of type ‘unsigned char *’
   77 | __NTH (strcpy (__fortify_clang_overload_arg (char *, __restrict, __dest),
      |                ^~~~~~~~~~~~~~~~~~~~~~~~~~~~
main.c:2884:80: warning: pointer targets in passing argument 2 of ‘strcpy’ differ in signedness [-Wpointer-sign]
 2884 |                                         else strcpy(CurrentFileName, GTextfiles[i]);
      |                                                                      ~~~~~~~~~~^~~
      |                                                                                |
      |                                                                                unsigned char *
/usr/include/bits/string_fortified.h:77:1: note: expected ‘const char *’ but argument is of type ‘unsigned char *’
   77 | __NTH (strcpy (__fortify_clang_overload_arg (char *, __restrict, __dest),
      | ^~~~~
main.c:2888:75: error: too many arguments to function ‘get_file_time’; expected 0, have 4
 2888 |                                                         CurrentFileTime = get_file_time(timesfp, NULL, GTextfiles[i], GFileIndex[i]);
      |                                                                           ^~~~~~~~~~~~~ ~~~~~~~
main.c:1322:17: note: declared here
 1322 |         long    get_file_time();
      |                 ^~~~~~~~~~~~~
main.c:2894:53: error: too many arguments to function ‘my_stat’; expected 0, have 2
 2894 |                                                 if (my_stat(GTextfiles[i], &file_stat_buf) == -1) {
      |                                                     ^~~~~~~ ~~~~~~~~~~~~~
index/glimpse.h:221:23: note: declared here
  221 | extern int my_open(), my_stat(), my_lstat();
      |                       ^~~~~~~
main.c:2901:75: error: too many arguments to function ‘get_file_time’; expected 0, have 4
 2901 |                                                         CurrentFileTime = get_file_time(timesfp, &file_stat_buf, GTextfiles[i], GFileIndex[i]);
      |                                                                           ^~~~~~~~~~~~~ ~~~~~~~
main.c:1322:17: note: declared here
 1322 |         long    get_file_time();
      |                 ^~~~~~~~~~~~~
main.c:2905:57: error: too many arguments to function ‘free_list’; expected 0, have 1
 2905 |                                                         free_list(&src_offset_table[GFileIndex[i]]);
      |                                                         ^~~~~~~~~ ~~~~~~~~~~~~~~~~~~~~~~~~~~~~~~~~
main.c:204:8: note: declared here
  204 | extern free_list();
      |        ^~~~~~~~~
main.c:2928:54: warning: implicit declaration of function ‘filter_output’ [-Wimplicit-function-declaration]
 2928 |                                                ret = filter_output(GTextfiles[i], tempfile, GParse, GD_pattern, GD_length, GOUTTAIL, nullfp, StructuredIndex);
      |                                                      ^~~~~~~~~~~~~
main.c:1341:44: error: too many arguments to function ‘my_free’; expected 0, have 2
 1341 |                 if (agrep_argv[k] != NULL) my_free(agrep_argv[k], 0);\
      |                                            ^~~~~~~ ~~~~~~~~~~~~~
main.c:2966:49: note: in expansion of macro ‘RETURN’
 2966 |                                                 RETURN(usage());
      |                                                 ^~~~~~
index/glimpse.h:219:12: note: declared here
  219 | extern int my_free();
      |            ^~~~~~~
main.c:1342:44: error: too many arguments to function ‘my_free’; expected 0, have 2
 1342 |                 if (index_argv[k] != NULL) my_free(index_argv[k], 0);\
      |                                            ^~~~~~~ ~~~~~~~~~~~~~
main.c:2966:49: note: in expansion of macro ‘RETURN’
 2966 |                                                 RETURN(usage());
      |                                                 ^~~~~~
index/glimpse.h:219:12: note: declared here
  219 | extern int my_free();
      |            ^~~~~~~
main.c:1345:30: error: too many arguments to function ‘my_free’; expected 0, have 2
 1345 |         if (FileOpt != NULL) my_free(FileOpt, MAXFILEOPT);\
      |                              ^~~~~~~ ~~~~~~~
main.c:2966:49: note: in expansion of macro ‘RETURN’
 2966 |                                                 RETURN(usage());
      |                                                 ^~~~~~
index/glimpse.h:219:12: note: declared here
  219 | extern int my_free();
      |            ^~~~~~~
main.c:1348:42: error: too many arguments to function ‘my_free’; expected 0, have 2
 1348 |                 if (pat_list[k] != NULL) my_free(pat_list[k], 0);\
      |                                          ^~~~~~~ ~~~~~~~~~~~
main.c:2966:49: note: in expansion of macro ‘RETURN’
 2966 |                                                 RETURN(usage());
      |                                                 ^~~~~~
index/glimpse.h:219:12: note: declared here
  219 | extern int my_free();
      |            ^~~~~~~
main.c:1355:9: error: too many arguments to function ‘my_free’; expected 0, have 2
 1355 |         my_free(outname[0], 0);\
      |         ^~~~~~~ ~~~~~~~~~~
main.c:2966:49: note: in expansion of macro ‘RETURN’
 2966 |                                                 RETURN(usage());
      |                                                 ^~~~~~
index/glimpse.h:219:12: note: declared here
  219 | extern int my_free();
      |            ^~~~~~~
main.c:1356:9: error: too many arguments to function ‘my_free’; expected 0, have 2
 1356 |         my_free(outname, 0);\
      |         ^~~~~~~ ~~~~~~~
main.c:2966:49: note: in expansion of macro ‘RETURN’
 2966 |                                                 RETURN(usage());
      |                                                 ^~~~~~
index/glimpse.h:219:12: note: declared here
  219 | extern int my_free();
      |            ^~~~~~~
main.c:1357:9: error: too many arguments to function ‘my_free’; expected 0, have 2
 1357 |         my_free(TEMP_DIR, MAX_LINE_LEN);\
      |         ^~~~~~~ ~~~~~~~~
main.c:2966:49: note: in expansion of macro ‘RETURN’
 2966 |                                                 RETURN(usage());
      |                                                 ^~~~~~
index/glimpse.h:219:12: note: declared here
  219 | extern int my_free();
      |            ^~~~~~~
main.c:1358:9: error: too many arguments to function ‘my_free’; expected 0, have 2
 1358 |         my_free(filenames_file, MAX_LINE_LEN);\
      |         ^~~~~~~ ~~~~~~~~~~~~~~
main.c:2966:49: note: in expansion of macro ‘RETURN’
 2966 |                                                 RETURN(usage());
      |                                                 ^~~~~~
index/glimpse.h:219:12: note: declared here
  219 | extern int my_free();
      |            ^~~~~~~
main.c:1359:9: error: too many arguments to function ‘my_free’; expected 0, have 2
 1359 |         my_free(bitfield_file, MAX_LINE_LEN);\
      |         ^~~~~~~ ~~~~~~~~~~~~~
main.c:2966:49: note: in expansion of macro ‘RETURN’
 2966 |                                                 RETURN(usage());
      |                                                 ^~~~~~
index/glimpse.h:219:12: note: declared here
  219 | extern int my_free();
      |            ^~~~~~~
main.c:1363:25: error: too many arguments to function ‘free_list’; expected 0, have 1
 1363 |                         free_list(&src_offset_table[k]);\
      |                         ^~~~~~~~~ ~~~~~~~~~~~~~~~~~~~~
main.c:2966:49: note: in expansion of macro ‘RETURN’
 2966 |                                                 RETURN(usage());
      |                                                 ^~~~~~
main.c:204:8: note: declared here
  204 | extern free_list();
      |        ^~~~~~~~~
main.c:1368:25: error: too many arguments to function ‘free_list’; expected 0, have 1
 1368 |                         free_list(&multi_dest_offset_table[q][k]);\
      |                         ^~~~~~~~~ ~~~~~~~~~~~~~~~~~~~~~~~~~~~~~~
main.c:2966:49: note: in expansion of macro ‘RETURN’
 2966 |                                                 RETURN(usage());
      |                                                 ^~~~~~
main.c:204:8: note: declared here
  204 | extern free_list();
      |        ^~~~~~~~~
main.c:1377:17: error: too many arguments to function ‘my_free’; expected 0, have 2
 1377 |                 my_free(GTextfiles[k], 0);\
      |                 ^~~~~~~ ~~~~~~~~~~~~~
main.c:2966:49: note: in expansion of macro ‘RETURN’
 2966 |                                                 RETURN(usage());
      |                                                 ^~~~~~
index/glimpse.h:219:12: note: declared here
  219 | extern int my_free();
      |            ^~~~~~~
main.c:2970:71: warning: pointer targets in passing argument 1 of ‘sprintf’ differ in signedness [-Wpointer-sign]
 2970 |                                         if (GPRINTFILENUMBER) sprintf(CurrentFileName, "%d", GFileIndex[i]);
      |                                                                       ^~~~~~~~~~~~~~~
      |                                                                       |
      |                                                                       unsigned char *
/usr/include/bits/stdio2.h:28:1: note: expected ‘char *’ but argument is of type ‘unsigned char *’
   28 | __NTH (sprintf (char *__restrict __s, const char *__restrict __fmt, ...))
      | ^~~~~
main.c:2971:53: warning: pointer targets in passing argument 1 of ‘strcpy’ differ in signedness [-Wpointer-sign]
 2971 |                                         else strcpy(CurrentFileName, GTextfiles[i]);
      |                                                     ^~~~~~~~~~~~~~~
      |                                                     |
      |                                                     unsigned char *
/usr/include/bits/string_fortified.h:77:16: note: expected ‘char *’ but argument is of type ‘unsigned char *’
   77 | __NTH (strcpy (__fortify_clang_overload_arg (char *, __restrict, __dest),
      |                ^~~~~~~~~~~~~~~~~~~~~~~~~~~~
main.c:2971:80: warning: pointer targets in passing argument 2 of ‘strcpy’ differ in signedness [-Wpointer-sign]
 2971 |                                         else strcpy(CurrentFileName, GTextfiles[i]);
      |                                                                      ~~~~~~~~~~^~~
      |                                                                                |
      |                                                                                unsigned char *
/usr/include/bits/string_fortified.h:77:1: note: expected ‘const char *’ but argument is of type ‘unsigned char *’
   77 | __NTH (strcpy (__fortify_clang_overload_arg (char *, __restrict, __dest),
      | ^~~~~
main.c:2973:53: error: too many arguments to function ‘my_stat’; expected 0, have 2
 2973 |                                                 if (my_stat(GTextfiles[i], &file_stat_buf) == -1) {
      |                                                     ^~~~~~~ ~~~~~~~~~~~~~
index/glimpse.h:221:23: note: declared here
  221 | extern int my_open(), my_stat(), my_lstat();
      |                       ^~~~~~~
main.c:2980:75: error: too many arguments to function ‘get_file_time’; expected 0, have 4
 2980 |                                                         CurrentFileTime = get_file_time(timesfp, &file_stat_buf, GTextfiles[i], GFileIndex[i]);
      |                                                                           ^~~~~~~~~~~~~ ~~~~~~~
main.c:1322:17: note: declared here
 1322 |         long    get_file_time();
      |                 ^~~~~~~~~~~~~
main.c:2989:65: error: too many arguments to function ‘free_list’; expected 0, have 1
 2989 |                                                                 free_list(&src_offset_table[GFileIndex[i]]);
      |                                                                 ^~~~~~~~~ ~~~~~~~~~~~~~~~~~~~~~~~~~~~~~~~~
main.c:204:8: note: declared here
  204 | extern free_list();
      |        ^~~~~~~~~
main.c:3000:83: error: too many arguments to function ‘get_file_time’; expected 0, have 4
 3000 |                                                                 CurrentFileTime = get_file_time(timesfp, NULL, GTextfiles[i], GFileIndex[i]);
      |                                                                                   ^~~~~~~~~~~~~ ~~~~~~~
main.c:1322:17: note: declared here
 1322 |         long    get_file_time();
      |                 ^~~~~~~~~~~~~
main.c:3006:61: error: too many arguments to function ‘my_stat’; expected 0, have 2
 3006 |                                                         if (my_stat(GTextfiles[i], &file_stat_buf) == -1) {
      |                                                             ^~~~~~~ ~~~~~~~~~~~~~
index/glimpse.h:221:23: note: declared here
  221 | extern int my_open(), my_stat(), my_lstat();
      |                       ^~~~~~~
main.c:3013:83: error: too many arguments to function ‘get_file_time’; expected 0, have 4
 3013 |                                                                 CurrentFileTime = get_file_time(timesfp, &file_stat_buf, GTextfiles[i], GFileIndex[i]);
      |                                                                                   ^~~~~~~~~~~~~ ~~~~~~~
main.c:1322:17: note: declared here
 1322 |         long    get_file_time();
      |                 ^~~~~~~~~~~~~
main.c:3017:65: error: too many arguments to function ‘free_list’; expected 0, have 1
 3017 |                                                                 free_list(&src_offset_table[GFileIndex[i]]);
      |                                                                 ^~~~~~~~~ ~~~~~~~~~~~~~~~~~~~~~~~~~~~~~~~~
main.c:204:8: note: declared here
  204 | extern free_list();
      |        ^~~~~~~~~
main.c:1341:44: error: too many arguments to function ‘my_free’; expected 0, have 2
 1341 |                 if (agrep_argv[k] != NULL) my_free(agrep_argv[k], 0);\
      |                                            ^~~~~~~ ~~~~~~~~~~~~~
main.c:3064:17: note: in expansion of macro ‘RETURN’
 3064 |                 RETURN(gnum_of_matched);
      |                 ^~~~~~
index/glimpse.h:219:12: note: declared here
  219 | extern int my_free();
      |            ^~~~~~~
main.c:1342:44: error: too many arguments to function ‘my_free’; expected 0, have 2
 1342 |                 if (index_argv[k] != NULL) my_free(index_argv[k], 0);\
      |                                            ^~~~~~~ ~~~~~~~~~~~~~
main.c:3064:17: note: in expansion of macro ‘RETURN’
 3064 |                 RETURN(gnum_of_matched);
      |                 ^~~~~~
index/glimpse.h:219:12: note: declared here
  219 | extern int my_free();
      |            ^~~~~~~
main.c:1345:30: error: too many arguments to function ‘my_free’; expected 0, have 2
 1345 |         if (FileOpt != NULL) my_free(FileOpt, MAXFILEOPT);\
      |                              ^~~~~~~ ~~~~~~~
main.c:3064:17: note: in expansion of macro ‘RETURN’
 3064 |                 RETURN(gnum_of_matched);
      |                 ^~~~~~
index/glimpse.h:219:12: note: declared here
  219 | extern int my_free();
      |            ^~~~~~~
main.c:1348:42: error: too many arguments to function ‘my_free’; expected 0, have 2
 1348 |                 if (pat_list[k] != NULL) my_free(pat_list[k], 0);\
      |                                          ^~~~~~~ ~~~~~~~~~~~
main.c:3064:17: note: in expansion of macro ‘RETURN’
 3064 |                 RETURN(gnum_of_matched);
      |                 ^~~~~~
index/glimpse.h:219:12: note: declared here
  219 | extern int my_free();
      |            ^~~~~~~
main.c:1355:9: error: too many arguments to function ‘my_free’; expected 0, have 2
 1355 |         my_free(outname[0], 0);\
      |         ^~~~~~~ ~~~~~~~~~~
main.c:3064:17: note: in expansion of macro ‘RETURN’
 3064 |                 RETURN(gnum_of_matched);
      |                 ^~~~~~
index/glimpse.h:219:12: note: declared here
  219 | extern int my_free();
      |            ^~~~~~~
main.c:1356:9: error: too many arguments to function ‘my_free’; expected 0, have 2
 1356 |         my_free(outname, 0);\
      |         ^~~~~~~ ~~~~~~~
main.c:3064:17: note: in expansion of macro ‘RETURN’
 3064 |                 RETURN(gnum_of_matched);
      |                 ^~~~~~
index/glimpse.h:219:12: note: declared here
  219 | extern int my_free();
      |            ^~~~~~~
main.c:1357:9: error: too many arguments to function ‘my_free’; expected 0, have 2
 1357 |         my_free(TEMP_DIR, MAX_LINE_LEN);\
      |         ^~~~~~~ ~~~~~~~~
main.c:3064:17: note: in expansion of macro ‘RETURN’
 3064 |                 RETURN(gnum_of_matched);
      |                 ^~~~~~
index/glimpse.h:219:12: note: declared here
  219 | extern int my_free();
      |            ^~~~~~~
main.c:1358:9: error: too many arguments to function ‘my_free’; expected 0, have 2
 1358 |         my_free(filenames_file, MAX_LINE_LEN);\
      |         ^~~~~~~ ~~~~~~~~~~~~~~
main.c:3064:17: note: in expansion of macro ‘RETURN’
 3064 |                 RETURN(gnum_of_matched);
      |                 ^~~~~~
index/glimpse.h:219:12: note: declared here
  219 | extern int my_free();
      |            ^~~~~~~
main.c:1359:9: error: too many arguments to function ‘my_free’; expected 0, have 2
 1359 |         my_free(bitfield_file, MAX_LINE_LEN);\
      |         ^~~~~~~ ~~~~~~~~~~~~~
main.c:3064:17: note: in expansion of macro ‘RETURN’
 3064 |                 RETURN(gnum_of_matched);
      |                 ^~~~~~
index/glimpse.h:219:12: note: declared here
  219 | extern int my_free();
      |            ^~~~~~~
main.c:1363:25: error: too many arguments to function ‘free_list’; expected 0, have 1
 1363 |                         free_list(&src_offset_table[k]);\
      |                         ^~~~~~~~~ ~~~~~~~~~~~~~~~~~~~~
main.c:3064:17: note: in expansion of macro ‘RETURN’
 3064 |                 RETURN(gnum_of_matched);
      |                 ^~~~~~
main.c:204:8: note: declared here
  204 | extern free_list();
      |        ^~~~~~~~~
main.c:1368:25: error: too many arguments to function ‘free_list’; expected 0, have 1
 1368 |                         free_list(&multi_dest_offset_table[q][k]);\
      |                         ^~~~~~~~~ ~~~~~~~~~~~~~~~~~~~~~~~~~~~~~~
main.c:3064:17: note: in expansion of macro ‘RETURN’
 3064 |                 RETURN(gnum_of_matched);
      |                 ^~~~~~
main.c:204:8: note: declared here
  204 | extern free_list();
      |        ^~~~~~~~~
main.c:1377:17: error: too many arguments to function ‘my_free’; expected 0, have 2
 1377 |                 my_free(GTextfiles[k], 0);\
      |                 ^~~~~~~ ~~~~~~~~~~~~~
main.c:3064:17: note: in expansion of macro ‘RETURN’
 3064 |                 RETURN(gnum_of_matched);
      |                 ^~~~~~
index/glimpse.h:219:12: note: declared here
  219 | extern int my_free();
      |            ^~~~~~~
main.c:1341:44: error: too many arguments to function ‘my_free’; expected 0, have 2
 1341 |                 if (agrep_argv[k] != NULL) my_free(agrep_argv[k], 0);\
      |                                            ^~~~~~~ ~~~~~~~~~~~~~
main.c:3072:17: note: in expansion of macro ‘RETURN’
 3072 |                 RETURN(i);
      |                 ^~~~~~
index/glimpse.h:219:12: note: declared here
  219 | extern int my_free();
      |            ^~~~~~~
main.c:1342:44: error: too many arguments to function ‘my_free’; expected 0, have 2
 1342 |                 if (index_argv[k] != NULL) my_free(index_argv[k], 0);\
      |                                            ^~~~~~~ ~~~~~~~~~~~~~
main.c:3072:17: note: in expansion of macro ‘RETURN’
 3072 |                 RETURN(i);
      |                 ^~~~~~
index/glimpse.h:219:12: note: declared here
  219 | extern int my_free();
      |            ^~~~~~~
main.c:1345:30: error: too many arguments to function ‘my_free’; expected 0, have 2
 1345 |         if (FileOpt != NULL) my_free(FileOpt, MAXFILEOPT);\
      |                              ^~~~~~~ ~~~~~~~
main.c:3072:17: note: in expansion of macro ‘RETURN’
 3072 |                 RETURN(i);
      |                 ^~~~~~
index/glimpse.h:219:12: note: declared here
  219 | extern int my_free();
      |            ^~~~~~~
main.c:1348:42: error: too many arguments to function ‘my_free’; expected 0, have 2
 1348 |                 if (pat_list[k] != NULL) my_free(pat_list[k], 0);\
      |                                          ^~~~~~~ ~~~~~~~~~~~
main.c:3072:17: note: in expansion of macro ‘RETURN’
 3072 |                 RETURN(i);
      |                 ^~~~~~
index/glimpse.h:219:12: note: declared here
  219 | extern int my_free();
      |            ^~~~~~~
main.c:1355:9: error: too many arguments to function ‘my_free’; expected 0, have 2
 1355 |         my_free(outname[0], 0);\
      |         ^~~~~~~ ~~~~~~~~~~
main.c:3072:17: note: in expansion of macro ‘RETURN’
 3072 |                 RETURN(i);
      |                 ^~~~~~
index/glimpse.h:219:12: note: declared here
  219 | extern int my_free();
      |            ^~~~~~~
main.c:1356:9: error: too many arguments to function ‘my_free’; expected 0, have 2
 1356 |         my_free(outname, 0);\
      |         ^~~~~~~ ~~~~~~~
main.c:3072:17: note: in expansion of macro ‘RETURN’
 3072 |                 RETURN(i);
      |                 ^~~~~~
index/glimpse.h:219:12: note: declared here
  219 | extern int my_free();
      |            ^~~~~~~
main.c:1357:9: error: too many arguments to function ‘my_free’; expected 0, have 2
 1357 |         my_free(TEMP_DIR, MAX_LINE_LEN);\
      |         ^~~~~~~ ~~~~~~~~
main.c:3072:17: note: in expansion of macro ‘RETURN’
 3072 |                 RETURN(i);
      |                 ^~~~~~
index/glimpse.h:219:12: note: declared here
  219 | extern int my_free();
      |            ^~~~~~~
main.c:1358:9: error: too many arguments to function ‘my_free’; expected 0, have 2
 1358 |         my_free(filenames_file, MAX_LINE_LEN);\
      |         ^~~~~~~ ~~~~~~~~~~~~~~
main.c:3072:17: note: in expansion of macro ‘RETURN’
 3072 |                 RETURN(i);
      |                 ^~~~~~
index/glimpse.h:219:12: note: declared here
  219 | extern int my_free();
      |            ^~~~~~~
main.c:1359:9: error: too many arguments to function ‘my_free’; expected 0, have 2
 1359 |         my_free(bitfield_file, MAX_LINE_LEN);\
      |         ^~~~~~~ ~~~~~~~~~~~~~
main.c:3072:17: note: in expansion of macro ‘RETURN’
 3072 |                 RETURN(i);
      |                 ^~~~~~
index/glimpse.h:219:12: note: declared here
  219 | extern int my_free();
      |            ^~~~~~~
main.c:1363:25: error: too many arguments to function ‘free_list’; expected 0, have 1
 1363 |                         free_list(&src_offset_table[k]);\
      |                         ^~~~~~~~~ ~~~~~~~~~~~~~~~~~~~~
main.c:3072:17: note: in expansion of macro ‘RETURN’
 3072 |                 RETURN(i);
      |                 ^~~~~~
main.c:204:8: note: declared here
  204 | extern free_list();
      |        ^~~~~~~~~
main.c:1368:25: error: too many arguments to function ‘free_list’; expected 0, have 1
 1368 |                         free_list(&multi_dest_offset_table[q][k]);\
      |                         ^~~~~~~~~ ~~~~~~~~~~~~~~~~~~~~~~~~~~~~~~
main.c:3072:17: note: in expansion of macro ‘RETURN’
 3072 |                 RETURN(i);
      |                 ^~~~~~
main.c:204:8: note: declared here
  204 | extern free_list();
      |        ^~~~~~~~~
main.c:1377:17: error: too many arguments to function ‘my_free’; expected 0, have 2
 1377 |                 my_free(GTextfiles[k], 0);\
      |                 ^~~~~~~ ~~~~~~~~~~~~~
main.c:3072:17: note: in expansion of macro ‘RETURN’
 3072 |                 RETURN(i);
      |                 ^~~~~~
index/glimpse.h:219:12: note: declared here
  219 | extern int my_free();
      |            ^~~~~~~
main.c:1317:17: warning: variable ‘gprev_num_of_matched’ set but not used [-Wunused-but-set-variable]
 1317 |         int     gprev_num_of_matched = 0;
      |                 ^~~~~~~~~~~~~~~~~~~~
main.c:1309:17: warning: unused variable ‘temp_file’ [-Wunused-variable]
 1309 |         char    temp_file[MAX_LINE_LEN];
      |                 ^~~~~~~~~
main.c:1308:17: warning: unused variable ‘TEMP_FILE’ [-Wunused-variable]
 1308 |         char    TEMP_FILE[MAX_LINE_LEN];
      |                 ^~~~~~~~~
main.c:1303:17: warning: unused variable ‘jj’ [-Wunused-variable]
 1303 |         int     jj;
      |                 ^~
main.c:1296:17: warning: unused variable ‘num_read’ [-Wunused-variable]
 1296 |         int     num_read;
      |                 ^~~~~~~~
main.c: In function ‘purge_filenames’:
main.c:3084:1: warning: old-style function definition [-Wold-style-definition]
 3084 | purge_filenames(filenames, num)
      | ^~~~~~~~~~~~~~~
main.c:3094:34: error: too many arguments to function ‘my_stat’; expected 0, have 2
 3094 |                 if (-1 == (ret = my_stat(filenames[i], &buf))) {
      |                                  ^~~~~~~ ~~~~~~~~~~~~
index/glimpse.h:221:23: note: declared here
  221 | extern int my_open(), my_stat(), my_lstat();
      |                       ^~~~~~~
main.c:3098:25: error: too many arguments to function ‘my_free’; expected 0, have 2
 3098 |                         my_free(filenames[i], 0);
      |                         ^~~~~~~ ~~~~~~~~~~~~
index/glimpse.h:219:12: note: declared here
  219 | extern int my_free();
      |            ^~~~~~~
main.c: In function ‘getbyteoff’:
main.c:3118:5: warning: old-style function definition [-Wold-style-definition]
 3118 | int getbyteoff(buf, pbyteoff)
      |     ^~~~~~~~~~
main.c:3128:26: warning: pointer targets in passing argument 1 of ‘atoi’ differ in signedness [-Wpointer-sign]
 3128 |         *pbyteoff = atoi(temp);
      |                          ^~~~
      |                          |
      |                          unsigned char *
/usr/include/stdlib.h:481:1: note: expected ‘const char *’ but argument is of type ‘unsigned char *’
  481 | __NTH (atoi (const char *__nptr))
      | ^~~~~
main.c: In function ‘filter_output’:
main.c:3143:1: warning: old-style function definition [-Wold-style-definition]
 3143 | filter_output(infile, outfile, GParse, GD_pattern, GD_length, GOUTTAIL, nullfp, num_attr)
      | ^~~~~~~~~~~~~
main.c:3182:39: warning: implicit declaration of function ‘region_create’ [-Wimplicit-function-declaration]
 3182 |         if (StructuredIndex && (-1 == region_create(infile))) {
      |                                       ^~~~~~~~~~~~~
main.c:3189:46: warning: implicit declaration of function ‘region_destroy’ [-Wimplicit-function-declaration]
 3189 |                         if (StructuredIndex) region_destroy();
      |                                              ^~~~~~~~~~~~~~
main.c:3209:45: error: too many arguments to function ‘backward_delimiter’; expected 0, have 5
 3209 |                         final_end = (CHAR *)backward_delimiter(filter_buf + num_read, filter_buf, GD_pattern, GD_length, GOUTTAIL);
      |                                             ^~~~~~~~~~~~~~~~~~ ~~~~~~~~~~~~~~~~~~~~~
agrep/agrep.h:102:38: note: declared here
  102 | unsigned char *forward_delimiter(), *backward_delimiter();
      |                                      ^~~~~~~~~~~~~~~~~~
main.c:3219:39: error: too many arguments to function ‘forward_delimiter’; expected 0, have 5
 3219 |                 current_end = (CHAR *)forward_delimiter(filter_buf, filter_buf + num_read, GD_pattern, GD_length, GOUTTAIL);    /* skip over prefixes like filename */
      |                                       ^~~~~~~~~~~~~~~~~ ~~~~~~~~~~
agrep/agrep.h:102:16: note: declared here
  102 | unsigned char *forward_delimiter(), *backward_delimiter();
      |                ^~~~~~~~~~~~~~~~~
main.c:3220:54: error: too many arguments to function ‘forward_delimiter’; expected 0, have 5
 3220 |                 if (!GOUTTAIL) current_end = (CHAR *)forward_delimiter((long)current_end + GD_length, final_end, GD_pattern, GD_length, GOUTTAIL);
      |                                                      ^~~~~~~~~~~~~~~~~ ~~~~~~~~~~~~~~~~~~~~~~~~~~~~~
agrep/agrep.h:102:16: note: declared here
  102 | unsigned char *forward_delimiter(), *backward_delimiter();
      |                ^~~~~~~~~~~~~~~~~
main.c:3262:69: warning: implicit declaration of function ‘region_identify’ [-Wimplicit-function-declaration]
 3262 |                         else if ( (num_attr <= 0) || (((attribute = region_identify(byteoff, 0)) < num_attr) && (attribute >= 0)) ) {
      |                                                                     ^~~~~~~~~~~~~~~
main.c:3286:102: warning: pointer targets in passing argument 1 of ‘strlen’ differ in signedness [-Wpointer-sign]
 3286 |                                                 if (memagrep_search(    strlen(terminals[i].data.leaf.value), terminals[i].data.leaf.value,
      |                                                                                ~~~~~~~~~~~~~~~~~~~~~~^~~~~~
      |                                                                                                      |
      |                                                                                                      unsigned char *
/usr/include/string.h:407:35: note: expected ‘const char *’ but argument is of type ‘unsigned char *’
  407 | extern size_t strlen (const char *__s)
      |                       ~~~~~~~~~~~~^~~
main.c:3306:85: error: too many arguments to function ‘attr_id_to_name’; expected 0, have 1
 3306 |                                                                         (attrname = attr_id_to_name(attribute)) == NULL ? "(null)" : attrname);
      |                                                                                     ^~~~~~~~~~~~~~~ ~~~~~~~~~
index/glimpse.h:186:14: note: declared here
  186 | extern char *attr_id_to_name();
      |              ^~~~~~~~~~~~~~~
main.c:3341:59: warning: implicit declaration of function ‘eval_tree’ [-Wimplicit-function-declaration]
 3341 |                                                 success = eval_tree(GParse, matched_terminals);
      |                                                           ^~~~~~~~~
main.c:3362:113: error: too many arguments to function ‘aprint_file_time’; expected 0, have 1
 3362 |                                                         if (!SILENT) fprintf(stdout, "%s%s\n", CurrentFileName, aprint_file_time(CurrentFileTime));
      |                                                                                                                 ^~~~~~~~~~~~~~~~ ~~~~~~~~~~~~~~~
agrep/agrep.h:106:14: note: declared here
  106 | extern char *aprint_file_time();
      |              ^~~~~~~~~~~~~~~~
main.c:3383:62: error: too many arguments to function ‘forward_delimiter’; expected 0, have 5
 3383 |                         if (!GOUTTAIL) current_end = (CHAR *)forward_delimiter((long)current_end + GD_length, final_end, GD_pattern, GD_length, GOUTTAIL);
      |                                                              ^~~~~~~~~~~~~~~~~ ~~~~~~~~~~~~~~~~~~~~~~~~~~~~~
agrep/agrep.h:102:16: note: declared here
  102 | unsigned char *forward_delimiter(), *backward_delimiter();
      |                ^~~~~~~~~~~~~~~~~
main.c:3384:52: error: too many arguments to function ‘forward_delimiter’; expected 0, have 5
 3384 |                         else current_end = (CHAR *)forward_delimiter(current_end, final_end, GD_pattern, GD_length, GOUTTAIL);
      |                                                    ^~~~~~~~~~~~~~~~~ ~~~~~~~~~~~
agrep/agrep.h:102:16: note: declared here
  102 | unsigned char *forward_delimiter(), *backward_delimiter();
      |                ^~~~~~~~~~~~~~~~~
main.c:3420:89: error: too many arguments to function ‘aprint_file_time’; expected 0, have 1
 3420 |                                 if (!SILENT) fprintf(stdout, "%s%s\n", CurrentFileName, aprint_file_time(CurrentFileTime));
      |                                                                                         ^~~~~~~~~~~~~~~~ ~~~~~~~~~~~~~~~
agrep/agrep.h:106:14: note: declared here
  106 | extern char *aprint_file_time();
      |              ^~~~~~~~~~~~~~~~
main.c:3171:17: warning: unused variable ‘count’ [-Wunused-variable]
 3171 |         int     count = 0;
      |                 ^~~~~
main.c: At top level:
main.c:3481:1: warning: return type defaults to ‘int’ [-Wimplicit-int]
 3481 | usage()
      | ^~~~~
main.c:3561:1: warning: return type defaults to ‘int’ [-Wimplicit-int]
 3561 | usageS()
      | ^~~~~~
main.c: In function ‘do_select’:
main.c:3580:5: warning: old-style function definition [-Wold-style-definition]
 3580 | int do_select(sock, sec)
      |     ^~~~~~~~~
main.c: In function ‘glimpse_search’:
main.c:338:33: warning: ignoring return value of ‘fread’ declared with attribute ‘warn_unused_result’ [-Wunused-result]
  338 |                                 fread(beginregionptr, 1, num, infp);
      |                                 ^~~~~~~~~~~~~~~~~~~~~~~~~~~~~~~~~~~
main.c: In function ‘process_Y_option’:
main.c:457:9: warning: ignoring return value of ‘fread’ declared with attribute ‘warn_unused_result’ [-Wunused-result]
  457 |         fread(arrayend, 1, 4, fp);
      |         ^~~~~~~~~~~~~~~~~~~~~~~~~
main.c: In function ‘read_index’:
main.c:475:25: warning: ignoring return value of ‘getcwd’ declared with attribute ‘warn_unused_result’ [-Wunused-result]
  475 |                         getcwd(indexdir, MAXNAME-1);
      |                         ^~~~~~~~~~~~~~~~~~~~~~~~~~~
main.c:527:9: warning: ignoring return value of ‘fgets’ declared with attribute ‘warn_unused_result’ [-Wunused-result]
  527 |         fgets(indexnumberbuf, 256, indexfp);
      |         ^~~~~~~~~~~~~~~~~~~~~~~~~~~~~~~~~~~
main.c:530:9: warning: ignoring return value of ‘fscanf’ declared with attribute ‘warn_unused_result’ [-Wunused-result]
  530 |         fscanf(indexfp, "%%%d\n", &OneFilePerBlock);
      |         ^~~~~~~~~~~~~~~~~~~~~~~~~~~~~~~~~~~~~~~~~~~
main.c:538:9: warning: ignoring return value of ‘fscanf’ declared with attribute ‘warn_unused_result’ [-Wunused-result]
  538 |         fscanf(indexfp, "%%%d%s\n", &StructuredIndex, old_rdelim);
      |         ^~~~~~~~~~~~~~~~~~~~~~~~~~~~~~~~~~~~~~~~~~~~~~~~~~~~~~~~~
main.c: In function ‘cleanup’:
main.c:646:17: warning: ignoring return value of ‘dup’ declared with attribute ‘warn_unused_result’ [-Wunused-result]
  646 |                 dup(svstderr);
      |                 ^~~~~~~~~~~~~
main.c: In function ‘quitrequest’:
main.c:678:17: warning: ignoring return value of ‘write’ declared with attribute ‘warn_unused_result’ [-Wunused-result]
  678 |                 write(svstderr, QUITREQUESTMSG, strlen(QUITREQUESTMSG));
      |                 ^~~~~~~~~~~~~~~~~~~~~~~~~~~~~~~~~~~~~~~~~~~~~~~~~~~~~~~
main.c: In function ‘main’:
main.c:1267:17: warning: ignoring return value of ‘write’ declared with attribute ‘warn_unused_result’ [-Wunused-result]
 1267 |                 write(fileno(stdout), tmpbuf, n);
      |                 ^~~~~~~~~~~~~~~~~~~~~~~~~~~~~~~~
main.c: In function ‘process_query’:
main.c:1822:41: warning: ignoring return value of ‘getcwd’ declared with attribute ‘warn_unused_result’ [-Wunused-result]
 1822 |                                         getcwd(temp_bitfield_file, MAX_LINE_LEN-1);
      |                                         ^~~~~~~~~~~~~~~~~~~~~~~~~~~~~~~~~~~~~~~~~~
main.c:1846:41: warning: ignoring return value of ‘getcwd’ declared with attribute ‘warn_unused_result’ [-Wunused-result]
 1846 |                                         getcwd(temp_filenames_file, MAX_LINE_LEN-1);
      |                                         ^~~~~~~~~~~~~~~~~~~~~~~~~~~~~~~~~~~~~~~~~~~
main.c:2467:49: warning: ignoring return value of ‘fgets’ declared with attribute ‘warn_unused_result’ [-Wunused-result]
 2467 |                                                 fgets(cc, 4, stdin);
      |                                                 ^~~~~~~~~~~~~~~~~~~
main.c:2524:33: warning: ignoring return value of ‘fgets’ declared with attribute ‘warn_unused_result’ [-Wunused-result]
 2524 |                                 fgets(cc, 4, stdin);
      |                                 ^~~~~~~~~~~~~~~~~~~
main.c:2595:49: warning: ignoring return value of ‘fgets’ declared with attribute ‘warn_unused_result’ [-Wunused-result]
 2595 |                                                 fgets(cc, 4, stdin);
      |                                                 ^~~~~~~~~~~~~~~~~~~
main.c:2652:33: warning: ignoring return value of ‘fgets’ declared with attribute ‘warn_unused_result’ [-Wunused-result]
 2652 |                                 fgets(cc, 4, stdin);
      |                                 ^~~~~~~~~~~~~~~~~~~
main.c: At top level:
main.c:198:12: warning: ‘one’ defined but not used [-Wunused-variable]
  198 | static int one = 1;             /* to set socket option so that glimpseserver releases socket after death */
      |            ^~~
make: *** [Makefile:157: main.o] Error 1
error: Bad exit status from /var/tmp/rpm-tmp.BIjs8l (%build)
RPM build errors:
    Bad exit status from /var/tmp/rpm-tmp.BIjs8l (%build)
Child return code was: 1
EXCEPTION: [Error('Command failed: \n # /usr/bin/systemd-nspawn -q -M 490ab7d35a1a4744a37daf083f623494 -D /var/lib/mock/f43-build-59088491-6571000/root -a -u mockbuild --capability=cap_ipc_lock --bind=/tmp/mock-resolv.uqk8_svh:/etc/resolv.conf --bind=/dev/btrfs-control --bind=/dev/mapper/control --bind=/dev/fuse --bind=/dev/loop-control --bind=/dev/loop0 --bind=/dev/loop1 --bind=/dev/loop2 --bind=/dev/loop3 --bind=/dev/loop4 --bind=/dev/loop5 --bind=/dev/loop6 --bind=/dev/loop7 --bind=/dev/loop8 --bind=/dev/loop9 --bind=/dev/loop10 --bind=/dev/loop11 --console=pipe --setenv=TERM=vt100 --setenv=SHELL=/bin/bash --setenv=HOME=/builddir --setenv=HOSTNAME=mock --setenv=PATH=/usr/bin:/bin:/usr/sbin:/sbin \'--setenv=PROMPT_COMMAND=printf "\\033]0;<mock-chroot>\\007"\' \'--setenv=PS1=<mock-chroot> \\s-\\v\\$ \' --setenv=LANG=C.UTF-8 --resolv-conf=off bash --login -c \'/usr/bin/rpmbuild -bb --noclean --target x86_64 --nodeps /builddir/build/SPECS/glimpse.spec\'\n', 1)]
Traceback (most recent call last):
  File "/usr/lib/python3.13/site-packages/mockbuild/trace_decorator.py", line 93, in trace
    result = func(*args, **kw)
  File "/usr/lib/python3.13/site-packages/mockbuild/util.py", line 610, in do_with_status
    raise exception.Error("Command failed: \n # %s\n%s" % (cmd_pretty(command, env), output), child.returncode)
mockbuild.exception.Error: Command failed: 
 # /usr/bin/systemd-nspawn -q -M 490ab7d35a1a4744a37daf083f623494 -D /var/lib/mock/f43-build-59088491-6571000/root -a -u mockbuild --capability=cap_ipc_lock --bind=/tmp/mock-resolv.uqk8_svh:/etc/resolv.conf --bind=/dev/btrfs-control --bind=/dev/mapper/control --bind=/dev/fuse --bind=/dev/loop-control --bind=/dev/loop0 --bind=/dev/loop1 --bind=/dev/loop2 --bind=/dev/loop3 --bind=/dev/loop4 --bind=/dev/loop5 --bind=/dev/loop6 --bind=/dev/loop7 --bind=/dev/loop8 --bind=/dev/loop9 --bind=/dev/loop10 --bind=/dev/loop11 --console=pipe --setenv=TERM=vt100 --setenv=SHELL=/bin/bash --setenv=HOME=/builddir --setenv=HOSTNAME=mock --setenv=PATH=/usr/bin:/bin:/usr/sbin:/sbin '--setenv=PROMPT_COMMAND=printf "\033]0;<mock-chroot>\007"' '--setenv=PS1=<mock-chroot> \s-\v\$ ' --setenv=LANG=C.UTF-8 --resolv-conf=off bash --login -c '/usr/bin/rpmbuild -bb --noclean --target x86_64 --nodeps /builddir/build/SPECS/glimpse.spec'

