INFO buildroot.py:667:  Mock Version: 6.1
DEBUG file_util.py:18:  ensuring that dir exists: /var/lib/mock/f43-build-59088491-6571000/root
DEBUG file_util.py:21:  created dir: /var/lib/mock/f43-build-59088491-6571000/root
DEBUG file_util.py:18:  ensuring that dir exists: /var/lib/mock/f43-build-59088491-6571000-bootstrap
DEBUG file_util.py:21:  created dir: /var/lib/mock/f43-build-59088491-6571000-bootstrap
DEBUG file_util.py:18:  ensuring that dir exists: /var/lib/mock/f43-build-59088491-6571000-bootstrap
DEBUG file_util.py:18:  ensuring that dir exists: /var/lib/mock/f43-build-59088491-6571000-bootstrap/root
DEBUG file_util.py:21:  created dir: /var/lib/mock/f43-build-59088491-6571000-bootstrap/root
DEBUG file_util.py:18:  ensuring that dir exists: /var/lib/mock/f43-build-59088491-6571000-bootstrap/results
DEBUG file_util.py:21:  created dir: /var/lib/mock/f43-build-59088491-6571000-bootstrap/results
INFO buildroot.py:318:  calling preinit hooks
DEBUG buildroot.py:723:  create skeleton dirs
DEBUG file_util.py:18:  ensuring that dir exists: /var/lib/mock/f43-build-59088491-6571000-bootstrap/root/var/lib/rpm
DEBUG file_util.py:21:  created dir: /var/lib/mock/f43-build-59088491-6571000-bootstrap/root/var/lib/rpm
DEBUG file_util.py:18:  ensuring that dir exists: /var/lib/mock/f43-build-59088491-6571000-bootstrap/root/var/lib/yum
DEBUG file_util.py:21:  created dir: /var/lib/mock/f43-build-59088491-6571000-bootstrap/root/var/lib/yum
DEBUG file_util.py:18:  ensuring that dir exists: /var/lib/mock/f43-build-59088491-6571000-bootstrap/root/var/lib/dbus
DEBUG file_util.py:21:  created dir: /var/lib/mock/f43-build-59088491-6571000-bootstrap/root/var/lib/dbus
DEBUG file_util.py:18:  ensuring that dir exists: /var/lib/mock/f43-build-59088491-6571000-bootstrap/root/var/log
DEBUG file_util.py:21:  created dir: /var/lib/mock/f43-build-59088491-6571000-bootstrap/root/var/log
DEBUG file_util.py:18:  ensuring that dir exists: /var/lib/mock/f43-build-59088491-6571000-bootstrap/root/var/cache/dnf
DEBUG file_util.py:21:  created dir: /var/lib/mock/f43-build-59088491-6571000-bootstrap/root/var/cache/dnf
DEBUG file_util.py:18:  ensuring that dir exists: /var/lib/mock/f43-build-59088491-6571000-bootstrap/root/var/cache/yum
DEBUG file_util.py:21:  created dir: /var/lib/mock/f43-build-59088491-6571000-bootstrap/root/var/cache/yum
DEBUG file_util.py:18:  ensuring that dir exists: /var/lib/mock/f43-build-59088491-6571000-bootstrap/root/etc/rpm
DEBUG file_util.py:21:  created dir: /var/lib/mock/f43-build-59088491-6571000-bootstrap/root/etc/rpm
DEBUG file_util.py:18:  ensuring that dir exists: /var/lib/mock/f43-build-59088491-6571000-bootstrap/root/tmp
DEBUG file_util.py:21:  created dir: /var/lib/mock/f43-build-59088491-6571000-bootstrap/root/tmp
DEBUG file_util.py:18:  ensuring that dir exists: /var/lib/mock/f43-build-59088491-6571000-bootstrap/root/tmp/ccache
DEBUG file_util.py:21:  created dir: /var/lib/mock/f43-build-59088491-6571000-bootstrap/root/tmp/ccache
DEBUG file_util.py:18:  ensuring that dir exists: /var/lib/mock/f43-build-59088491-6571000-bootstrap/root/var/tmp
DEBUG file_util.py:21:  created dir: /var/lib/mock/f43-build-59088491-6571000-bootstrap/root/var/tmp
DEBUG file_util.py:18:  ensuring that dir exists: /var/lib/mock/f43-build-59088491-6571000-bootstrap/root/etc/dnf
DEBUG file_util.py:21:  created dir: /var/lib/mock/f43-build-59088491-6571000-bootstrap/root/etc/dnf
DEBUG file_util.py:18:  ensuring that dir exists: /var/lib/mock/f43-build-59088491-6571000-bootstrap/root/etc/dnf/vars
DEBUG file_util.py:21:  created dir: /var/lib/mock/f43-build-59088491-6571000-bootstrap/root/etc/dnf/vars
DEBUG file_util.py:18:  ensuring that dir exists: /var/lib/mock/f43-build-59088491-6571000-bootstrap/root/etc/yum.repos.d
DEBUG file_util.py:21:  created dir: /var/lib/mock/f43-build-59088491-6571000-bootstrap/root/etc/yum.repos.d
DEBUG file_util.py:18:  ensuring that dir exists: /var/lib/mock/f43-build-59088491-6571000-bootstrap/root/etc/yum
DEBUG file_util.py:21:  created dir: /var/lib/mock/f43-build-59088491-6571000-bootstrap/root/etc/yum
DEBUG file_util.py:18:  ensuring that dir exists: /var/lib/mock/f43-build-59088491-6571000-bootstrap/root/proc
DEBUG file_util.py:21:  created dir: /var/lib/mock/f43-build-59088491-6571000-bootstrap/root/proc
DEBUG file_util.py:18:  ensuring that dir exists: /var/lib/mock/f43-build-59088491-6571000-bootstrap/root/sys
DEBUG file_util.py:21:  created dir: /var/lib/mock/f43-build-59088491-6571000-bootstrap/root/sys
DEBUG file_util.py:18:  ensuring that dir exists: /var/lib/mock/f43-build-59088491-6571000-bootstrap/root/dev/pts
DEBUG file_util.py:21:  created dir: /var/lib/mock/f43-build-59088491-6571000-bootstrap/root/dev/pts
DEBUG file_util.py:18:  ensuring that dir exists: /var/lib/mock/f43-build-59088491-6571000-bootstrap/root/dev/shm
DEBUG file_util.py:21:  created dir: /var/lib/mock/f43-build-59088491-6571000-bootstrap/root/dev/shm
DEBUG file_util.py:18:  ensuring that dir exists: /var/lib/mock/f43-build-59088491-6571000-bootstrap/root/dev/mapper
DEBUG file_util.py:21:  created dir: /var/lib/mock/f43-build-59088491-6571000-bootstrap/root/dev/mapper
DEBUG buildroot.py:867:  kernel version == 6.13.8-200.fc41.x86_64
DEBUG file_util.py:30:  touching file: /var/lib/mock/f43-build-59088491-6571000-bootstrap/root/etc/fstab
DEBUG file_util.py:30:  touching file: /var/lib/mock/f43-build-59088491-6571000-bootstrap/root/etc/yum/yum.conf
DEBUG file_util.py:30:  touching file: /var/lib/mock/f43-build-59088491-6571000-bootstrap/root/etc/dnf/dnf.conf
DEBUG file_util.py:30:  touching file: /var/lib/mock/f43-build-59088491-6571000-bootstrap/root/var/log/yum.log
DEBUG buildroot.py:332:  rootdir = /var/lib/mock/f43-build-59088491-6571000-bootstrap/root
DEBUG buildroot.py:333:  resultdir = /var/lib/mock/f43-build-59088491-6571000-bootstrap/results
DEBUG package_manager.py:63:  searching for 'dnf5' package manager or alternatives
INFO buildroot.py:181:  Package manager dnf5 detected and used (fallback)
DEBUG file_util.py:18:  ensuring that dir exists: /var/lib/mock/f43-build-59088491-6571000-bootstrap/root/etc/pki/mock
DEBUG file_util.py:21:  created dir: /var/lib/mock/f43-build-59088491-6571000-bootstrap/root/etc/pki/mock
DEBUG file_util.py:158:  Updating files in /var/lib/mock/f43-build-59088491-6571000-bootstrap/root/etc/pki/ca-trust with files from /etc/pki/ca-trust
DEBUG file_util.py:18:  ensuring that dir exists: /var/lib/mock/f43-build-59088491-6571000-bootstrap/root/etc/pki/ca-trust
DEBUG file_util.py:21:  created dir: /var/lib/mock/f43-build-59088491-6571000-bootstrap/root/etc/pki/ca-trust
DEBUG file_util.py:18:  ensuring that dir exists: /var/lib/mock/f43-build-59088491-6571000-bootstrap/root/etc/pki/ca-trust/./extracted
DEBUG file_util.py:21:  created dir: /var/lib/mock/f43-build-59088491-6571000-bootstrap/root/etc/pki/ca-trust/./extracted
DEBUG file_util.py:18:  ensuring that dir exists: /var/lib/mock/f43-build-59088491-6571000-bootstrap/root/etc/pki/ca-trust/./source
DEBUG file_util.py:21:  created dir: /var/lib/mock/f43-build-59088491-6571000-bootstrap/root/etc/pki/ca-trust/./source
DEBUG file_util.py:18:  ensuring that dir exists: /var/lib/mock/f43-build-59088491-6571000-bootstrap/root/etc/pki/ca-trust/extracted/edk2
DEBUG file_util.py:21:  created dir: /var/lib/mock/f43-build-59088491-6571000-bootstrap/root/etc/pki/ca-trust/extracted/edk2
DEBUG file_util.py:18:  ensuring that dir exists: /var/lib/mock/f43-build-59088491-6571000-bootstrap/root/etc/pki/ca-trust/extracted/java
DEBUG file_util.py:21:  created dir: /var/lib/mock/f43-build-59088491-6571000-bootstrap/root/etc/pki/ca-trust/extracted/java
DEBUG file_util.py:18:  ensuring that dir exists: /var/lib/mock/f43-build-59088491-6571000-bootstrap/root/etc/pki/ca-trust/extracted/openssl
DEBUG file_util.py:21:  created dir: /var/lib/mock/f43-build-59088491-6571000-bootstrap/root/etc/pki/ca-trust/extracted/openssl
DEBUG file_util.py:18:  ensuring that dir exists: /var/lib/mock/f43-build-59088491-6571000-bootstrap/root/etc/pki/ca-trust/extracted/pem
DEBUG file_util.py:21:  created dir: /var/lib/mock/f43-build-59088491-6571000-bootstrap/root/etc/pki/ca-trust/extracted/pem
DEBUG file_util.py:18:  ensuring that dir exists: /var/lib/mock/f43-build-59088491-6571000-bootstrap/root/etc/pki/ca-trust/extracted/pem/directory-hash
DEBUG file_util.py:21:  created dir: /var/lib/mock/f43-build-59088491-6571000-bootstrap/root/etc/pki/ca-trust/extracted/pem/directory-hash
DEBUG file_util.py:18:  ensuring that dir exists: /var/lib/mock/f43-build-59088491-6571000-bootstrap/root/etc/pki/ca-trust/source/anchors
DEBUG file_util.py:21:  created dir: /var/lib/mock/f43-build-59088491-6571000-bootstrap/root/etc/pki/ca-trust/source/anchors
DEBUG file_util.py:18:  ensuring that dir exists: /var/lib/mock/f43-build-59088491-6571000-bootstrap/root/etc/pki/ca-trust/source/blocklist
DEBUG file_util.py:21:  created dir: /var/lib/mock/f43-build-59088491-6571000-bootstrap/root/etc/pki/ca-trust/source/blocklist
DEBUG file_util.py:158:  Updating files in /var/lib/mock/f43-build-59088491-6571000-bootstrap/root/usr/share/pki/ca-trust-source with files from /usr/share/pki/ca-trust-source
DEBUG file_util.py:18:  ensuring that dir exists: /var/lib/mock/f43-build-59088491-6571000-bootstrap/root/usr/share/pki/ca-trust-source
DEBUG file_util.py:21:  created dir: /var/lib/mock/f43-build-59088491-6571000-bootstrap/root/usr/share/pki/ca-trust-source
DEBUG file_util.py:18:  ensuring that dir exists: /var/lib/mock/f43-build-59088491-6571000-bootstrap/root/usr/share/pki/ca-trust-source/./anchors
DEBUG file_util.py:21:  created dir: /var/lib/mock/f43-build-59088491-6571000-bootstrap/root/usr/share/pki/ca-trust-source/./anchors
DEBUG file_util.py:18:  ensuring that dir exists: /var/lib/mock/f43-build-59088491-6571000-bootstrap/root/usr/share/pki/ca-trust-source/./blocklist
DEBUG file_util.py:21:  created dir: /var/lib/mock/f43-build-59088491-6571000-bootstrap/root/usr/share/pki/ca-trust-source/./blocklist
DEBUG file_util.py:18:  ensuring that dir exists: /var/lib/mock/f43-build-59088491-6571000-bootstrap/root/usr/share
DEBUG package_manager.py:388:  Copying /usr/share/distribution-gpg-keys to the bootstrap chroot
DEBUG util.py:634:  child environment: None
DEBUG util.py:556:  Executing command: ['cp', '-a', '/usr/share/distribution-gpg-keys', '/var/lib/mock/f43-build-59088491-6571000-bootstrap/root/usr/share'] with env {'TERM': 'vt100', 'SHELL': '/bin/sh', 'HOME': '/builddir', 'HOSTNAME': 'mock', 'PATH': '/usr/bin:/bin:/usr/sbin:/sbin', 'LANG': 'C.UTF-8'} and shell False
DEBUG util.py:608:  Child return code was: 0
DEBUG file_util.py:18:  ensuring that dir exists: /var/lib/mock/f43-build-59088491-6571000-bootstrap/root/etc/dnf
DEBUG package_manager.py:689:  configure DNF vars
DEBUG file_util.py:18:  ensuring that dir exists: /var/lib/mock/f43-build-59088491-6571000-bootstrap/root/etc
DEBUG file_util.py:18:  ensuring that dir exists: /var/lib/mock/f43-build-59088491-6571000-bootstrap/root/etc
DEBUG file_util.py:18:  ensuring that dir exists: /var/lib/mock/f43-build-59088491-6571000-bootstrap/root/proc
DEBUG util.py:634:  child environment: None
DEBUG util.py:556:  Executing command: ['/bin/mount', '-n', '-t', 'tmpfs', '-o', 'rprivate,mode=0755', 'tmpfs', '/var/lib/mock/f43-build-59088491-6571000-bootstrap/root/proc'] with env {'TERM': 'vt100', 'SHELL': '/bin/sh', 'HOME': '/builddir', 'HOSTNAME': 'mock', 'PATH': '/usr/bin:/bin:/usr/sbin:/sbin', 'LANG': 'C.UTF-8'} and shell False
DEBUG util.py:608:  Child return code was: 0
DEBUG file_util.py:18:  ensuring that dir exists: /var/lib/mock/f43-build-59088491-6571000-bootstrap/root/proc
DEBUG util.py:634:  child environment: None
DEBUG util.py:556:  Executing command: ['/bin/mount', '-n', '-o', 'rbind', '/proc', '/var/lib/mock/f43-build-59088491-6571000-bootstrap/root/proc'] with env {'TERM': 'vt100', 'SHELL': '/bin/sh', 'HOME': '/builddir', 'HOSTNAME': 'mock', 'PATH': '/usr/bin:/bin:/usr/sbin:/sbin', 'LANG': 'C.UTF-8'} and shell False
DEBUG util.py:608:  Child return code was: 0
DEBUG util.py:634:  child environment: None
DEBUG util.py:556:  Executing command: ['/bin/mount', '-n', '-o', 'remount,nodev,noexec,nosuid,readonly,rprivate,rbind', '--target', '/var/lib/mock/f43-build-59088491-6571000-bootstrap/root/proc'] with env {'TERM': 'vt100', 'SHELL': '/bin/sh', 'HOME': '/builddir', 'HOSTNAME': 'mock', 'PATH': '/usr/bin:/bin:/usr/sbin:/sbin', 'LANG': 'C.UTF-8'} and shell False
DEBUG util.py:608:  Child return code was: 0
DEBUG file_util.py:18:  ensuring that dir exists: /var/lib/mock/f43-build-59088491-6571000-bootstrap/root/sys
DEBUG util.py:634:  child environment: None
DEBUG util.py:556:  Executing command: ['/bin/mount', '-n', '-t', 'tmpfs', '-o', 'rprivate,mode=0755', 'tmpfs', '/var/lib/mock/f43-build-59088491-6571000-bootstrap/root/sys'] with env {'TERM': 'vt100', 'SHELL': '/bin/sh', 'HOME': '/builddir', 'HOSTNAME': 'mock', 'PATH': '/usr/bin:/bin:/usr/sbin:/sbin', 'LANG': 'C.UTF-8'} and shell False
DEBUG util.py:608:  Child return code was: 0
DEBUG file_util.py:18:  ensuring that dir exists: /var/lib/mock/f43-build-59088491-6571000-bootstrap/root/sys
DEBUG util.py:634:  child environment: None
DEBUG util.py:556:  Executing command: ['/bin/mount', '-n', '-o', 'rbind', '/sys', '/var/lib/mock/f43-build-59088491-6571000-bootstrap/root/sys'] with env {'TERM': 'vt100', 'SHELL': '/bin/sh', 'HOME': '/builddir', 'HOSTNAME': 'mock', 'PATH': '/usr/bin:/bin:/usr/sbin:/sbin', 'LANG': 'C.UTF-8'} and shell False
DEBUG util.py:608:  Child return code was: 0
DEBUG util.py:634:  child environment: None
DEBUG util.py:556:  Executing command: ['/bin/mount', '-n', '-o', 'remount,nodev,noexec,nosuid,readonly,rprivate,rbind', '--target', '/var/lib/mock/f43-build-59088491-6571000-bootstrap/root/sys'] with env {'TERM': 'vt100', 'SHELL': '/bin/sh', 'HOME': '/builddir', 'HOSTNAME': 'mock', 'PATH': '/usr/bin:/bin:/usr/sbin:/sbin', 'LANG': 'C.UTF-8'} and shell False
DEBUG util.py:608:  Child return code was: 0
DEBUG file_util.py:18:  ensuring that dir exists: /var/lib/mock/f43-build-59088491-6571000-bootstrap/root/dev/shm
DEBUG util.py:634:  child environment: None
DEBUG util.py:556:  Executing command: ['/bin/mount', '-n', '-t', 'tmpfs', 'tmpfs', '/var/lib/mock/f43-build-59088491-6571000-bootstrap/root/dev/shm'] with env {'TERM': 'vt100', 'SHELL': '/bin/sh', 'HOME': '/builddir', 'HOSTNAME': 'mock', 'PATH': '/usr/bin:/bin:/usr/sbin:/sbin', 'LANG': 'C.UTF-8'} and shell False
DEBUG util.py:608:  Child return code was: 0
DEBUG file_util.py:18:  ensuring that dir exists: /var/lib/mock/f43-build-59088491-6571000-bootstrap/root/dev/pts
DEBUG util.py:634:  child environment: None
DEBUG util.py:556:  Executing command: ['/bin/mount', '-n', '-t', 'devpts', '-o', 'gid=5,mode=0620,ptmxmode=0666,newinstance', 'devpts', '/var/lib/mock/f43-build-59088491-6571000-bootstrap/root/dev/pts'] with env {'TERM': 'vt100', 'SHELL': '/bin/sh', 'HOME': '/builddir', 'HOSTNAME': 'mock', 'PATH': '/usr/bin:/bin:/usr/sbin:/sbin', 'LANG': 'C.UTF-8'} and shell False
DEBUG util.py:608:  Child return code was: 0
DEBUG util.py:634:  child environment: None
DEBUG util.py:556:  Executing command: ['/bin/mount', '-n', '-o', 'bind', '/tmp/mock-selinux-plugin.9uzt2wir', '/var/lib/mock/f43-build-59088491-6571000-bootstrap/root/proc/filesystems'] with env {'TERM': 'vt100', 'SHELL': '/bin/sh', 'HOME': '/builddir', 'HOSTNAME': 'mock', 'PATH': '/usr/bin:/bin:/usr/sbin:/sbin', 'LANG': 'C.UTF-8'} and shell False
DEBUG util.py:608:  Child return code was: 0
DEBUG file_util.py:18:  ensuring that dir exists: /var/lib/mock/f43-build-59088491-6571000-bootstrap/root/sys/fs/selinux
DEBUG util.py:634:  child environment: None
DEBUG util.py:556:  Executing command: ['/bin/mount', '-n', '-t', 'tmpfs', 'tmpfs', '/var/lib/mock/f43-build-59088491-6571000-bootstrap/root/sys/fs/selinux'] with env {'TERM': 'vt100', 'SHELL': '/bin/sh', 'HOME': '/builddir', 'HOSTNAME': 'mock', 'PATH': '/usr/bin:/bin:/usr/sbin:/sbin', 'LANG': 'C.UTF-8'} and shell False
DEBUG util.py:608:  Child return code was: 0
DEBUG file_util.py:18:  ensuring that dir exists: /var/lib/mock/f43-build-59088491-6571000-bootstrap/root/installation-homedir
DEBUG file_util.py:21:  created dir: /var/lib/mock/f43-build-59088491-6571000-bootstrap/root/installation-homedir
DEBUG package_manager.py:295:  ['/usr/bin/dnf5', '--installroot', '/var/lib/mock/f43-build-59088491-6571000-bootstrap/root/', 'install', 'dnf5', 'dnf5-plugins', '--setopt=deltarpm=False', '--setopt=allow_vendor_change=yes', '--allowerasing']
DEBUG util.py:634:  child environment: None
DEBUG util.py:556:  Executing command: ['/usr/bin/dnf5', '--installroot', '/var/lib/mock/f43-build-59088491-6571000-bootstrap/root/', 'install', 'dnf5', 'dnf5-plugins', '--setopt=deltarpm=False', '--setopt=allow_vendor_change=yes', '--allowerasing', '--setopt=tsflags=nocontexts'] with env {'TERM': 'vt100', 'SHELL': '/bin/bash', 'HOME': '/var/lib/mock/f43-build-59088491-6571000-bootstrap/root/installation-homedir', 'HOSTNAME': 'mock', 'PATH': '/usr/bin:/bin:/usr/sbin:/sbin', 'PROMPT_COMMAND': 'printf "\\033]0;<mock-chroot>\\007"', 'PS1': '<mock-chroot> \\s-\\v\\$ ', 'LANG': 'C.UTF-8', 'LC_MESSAGES': 'C.UTF-8'} and shell False
DEBUG util.py:459:  Updating and loading repositories:
DEBUG util.py:459:   build                                  100% |  88.9 MiB/s |  15.3 MiB |  00m00s
DEBUG util.py:459:  Repositories loaded.
DEBUG util.py:461:  Package                        Arch   Version                    Repository      Size
DEBUG util.py:461:  Installing:
DEBUG util.py:461:   dnf5                          x86_64 5.2.13.1-1.fc43            build        2.4 MiB
DEBUG util.py:461:   dnf5-plugins                  x86_64 5.2.13.1-1.fc43            build        1.2 MiB
DEBUG util.py:461:  Installing dependencies:
DEBUG util.py:461:   alternatives                  x86_64 1.32-1.fc43                build       62.2 KiB
DEBUG util.py:461:   audit-libs                    x86_64 4.0.3-2.fc42               build      351.3 KiB
DEBUG util.py:461:   bash                          x86_64 5.2.37-3.fc43              build        8.2 MiB
DEBUG util.py:461:   bzip2-libs                    x86_64 1.0.8-20.fc42              build       84.6 KiB
DEBUG util.py:461:   ca-certificates               noarch 2024.2.69_v8.0.401-5.fc42  build        2.6 MiB
DEBUG util.py:461:   coreutils-single              x86_64 9.7-1.fc43                 build        1.4 MiB
DEBUG util.py:461:   crypto-policies               noarch 20250402-2.git86c0178.fc43 build      141.5 KiB
DEBUG util.py:461:   curl                          x86_64 8.13.0-1.fc43              build      461.0 KiB
DEBUG util.py:461:   cyrus-sasl-lib                x86_64 2.1.28-30.fc42             build        2.3 MiB
DEBUG util.py:461:   elfutils-default-yama-scope   noarch 0.192-8.fc42               build        1.8 KiB
DEBUG util.py:461:   elfutils-libelf               x86_64 0.192-8.fc42               build        1.2 MiB
DEBUG util.py:461:   elfutils-libs                 x86_64 0.192-8.fc42               build      675.0 KiB
DEBUG util.py:461:   fedora-gpg-keys               noarch 43-0.1                     build      128.2 KiB
DEBUG util.py:461:   fedora-release                noarch 43-0.15                    build        0.0   B
DEBUG util.py:461:   fedora-release-common         noarch 43-0.15                    build       20.4 KiB
DEBUG util.py:461:   fedora-release-identity-basic noarch 43-0.15                    build      664.0   B
DEBUG util.py:461:   fedora-repos                  noarch 43-0.1                     build        4.9 KiB
DEBUG util.py:461:   fedora-repos-rawhide          noarch 43-0.1                     build        2.2 KiB
DEBUG util.py:461:   file-libs                     x86_64 5.46-1.fc42                build       11.9 MiB
DEBUG util.py:461:   filesystem                    x86_64 3.18-40.fc43               build      112.0   B
DEBUG util.py:461:   findutils                     x86_64 1:4.10.0-5.fc42            build        1.9 MiB
DEBUG util.py:461:   fmt                           x86_64 11.1.4-1.fc43              build      263.9 KiB
DEBUG util.py:461:   gdbm-libs                     x86_64 1:1.23-9.fc42              build      129.9 KiB
DEBUG util.py:461:   glib2                         x86_64 2.84.1-1.fc43              build       14.7 MiB
DEBUG util.py:461:   glibc                         x86_64 2.41.9000-10.fc43          build        6.7 MiB
DEBUG util.py:461:   glibc-common                  x86_64 2.41.9000-10.fc43          build        1.0 MiB
DEBUG util.py:461:   glibc-minimal-langpack        x86_64 2.41.9000-10.fc43          build        0.0   B
DEBUG util.py:461:   gmp                           x86_64 1:6.3.0-3.fc43             build      819.2 KiB
DEBUG util.py:461:   gnupg2                        x86_64 2.4.7-3.fc43               build        9.8 MiB
DEBUG util.py:461:   gnutls                        x86_64 3.8.9-5.fc43               build        3.6 MiB
DEBUG util.py:461:   grep                          x86_64 3.12-1.fc43                build        1.0 MiB
DEBUG util.py:461:   ima-evm-utils-libs            x86_64 1.6.2-5.fc43               build       60.7 KiB
DEBUG util.py:461:   json-c                        x86_64 0.18-2.fc42                build       86.7 KiB
DEBUG util.py:461:   keyutils-libs                 x86_64 1.6.3-5.fc42               build       58.3 KiB
DEBUG util.py:461:   krb5-libs                     x86_64 1.21.3-5.fc42              build        2.3 MiB
DEBUG util.py:461:   libacl                        x86_64 2.3.2-3.fc42               build       38.3 KiB
DEBUG util.py:461:   libarchive                    x86_64 3.7.7-4.fc43               build      930.6 KiB
DEBUG util.py:461:   libassuan                     x86_64 2.5.7-3.fc42               build      167.8 KiB
DEBUG util.py:461:   libattr                       x86_64 2.5.2-5.fc42               build       27.1 KiB
DEBUG util.py:461:   libblkid                      x86_64 2.40.4-7.fc43              build      262.4 KiB
DEBUG util.py:461:   libbrotli                     x86_64 1.1.0-6.fc42               build      841.3 KiB
DEBUG util.py:461:   libcap                        x86_64 2.76-1.fc43                build      209.2 KiB
DEBUG util.py:461:   libcap-ng                     x86_64 0.8.5-4.fc42               build       72.9 KiB
DEBUG util.py:461:   libcom_err                    x86_64 1.47.2-3.fc42              build       67.1 KiB
DEBUG util.py:461:   libcurl                       x86_64 8.13.0-1.fc43              build      874.5 KiB
DEBUG util.py:461:   libdnf5                       x86_64 5.2.13.1-1.fc43            build        3.7 MiB
DEBUG util.py:461:   libdnf5-cli                   x86_64 5.2.13.1-1.fc43            build      879.2 KiB
DEBUG util.py:461:   libeconf                      x86_64 0.7.6-1.fc43               build       64.6 KiB
DEBUG util.py:461:   libevent                      x86_64 2.1.12-15.fc42             build      903.1 KiB
DEBUG util.py:461:   libffi                        x86_64 3.4.7-4.fc43               build       82.6 KiB
DEBUG util.py:461:   libfsverity                   x86_64 1.6-2.fc42                 build       32.5 KiB
DEBUG util.py:461:   libgcc                        x86_64 15.0.1-0.14.fc43           build      266.6 KiB
DEBUG util.py:461:   libgcrypt                     x86_64 1.11.0-5.fc42              build        1.6 MiB
DEBUG util.py:461:   libgomp                       x86_64 15.0.1-0.14.fc43           build      538.5 KiB
DEBUG util.py:461:   libgpg-error                  x86_64 1.55-1.fc43                build      915.3 KiB
DEBUG util.py:461:   libidn2                       x86_64 2.3.8-1.fc43               build      552.5 KiB
DEBUG util.py:461:   libksba                       x86_64 1.6.7-3.fc42               build      402.5 KiB
DEBUG util.py:461:   libmodulemd                   x86_64 2.15.0-16.fc42             build      721.0 KiB
DEBUG util.py:461:   libmount                      x86_64 2.40.4-7.fc43              build      356.2 KiB
DEBUG util.py:461:   libnghttp2                    x86_64 1.65.0-1.fc43              build      162.2 KiB
DEBUG util.py:461:   libpsl                        x86_64 0.21.5-5.fc42              build       76.4 KiB
DEBUG util.py:461:   librepo                       x86_64 1.19.0-3.fc42              build      244.9 KiB
DEBUG util.py:461:   libselinux                    x86_64 3.8-1.fc42                 build      193.1 KiB
DEBUG util.py:461:   libsepol                      x86_64 3.8-1.fc42                 build      826.0 KiB
DEBUG util.py:461:   libsmartcols                  x86_64 2.40.4-7.fc43              build      180.4 KiB
DEBUG util.py:461:   libsolv                       x86_64 0.7.32-4.fc43              build      970.7 KiB
DEBUG util.py:461:   libssh                        x86_64 0.11.1-4.fc42              build      565.5 KiB
DEBUG util.py:461:   libssh-config                 noarch 0.11.1-4.fc42              build      277.0   B
DEBUG util.py:461:   libstdc++                     x86_64 15.0.1-0.14.fc43           build        2.8 MiB
DEBUG util.py:461:   libtasn1                      x86_64 4.20.0-1.fc43              build      176.3 KiB
DEBUG util.py:461:   libtool-ltdl                  x86_64 2.5.4-4.fc42               build       70.1 KiB
DEBUG util.py:461:   libunistring                  x86_64 1.1-9.fc42                 build        1.7 MiB
DEBUG util.py:461:   libusb1                       x86_64 1.0.28-2.fc43              build      171.0 KiB
DEBUG util.py:461:   libuuid                       x86_64 2.40.4-7.fc43              build       37.3 KiB
DEBUG util.py:461:   libverto                      x86_64 0.3.2-10.fc42              build       25.4 KiB
DEBUG util.py:461:   libxcrypt                     x86_64 4.4.38-7.fc43              build      284.5 KiB
DEBUG util.py:461:   libxml2                       x86_64 2.12.10-1.fc43             build        1.7 MiB
DEBUG util.py:461:   libyaml                       x86_64 0.2.5-16.fc42              build      134.7 KiB
DEBUG util.py:461:   libzstd                       x86_64 1.5.7-1.fc43               build      807.8 KiB
DEBUG util.py:461:   lua-libs                      x86_64 5.4.7-3.fc43               build      276.9 KiB
DEBUG util.py:461:   lz4-libs                      x86_64 1.10.0-2.fc42              build      157.4 KiB
DEBUG util.py:461:   ncurses-base                  noarch 6.5-5.20250125.fc42        build      326.8 KiB
DEBUG util.py:461:   ncurses-libs                  x86_64 6.5-5.20250125.fc42        build      946.3 KiB
DEBUG util.py:461:   nettle                        x86_64 3.10.1-1.fc43              build      790.5 KiB
DEBUG util.py:461:   npth                          x86_64 1.8-2.fc42                 build       49.6 KiB
DEBUG util.py:461:   openldap                      x86_64 2.6.9-5.fc43               build      655.1 KiB
DEBUG util.py:461:   openssl-libs                  x86_64 1:3.5.0-3.fc43             build        8.9 MiB
DEBUG util.py:461:   p11-kit                       x86_64 0.25.5-5.fc42              build        2.2 MiB
DEBUG util.py:461:   p11-kit-trust                 x86_64 0.25.5-5.fc42              build      395.5 KiB
DEBUG util.py:461:   pam-libs                      x86_64 1.7.0-4.fc42               build      126.7 KiB
DEBUG util.py:461:   pcre2                         x86_64 10.45-1.fc43               build      697.7 KiB
DEBUG util.py:461:   pcre2-syntax                  noarch 10.45-1.fc43               build      273.9 KiB
DEBUG util.py:461:   popt                          x86_64 1.19-8.fc42                build      132.8 KiB
DEBUG util.py:461:   publicsuffix-list-dafsa       noarch 20250116-1.fc42            build       68.5 KiB
DEBUG util.py:461:   readline                      x86_64 8.2-13.fc43                build      485.0 KiB
DEBUG util.py:461:   rpm                           x86_64 5.99.90-3.fc43             build        3.1 MiB
DEBUG util.py:461:   rpm-build-libs                x86_64 5.99.90-3.fc43             build      268.4 KiB
DEBUG util.py:461:   rpm-libs                      x86_64 5.99.90-3.fc43             build      921.6 KiB
DEBUG util.py:461:   rpm-sequoia                   x86_64 1.8.0-1.fc43               build        2.5 MiB
DEBUG util.py:461:   rpm-sign-libs                 x86_64 5.99.90-3.fc43             build       39.7 KiB
DEBUG util.py:461:   sdbus-cpp                     x86_64 1.5.0-4.fc42               build      312.4 KiB
DEBUG util.py:461:   sed                           x86_64 4.9-4.fc42                 build      857.3 KiB
DEBUG util.py:461:   setup                         noarch 2.15.0-23.fc43             build      724.7 KiB
DEBUG util.py:461:   sqlite-libs                   x86_64 3.49.0-1.fc43              build        1.5 MiB
DEBUG util.py:461:   systemd-libs                  x86_64 257.5-2.fc43               build        2.2 MiB
DEBUG util.py:461:   systemd-standalone-sysusers   x86_64 257.5-2.fc43               build      277.3 KiB
DEBUG util.py:461:   tpm2-tss                      x86_64 4.1.3-7.fc43               build        1.6 MiB
DEBUG util.py:461:   xz-libs                       x86_64 1:5.8.1-1.fc43             build      217.8 KiB
DEBUG util.py:461:   zchunk-libs                   x86_64 1.5.1-2.fc42               build       97.0 KiB
DEBUG util.py:461:   zlib-ng-compat                x86_64 2.2.4-2.fc43               build      137.6 KiB
DEBUG util.py:461:  Transaction Summary:
DEBUG util.py:461:   Installing:       112 packages
DEBUG util.py:459:  Total size of inbound packages is 40 MiB. Need to download 40 MiB.
DEBUG util.py:459:  After this operation, 131 MiB extra will be used (install 131 MiB, remove 0 B).
DEBUG util.py:459:  [  1/112] dnf5-plugins-0:5.2.13.1-1.fc4 100% |  14.8 MiB/s | 440.3 KiB |  00m00s
DEBUG util.py:459:  [  2/112] dnf5-0:5.2.13.1-1.fc43.x86_64 100% |  22.7 MiB/s | 859.6 KiB |  00m00s
DEBUG util.py:459:  [  3/112] fmt-0:11.1.4-1.fc43.x86_64    100% |  10.8 MiB/s |  99.4 KiB |  00m00s
DEBUG util.py:459:  [  4/112] bash-0:5.2.37-3.fc43.x86_64   100% |  27.6 MiB/s |   1.8 MiB |  00m00s
DEBUG util.py:459:  [  5/112] libdnf5-0:5.2.13.1-1.fc43.x86 100% |  37.6 MiB/s |   1.2 MiB |  00m00s
DEBUG util.py:459:  [  6/112] glibc-0:2.41.9000-10.fc43.x86 100% |  41.7 MiB/s |   2.2 MiB |  00m00s
DEBUG util.py:459:  [  7/112] libgcc-0:15.0.1-0.14.fc43.x86 100% |   6.9 MiB/s | 126.3 KiB |  00m00s
DEBUG util.py:459:  [  8/112] libdnf5-cli-0:5.2.13.1-1.fc43 100% |  14.9 MiB/s | 351.5 KiB |  00m00s
DEBUG util.py:459:  [  9/112] rpm-libs-0:5.99.90-3.fc43.x86 100% |  38.8 MiB/s | 397.1 KiB |  00m00s
DEBUG util.py:459:  [ 10/112] sdbus-cpp-0:1.5.0-4.fc42.x86_ 100% |  15.8 MiB/s | 113.1 KiB |  00m00s
DEBUG util.py:459:  [ 11/112] libstdc++-0:15.0.1-0.14.fc43. 100% |  38.7 MiB/s | 911.2 KiB |  00m00s
DEBUG util.py:459:  [ 12/112] json-c-0:0.18-2.fc42.x86_64   100% |   4.9 MiB/s |  44.9 KiB |  00m00s
DEBUG util.py:459:  [ 13/112] rpm-build-libs-0:5.99.90-3.fc 100% |  31.2 MiB/s | 127.8 KiB |  00m00s
DEBUG util.py:459:  [ 14/112] zlib-ng-compat-0:2.2.4-2.fc43 100% |  19.3 MiB/s |  79.1 KiB |  00m00s
DEBUG util.py:459:  [ 15/112] systemd-libs-0:257.5-2.fc43.x 100% |  32.1 MiB/s | 788.8 KiB |  00m00s
DEBUG util.py:459:  [ 16/112] ncurses-libs-0:6.5-5.20250125 100% |  27.3 MiB/s | 335.0 KiB |  00m00s
DEBUG util.py:459:  [ 17/112] glibc-common-0:2.41.9000-10.f 100% |  32.9 MiB/s | 303.3 KiB |  00m00s
DEBUG util.py:459:  [ 18/112] filesystem-0:3.18-40.fc43.x86 100% |  43.8 MiB/s |   1.3 MiB |  00m00s
DEBUG util.py:459:  [ 19/112] libmodulemd-0:2.15.0-16.fc42. 100% |  16.4 MiB/s | 234.5 KiB |  00m00s
DEBUG util.py:459:  [ 20/112] librepo-0:1.19.0-3.fc42.x86_6 100% |  19.6 MiB/s | 100.2 KiB |  00m00s
DEBUG util.py:459:  [ 21/112] libsolv-0:0.7.32-4.fc43.x86_6 100% |  54.4 MiB/s | 445.9 KiB |  00m00s
DEBUG util.py:459:  [ 22/112] libxml2-0:2.12.10-1.fc43.x86_ 100% |  44.5 MiB/s | 682.9 KiB |  00m00s
DEBUG util.py:459:  [ 23/112] libsmartcols-0:2.40.4-7.fc43. 100% |  26.4 MiB/s |  81.2 KiB |  00m00s
DEBUG util.py:459:  [ 24/112] sqlite-libs-0:3.49.0-1.fc43.x 100% |  39.4 MiB/s | 766.3 KiB |  00m00s
DEBUG util.py:459:  [ 25/112] bzip2-libs-0:1.0.8-20.fc42.x8 100% |   5.3 MiB/s |  43.6 KiB |  00m00s
DEBUG util.py:459:  [ 26/112] libacl-0:2.3.2-3.fc42.x86_64  100% |   7.5 MiB/s |  23.0 KiB |  00m00s
DEBUG util.py:459:  [ 27/112] libcap-0:2.76-1.fc43.x86_64   100% |  21.2 MiB/s |  86.9 KiB |  00m00s
DEBUG util.py:459:  [ 28/112] libzstd-0:1.5.7-1.fc43.x86_64 100% |  51.2 MiB/s | 314.8 KiB |  00m00s
DEBUG util.py:459:  [ 29/112] glib2-0:2.84.1-1.fc43.x86_64  100% |  37.5 MiB/s |   3.0 MiB |  00m00s
DEBUG util.py:459:  [ 30/112] lua-libs-0:5.4.7-3.fc43.x86_6 100% |   4.5 MiB/s | 130.4 KiB |  00m00s
DEBUG util.py:459:  [ 31/112] popt-0:1.19-8.fc42.x86_64     100% |   2.3 MiB/s |  59.4 KiB |  00m00s
DEBUG util.py:459:  [ 32/112] xz-libs-1:5.8.1-1.fc43.x86_64 100% |  27.6 MiB/s | 113.0 KiB |  00m00s
DEBUG util.py:459:  [ 33/112] rpm-0:5.99.90-3.fc43.x86_64   100% |  42.8 MiB/s | 526.5 KiB |  00m00s
DEBUG util.py:459:  [ 34/112] elfutils-libelf-0:0.192-8.fc4 100% |  25.4 MiB/s | 208.1 KiB |  00m00s
DEBUG util.py:459:  [ 35/112] rpm-sequoia-0:1.8.0-1.fc43.x8 100% |  38.2 MiB/s | 938.8 KiB |  00m00s
DEBUG util.py:459:  [ 36/112] elfutils-libs-0:0.192-8.fc42. 100% |  18.5 MiB/s | 265.9 KiB |  00m00s
DEBUG util.py:459:  [ 37/112] rpm-sign-libs-0:5.99.90-3.fc4 100% |   9.6 MiB/s |  29.5 KiB |  00m00s
DEBUG util.py:459:  [ 38/112] file-libs-0:5.46-1.fc42.x86_6 100% |  37.7 MiB/s | 849.4 KiB |  00m00s
DEBUG util.py:459:  [ 39/112] libgomp-0:15.0.1-0.14.fc43.x8 100% |  23.6 MiB/s | 362.9 KiB |  00m00s
DEBUG util.py:459:  [ 40/112] setup-0:2.15.0-23.fc43.noarch 100% |  11.4 MiB/s | 151.1 KiB |  00m00s
DEBUG util.py:459:  [ 41/112] ncurses-base-0:6.5-5.20250125 100% |   7.8 MiB/s |  63.5 KiB |  00m00s
DEBUG util.py:459:  [ 42/112] libffi-0:3.4.7-4.fc43.x86_64  100% |  13.1 MiB/s |  40.3 KiB |  00m00s
DEBUG util.py:459:  [ 43/112] libmount-0:2.40.4-7.fc43.x86_ 100% |  37.8 MiB/s | 155.0 KiB |  00m00s
DEBUG util.py:459:  [ 44/112] libselinux-0:3.8-1.fc42.x86_6 100% |  23.7 MiB/s |  97.1 KiB |  00m00s
DEBUG util.py:459:  [ 45/112] pcre2-0:10.45-1.fc43.x86_64   100% |  42.8 MiB/s | 262.8 KiB |  00m00s
DEBUG util.py:459:  [ 46/112] libyaml-0:0.2.5-16.fc42.x86_6 100% |   9.9 MiB/s |  60.7 KiB |  00m00s
DEBUG util.py:459:  [ 47/112] gnutls-0:3.8.9-5.fc43.x86_64  100% |  42.4 MiB/s |   1.2 MiB |  00m00s
DEBUG util.py:459:  [ 48/112] zchunk-libs-0:1.5.1-2.fc42.x8 100% |   4.3 MiB/s |  52.9 KiB |  00m00s
DEBUG util.py:459:  [ 49/112] libattr-0:2.5.2-5.fc42.x86_64 100% |   5.6 MiB/s |  17.1 KiB |  00m00s
DEBUG util.py:459:  [ 50/112] pam-libs-0:1.7.0-4.fc42.x86_6 100% |  19.0 MiB/s |  58.3 KiB |  00m00s
DEBUG util.py:459:  [ 51/112] curl-0:8.13.0-1.fc43.x86_64   100% |  44.4 MiB/s | 227.3 KiB |  00m00s
DEBUG util.py:459:  [ 52/112] elfutils-default-yama-scope-0 100% |   6.2 MiB/s |  12.6 KiB |  00m00s
DEBUG util.py:459:  [ 53/112] libarchive-0:3.7.7-4.fc43.x86 100% |  36.5 MiB/s | 411.7 KiB |  00m00s
DEBUG util.py:459:  [ 54/112] ima-evm-utils-libs-0:1.6.2-5. 100% |   7.2 MiB/s |  29.5 KiB |  00m00s
DEBUG util.py:459:  [ 55/112] libfsverity-0:1.6-2.fc42.x86_ 100% |   9.2 MiB/s |  18.8 KiB |  00m00s
DEBUG util.py:459:  [ 56/112] openssl-libs-1:3.5.0-3.fc43.x 100% |  45.7 MiB/s |   2.6 MiB |  00m00s
DEBUG util.py:459:  [ 57/112] crypto-policies-0:20250402-2. 100% |   3.6 MiB/s |  73.8 KiB |  00m00s
DEBUG util.py:459:  [ 58/112] gmp-1:6.3.0-3.fc43.x86_64     100% |  45.0 MiB/s | 322.2 KiB |  00m00s
DEBUG util.py:459:  [ 59/112] libidn2-0:2.3.8-1.fc43.x86_64 100% |  23.6 MiB/s | 168.9 KiB |  00m00s
DEBUG util.py:459:  [ 60/112] libtasn1-0:4.20.0-1.fc43.x86_ 100% |  18.3 MiB/s |  75.0 KiB |  00m00s
DEBUG util.py:459:  [ 61/112] libunistring-0:1.1-9.fc42.x86 100% |  53.0 MiB/s | 542.5 KiB |  00m00s
DEBUG util.py:459:  [ 62/112] nettle-0:3.10.1-1.fc43.x86_64 100% |  34.6 MiB/s | 424.6 KiB |  00m00s
DEBUG util.py:459:  [ 63/112] gnupg2-0:2.4.7-3.fc43.x86_64  100% |  35.6 MiB/s |   2.7 MiB |  00m00s
DEBUG util.py:459:  [ 64/112] p11-kit-trust-0:0.25.5-5.fc42 100% |   5.9 MiB/s | 132.6 KiB |  00m00s
DEBUG util.py:459:  [ 65/112] libblkid-0:2.40.4-7.fc43.x86_ 100% |  23.9 MiB/s | 122.5 KiB |  00m00s
DEBUG util.py:459:  [ 66/112] libuuid-0:2.40.4-7.fc43.x86_6 100% |   6.2 MiB/s |  25.3 KiB |  00m00s
DEBUG util.py:459:  [ 67/112] p11-kit-0:0.25.5-5.fc42.x86_6 100% |  13.0 MiB/s | 478.0 KiB |  00m00s
DEBUG util.py:459:  [ 68/112] pcre2-syntax-0:10.45-1.fc43.n 100% |  26.3 MiB/s | 161.7 KiB |  00m00s
DEBUG util.py:459:  [ 69/112] libsepol-0:3.8-1.fc42.x86_64  100% |  26.2 MiB/s | 348.9 KiB |  00m00s
DEBUG util.py:459:  [ 70/112] audit-libs-0:4.0.3-2.fc42.x86 100% |  17.5 MiB/s | 125.3 KiB |  00m00s
DEBUG util.py:459:  [ 71/112] libeconf-0:0.7.6-1.fc43.x86_6 100% |   8.6 MiB/s |  35.2 KiB |  00m00s
DEBUG util.py:459:  [ 72/112] lz4-libs-0:1.10.0-2.fc42.x86_ 100% |  25.4 MiB/s |  78.1 KiB |  00m00s
DEBUG util.py:459:  [ 73/112] libassuan-0:2.5.7-3.fc42.x86_ 100% |  22.0 MiB/s |  67.6 KiB |  00m00s
DEBUG util.py:459:  [ 74/112] ca-certificates-0:2024.2.69_v 100% |  36.9 MiB/s | 945.0 KiB |  00m00s
DEBUG util.py:459:  [ 75/112] libgpg-error-0:1.55-1.fc43.x8 100% |  19.4 MiB/s | 238.9 KiB |  00m00s
DEBUG util.py:459:  [ 76/112] libgcrypt-0:1.11.0-5.fc42.x86 100% |  29.0 MiB/s | 593.3 KiB |  00m00s
DEBUG util.py:459:  [ 77/112] npth-0:1.8-2.fc42.x86_64      100% |   4.2 MiB/s |  25.8 KiB |  00m00s
DEBUG util.py:459:  [ 78/112] libksba-0:1.6.7-3.fc42.x86_64 100% |  13.2 MiB/s | 162.0 KiB |  00m00s
DEBUG util.py:459:  [ 79/112] openldap-0:2.6.9-5.fc43.x86_6 100% |  36.1 MiB/s | 258.6 KiB |  00m00s
DEBUG util.py:459:  [ 80/112] readline-0:8.2-13.fc43.x86_64 100% |  26.0 MiB/s | 212.9 KiB |  00m00s
DEBUG util.py:459:  [ 81/112] tpm2-tss-0:4.1.3-7.fc43.x86_6 100% |  40.9 MiB/s | 418.8 KiB |  00m00s
DEBUG util.py:459:  [ 82/112] alternatives-0:1.32-1.fc43.x8 100% |   6.8 MiB/s |  41.6 KiB |  00m00s
DEBUG util.py:459:  [ 83/112] grep-0:3.12-1.fc43.x86_64     100% |  47.1 MiB/s | 289.5 KiB |  00m00s
DEBUG util.py:459:  [ 84/112] findutils-1:4.10.0-5.fc42.x86 100% |  33.1 MiB/s | 542.7 KiB |  00m00s
DEBUG util.py:459:  [ 85/112] libcap-ng-0:0.8.5-4.fc42.x86_ 100% |   5.2 MiB/s |  32.2 KiB |  00m00s
DEBUG util.py:459:  [ 86/112] sed-0:4.9-4.fc42.x86_64       100% |  20.1 MiB/s | 308.8 KiB |  00m00s
DEBUG util.py:459:  [ 87/112] libevent-0:2.1.12-15.fc42.x86 100% |  36.3 MiB/s | 260.2 KiB |  00m00s
DEBUG util.py:459:  [ 88/112] libtool-ltdl-0:2.5.4-4.fc42.x 100% |   7.1 MiB/s |  36.2 KiB |  00m00s
DEBUG util.py:459:  [ 89/112] libusb1-0:1.0.28-2.fc43.x86_6 100% |  25.8 MiB/s |  79.3 KiB |  00m00s
DEBUG util.py:459:  [ 90/112] gdbm-libs-1:1.23-9.fc42.x86_6 100% |  18.6 MiB/s |  57.0 KiB |  00m00s
DEBUG util.py:459:  [ 91/112] cyrus-sasl-lib-0:2.1.28-30.fc 100% |  35.2 MiB/s | 793.5 KiB |  00m00s
DEBUG util.py:459:  [ 92/112] libxcrypt-0:4.4.38-7.fc43.x86 100% |  12.4 MiB/s | 127.2 KiB |  00m00s
DEBUG util.py:459:  [ 93/112] fedora-release-0:43-0.15.noar 100% |   1.5 MiB/s |  15.3 KiB |  00m00s
DEBUG util.py:459:  [ 94/112] fedora-repos-0:43-0.1.noarch  100% |   4.5 MiB/s |   9.3 KiB |  00m00s
DEBUG util.py:459:  [ 95/112] fedora-release-common-0:43-0. 100% |   6.4 MiB/s |  26.3 KiB |  00m00s
DEBUG util.py:459:  [ 96/112] fedora-repos-rawhide-0:43-0.1 100% |   2.9 MiB/s |   8.8 KiB |  00m00s
DEBUG util.py:459:  [ 97/112] fedora-gpg-keys-0:43-0.1.noar 100% |  20.4 MiB/s | 125.2 KiB |  00m00s
DEBUG util.py:459:  [ 98/112] systemd-standalone-sysusers-0 100% |  21.8 MiB/s | 133.7 KiB |  00m00s
DEBUG util.py:459:  [ 99/112] libcurl-0:8.13.0-1.fc43.x86_6 100% |  47.6 MiB/s | 389.7 KiB |  00m00s
DEBUG util.py:459:  [100/112] coreutils-single-0:9.7-1.fc43 100% |  39.0 MiB/s | 639.7 KiB |  00m00s
DEBUG util.py:459:  [101/112] libbrotli-0:1.1.0-6.fc42.x86_ 100% |  33.2 MiB/s | 339.8 KiB |  00m00s
DEBUG util.py:459:  [102/112] libnghttp2-0:1.65.0-1.fc43.x8 100% |  11.8 MiB/s |  72.6 KiB |  00m00s
DEBUG util.py:459:  [103/112] krb5-libs-0:1.21.3-5.fc42.x86 100% |  31.0 MiB/s | 760.6 KiB |  00m00s
DEBUG util.py:459:  [104/112] libpsl-0:0.21.5-5.fc42.x86_64 100% |   6.3 MiB/s |  64.0 KiB |  00m00s
DEBUG util.py:459:  [105/112] keyutils-libs-0:1.6.3-5.fc42. 100% |  10.3 MiB/s |  31.5 KiB |  00m00s
DEBUG util.py:459:  [106/112] libcom_err-0:1.47.2-3.fc42.x8 100% |  13.1 MiB/s |  26.9 KiB |  00m00s
DEBUG util.py:459:  [107/112] libssh-0:0.11.1-4.fc42.x86_64 100% |  17.5 MiB/s | 233.3 KiB |  00m00s
DEBUG util.py:459:  [108/112] libverto-0:0.3.2-10.fc42.x86_ 100% |   4.1 MiB/s |  20.8 KiB |  00m00s
DEBUG util.py:459:  [109/112] publicsuffix-list-dafsa-0:202 100% |  11.5 MiB/s |  58.8 KiB |  00m00s
DEBUG util.py:459:  [110/112] libssh-config-0:0.11.1-4.fc42 100% |   4.4 MiB/s |   9.0 KiB |  00m00s
DEBUG util.py:459:  [111/112] glibc-minimal-langpack-0:2.41 100% |   5.2 MiB/s |  21.3 KiB |  00m00s
DEBUG util.py:459:  [112/112] fedora-release-identity-basic 100% |   5.2 MiB/s |  16.0 KiB |  00m00s
DEBUG util.py:459:  --------------------------------------------------------------------------------
DEBUG util.py:459:  [112/112] Total                         100% |  73.9 MiB/s |  40.1 MiB |  00m01s
DEBUG util.py:459:  Running transaction
DEBUG util.py:459:  [  1/114] Verify package files          100% | 297.0   B/s | 112.0   B |  00m00s
DEBUG util.py:459:  [  2/114] Prepare transaction           100% |   1.8 KiB/s | 112.0   B |  00m00s
DEBUG util.py:459:  [  3/114] Installing libgcc-0:15.0.1-0. 100% |  43.7 MiB/s | 268.3 KiB |  00m00s
DEBUG util.py:459:  [  4/114] Installing fedora-release-ide 100% | 449.2 KiB/s | 920.0   B |  00m00s
DEBUG util.py:459:  [  5/114] Installing fedora-repos-rawhi 100% |   1.2 MiB/s |   2.4 KiB |  00m00s
DEBUG util.py:459:  [  6/114] Installing fedora-gpg-keys-0: 100% |   7.8 MiB/s | 174.8 KiB |  00m00s
DEBUG util.py:459:  [  7/114] Installing fedora-repos-0:43- 100% |   2.8 MiB/s |   5.7 KiB |  00m00s
DEBUG util.py:459:  [  8/114] Installing fedora-release-com 100% |   4.8 MiB/s |  24.7 KiB |  00m00s
DEBUG util.py:459:  [  9/114] Installing fedora-release-0:4 100% |  60.5 KiB/s | 124.0   B |  00m00s
DEBUG util.py:459:  [ 10/114] Installing setup-0:2.15.0-23. 100% |  24.6 MiB/s | 730.3 KiB |  00m00s
DEBUG util.py:459:  >>> [RPM] /etc/hosts created as /etc/hosts.rpmnew                               
DEBUG util.py:459:  [ 11/114] Installing filesystem-0:3.18- 100% |   1.0 MiB/s | 212.4 KiB |  00m00s
DEBUG util.py:459:  [ 12/114] Installing libssh-config-0:0. 100% | 398.4 KiB/s | 816.0   B |  00m00s
DEBUG util.py:459:  [ 13/114] Installing publicsuffix-list- 100% |  22.5 MiB/s |  69.2 KiB |  00m00s
DEBUG util.py:459:  [ 14/114] Installing pcre2-syntax-0:10. 100% |  54.0 MiB/s | 276.4 KiB |  00m00s
DEBUG util.py:459:  [ 15/114] Installing ncurses-base-0:6.5 100% |  17.2 MiB/s | 352.2 KiB |  00m00s
DEBUG util.py:459:  [ 16/114] Installing ncurses-libs-0:6.5 100% |  77.5 MiB/s | 952.8 KiB |  00m00s
DEBUG util.py:459:  [ 17/114] Installing glibc-0:2.41.9000- 100% |  87.8 MiB/s |   6.7 MiB |  00m00s
DEBUG util.py:459:  [ 18/114] Installing bash-0:5.2.37-3.fc 100% | 106.2 MiB/s |   8.2 MiB |  00m00s
DEBUG util.py:459:  [ 19/114] Installing glibc-common-0:2.4 100% |  36.4 MiB/s |   1.0 MiB |  00m00s
DEBUG util.py:459:  [ 20/114] Installing glibc-minimal-lang 100% |  60.5 KiB/s | 124.0   B |  00m00s
DEBUG util.py:459:  [ 21/114] Installing zlib-ng-compat-0:2 100% |  33.8 MiB/s | 138.4 KiB |  00m00s
DEBUG util.py:459:  [ 22/114] Installing libstdc++-0:15.0.1 100% | 128.9 MiB/s |   2.8 MiB |  00m00s
DEBUG util.py:459:  [ 23/114] Installing libzstd-0:1.5.7-1. 100% | 112.9 MiB/s | 809.1 KiB |  00m00s
DEBUG util.py:459:  [ 24/114] Installing bzip2-libs-0:1.0.8 100% |  27.9 MiB/s |  85.7 KiB |  00m00s
DEBUG util.py:459:  [ 25/114] Installing xz-libs-1:5.8.1-1. 100% |  53.5 MiB/s | 218.9 KiB |  00m00s
DEBUG util.py:459:  [ 26/114] Installing libxml2-0:2.12.10- 100% |  56.6 MiB/s |   1.7 MiB |  00m00s
DEBUG util.py:459:  [ 27/114] Installing fmt-0:11.1.4-1.fc4 100% |  64.8 MiB/s | 265.4 KiB |  00m00s
DEBUG util.py:459:  [ 28/114] Installing json-c-0:0.18-2.fc 100% |  28.6 MiB/s |  88.0 KiB |  00m00s
DEBUG util.py:459:  [ 29/114] Installing popt-0:1.19-8.fc42 100% |  15.1 MiB/s | 139.4 KiB |  00m00s
DEBUG util.py:459:  [ 30/114] Installing libgpg-error-0:1.5 100% |  22.5 MiB/s | 921.1 KiB |  00m00s
DEBUG util.py:459:  [ 31/114] Installing crypto-policies-0: 100% |   7.7 MiB/s | 166.6 KiB |  00m00s
DEBUG util.py:459:  [ 32/114] Installing sqlite-libs-0:3.49 100% | 117.2 MiB/s |   1.5 MiB |  00m00s
DEBUG util.py:459:  [ 33/114] Installing libffi-0:3.4.7-4.f 100% |  27.3 MiB/s |  84.0 KiB |  00m00s
DEBUG util.py:459:  [ 34/114] Installing pcre2-0:10.45-1.fc 100% |  97.5 MiB/s | 699.1 KiB |  00m00s
DEBUG util.py:459:  [ 35/114] Installing libtasn1-0:4.20.0- 100% |  34.8 MiB/s | 178.1 KiB |  00m00s
DEBUG util.py:459:  [ 36/114] Installing p11-kit-0:0.25.5-5 100% |  48.5 MiB/s |   2.2 MiB |  00m00s
DEBUG util.py:459:  [ 37/114] Installing libunistring-0:1.1 100% | 123.3 MiB/s |   1.7 MiB |  00m00s
DEBUG util.py:459:  [ 38/114] Installing libidn2-0:2.3.8-1. 100% |  54.6 MiB/s | 558.7 KiB |  00m00s
DEBUG util.py:459:  [ 39/114] Installing libuuid-0:2.40.4-7 100% |  12.5 MiB/s |  38.4 KiB |  00m00s
DEBUG util.py:459:  [ 40/114] Installing elfutils-libelf-0: 100% | 117.0 MiB/s |   1.2 MiB |  00m00s
DEBUG util.py:459:  [ 41/114] Installing lua-libs-0:5.4.7-3 100% |  67.9 MiB/s | 278.1 KiB |  00m00s
DEBUG util.py:459:  [ 42/114] Installing libattr-0:2.5.2-5. 100% |   9.1 MiB/s |  28.1 KiB |  00m00s
DEBUG util.py:459:  [ 43/114] Installing libacl-0:2.3.2-3.f 100% |  12.7 MiB/s |  39.2 KiB |  00m00s
DEBUG util.py:459:  [ 44/114] Installing gmp-1:6.3.0-3.fc43 100% | 100.3 MiB/s | 821.5 KiB |  00m00s
DEBUG util.py:459:  [ 45/114] Installing libxcrypt-0:4.4.38 100% |  46.7 MiB/s | 287.2 KiB |  00m00s
DEBUG util.py:459:  [ 46/114] Installing nettle-0:3.10.1-1. 100% |  86.1 MiB/s | 793.6 KiB |  00m00s
DEBUG util.py:459:  [ 47/114] Installing libblkid-0:2.40.4- 100% |  36.7 MiB/s | 263.4 KiB |  00m00s
DEBUG util.py:459:  [ 48/114] Installing libpsl-0:0.21.5-5. 100% |  25.2 MiB/s |  77.5 KiB |  00m00s
DEBUG util.py:459:  [ 49/114] Installing grep-0:3.12-1.fc43 100% |  30.4 MiB/s |   1.0 MiB |  00m00s
DEBUG util.py:459:  [ 50/114] Installing libassuan-0:2.5.7- 100% |  41.4 MiB/s | 169.6 KiB |  00m00s
DEBUG util.py:459:  [ 51/114] Installing libgcrypt-0:1.11.0 100% | 120.7 MiB/s |   1.6 MiB |  00m00s
DEBUG util.py:459:  [ 52/114] Installing libksba-0:1.6.7-3. 100% |  65.9 MiB/s | 405.1 KiB |  00m00s
DEBUG util.py:459:  [ 53/114] Installing file-libs-0:5.46-1 100% | 201.0 MiB/s |  11.9 MiB |  00m00s
DEBUG util.py:459:  [ 54/114] Installing elfutils-default-y 100% | 170.2 KiB/s |   2.0 KiB |  00m00s
DEBUG util.py:459:  [ 55/114] Installing elfutils-libs-0:0. 100% |  82.6 MiB/s | 676.7 KiB |  00m00s
DEBUG util.py:459:  [ 56/114] Installing libsmartcols-0:2.4 100% |  44.3 MiB/s | 181.5 KiB |  00m00s
DEBUG util.py:459:  [ 57/114] Installing libgomp-0:15.0.1-0 100% |  87.9 MiB/s | 539.9 KiB |  00m00s
DEBUG util.py:459:  [ 58/114] Installing libyaml-0:0.2.5-16 100% |  33.2 MiB/s | 136.0 KiB |  00m00s
DEBUG util.py:459:  [ 59/114] Installing libsepol-0:3.8-1.f 100% | 101.0 MiB/s | 827.0 KiB |  00m00s
DEBUG util.py:459:  [ 60/114] Installing libselinux-0:3.8-1 100% |  47.4 MiB/s | 194.3 KiB |  00m00s
DEBUG util.py:459:  [ 61/114] Installing libmount-0:2.40.4- 100% |  69.8 MiB/s | 357.4 KiB |  00m00s
DEBUG util.py:459:  [ 62/114] Installing findutils-1:4.10.0 100% |  49.3 MiB/s |   1.9 MiB |  00m00s
DEBUG util.py:459:  [ 63/114] Installing sed-0:4.9-4.fc42.x 100% |  27.3 MiB/s | 865.5 KiB |  00m00s
DEBUG util.py:459:  [ 64/114] Installing libeconf-0:0.7.6-1 100% |  16.2 MiB/s |  66.2 KiB |  00m00s
DEBUG util.py:459:  [ 65/114] Installing lz4-libs-0:1.10.0- 100% |  38.7 MiB/s | 158.5 KiB |  00m00s
DEBUG util.py:459:  [ 66/114] Installing npth-0:1.8-2.fc42. 100% |  16.5 MiB/s |  50.7 KiB |  00m00s
DEBUG util.py:459:  [ 67/114] Installing readline-0:8.2-13. 100% |  79.3 MiB/s | 487.1 KiB |  00m00s
DEBUG util.py:459:  [ 68/114] Installing alternatives-0:1.3 100% |   3.3 MiB/s |  63.8 KiB |  00m00s
DEBUG util.py:459:  [ 69/114] Installing p11-kit-trust-0:0. 100% |  11.8 MiB/s | 397.2 KiB |  00m00s
DEBUG util.py:459:  [ 70/114] Installing gnutls-0:3.8.9-5.f 100% | 119.1 MiB/s |   3.6 MiB |  00m00s
DEBUG util.py:459:  [ 71/114] Installing glib2-0:2.84.1-1.f 100% | 114.9 MiB/s |  14.7 MiB |  00m00s
DEBUG util.py:459:  [ 72/114] Installing libcap-ng-0:0.8.5- 100% |  18.3 MiB/s |  74.8 KiB |  00m00s
DEBUG util.py:459:  [ 73/114] Installing audit-libs-0:4.0.3 100% |  57.5 MiB/s | 353.4 KiB |  00m00s
DEBUG util.py:459:  [ 74/114] Installing pam-libs-0:1.7.0-4 100% |  25.2 MiB/s | 129.1 KiB |  00m00s
DEBUG util.py:459:  [ 75/114] Installing libcap-0:2.76-1.fc 100% |   9.1 MiB/s | 214.3 KiB |  00m00s
DEBUG util.py:459:  [ 76/114] Installing systemd-libs-0:257 100% | 117.3 MiB/s |   2.2 MiB |  00m00s
DEBUG util.py:459:  [ 77/114] Installing coreutils-single-0 100% |  37.5 MiB/s |   1.4 MiB |  00m00s
DEBUG util.py:459:  [ 78/114] Installing sdbus-cpp-0:1.5.0- 100% |  19.2 MiB/s | 314.1 KiB |  00m00s
DEBUG util.py:459:  [ 79/114] Installing ca-certificates-0: 100% | 688.1 KiB/s |   2.4 MiB |  00m04s
DEBUG util.py:459:  [ 80/114] Installing openssl-libs-1:3.5 100% | 143.4 MiB/s |   8.9 MiB |  00m00s
DEBUG util.py:459:  [ 81/114] Installing zchunk-libs-0:1.5. 100% |  24.0 MiB/s |  98.4 KiB |  00m00s
DEBUG util.py:459:  [ 82/114] Installing rpm-sequoia-0:1.8. 100% | 139.1 MiB/s |   2.5 MiB |  00m00s
DEBUG util.py:459:  [ 83/114] Installing libarchive-0:3.7.7 100% |  91.1 MiB/s | 932.6 KiB |  00m00s
DEBUG util.py:459:  [ 84/114] Installing libfsverity-0:1.6- 100% |  10.9 MiB/s |  33.5 KiB |  00m00s
DEBUG util.py:459:  [ 85/114] Installing libevent-0:2.1.12- 100% |  88.6 MiB/s | 906.9 KiB |  00m00s
DEBUG util.py:459:  [ 86/114] Installing libusb1-0:1.0.28-2 100% |  33.7 MiB/s | 172.7 KiB |  00m00s
DEBUG util.py:459:  [ 87/114] Installing tpm2-tss-0:4.1.3-7 100% |  87.1 MiB/s |   1.6 MiB |  00m00s
DEBUG util.py:459:  [ 88/114] Installing ima-evm-utils-libs 100% |  20.2 MiB/s |  62.0 KiB |  00m00s
DEBUG util.py:459:  [ 89/114] Installing systemd-standalone 100% |  12.9 MiB/s | 277.9 KiB |  00m00s
DEBUG util.py:459:  [ 90/114] Installing rpm-libs-0:5.99.90 100% |  90.2 MiB/s | 923.1 KiB |  00m00s
DEBUG util.py:459:  [ 91/114] Installing libmodulemd-0:2.15 100% |  30.7 MiB/s | 723.4 KiB |  00m00s
DEBUG util.py:459:  [ 92/114] Installing libsolv-0:0.7.32-4 100% |  95.0 MiB/s | 972.5 KiB |  00m00s
DEBUG util.py:459:  [ 93/114] Installing libtool-ltdl-0:2.5 100% |  17.4 MiB/s |  71.2 KiB |  00m00s
DEBUG util.py:459:  [ 94/114] Installing gdbm-libs-1:1.23-9 100% |  32.1 MiB/s | 131.6 KiB |  00m00s
DEBUG util.py:459:  [ 95/114] Installing cyrus-sasl-lib-0:2 100% |  64.0 MiB/s |   2.3 MiB |  00m00s
DEBUG util.py:459:  [ 96/114] Installing openldap-0:2.6.9-5 100% |  64.3 MiB/s | 658.9 KiB |  00m00s
DEBUG util.py:459:  [ 97/114] Installing gnupg2-0:2.4.7-3.f 100% |  99.9 MiB/s |   9.8 MiB |  00m00s
DEBUG util.py:459:  [ 98/114] Installing rpm-sign-libs-0:5. 100% |  13.2 MiB/s |  40.5 KiB |  00m00s
DEBUG util.py:459:  [ 99/114] Installing rpm-build-libs-0:5 100% |  52.6 MiB/s | 269.2 KiB |  00m00s
DEBUG util.py:459:  [100/114] Installing libbrotli-0:1.1.0- 100% |  91.5 MiB/s | 843.6 KiB |  00m00s
DEBUG util.py:459:  [101/114] Installing libnghttp2-0:1.65. 100% |  39.9 MiB/s | 163.3 KiB |  00m00s
DEBUG util.py:459:  [102/114] Installing keyutils-libs-0:1. 100% |   9.7 MiB/s |  59.7 KiB |  00m00s
DEBUG util.py:459:  [103/114] Installing libcom_err-0:1.47. 100% |  22.2 MiB/s |  68.2 KiB |  00m00s
DEBUG util.py:459:  [104/114] Installing libverto-0:0.3.2-1 100% |   6.6 MiB/s |  27.2 KiB |  00m00s
DEBUG util.py:459:  [105/114] Installing krb5-libs-0:1.21.3 100% |  92.0 MiB/s |   2.3 MiB |  00m00s
DEBUG util.py:459:  [106/114] Installing libssh-0:0.11.1-4. 100% |  69.3 MiB/s | 567.5 KiB |  00m00s
DEBUG util.py:459:  [107/114] Installing libcurl-0:8.13.0-1 100% |  95.0 MiB/s | 875.6 KiB |  00m00s
DEBUG util.py:459:  [108/114] Installing librepo-0:1.19.0-3 100% |  48.1 MiB/s | 246.1 KiB |  00m00s
DEBUG util.py:459:  [109/114] Installing libdnf5-0:5.2.13.1 100% | 118.2 MiB/s |   3.7 MiB |  00m00s
DEBUG util.py:459:  >>> [RPM] /etc/dnf/dnf.conf created as /etc/dnf/dnf.conf.rpmnew                 
DEBUG util.py:459:  [110/114] Installing libdnf5-cli-0:5.2. 100% |  66.4 MiB/s | 883.3 KiB |  00m00s
DEBUG util.py:459:  [111/114] Installing dnf5-0:5.2.13.1-1. 100% |  39.6 MiB/s |   2.5 MiB |  00m00s
DEBUG util.py:459:  [112/114] Installing curl-0:8.13.0-1.fc 100% |  11.9 MiB/s | 463.5 KiB |  00m00s
DEBUG util.py:459:  [113/114] Installing rpm-0:5.99.90-3.fc 100% |  33.0 MiB/s |   2.5 MiB |  00m00s
DEBUG util.py:459:  [114/114] Installing dnf5-plugins-0:5.2 100% | 223.6 KiB/s |   1.3 MiB |  00m06s
DEBUG util.py:459:  Warning: skipped OpenPGP checks for 112 packages from repository: build
DEBUG util.py:459:  Complete!
DEBUG util.py:608:  Child return code was: 0
DEBUG util.py:183:  kill orphans in chroot /var/lib/mock/f43-build-59088491-6571000-bootstrap/root
DEBUG util.py:634:  child environment: None
DEBUG util.py:556:  Executing command: ['/bin/umount', '-n', '-l', '/var/lib/mock/f43-build-59088491-6571000-bootstrap/root/sys/fs/selinux'] with env {'TERM': 'vt100', 'SHELL': '/bin/sh', 'HOME': '/builddir', 'HOSTNAME': 'mock', 'PATH': '/usr/bin:/bin:/usr/sbin:/sbin', 'LANG': 'C.UTF-8'} and shell False
DEBUG util.py:608:  Child return code was: 0
DEBUG util.py:634:  child environment: None
DEBUG util.py:556:  Executing command: ['/bin/umount', '-n', '/var/lib/mock/f43-build-59088491-6571000-bootstrap/root/proc/filesystems'] with env {'TERM': 'vt100', 'SHELL': '/bin/sh', 'HOME': '/builddir', 'HOSTNAME': 'mock', 'PATH': '/usr/bin:/bin:/usr/sbin:/sbin', 'LANG': 'C.UTF-8'} and shell False
DEBUG util.py:608:  Child return code was: 0
DEBUG util.py:634:  child environment: None
DEBUG util.py:556:  Executing command: ['/bin/umount', '-n', '-l', '/var/lib/mock/f43-build-59088491-6571000-bootstrap/root/dev/pts'] with env {'TERM': 'vt100', 'SHELL': '/bin/sh', 'HOME': '/builddir', 'HOSTNAME': 'mock', 'PATH': '/usr/bin:/bin:/usr/sbin:/sbin', 'LANG': 'C.UTF-8'} and shell False
DEBUG util.py:608:  Child return code was: 0
DEBUG util.py:634:  child environment: None
DEBUG util.py:556:  Executing command: ['/bin/umount', '-n', '-l', '/var/lib/mock/f43-build-59088491-6571000-bootstrap/root/dev/shm'] with env {'TERM': 'vt100', 'SHELL': '/bin/sh', 'HOME': '/builddir', 'HOSTNAME': 'mock', 'PATH': '/usr/bin:/bin:/usr/sbin:/sbin', 'LANG': 'C.UTF-8'} and shell False
DEBUG util.py:608:  Child return code was: 0
DEBUG util.py:634:  child environment: None
DEBUG util.py:556:  Executing command: ['/bin/umount', '-n', '-l', '/var/lib/mock/f43-build-59088491-6571000-bootstrap/root/sys'] with env {'TERM': 'vt100', 'SHELL': '/bin/sh', 'HOME': '/builddir', 'HOSTNAME': 'mock', 'PATH': '/usr/bin:/bin:/usr/sbin:/sbin', 'LANG': 'C.UTF-8'} and shell False
DEBUG util.py:608:  Child return code was: 0
DEBUG util.py:634:  child environment: None
DEBUG util.py:556:  Executing command: ['/bin/umount', '-n', '-l', '/var/lib/mock/f43-build-59088491-6571000-bootstrap/root/sys'] with env {'TERM': 'vt100', 'SHELL': '/bin/sh', 'HOME': '/builddir', 'HOSTNAME': 'mock', 'PATH': '/usr/bin:/bin:/usr/sbin:/sbin', 'LANG': 'C.UTF-8'} and shell False
DEBUG util.py:608:  Child return code was: 0
DEBUG util.py:634:  child environment: None
DEBUG util.py:556:  Executing command: ['/bin/umount', '-n', '-l', '/var/lib/mock/f43-build-59088491-6571000-bootstrap/root/proc'] with env {'TERM': 'vt100', 'SHELL': '/bin/sh', 'HOME': '/builddir', 'HOSTNAME': 'mock', 'PATH': '/usr/bin:/bin:/usr/sbin:/sbin', 'LANG': 'C.UTF-8'} and shell False
DEBUG util.py:608:  Child return code was: 0
DEBUG util.py:634:  child environment: None
DEBUG util.py:556:  Executing command: ['/bin/umount', '-n', '-l', '/var/lib/mock/f43-build-59088491-6571000-bootstrap/root/proc'] with env {'TERM': 'vt100', 'SHELL': '/bin/sh', 'HOME': '/builddir', 'HOSTNAME': 'mock', 'PATH': '/usr/bin:/bin:/usr/sbin:/sbin', 'LANG': 'C.UTF-8'} and shell False
DEBUG util.py:608:  Child return code was: 0
DEBUG file_util.py:30:  touching file: /var/lib/mock/f43-build-59088491-6571000-bootstrap/root/etc/os-release
DEBUG buildroot.py:38:  method _setup_build_dirs skipped in bootstrap
DEBUG buildroot.py:38:  method _make_users skipped in bootstrap
DEBUG file_util.py:30:  touching file: /var/lib/mock/f43-build-59088491-6571000-bootstrap/root/.initialized
DEBUG file_util.py:18:  ensuring that dir exists: /var/lib/mock/f43-build-59088491-6571000
DEBUG file_util.py:18:  ensuring that dir exists: /var/lib/mock/f43-build-59088491-6571000/root
DEBUG file_util.py:18:  ensuring that dir exists: /var/lib/mock/f43-build-59088491-6571000/result
INFO buildroot.py:318:  calling preinit hooks
DEBUG util.py:634:  child environment: None
DEBUG util.py:556:  Executing command: ['/usr/bin/lscpu'] with env {'TERM': 'vt100', 'SHELL': '/bin/sh', 'HOME': '/builddir', 'HOSTNAME': 'mock', 'PATH': '/usr/bin:/bin:/usr/sbin:/sbin', 'LANG': 'C.UTF-8'} and shell False
DEBUG util.py:461:  Architecture:                         x86_64
DEBUG util.py:461:  CPU op-mode(s):                       32-bit, 64-bit
DEBUG util.py:461:  Address sizes:                        46 bits physical, 48 bits virtual
DEBUG util.py:461:  Byte Order:                           Little Endian
DEBUG util.py:461:  CPU(s):                               48
DEBUG util.py:461:  On-line CPU(s) list:                  0-47
DEBUG util.py:461:  Vendor ID:                            GenuineIntel
DEBUG util.py:461:  Model name:                           Intel(R) Xeon(R) CPU E5-2670 v3 @ 2.30GHz
DEBUG util.py:461:  CPU family:                           6
DEBUG util.py:461:  Model:                                63
DEBUG util.py:461:  Thread(s) per core:                   2
DEBUG util.py:461:  Core(s) per socket:                   12
DEBUG util.py:461:  Socket(s):                            2
DEBUG util.py:461:  Stepping:                             2
DEBUG util.py:461:  CPU(s) scaling MHz:                   44%
DEBUG util.py:461:  CPU max MHz:                          3100.0000
DEBUG util.py:461:  CPU min MHz:                          1200.0000
DEBUG util.py:461:  BogoMIPS:                             4599.76
DEBUG util.py:461:  Flags:                                fpu vme de pse tsc msr pae mce cx8 apic sep mtrr pge mca cmov pat pse36 clflush dts acpi mmx fxsr sse sse2 ss ht tm pbe syscall nx pdpe1gb rdtscp lm constant_tsc arch_perfmon pebs bts rep_good nopl xtopology nonstop_tsc cpuid aperfmperf pni pclmulqdq dtes64 monitor ds_cpl vmx smx est tm2 ssse3 sdbg fma cx16 xtpr pdcm pcid dca sse4_1 sse4_2 x2apic movbe popcnt tsc_deadline_timer aes xsave avx f16c rdrand lahf_lm abm cpuid_fault epb pti ssbd ibrs ibpb stibp tpr_shadow flexpriority ept vpid ept_ad fsgsbase tsc_adjust bmi1 avx2 smep bmi2 erms invpcid cqm xsaveopt cqm_llc cqm_occup_llc dtherm ida arat pln pts vnmi md_clear flush_l1d
DEBUG util.py:461:  Virtualization:                       VT-x
DEBUG util.py:461:  L1d cache:                            768 KiB (24 instances)
DEBUG util.py:461:  L1i cache:                            768 KiB (24 instances)
DEBUG util.py:461:  L2 cache:                             6 MiB (24 instances)
DEBUG util.py:461:  L3 cache:                             60 MiB (2 instances)
DEBUG util.py:461:  NUMA node(s):                         2
DEBUG util.py:461:  NUMA node0 CPU(s):                    0,2,4,6,8,10,12,14,16,18,20,22,24,26,28,30,32,34,36,38,40,42,44,46
DEBUG util.py:461:  NUMA node1 CPU(s):                    1,3,5,7,9,11,13,15,17,19,21,23,25,27,29,31,33,35,37,39,41,43,45,47
DEBUG util.py:461:  Vulnerability Gather data sampling:   Not affected
DEBUG util.py:461:  Vulnerability Itlb multihit:          KVM: Mitigation: Split huge pages
DEBUG util.py:461:  Vulnerability L1tf:                   Mitigation; PTE Inversion; VMX conditional cache flushes, SMT vulnerable
DEBUG util.py:461:  Vulnerability Mds:                    Mitigation; Clear CPU buffers; SMT vulnerable
DEBUG util.py:461:  Vulnerability Meltdown:               Mitigation; PTI
DEBUG util.py:461:  Vulnerability Mmio stale data:        Mitigation; Clear CPU buffers; SMT vulnerable
DEBUG util.py:461:  Vulnerability Reg file data sampling: Not affected
DEBUG util.py:461:  Vulnerability Retbleed:               Not affected
DEBUG util.py:461:  Vulnerability Spec rstack overflow:   Not affected
DEBUG util.py:461:  Vulnerability Spec store bypass:      Mitigation; Speculative Store Bypass disabled via prctl
DEBUG util.py:461:  Vulnerability Spectre v1:             Mitigation; usercopy/swapgs barriers and __user pointer sanitization
DEBUG util.py:461:  Vulnerability Spectre v2:             Mitigation; Retpolines; IBPB conditional; IBRS_FW; STIBP conditional; RSB filling; PBRSB-eIBRS Not affected; BHI Not affected
DEBUG util.py:461:  Vulnerability Srbds:                  Not affected
DEBUG util.py:461:  Vulnerability Tsx async abort:        Not affected
DEBUG util.py:608:  Child return code was: 0
DEBUG util.py:634:  child environment: None
DEBUG util.py:556:  Executing command: ['/bin/free'] with env {'TERM': 'vt100', 'SHELL': '/bin/sh', 'HOME': '/builddir', 'HOSTNAME': 'mock', 'PATH': '/usr/bin:/bin:/usr/sbin:/sbin', 'LANG': 'C.UTF-8'} and shell False
DEBUG util.py:461:                 total        used        free      shared  buff/cache   available
DEBUG util.py:461:  Mem:       131875172     3577464   106543592        7060    23328180   128297708
DEBUG util.py:461:  Swap:        8388604       15068     8373536
DEBUG util.py:608:  Child return code was: 0
DEBUG util.py:634:  child environment: None
DEBUG util.py:556:  Executing command: ['/bin/df', '-H', '-T', '/var/lib/mock/f43-build-59088491-6571000/root', '/var/cache/mock'] with env {'TERM': 'vt100', 'SHELL': '/bin/sh', 'HOME': '/builddir', 'HOSTNAME': 'mock', 'PATH': '/usr/bin:/bin:/usr/sbin:/sbin', 'LANG': 'C.UTF-8'} and shell False
DEBUG util.py:461:  Filesystem                                            Type   Size  Used Avail Use% Mounted on
DEBUG util.py:461:  /dev/mapper/luks-ae8db37f-d89a-464a-bdea-7e4ed81cf602 btrfs  399G   16G  372G   4% /
DEBUG util.py:461:  /dev/mapper/luks-ae8db37f-d89a-464a-bdea-7e4ed81cf602 btrfs  399G   16G  372G   4% /
DEBUG util.py:608:  Child return code was: 0
DEBUG buildroot.py:723:  create skeleton dirs
DEBUG file_util.py:18:  ensuring that dir exists: /var/lib/mock/f43-build-59088491-6571000/root/var/lib/rpm
DEBUG file_util.py:21:  created dir: /var/lib/mock/f43-build-59088491-6571000/root/var/lib/rpm
DEBUG file_util.py:18:  ensuring that dir exists: /var/lib/mock/f43-build-59088491-6571000/root/var/lib/yum
DEBUG file_util.py:21:  created dir: /var/lib/mock/f43-build-59088491-6571000/root/var/lib/yum
DEBUG file_util.py:18:  ensuring that dir exists: /var/lib/mock/f43-build-59088491-6571000/root/var/lib/dbus
DEBUG file_util.py:21:  created dir: /var/lib/mock/f43-build-59088491-6571000/root/var/lib/dbus
DEBUG file_util.py:18:  ensuring that dir exists: /var/lib/mock/f43-build-59088491-6571000/root/var/log
DEBUG file_util.py:21:  created dir: /var/lib/mock/f43-build-59088491-6571000/root/var/log
DEBUG file_util.py:18:  ensuring that dir exists: /var/lib/mock/f43-build-59088491-6571000/root/var/cache/dnf
DEBUG file_util.py:21:  created dir: /var/lib/mock/f43-build-59088491-6571000/root/var/cache/dnf
DEBUG file_util.py:18:  ensuring that dir exists: /var/lib/mock/f43-build-59088491-6571000/root/var/cache/yum
DEBUG file_util.py:21:  created dir: /var/lib/mock/f43-build-59088491-6571000/root/var/cache/yum
DEBUG file_util.py:18:  ensuring that dir exists: /var/lib/mock/f43-build-59088491-6571000/root/etc/rpm
DEBUG file_util.py:21:  created dir: /var/lib/mock/f43-build-59088491-6571000/root/etc/rpm
DEBUG file_util.py:18:  ensuring that dir exists: /var/lib/mock/f43-build-59088491-6571000/root/tmp
DEBUG file_util.py:21:  created dir: /var/lib/mock/f43-build-59088491-6571000/root/tmp
DEBUG file_util.py:18:  ensuring that dir exists: /var/lib/mock/f43-build-59088491-6571000/root/tmp/ccache
DEBUG file_util.py:21:  created dir: /var/lib/mock/f43-build-59088491-6571000/root/tmp/ccache
DEBUG file_util.py:18:  ensuring that dir exists: /var/lib/mock/f43-build-59088491-6571000/root/var/tmp
DEBUG file_util.py:21:  created dir: /var/lib/mock/f43-build-59088491-6571000/root/var/tmp
DEBUG file_util.py:18:  ensuring that dir exists: /var/lib/mock/f43-build-59088491-6571000/root/etc/dnf
DEBUG file_util.py:21:  created dir: /var/lib/mock/f43-build-59088491-6571000/root/etc/dnf
DEBUG file_util.py:18:  ensuring that dir exists: /var/lib/mock/f43-build-59088491-6571000/root/etc/dnf/vars
DEBUG file_util.py:21:  created dir: /var/lib/mock/f43-build-59088491-6571000/root/etc/dnf/vars
DEBUG file_util.py:18:  ensuring that dir exists: /var/lib/mock/f43-build-59088491-6571000/root/etc/yum.repos.d
DEBUG file_util.py:21:  created dir: /var/lib/mock/f43-build-59088491-6571000/root/etc/yum.repos.d
DEBUG file_util.py:18:  ensuring that dir exists: /var/lib/mock/f43-build-59088491-6571000/root/etc/yum
DEBUG file_util.py:21:  created dir: /var/lib/mock/f43-build-59088491-6571000/root/etc/yum
DEBUG file_util.py:18:  ensuring that dir exists: /var/lib/mock/f43-build-59088491-6571000/root/proc
DEBUG file_util.py:21:  created dir: /var/lib/mock/f43-build-59088491-6571000/root/proc
DEBUG file_util.py:18:  ensuring that dir exists: /var/lib/mock/f43-build-59088491-6571000/root/sys
DEBUG file_util.py:21:  created dir: /var/lib/mock/f43-build-59088491-6571000/root/sys
DEBUG file_util.py:18:  ensuring that dir exists: /var/lib/mock/f43-build-59088491-6571000/root/dev/pts
DEBUG file_util.py:21:  created dir: /var/lib/mock/f43-build-59088491-6571000/root/dev/pts
DEBUG file_util.py:18:  ensuring that dir exists: /var/lib/mock/f43-build-59088491-6571000/root/dev/shm
DEBUG file_util.py:21:  created dir: /var/lib/mock/f43-build-59088491-6571000/root/dev/shm
DEBUG file_util.py:18:  ensuring that dir exists: /var/lib/mock/f43-build-59088491-6571000/root/dev/mapper
DEBUG file_util.py:21:  created dir: /var/lib/mock/f43-build-59088491-6571000/root/dev/mapper
DEBUG buildroot.py:867:  kernel version == 6.13.8-200.fc41.x86_64
DEBUG file_util.py:30:  touching file: /var/lib/mock/f43-build-59088491-6571000/root/etc/fstab
DEBUG file_util.py:30:  touching file: /var/lib/mock/f43-build-59088491-6571000/root/etc/yum/yum.conf
DEBUG file_util.py:30:  touching file: /var/lib/mock/f43-build-59088491-6571000/root/etc/dnf/dnf.conf
DEBUG file_util.py:30:  touching file: /var/lib/mock/f43-build-59088491-6571000/root/var/log/yum.log
DEBUG buildroot.py:332:  rootdir = /var/lib/mock/f43-build-59088491-6571000/root
DEBUG buildroot.py:333:  resultdir = /var/lib/mock/f43-build-59088491-6571000/result
INFO buildroot.py:181:  Package manager dnf5 detected and used (direct choice)
DEBUG file_util.py:18:  ensuring that dir exists: /var/lib/mock/f43-build-59088491-6571000/root/etc/pki/mock
DEBUG file_util.py:21:  created dir: /var/lib/mock/f43-build-59088491-6571000/root/etc/pki/mock
DEBUG file_util.py:158:  Updating files in /var/lib/mock/f43-build-59088491-6571000/root/etc/pki/ca-trust with files from /etc/pki/ca-trust
DEBUG file_util.py:18:  ensuring that dir exists: /var/lib/mock/f43-build-59088491-6571000/root/etc/pki/ca-trust
DEBUG file_util.py:21:  created dir: /var/lib/mock/f43-build-59088491-6571000/root/etc/pki/ca-trust
DEBUG file_util.py:18:  ensuring that dir exists: /var/lib/mock/f43-build-59088491-6571000/root/etc/pki/ca-trust/./extracted
DEBUG file_util.py:21:  created dir: /var/lib/mock/f43-build-59088491-6571000/root/etc/pki/ca-trust/./extracted
DEBUG file_util.py:18:  ensuring that dir exists: /var/lib/mock/f43-build-59088491-6571000/root/etc/pki/ca-trust/./source
DEBUG file_util.py:21:  created dir: /var/lib/mock/f43-build-59088491-6571000/root/etc/pki/ca-trust/./source
DEBUG file_util.py:18:  ensuring that dir exists: /var/lib/mock/f43-build-59088491-6571000/root/etc/pki/ca-trust/extracted/edk2
DEBUG file_util.py:21:  created dir: /var/lib/mock/f43-build-59088491-6571000/root/etc/pki/ca-trust/extracted/edk2
DEBUG file_util.py:18:  ensuring that dir exists: /var/lib/mock/f43-build-59088491-6571000/root/etc/pki/ca-trust/extracted/java
DEBUG file_util.py:21:  created dir: /var/lib/mock/f43-build-59088491-6571000/root/etc/pki/ca-trust/extracted/java
DEBUG file_util.py:18:  ensuring that dir exists: /var/lib/mock/f43-build-59088491-6571000/root/etc/pki/ca-trust/extracted/openssl
DEBUG file_util.py:21:  created dir: /var/lib/mock/f43-build-59088491-6571000/root/etc/pki/ca-trust/extracted/openssl
DEBUG file_util.py:18:  ensuring that dir exists: /var/lib/mock/f43-build-59088491-6571000/root/etc/pki/ca-trust/extracted/pem
DEBUG file_util.py:21:  created dir: /var/lib/mock/f43-build-59088491-6571000/root/etc/pki/ca-trust/extracted/pem
DEBUG file_util.py:18:  ensuring that dir exists: /var/lib/mock/f43-build-59088491-6571000/root/etc/pki/ca-trust/extracted/pem/directory-hash
DEBUG file_util.py:21:  created dir: /var/lib/mock/f43-build-59088491-6571000/root/etc/pki/ca-trust/extracted/pem/directory-hash
DEBUG file_util.py:18:  ensuring that dir exists: /var/lib/mock/f43-build-59088491-6571000/root/etc/pki/ca-trust/source/anchors
DEBUG file_util.py:21:  created dir: /var/lib/mock/f43-build-59088491-6571000/root/etc/pki/ca-trust/source/anchors
DEBUG file_util.py:18:  ensuring that dir exists: /var/lib/mock/f43-build-59088491-6571000/root/etc/pki/ca-trust/source/blocklist
DEBUG file_util.py:21:  created dir: /var/lib/mock/f43-build-59088491-6571000/root/etc/pki/ca-trust/source/blocklist
DEBUG file_util.py:158:  Updating files in /var/lib/mock/f43-build-59088491-6571000/root/usr/share/pki/ca-trust-source with files from /usr/share/pki/ca-trust-source
DEBUG file_util.py:18:  ensuring that dir exists: /var/lib/mock/f43-build-59088491-6571000/root/usr/share/pki/ca-trust-source
DEBUG file_util.py:21:  created dir: /var/lib/mock/f43-build-59088491-6571000/root/usr/share/pki/ca-trust-source
DEBUG file_util.py:18:  ensuring that dir exists: /var/lib/mock/f43-build-59088491-6571000/root/usr/share/pki/ca-trust-source/./anchors
DEBUG file_util.py:21:  created dir: /var/lib/mock/f43-build-59088491-6571000/root/usr/share/pki/ca-trust-source/./anchors
DEBUG file_util.py:18:  ensuring that dir exists: /var/lib/mock/f43-build-59088491-6571000/root/usr/share/pki/ca-trust-source/./blocklist
DEBUG file_util.py:21:  created dir: /var/lib/mock/f43-build-59088491-6571000/root/usr/share/pki/ca-trust-source/./blocklist
DEBUG file_util.py:18:  ensuring that dir exists: /var/lib/mock/f43-build-59088491-6571000/root/etc/dnf
DEBUG package_manager.py:689:  configure DNF vars
DEBUG file_util.py:18:  ensuring that dir exists: /var/lib/mock/f43-build-59088491-6571000/root/etc
DEBUG file_util.py:18:  ensuring that dir exists: /var/lib/mock/f43-build-59088491-6571000/root/proc
DEBUG util.py:634:  child environment: None
DEBUG util.py:556:  Executing command: ['/bin/mount', '-n', '-t', 'tmpfs', '-o', 'rprivate,mode=0755', 'tmpfs', '/var/lib/mock/f43-build-59088491-6571000/root/proc'] with env {'TERM': 'vt100', 'SHELL': '/bin/sh', 'HOME': '/builddir', 'HOSTNAME': 'mock', 'PATH': '/usr/bin:/bin:/usr/sbin:/sbin', 'LANG': 'C.UTF-8'} and shell False
DEBUG util.py:608:  Child return code was: 0
DEBUG file_util.py:18:  ensuring that dir exists: /var/lib/mock/f43-build-59088491-6571000/root/proc
DEBUG util.py:634:  child environment: None
DEBUG util.py:556:  Executing command: ['/bin/mount', '-n', '-o', 'rbind', '/proc', '/var/lib/mock/f43-build-59088491-6571000/root/proc'] with env {'TERM': 'vt100', 'SHELL': '/bin/sh', 'HOME': '/builddir', 'HOSTNAME': 'mock', 'PATH': '/usr/bin:/bin:/usr/sbin:/sbin', 'LANG': 'C.UTF-8'} and shell False
DEBUG util.py:608:  Child return code was: 0
DEBUG util.py:634:  child environment: None
DEBUG util.py:556:  Executing command: ['/bin/mount', '-n', '-o', 'remount,nodev,noexec,nosuid,readonly,rprivate,rbind', '--target', '/var/lib/mock/f43-build-59088491-6571000/root/proc'] with env {'TERM': 'vt100', 'SHELL': '/bin/sh', 'HOME': '/builddir', 'HOSTNAME': 'mock', 'PATH': '/usr/bin:/bin:/usr/sbin:/sbin', 'LANG': 'C.UTF-8'} and shell False
DEBUG util.py:608:  Child return code was: 0
DEBUG file_util.py:18:  ensuring that dir exists: /var/lib/mock/f43-build-59088491-6571000/root/sys
DEBUG util.py:634:  child environment: None
DEBUG util.py:556:  Executing command: ['/bin/mount', '-n', '-t', 'tmpfs', '-o', 'rprivate,mode=0755', 'tmpfs', '/var/lib/mock/f43-build-59088491-6571000/root/sys'] with env {'TERM': 'vt100', 'SHELL': '/bin/sh', 'HOME': '/builddir', 'HOSTNAME': 'mock', 'PATH': '/usr/bin:/bin:/usr/sbin:/sbin', 'LANG': 'C.UTF-8'} and shell False
DEBUG util.py:608:  Child return code was: 0
DEBUG file_util.py:18:  ensuring that dir exists: /var/lib/mock/f43-build-59088491-6571000/root/sys
DEBUG util.py:634:  child environment: None
DEBUG util.py:556:  Executing command: ['/bin/mount', '-n', '-o', 'rbind', '/sys', '/var/lib/mock/f43-build-59088491-6571000/root/sys'] with env {'TERM': 'vt100', 'SHELL': '/bin/sh', 'HOME': '/builddir', 'HOSTNAME': 'mock', 'PATH': '/usr/bin:/bin:/usr/sbin:/sbin', 'LANG': 'C.UTF-8'} and shell False
DEBUG util.py:608:  Child return code was: 0
DEBUG util.py:634:  child environment: None
DEBUG util.py:556:  Executing command: ['/bin/mount', '-n', '-o', 'remount,nodev,noexec,nosuid,readonly,rprivate,rbind', '--target', '/var/lib/mock/f43-build-59088491-6571000/root/sys'] with env {'TERM': 'vt100', 'SHELL': '/bin/sh', 'HOME': '/builddir', 'HOSTNAME': 'mock', 'PATH': '/usr/bin:/bin:/usr/sbin:/sbin', 'LANG': 'C.UTF-8'} and shell False
DEBUG util.py:608:  Child return code was: 0
DEBUG file_util.py:18:  ensuring that dir exists: /var/lib/mock/f43-build-59088491-6571000/root/dev/shm
DEBUG util.py:634:  child environment: None
DEBUG util.py:556:  Executing command: ['/bin/mount', '-n', '-t', 'tmpfs', 'tmpfs', '/var/lib/mock/f43-build-59088491-6571000/root/dev/shm'] with env {'TERM': 'vt100', 'SHELL': '/bin/sh', 'HOME': '/builddir', 'HOSTNAME': 'mock', 'PATH': '/usr/bin:/bin:/usr/sbin:/sbin', 'LANG': 'C.UTF-8'} and shell False
DEBUG util.py:608:  Child return code was: 0
DEBUG file_util.py:18:  ensuring that dir exists: /var/lib/mock/f43-build-59088491-6571000/root/dev/pts
DEBUG util.py:634:  child environment: None
DEBUG util.py:556:  Executing command: ['/bin/mount', '-n', '-t', 'devpts', '-o', 'gid=5,mode=0620,ptmxmode=0666,newinstance', 'devpts', '/var/lib/mock/f43-build-59088491-6571000/root/dev/pts'] with env {'TERM': 'vt100', 'SHELL': '/bin/sh', 'HOME': '/builddir', 'HOSTNAME': 'mock', 'PATH': '/usr/bin:/bin:/usr/sbin:/sbin', 'LANG': 'C.UTF-8'} and shell False
DEBUG util.py:608:  Child return code was: 0
DEBUG util.py:634:  child environment: None
DEBUG util.py:556:  Executing command: ['/bin/mount', '-n', '-o', 'bind', '/tmp/mock-selinux-plugin.tazl8oh6', '/var/lib/mock/f43-build-59088491-6571000/root/proc/filesystems'] with env {'TERM': 'vt100', 'SHELL': '/bin/sh', 'HOME': '/builddir', 'HOSTNAME': 'mock', 'PATH': '/usr/bin:/bin:/usr/sbin:/sbin', 'LANG': 'C.UTF-8'} and shell False
DEBUG util.py:608:  Child return code was: 0
DEBUG file_util.py:18:  ensuring that dir exists: /var/lib/mock/f43-build-59088491-6571000/root/sys/fs/selinux
DEBUG util.py:634:  child environment: None
DEBUG util.py:556:  Executing command: ['/bin/mount', '-n', '-t', 'tmpfs', 'tmpfs', '/var/lib/mock/f43-build-59088491-6571000/root/sys/fs/selinux'] with env {'TERM': 'vt100', 'SHELL': '/bin/sh', 'HOME': '/builddir', 'HOSTNAME': 'mock', 'PATH': '/usr/bin:/bin:/usr/sbin:/sbin', 'LANG': 'C.UTF-8'} and shell False
DEBUG util.py:608:  Child return code was: 0
DEBUG file_util.py:18:  ensuring that dir exists: /var/lib/mock/f43-build-59088491-6571000-bootstrap/root/var/lib/mock/f43-build-59088491-6571000/root
DEBUG file_util.py:21:  created dir: /var/lib/mock/f43-build-59088491-6571000-bootstrap/root/var/lib/mock/f43-build-59088491-6571000/root
DEBUG util.py:634:  child environment: None
DEBUG util.py:556:  Executing command: ['/bin/mount', '-n', '-t', 'tmpfs', '-o', 'private,mode=0755', 'tmpfs', '/var/lib/mock/f43-build-59088491-6571000-bootstrap/root/var/lib/mock/f43-build-59088491-6571000/root'] with env {'TERM': 'vt100', 'SHELL': '/bin/sh', 'HOME': '/builddir', 'HOSTNAME': 'mock', 'PATH': '/usr/bin:/bin:/usr/sbin:/sbin', 'LANG': 'C.UTF-8'} and shell False
DEBUG util.py:608:  Child return code was: 0
DEBUG file_util.py:18:  ensuring that dir exists: /var/lib/mock/f43-build-59088491-6571000-bootstrap/root/var/lib/mock/f43-build-59088491-6571000/root
DEBUG util.py:634:  child environment: None
DEBUG util.py:556:  Executing command: ['/bin/mount', '-n', '-o', 'rbind', '/var/lib/mock/f43-build-59088491-6571000/root', '/var/lib/mock/f43-build-59088491-6571000-bootstrap/root/var/lib/mock/f43-build-59088491-6571000/root'] with env {'TERM': 'vt100', 'SHELL': '/bin/sh', 'HOME': '/builddir', 'HOSTNAME': 'mock', 'PATH': '/usr/bin:/bin:/usr/sbin:/sbin', 'LANG': 'C.UTF-8'} and shell False
DEBUG util.py:608:  Child return code was: 0
DEBUG util.py:634:  child environment: None
DEBUG util.py:556:  Executing command: ['/bin/mount', '-n', '-o', 'remount,private,rbind', '--target', '/var/lib/mock/f43-build-59088491-6571000-bootstrap/root/var/lib/mock/f43-build-59088491-6571000/root'] with env {'TERM': 'vt100', 'SHELL': '/bin/sh', 'HOME': '/builddir', 'HOSTNAME': 'mock', 'PATH': '/usr/bin:/bin:/usr/sbin:/sbin', 'LANG': 'C.UTF-8'} and shell False
DEBUG util.py:608:  Child return code was: 0
DEBUG file_util.py:18:  ensuring that dir exists: /var/lib/mock/f43-build-59088491-6571000/root/installation-homedir
DEBUG file_util.py:21:  created dir: /var/lib/mock/f43-build-59088491-6571000/root/installation-homedir
DEBUG package_manager.py:295:  ['/usr/bin/dnf5', '--installroot', '/var/lib/mock/f43-build-59088491-6571000/root/', 'install', '@build', '--setopt=deltarpm=False', '--setopt=allow_vendor_change=yes', '--allowerasing']
DEBUG util.py:634:  child environment: None
DEBUG util.py:551:  Using nspawn with args ['--capability=cap_ipc_lock', '--bind=/tmp/mock-resolv.vms6jhu_:/etc/resolv.conf']
DEBUG util.py:556:  Executing command: ['/usr/bin/systemd-nspawn', '-q', '-M', 'da617ed925d3494d8bef04dc7187710e', '-D', '/var/lib/mock/f43-build-59088491-6571000-bootstrap/root', '-a', '--capability=cap_ipc_lock', '--bind=/tmp/mock-resolv.vms6jhu_:/etc/resolv.conf', '--console=pipe', '--setenv=TERM=vt100', '--setenv=SHELL=/bin/bash', '--setenv=HOME=/var/lib/mock/f43-build-59088491-6571000/root/installation-homedir', '--setenv=HOSTNAME=mock', '--setenv=PATH=/usr/bin:/bin:/usr/sbin:/sbin', '--setenv=PROMPT_COMMAND=printf "\\033]0;<mock-chroot>\\007"', '--setenv=PS1=<mock-chroot> \\s-\\v\\$ ', '--setenv=LANG=C.UTF-8', '--setenv=LC_MESSAGES=C.UTF-8', '--resolv-conf=off', '/usr/bin/dnf5', '--installroot', '/var/lib/mock/f43-build-59088491-6571000/root/', 'install', '@build', '--setopt=deltarpm=False', '--setopt=allow_vendor_change=yes', '--allowerasing', '--setopt=tsflags=nocontexts'] with env {'TERM': 'vt100', 'SHELL': '/bin/bash', 'HOME': '/var/lib/mock/f43-build-59088491-6571000/root/installation-homedir', 'HOSTNAME': 'mock', 'PATH': '/usr/bin:/bin:/usr/sbin:/sbin', 'PROMPT_COMMAND': 'printf "\\033]0;<mock-chroot>\\007"', 'PS1': '<mock-chroot> \\s-\\v\\$ ', 'LANG': 'C.UTF-8', 'LC_MESSAGES': 'C.UTF-8', 'SYSTEMD_NSPAWN_TMPFS_TMP': '0', 'SYSTEMD_SECCOMP': '0'} and shell False
DEBUG util.py:459:  Updating and loading repositories:
DEBUG util.py:459:   build                                  100% |  67.1 MiB/s |  14.6 MiB |  00m00s
DEBUG util.py:459:  Repositories loaded.
DEBUG util.py:461:  Package                            Arch   Version                    Repository      Size
DEBUG util.py:461:  Installing group/module packages:
DEBUG util.py:461:   bash                              x86_64 5.2.37-3.fc43              build        8.2 MiB
DEBUG util.py:461:   bzip2                             x86_64 1.0.8-20.fc42              build       99.3 KiB
DEBUG util.py:461:   coreutils                         x86_64 9.7-1.fc43                 build        5.4 MiB
DEBUG util.py:461:   cpio                              x86_64 2.15-2.fc41                build        1.1 MiB
DEBUG util.py:461:   diffutils                         x86_64 3.12-1.fc43                build        1.6 MiB
DEBUG util.py:461:   fedora-release                    noarch 43-0.15                    build        0.0   B
DEBUG util.py:461:   findutils                         x86_64 1:4.10.0-5.fc42            build        1.9 MiB
DEBUG util.py:461:   gawk                              x86_64 5.3.2-1.fc43               build        1.8 MiB
DEBUG util.py:461:   glibc-minimal-langpack            x86_64 2.41.9000-10.fc43          build        0.0   B
DEBUG util.py:461:   grep                              x86_64 3.12-1.fc43                build        1.0 MiB
DEBUG util.py:461:   gzip                              x86_64 1.13-3.fc42                build      392.9 KiB
DEBUG util.py:461:   info                              x86_64 7.2-3.fc42                 build      357.9 KiB
DEBUG util.py:461:   patch                             x86_64 2.8-1.fc43                 build      226.8 KiB
DEBUG util.py:461:   redhat-rpm-config                 noarch 343-4.fc43                 build      185.6 KiB
DEBUG util.py:461:   rpm-build                         x86_64 5.99.90-3.fc43             build      269.5 KiB
DEBUG util.py:461:   sed                               x86_64 4.9-4.fc42                 build      857.3 KiB
DEBUG util.py:461:   shadow-utils                      x86_64 2:4.17.4-1.fc43            build        4.0 MiB
DEBUG util.py:461:   tar                               x86_64 2:1.35-5.fc42              build        3.0 MiB
DEBUG util.py:461:   unzip                             x86_64 6.0-66.fc42                build      390.3 KiB
DEBUG util.py:461:   util-linux                        x86_64 2.40.4-7.fc43              build        3.4 MiB
DEBUG util.py:461:   which                             x86_64 2.23-1.fc42                build       83.4 KiB
DEBUG util.py:461:   xz                                x86_64 1:5.8.1-1.fc43             build        1.3 MiB
DEBUG util.py:461:  Installing dependencies:
DEBUG util.py:461:   add-determinism                   x86_64 0.6.0-1.fc43               build        2.5 MiB
DEBUG util.py:461:   alternatives                      x86_64 1.32-1.fc43                build       62.2 KiB
DEBUG util.py:461:   ansible-srpm-macros               noarch 1-17.1.fc42                build       35.7 KiB
DEBUG util.py:461:   audit-libs                        x86_64 4.0.3-2.fc42               build      351.3 KiB
DEBUG util.py:461:   binutils                          x86_64 2.44-3.fc43                build       25.9 MiB
DEBUG util.py:461:   build-reproducibility-srpm-macros noarch 0.6.0-1.fc43               build      735.0   B
DEBUG util.py:461:   bzip2-libs                        x86_64 1.0.8-20.fc42              build       84.6 KiB
DEBUG util.py:461:   ca-certificates                   noarch 2024.2.69_v8.0.401-5.fc42  build        2.6 MiB
DEBUG util.py:461:   coreutils-common                  x86_64 9.7-1.fc43                 build       11.3 MiB
DEBUG util.py:461:   crypto-policies                   noarch 20250402-2.git86c0178.fc43 build      141.5 KiB
DEBUG util.py:461:   curl                              x86_64 8.13.0-1.fc43              build      461.0 KiB
DEBUG util.py:461:   cyrus-sasl-lib                    x86_64 2.1.28-30.fc42             build        2.3 MiB
DEBUG util.py:461:   debugedit                         x86_64 5.1-6.fc43                 build      192.7 KiB
DEBUG util.py:461:   dwz                               x86_64 0.15-9.fc42                build      291.0 KiB
DEBUG util.py:461:   ed                                x86_64 1.21-2.fc42                build      146.5 KiB
DEBUG util.py:461:   efi-srpm-macros                   noarch 6-3.fc43                   build       40.1 KiB
DEBUG util.py:461:   elfutils                          x86_64 0.192-8.fc42               build        2.7 MiB
DEBUG util.py:461:   elfutils-debuginfod-client        x86_64 0.192-8.fc42               build       83.9 KiB
DEBUG util.py:461:   elfutils-default-yama-scope       noarch 0.192-8.fc42               build        1.8 KiB
DEBUG util.py:461:   elfutils-libelf                   x86_64 0.192-8.fc42               build        1.2 MiB
DEBUG util.py:461:   elfutils-libs                     x86_64 0.192-8.fc42               build      675.0 KiB
DEBUG util.py:461:   fedora-gpg-keys                   noarch 43-0.1                     build      128.2 KiB
DEBUG util.py:461:   fedora-release-common             noarch 43-0.15                    build       20.4 KiB
DEBUG util.py:461:   fedora-release-identity-basic     noarch 43-0.15                    build      664.0   B
DEBUG util.py:461:   fedora-repos                      noarch 43-0.1                     build        4.9 KiB
DEBUG util.py:461:   fedora-repos-rawhide              noarch 43-0.1                     build        2.2 KiB
DEBUG util.py:461:   file                              x86_64 5.46-1.fc42                build      100.2 KiB
DEBUG util.py:461:   file-libs                         x86_64 5.46-1.fc42                build       11.9 MiB
DEBUG util.py:461:   filesystem                        x86_64 3.18-40.fc43               build      112.0   B
DEBUG util.py:461:   filesystem-srpm-macros            noarch 3.18-40.fc43               build       38.2 KiB
DEBUG util.py:461:   fonts-srpm-macros                 noarch 1:2.0.5-21.fc42            build       55.8 KiB
DEBUG util.py:461:   forge-srpm-macros                 noarch 0.4.0-2.fc42               build       38.9 KiB
DEBUG util.py:461:   fpc-srpm-macros                   noarch 1.3-14.fc42                build      144.0   B
DEBUG util.py:461:   gdb-minimal                       x86_64 16.2-3.fc43                build       13.3 MiB
DEBUG util.py:461:   gdbm-libs                         x86_64 1:1.23-9.fc42              build      129.9 KiB
DEBUG util.py:461:   ghc-srpm-macros                   noarch 1.9.2-2.fc42               build      779.0   B
DEBUG util.py:461:   glibc                             x86_64 2.41.9000-10.fc43          build        6.7 MiB
DEBUG util.py:461:   glibc-common                      x86_64 2.41.9000-10.fc43          build        1.0 MiB
DEBUG util.py:461:   glibc-gconv-extra                 x86_64 2.41.9000-10.fc43          build        7.2 MiB
DEBUG util.py:461:   gmp                               x86_64 1:6.3.0-3.fc43             build      819.2 KiB
DEBUG util.py:461:   gnat-srpm-macros                  noarch 6-7.fc42                   build        1.0 KiB
DEBUG util.py:461:   gnupg2                            x86_64 2.4.7-3.fc43               build        9.8 MiB
DEBUG util.py:461:   gnutls                            x86_64 3.8.9-5.fc43               build        3.6 MiB
DEBUG util.py:461:   go-srpm-macros                    noarch 3.6.0-7.fc43               build       60.8 KiB
DEBUG util.py:461:   ima-evm-utils-libs                x86_64 1.6.2-5.fc43               build       60.7 KiB
DEBUG util.py:461:   jansson                           x86_64 2.14-2.fc42                build       93.1 KiB
DEBUG util.py:461:   json-c                            x86_64 0.18-2.fc42                build       86.7 KiB
DEBUG util.py:461:   kernel-srpm-macros                noarch 1.0-25.fc42                build        1.9 KiB
DEBUG util.py:461:   keyutils-libs                     x86_64 1.6.3-5.fc42               build       58.3 KiB
DEBUG util.py:461:   krb5-libs                         x86_64 1.21.3-5.fc42              build        2.3 MiB
DEBUG util.py:461:   libacl                            x86_64 2.3.2-3.fc42               build       38.3 KiB
DEBUG util.py:461:   libarchive                        x86_64 3.7.7-4.fc43               build      930.6 KiB
DEBUG util.py:461:   libassuan                         x86_64 2.5.7-3.fc42               build      167.8 KiB
DEBUG util.py:461:   libattr                           x86_64 2.5.2-5.fc42               build       27.1 KiB
DEBUG util.py:461:   libblkid                          x86_64 2.40.4-7.fc43              build      262.4 KiB
DEBUG util.py:461:   libbrotli                         x86_64 1.1.0-6.fc42               build      841.3 KiB
DEBUG util.py:461:   libcap                            x86_64 2.76-1.fc43                build      209.2 KiB
DEBUG util.py:461:   libcap-ng                         x86_64 0.8.5-4.fc42               build       72.9 KiB
DEBUG util.py:461:   libcom_err                        x86_64 1.47.2-3.fc42              build       67.1 KiB
DEBUG util.py:461:   libcurl                           x86_64 8.13.0-1.fc43              build      874.5 KiB
DEBUG util.py:461:   libeconf                          x86_64 0.7.6-1.fc43               build       64.6 KiB
DEBUG util.py:461:   libevent                          x86_64 2.1.12-15.fc42             build      903.1 KiB
DEBUG util.py:461:   libfdisk                          x86_64 2.40.4-7.fc43              build      372.3 KiB
DEBUG util.py:461:   libffi                            x86_64 3.4.7-4.fc43               build       82.6 KiB
DEBUG util.py:461:   libfsverity                       x86_64 1.6-2.fc42                 build       32.5 KiB
DEBUG util.py:461:   libgcc                            x86_64 15.0.1-0.14.fc43           build      266.6 KiB
DEBUG util.py:461:   libgcrypt                         x86_64 1.11.0-5.fc42              build        1.6 MiB
DEBUG util.py:461:   libgomp                           x86_64 15.0.1-0.14.fc43           build      538.5 KiB
DEBUG util.py:461:   libgpg-error                      x86_64 1.55-1.fc43                build      915.3 KiB
DEBUG util.py:461:   libidn2                           x86_64 2.3.8-1.fc43               build      552.5 KiB
DEBUG util.py:461:   libksba                           x86_64 1.6.7-3.fc42               build      402.5 KiB
DEBUG util.py:461:   libmount                          x86_64 2.40.4-7.fc43              build      356.2 KiB
DEBUG util.py:461:   libnghttp2                        x86_64 1.65.0-1.fc43              build      162.2 KiB
DEBUG util.py:461:   libpkgconf                        x86_64 2.3.0-2.fc42               build       78.1 KiB
DEBUG util.py:461:   libpsl                            x86_64 0.21.5-5.fc42              build       76.4 KiB
DEBUG util.py:461:   libselinux                        x86_64 3.8-1.fc42                 build      193.1 KiB
DEBUG util.py:461:   libsemanage                       x86_64 3.8-1.fc42                 build      308.4 KiB
DEBUG util.py:461:   libsepol                          x86_64 3.8-1.fc42                 build      826.0 KiB
DEBUG util.py:461:   libsmartcols                      x86_64 2.40.4-7.fc43              build      180.4 KiB
DEBUG util.py:461:   libssh                            x86_64 0.11.1-4.fc42              build      565.5 KiB
DEBUG util.py:461:   libssh-config                     noarch 0.11.1-4.fc42              build      277.0   B
DEBUG util.py:461:   libstdc++                         x86_64 15.0.1-0.14.fc43           build        2.8 MiB
DEBUG util.py:461:   libtasn1                          x86_64 4.20.0-1.fc43              build      176.3 KiB
DEBUG util.py:461:   libtool-ltdl                      x86_64 2.5.4-4.fc42               build       70.1 KiB
DEBUG util.py:461:   libunistring                      x86_64 1.1-9.fc42                 build        1.7 MiB
DEBUG util.py:461:   libusb1                           x86_64 1.0.28-2.fc43              build      171.0 KiB
DEBUG util.py:461:   libuuid                           x86_64 2.40.4-7.fc43              build       37.3 KiB
DEBUG util.py:461:   libverto                          x86_64 0.3.2-10.fc42              build       25.4 KiB
DEBUG util.py:461:   libxcrypt                         x86_64 4.4.38-7.fc43              build      284.5 KiB
DEBUG util.py:461:   libxml2                           x86_64 2.12.10-1.fc43             build        1.7 MiB
DEBUG util.py:461:   libzstd                           x86_64 1.5.7-1.fc43               build      807.8 KiB
DEBUG util.py:461:   lua-libs                          x86_64 5.4.7-3.fc43               build      276.9 KiB
DEBUG util.py:461:   lua-srpm-macros                   noarch 1-15.fc42                  build        1.3 KiB
DEBUG util.py:461:   lz4-libs                          x86_64 1.10.0-2.fc42              build      157.4 KiB
DEBUG util.py:461:   mpfr                              x86_64 4.2.2-1.fc43               build      828.8 KiB
DEBUG util.py:461:   ncurses-base                      noarch 6.5-5.20250125.fc42        build      326.8 KiB
DEBUG util.py:461:   ncurses-libs                      x86_64 6.5-5.20250125.fc42        build      946.3 KiB
DEBUG util.py:461:   nettle                            x86_64 3.10.1-1.fc43              build      790.5 KiB
DEBUG util.py:461:   npth                              x86_64 1.8-2.fc42                 build       49.6 KiB
DEBUG util.py:461:   ocaml-srpm-macros                 noarch 10-4.fc42                  build        1.9 KiB
DEBUG util.py:461:   openblas-srpm-macros              noarch 2-19.fc42                  build      112.0   B
DEBUG util.py:461:   openldap                          x86_64 2.6.9-5.fc43               build      655.1 KiB
DEBUG util.py:461:   openssl-libs                      x86_64 1:3.5.0-3.fc43             build        8.9 MiB
DEBUG util.py:461:   p11-kit                           x86_64 0.25.5-5.fc42              build        2.2 MiB
DEBUG util.py:461:   p11-kit-trust                     x86_64 0.25.5-5.fc42              build      395.5 KiB
DEBUG util.py:461:   package-notes-srpm-macros         noarch 0.5-13.fc42                build        1.6 KiB
DEBUG util.py:461:   pam-libs                          x86_64 1.7.0-4.fc42               build      126.7 KiB
DEBUG util.py:461:   pcre2                             x86_64 10.45-1.fc43               build      697.7 KiB
DEBUG util.py:461:   pcre2-syntax                      noarch 10.45-1.fc43               build      273.9 KiB
DEBUG util.py:461:   perl-srpm-macros                  noarch 1-57.fc42                  build      861.0   B
DEBUG util.py:461:   pkgconf                           x86_64 2.3.0-2.fc42               build       88.5 KiB
DEBUG util.py:461:   pkgconf-m4                        noarch 2.3.0-2.fc42               build       14.4 KiB
DEBUG util.py:461:   pkgconf-pkg-config                x86_64 2.3.0-2.fc42               build      989.0   B
DEBUG util.py:461:   popt                              x86_64 1.19-8.fc42                build      132.8 KiB
DEBUG util.py:461:   publicsuffix-list-dafsa           noarch 20250116-1.fc42            build       68.5 KiB
DEBUG util.py:461:   pyproject-srpm-macros             noarch 1.18.1-1.fc43              build        1.9 KiB
DEBUG util.py:461:   python-srpm-macros                noarch 3.13-5.fc43                build       51.7 KiB
DEBUG util.py:461:   qt5-srpm-macros                   noarch 5.15.16-1.fc43             build      500.0   B
DEBUG util.py:461:   qt6-srpm-macros                   noarch 6.9.0-2.fc43               build      464.0   B
DEBUG util.py:461:   readline                          x86_64 8.2-13.fc43                build      485.0 KiB
DEBUG util.py:461:   rpm                               x86_64 5.99.90-3.fc43             build        3.1 MiB
DEBUG util.py:461:   rpm-build-libs                    x86_64 5.99.90-3.fc43             build      268.4 KiB
DEBUG util.py:461:   rpm-libs                          x86_64 5.99.90-3.fc43             build      921.6 KiB
DEBUG util.py:461:   rpm-sequoia                       x86_64 1.8.0-1.fc43               build        2.5 MiB
DEBUG util.py:461:   rpm-sign-libs                     x86_64 5.99.90-3.fc43             build       39.7 KiB
DEBUG util.py:461:   rust-srpm-macros                  noarch 26.3-4.fc42                build        4.8 KiB
DEBUG util.py:461:   setup                             noarch 2.15.0-23.fc43             build      724.7 KiB
DEBUG util.py:461:   sqlite-libs                       x86_64 3.49.0-1.fc43              build        1.5 MiB
DEBUG util.py:461:   systemd-libs                      x86_64 257.5-2.fc43               build        2.2 MiB
DEBUG util.py:461:   systemd-standalone-sysusers       x86_64 257.5-2.fc43               build      277.3 KiB
DEBUG util.py:461:   tpm2-tss                          x86_64 4.1.3-7.fc43               build        1.6 MiB
DEBUG util.py:461:   tree-sitter-srpm-macros           noarch 0.2.4-1.fc43               build        7.5 KiB
DEBUG util.py:461:   util-linux-core                   x86_64 2.40.4-7.fc43              build        1.4 MiB
DEBUG util.py:461:   xxhash-libs                       x86_64 0.8.3-2.fc42               build       90.2 KiB
DEBUG util.py:461:   xz-libs                           x86_64 1:5.8.1-1.fc43             build      217.8 KiB
DEBUG util.py:461:   zig-srpm-macros                   noarch 1-4.fc42                   build        1.1 KiB
DEBUG util.py:461:   zip                               x86_64 3.0-43.fc42                build      698.5 KiB
DEBUG util.py:461:   zlib-ng-compat                    x86_64 2.2.4-2.fc43               build      137.6 KiB
DEBUG util.py:461:   zstd                              x86_64 1.5.7-1.fc43               build        1.7 MiB
DEBUG util.py:461:  Installing groups:
DEBUG util.py:461:   build                                                                                   
DEBUG util.py:461:  Transaction Summary:
DEBUG util.py:461:   Installing:       161 packages
DEBUG util.py:459:  Total size of inbound packages is 58 MiB. Need to download 58 MiB.
DEBUG util.py:459:  After this operation, 197 MiB extra will be used (install 197 MiB, remove 0 B).
DEBUG util.py:459:  [  1/161] bzip2-0:1.0.8-20.fc42.x86_64  100% |   1.9 MiB/s |  52.1 KiB |  00m00s
DEBUG util.py:459:  [  2/161] cpio-0:2.15-2.fc41.x86_64     100% |  34.8 MiB/s | 285.2 KiB |  00m00s
DEBUG util.py:459:  [  3/161] coreutils-0:9.7-1.fc43.x86_64 100% |  25.5 MiB/s |   1.1 MiB |  00m00s
DEBUG util.py:459:  [  4/161] fedora-release-0:43-0.15.noar 100% |   3.7 MiB/s |  15.3 KiB |  00m00s
DEBUG util.py:459:  [  5/161] bash-0:5.2.37-3.fc43.x86_64   100% |  28.5 MiB/s |   1.8 MiB |  00m00s
DEBUG util.py:459:  [  6/161] diffutils-0:3.12-1.fc43.x86_6 100% |  17.9 MiB/s | 384.2 KiB |  00m00s
DEBUG util.py:459:  [  7/161] findutils-1:4.10.0-5.fc42.x86 100% |  23.0 MiB/s | 542.7 KiB |  00m00s
DEBUG util.py:459:  [  8/161] glibc-minimal-langpack-0:2.41 100% |   3.0 MiB/s |  21.3 KiB |  00m00s
DEBUG util.py:459:  [  9/161] grep-0:3.12-1.fc43.x86_64     100% |  47.1 MiB/s | 289.5 KiB |  00m00s
DEBUG util.py:459:  [ 10/161] gzip-0:1.13-3.fc42.x86_64     100% |  20.0 MiB/s | 164.2 KiB |  00m00s
DEBUG util.py:459:  [ 11/161] info-0:7.2-3.fc42.x86_64      100% |  29.9 MiB/s | 183.8 KiB |  00m00s
DEBUG util.py:459:  [ 12/161] gawk-0:5.3.2-1.fc43.x86_64    100% |  38.4 MiB/s |   1.1 MiB |  00m00s
DEBUG util.py:459:  [ 13/161] patch-0:2.8-1.fc43.x86_64     100% |   7.9 MiB/s | 113.7 KiB |  00m00s
DEBUG util.py:459:  [ 14/161] redhat-rpm-config-0:343-4.fc4 100% |   6.1 MiB/s |  74.5 KiB |  00m00s
DEBUG util.py:459:  [ 15/161] rpm-build-0:5.99.90-3.fc43.x8 100% |  19.6 MiB/s | 120.4 KiB |  00m00s
DEBUG util.py:459:  [ 16/161] sed-0:4.9-4.fc42.x86_64       100% |  37.7 MiB/s | 308.8 KiB |  00m00s
DEBUG util.py:459:  [ 17/161] unzip-0:6.0-66.fc42.x86_64    100% |  36.1 MiB/s | 184.6 KiB |  00m00s
DEBUG util.py:459:  [ 18/161] tar-2:1.35-5.fc42.x86_64      100% |  46.3 MiB/s | 853.9 KiB |  00m00s
DEBUG util.py:459:  [ 19/161] shadow-utils-2:4.17.4-1.fc43. 100% |  42.1 MiB/s |   1.3 MiB |  00m00s
DEBUG util.py:459:  [ 20/161] which-0:2.23-1.fc42.x86_64    100% |   3.7 MiB/s |  41.7 KiB |  00m00s
DEBUG util.py:459:  [ 21/161] xz-1:5.8.1-1.fc43.x86_64      100% |  60.4 MiB/s | 556.6 KiB |  00m00s
DEBUG util.py:459:  [ 22/161] util-linux-0:2.40.4-7.fc43.x8 100% |  29.2 MiB/s |   1.1 MiB |  00m00s
DEBUG util.py:459:  [ 23/161] ncurses-libs-0:6.5-5.20250125 100% |  40.9 MiB/s | 335.0 KiB |  00m00s
DEBUG util.py:459:  [ 24/161] filesystem-0:3.18-40.fc43.x86 100% |  36.5 MiB/s |   1.3 MiB |  00m00s
DEBUG util.py:459:  [ 25/161] bzip2-libs-0:1.0.8-20.fc42.x8 100% |   4.3 MiB/s |  43.6 KiB |  00m00s
DEBUG util.py:459:  [ 26/161] gmp-1:6.3.0-3.fc43.x86_64     100% |  45.0 MiB/s | 322.2 KiB |  00m00s
DEBUG util.py:459:  [ 27/161] glibc-0:2.41.9000-10.fc43.x86 100% |  40.2 MiB/s |   2.2 MiB |  00m00s
DEBUG util.py:459:  [ 28/161] libacl-0:2.3.2-3.fc42.x86_64  100% |   1.2 MiB/s |  23.0 KiB |  00m00s
DEBUG util.py:459:  [ 29/161] libattr-0:2.5.2-5.fc42.x86_64 100% |   5.6 MiB/s |  17.1 KiB |  00m00s
DEBUG util.py:459:  [ 30/161] libcap-0:2.76-1.fc43.x86_64   100% |  28.3 MiB/s |  86.9 KiB |  00m00s
DEBUG util.py:459:  [ 31/161] libselinux-0:3.8-1.fc42.x86_6 100% |  23.7 MiB/s |  97.1 KiB |  00m00s
DEBUG util.py:459:  [ 32/161] coreutils-common-0:9.7-1.fc43 100% |  40.7 MiB/s |   2.1 MiB |  00m00s
DEBUG util.py:459:  [ 33/161] fedora-release-common-0:43-0. 100% |   8.6 MiB/s |  26.3 KiB |  00m00s
DEBUG util.py:459:  [ 34/161] systemd-libs-0:257.5-2.fc43.x 100% |  27.5 MiB/s | 788.8 KiB |  00m00s
DEBUG util.py:459:  [ 35/161] mpfr-0:4.2.2-1.fc43.x86_64    100% |  26.0 MiB/s | 346.7 KiB |  00m00s
DEBUG util.py:459:  [ 36/161] readline-0:8.2-13.fc43.x86_64 100% |  26.0 MiB/s | 212.9 KiB |  00m00s
DEBUG util.py:459:  [ 37/161] glibc-common-0:2.41.9000-10.f 100% |  37.0 MiB/s | 303.3 KiB |  00m00s
DEBUG util.py:459:  [ 38/161] pcre2-0:10.45-1.fc43.x86_64   100% |  32.1 MiB/s | 262.8 KiB |  00m00s
DEBUG util.py:459:  [ 39/161] openssl-libs-1:3.5.0-3.fc43.x 100% |  38.9 MiB/s |   2.6 MiB |  00m00s
DEBUG util.py:459:  [ 40/161] ed-0:1.21-2.fc42.x86_64       100% |   3.5 MiB/s |  82.0 KiB |  00m00s
DEBUG util.py:459:  [ 41/161] ansible-srpm-macros-0:1-17.1. 100% |   1.0 MiB/s |  20.3 KiB |  00m00s
DEBUG util.py:459:  [ 42/161] build-reproducibility-srpm-ma 100% |   3.8 MiB/s |  11.7 KiB |  00m00s
DEBUG util.py:459:  [ 43/161] efi-srpm-macros-0:6-3.fc43.no 100% |   7.3 MiB/s |  22.5 KiB |  00m00s
DEBUG util.py:459:  [ 44/161] dwz-0:0.15-9.fc42.x86_64      100% |  22.1 MiB/s | 135.7 KiB |  00m00s
DEBUG util.py:459:  [ 45/161] file-0:5.46-1.fc42.x86_64     100% |   9.5 MiB/s |  48.7 KiB |  00m00s
DEBUG util.py:459:  [ 46/161] filesystem-srpm-macros-0:3.18 100% |   8.4 MiB/s |  25.7 KiB |  00m00s
DEBUG util.py:459:  [ 47/161] fonts-srpm-macros-1:2.0.5-21. 100% |   6.6 MiB/s |  27.1 KiB |  00m00s
DEBUG util.py:459:  [ 48/161] forge-srpm-macros-0:0.4.0-2.f 100% |   4.8 MiB/s |  19.9 KiB |  00m00s
DEBUG util.py:459:  [ 49/161] fpc-srpm-macros-0:1.3-14.fc42 100% |   3.9 MiB/s |   8.0 KiB |  00m00s
DEBUG util.py:459:  [ 50/161] ghc-srpm-macros-0:1.9.2-2.fc4 100% |   3.0 MiB/s |   9.2 KiB |  00m00s
DEBUG util.py:459:  [ 51/161] gnat-srpm-macros-0:6-7.fc42.n 100% |   2.8 MiB/s |   8.6 KiB |  00m00s
DEBUG util.py:459:  [ 52/161] kernel-srpm-macros-0:1.0-25.f 100% |   4.8 MiB/s |   9.9 KiB |  00m00s
DEBUG util.py:459:  [ 53/161] go-srpm-macros-0:3.6.0-7.fc43 100% |   9.0 MiB/s |  27.6 KiB |  00m00s
DEBUG util.py:459:  [ 54/161] lua-srpm-macros-0:1-15.fc42.n 100% |   2.2 MiB/s |   8.9 KiB |  00m00s
DEBUG util.py:459:  [ 55/161] ocaml-srpm-macros-0:10-4.fc42 100% |   4.5 MiB/s |   9.2 KiB |  00m00s
DEBUG util.py:459:  [ 56/161] openblas-srpm-macros-0:2-19.f 100% |   2.5 MiB/s |   7.8 KiB |  00m00s
DEBUG util.py:459:  [ 57/161] package-notes-srpm-macros-0:0 100% |   3.0 MiB/s |   9.3 KiB |  00m00s
DEBUG util.py:459:  [ 58/161] perl-srpm-macros-0:1-57.fc42. 100% |   2.8 MiB/s |   8.5 KiB |  00m00s
DEBUG util.py:459:  [ 59/161] python-srpm-macros-0:3.13-5.f 100% |  11.3 MiB/s |  23.2 KiB |  00m00s
DEBUG util.py:459:  [ 60/161] pyproject-srpm-macros-0:1.18. 100% |   4.5 MiB/s |  13.9 KiB |  00m00s
DEBUG util.py:459:  [ 61/161] qt5-srpm-macros-0:5.15.16-1.f 100% |   2.9 MiB/s |   8.8 KiB |  00m00s
DEBUG util.py:459:  [ 62/161] qt6-srpm-macros-0:6.9.0-2.fc4 100% |   4.6 MiB/s |   9.4 KiB |  00m00s
DEBUG util.py:459:  [ 63/161] rust-srpm-macros-0:26.3-4.fc4 100% |   3.8 MiB/s |  11.7 KiB |  00m00s
DEBUG util.py:459:  [ 64/161] tree-sitter-srpm-macros-0:0.2 100% |   4.1 MiB/s |  12.5 KiB |  00m00s
DEBUG util.py:459:  [ 65/161] zig-srpm-macros-0:1-4.fc42.no 100% |   4.0 MiB/s |   8.2 KiB |  00m00s
DEBUG util.py:459:  [ 66/161] rpm-0:5.99.90-3.fc43.x86_64   100% |  39.5 MiB/s | 526.5 KiB |  00m00s
DEBUG util.py:459:  [ 67/161] zip-0:3.0-43.fc42.x86_64      100% |  28.6 MiB/s | 263.5 KiB |  00m00s
DEBUG util.py:459:  [ 68/161] debugedit-0:5.1-6.fc43.x86_64 100% |  15.4 MiB/s |  78.7 KiB |  00m00s
DEBUG util.py:459:  [ 69/161] elfutils-0:0.192-8.fc42.x86_6 100% |  53.3 MiB/s | 545.8 KiB |  00m00s
DEBUG util.py:459:  [ 70/161] elfutils-libelf-0:0.192-8.fc4 100% |  18.5 MiB/s | 208.1 KiB |  00m00s
DEBUG util.py:459:  [ 71/161] libarchive-0:3.7.7-4.fc43.x86 100% |  44.7 MiB/s | 411.7 KiB |  00m00s
DEBUG util.py:459:  [ 72/161] libgcc-0:15.0.1-0.14.fc43.x86 100% |  15.4 MiB/s | 126.3 KiB |  00m00s
DEBUG util.py:459:  [ 73/161] pkgconf-pkg-config-0:2.3.0-2. 100% |   4.8 MiB/s |   9.9 KiB |  00m00s
DEBUG util.py:459:  [ 74/161] popt-0:1.19-8.fc42.x86_64     100% |  14.5 MiB/s |  59.4 KiB |  00m00s
DEBUG util.py:459:  [ 75/161] libstdc++-0:15.0.1-0.14.fc43. 100% |  55.6 MiB/s | 911.2 KiB |  00m00s
DEBUG util.py:459:  [ 76/161] rpm-build-libs-0:5.99.90-3.fc 100% |  11.3 MiB/s | 127.8 KiB |  00m00s
DEBUG util.py:459:  [ 77/161] rpm-libs-0:5.99.90-3.fc43.x86 100% |  43.1 MiB/s | 397.1 KiB |  00m00s
DEBUG util.py:459:  [ 78/161] zstd-0:1.5.7-1.fc43.x86_64    100% |  39.5 MiB/s | 485.8 KiB |  00m00s
DEBUG util.py:459:  [ 79/161] audit-libs-0:4.0.3-2.fc42.x86 100% |  15.3 MiB/s | 125.3 KiB |  00m00s
DEBUG util.py:459:  [ 80/161] libeconf-0:0.7.6-1.fc43.x86_6 100% |   8.6 MiB/s |  35.2 KiB |  00m00s
DEBUG util.py:459:  [ 81/161] libsemanage-0:3.8-1.fc42.x86_ 100% |  30.2 MiB/s | 123.6 KiB |  00m00s
DEBUG util.py:459:  [ 82/161] libxcrypt-0:4.4.38-7.fc43.x86 100% |  24.8 MiB/s | 127.2 KiB |  00m00s
DEBUG util.py:459:  [ 83/161] pam-libs-0:1.7.0-4.fc42.x86_6 100% |  14.2 MiB/s |  58.3 KiB |  00m00s
DEBUG util.py:459:  [ 84/161] setup-0:2.15.0-23.fc43.noarch 100% |  36.9 MiB/s | 151.1 KiB |  00m00s
DEBUG util.py:459:  [ 85/161] binutils-0:2.44-3.fc43.x86_64 100% |  48.2 MiB/s |   5.8 MiB |  00m00s
DEBUG util.py:459:  [ 86/161] libcap-ng-0:0.8.5-4.fc42.x86_ 100% | 784.6 KiB/s |  32.2 KiB |  00m00s
DEBUG util.py:459:  [ 87/161] libblkid-0:2.40.4-7.fc43.x86_ 100% |   2.6 MiB/s | 122.5 KiB |  00m00s
DEBUG util.py:459:  [ 88/161] libfdisk-0:2.40.4-7.fc43.x86_ 100% |  25.7 MiB/s | 158.2 KiB |  00m00s
DEBUG util.py:459:  [ 89/161] libsmartcols-0:2.40.4-7.fc43. 100% |  19.8 MiB/s |  81.2 KiB |  00m00s
DEBUG util.py:459:  [ 90/161] libmount-0:2.40.4-7.fc43.x86_ 100% |  25.2 MiB/s | 155.0 KiB |  00m00s
DEBUG util.py:459:  [ 91/161] libuuid-0:2.40.4-7.fc43.x86_6 100% |   4.9 MiB/s |  25.3 KiB |  00m00s
DEBUG util.py:459:  [ 92/161] zlib-ng-compat-0:2.2.4-2.fc43 100% |  25.8 MiB/s |  79.1 KiB |  00m00s
DEBUG util.py:459:  [ 93/161] xz-libs-1:5.8.1-1.fc43.x86_64 100% |  27.6 MiB/s | 113.0 KiB |  00m00s
DEBUG util.py:459:  [ 94/161] util-linux-core-0:2.40.4-7.fc 100% |  41.8 MiB/s | 513.8 KiB |  00m00s
DEBUG util.py:459:  [ 95/161] ncurses-base-0:6.5-5.20250125 100% |   8.9 MiB/s |  63.5 KiB |  00m00s
DEBUG util.py:459:  [ 96/161] libsepol-0:3.8-1.fc42.x86_64  100% |  48.7 MiB/s | 348.9 KiB |  00m00s
DEBUG util.py:459:  [ 97/161] crypto-policies-0:20250402-2. 100% |  18.0 MiB/s |  73.8 KiB |  00m00s
DEBUG util.py:459:  [ 98/161] glibc-gconv-extra-0:2.41.9000 100% |  44.9 MiB/s |   1.5 MiB |  00m00s
DEBUG util.py:459:  [ 99/161] fedora-repos-0:43-0.1.noarch  100% | 662.3 KiB/s |   9.3 KiB |  00m00s
DEBUG util.py:459:  [100/161] ca-certificates-0:2024.2.69_v 100% |  28.8 MiB/s | 945.0 KiB |  00m00s
DEBUG util.py:459:  [101/161] pcre2-syntax-0:10.45-1.fc43.n 100% |  13.2 MiB/s | 161.7 KiB |  00m00s
DEBUG util.py:459:  [102/161] curl-0:8.13.0-1.fc43.x86_64   100% |  37.0 MiB/s | 227.3 KiB |  00m00s
DEBUG util.py:459:  [103/161] add-determinism-0:0.6.0-1.fc4 100% |  37.4 MiB/s | 918.3 KiB |  00m00s
DEBUG util.py:459:  [104/161] alternatives-0:1.32-1.fc43.x8 100% |   5.1 MiB/s |  41.6 KiB |  00m00s
DEBUG util.py:459:  [105/161] file-libs-0:5.46-1.fc42.x86_6 100% |  34.6 MiB/s | 849.4 KiB |  00m00s
DEBUG util.py:459:  [106/161] elfutils-debuginfod-client-0: 100% |   5.0 MiB/s |  46.5 KiB |  00m00s
DEBUG util.py:459:  [107/161] jansson-0:2.14-2.fc42.x86_64  100% |  14.9 MiB/s |  45.7 KiB |  00m00s
DEBUG util.py:459:  [108/161] elfutils-libs-0:0.192-8.fc42. 100% |  37.1 MiB/s | 265.9 KiB |  00m00s
DEBUG util.py:459:  [109/161] libzstd-0:1.5.7-1.fc43.x86_64 100% |  34.2 MiB/s | 314.8 KiB |  00m00s
DEBUG util.py:459:  [110/161] lz4-libs-0:1.10.0-2.fc42.x86_ 100% |  12.7 MiB/s |  78.1 KiB |  00m00s
DEBUG util.py:459:  [111/161] pkgconf-0:2.3.0-2.fc42.x86_64 100% |  14.6 MiB/s |  44.9 KiB |  00m00s
DEBUG util.py:459:  [112/161] pkgconf-m4-0:2.3.0-2.fc42.noa 100% |   4.6 MiB/s |  14.2 KiB |  00m00s
DEBUG util.py:459:  [113/161] libxml2-0:2.12.10-1.fc43.x86_ 100% |  35.1 MiB/s | 682.9 KiB |  00m00s
DEBUG util.py:459:  [114/161] lua-libs-0:5.4.7-3.fc43.x86_6 100% |  15.9 MiB/s | 130.4 KiB |  00m00s
DEBUG util.py:459:  [115/161] rpm-sign-libs-0:5.99.90-3.fc4 100% |   7.2 MiB/s |  29.5 KiB |  00m00s
DEBUG util.py:459:  [116/161] libgomp-0:15.0.1-0.14.fc43.x8 100% |  23.6 MiB/s | 362.9 KiB |  00m00s
DEBUG util.py:459:  [117/161] libffi-0:3.4.7-4.fc43.x86_64  100% |  13.1 MiB/s |  40.3 KiB |  00m00s
DEBUG util.py:459:  [118/161] rpm-sequoia-0:1.8.0-1.fc43.x8 100% |  53.9 MiB/s | 938.8 KiB |  00m00s
DEBUG util.py:459:  [119/161] p11-kit-0:0.25.5-5.fc42.x86_6 100% |  31.1 MiB/s | 478.0 KiB |  00m00s
DEBUG util.py:459:  [120/161] sqlite-libs-0:3.49.0-1.fc43.x 100% |  31.2 MiB/s | 766.3 KiB |  00m00s
DEBUG util.py:459:  [121/161] p11-kit-trust-0:0.25.5-5.fc42 100% |   8.6 MiB/s | 132.6 KiB |  00m00s
DEBUG util.py:459:  [122/161] fedora-repos-rawhide-0:43-0.1 100% |   2.9 MiB/s |   8.8 KiB |  00m00s
DEBUG util.py:459:  [123/161] fedora-gpg-keys-0:43-0.1.noar 100% |  20.4 MiB/s | 125.2 KiB |  00m00s
DEBUG util.py:459:  [124/161] json-c-0:0.18-2.fc42.x86_64   100% |   8.8 MiB/s |  44.9 KiB |  00m00s
DEBUG util.py:459:  [125/161] elfutils-default-yama-scope-0 100% |   2.5 MiB/s |  12.6 KiB |  00m00s
DEBUG util.py:459:  [126/161] libpkgconf-0:2.3.0-2.fc42.x86 100% |  12.5 MiB/s |  38.4 KiB |  00m00s
DEBUG util.py:459:  [127/161] ima-evm-utils-libs-0:1.6.2-5. 100% |   9.6 MiB/s |  29.5 KiB |  00m00s
DEBUG util.py:459:  [128/161] libfsverity-0:1.6-2.fc42.x86_ 100% |   4.6 MiB/s |  18.8 KiB |  00m00s
DEBUG util.py:459:  [129/161] libtasn1-0:4.20.0-1.fc43.x86_ 100% |  12.2 MiB/s |  75.0 KiB |  00m00s
DEBUG util.py:459:  [130/161] libassuan-0:2.5.7-3.fc42.x86_ 100% |  16.5 MiB/s |  67.6 KiB |  00m00s
DEBUG util.py:459:  [131/161] gnutls-0:3.8.9-5.fc43.x86_64  100% |  55.8 MiB/s |   1.2 MiB |  00m00s
DEBUG util.py:459:  [132/161] libgcrypt-0:1.11.0-5.fc42.x86 100% |  30.5 MiB/s | 593.3 KiB |  00m00s
DEBUG util.py:459:  [133/161] gnupg2-0:2.4.7-3.fc43.x86_64  100% |  49.8 MiB/s |   2.7 MiB |  00m00s
DEBUG util.py:459:  [134/161] libgpg-error-0:1.55-1.fc43.x8 100% |   8.3 MiB/s | 238.9 KiB |  00m00s
DEBUG util.py:459:  [135/161] libksba-0:1.6.7-3.fc42.x86_64 100% |   6.6 MiB/s | 162.0 KiB |  00m00s
DEBUG util.py:459:  [136/161] npth-0:1.8-2.fc42.x86_64      100% |   4.2 MiB/s |  25.8 KiB |  00m00s
DEBUG util.py:459:  [137/161] openldap-0:2.6.9-5.fc43.x86_6 100% |  50.5 MiB/s | 258.6 KiB |  00m00s
DEBUG util.py:459:  [138/161] tpm2-tss-0:4.1.3-7.fc43.x86_6 100% |  40.9 MiB/s | 418.8 KiB |  00m00s
DEBUG util.py:459:  [139/161] libidn2-0:2.3.8-1.fc43.x86_64 100% |  15.0 MiB/s | 168.9 KiB |  00m00s
DEBUG util.py:459:  [140/161] libunistring-0:1.1-9.fc42.x86 100% |  44.1 MiB/s | 542.5 KiB |  00m00s
DEBUG util.py:459:  [141/161] nettle-0:3.10.1-1.fc43.x86_64 100% |  37.7 MiB/s | 424.6 KiB |  00m00s
DEBUG util.py:459:  [142/161] libevent-0:2.1.12-15.fc42.x86 100% |  28.2 MiB/s | 260.2 KiB |  00m00s
DEBUG util.py:459:  [143/161] cyrus-sasl-lib-0:2.1.28-30.fc 100% |  35.2 MiB/s | 793.5 KiB |  00m00s
DEBUG util.py:459:  [144/161] libtool-ltdl-0:2.5.4-4.fc42.x 100% |   2.2 MiB/s |  36.2 KiB |  00m00s
DEBUG util.py:459:  [145/161] libusb1-0:1.0.28-2.fc43.x86_6 100% |   5.5 MiB/s |  79.3 KiB |  00m00s
DEBUG util.py:459:  [146/161] fedora-release-identity-basic 100% |   5.2 MiB/s |  16.0 KiB |  00m00s
DEBUG util.py:459:  [147/161] gdbm-libs-1:1.23-9.fc42.x86_6 100% |  13.9 MiB/s |  57.0 KiB |  00m00s
DEBUG util.py:459:  [148/161] systemd-standalone-sysusers-0 100% |  26.1 MiB/s | 133.7 KiB |  00m00s
DEBUG util.py:459:  [149/161] xxhash-libs-0:0.8.3-2.fc42.x8 100% |   9.5 MiB/s |  39.1 KiB |  00m00s
DEBUG util.py:459:  [150/161] libcurl-0:8.13.0-1.fc43.x86_6 100% |  47.6 MiB/s | 389.7 KiB |  00m00s
DEBUG util.py:459:  [151/161] krb5-libs-0:1.21.3-5.fc42.x86 100% |  46.4 MiB/s | 760.6 KiB |  00m00s
DEBUG util.py:459:  [152/161] libbrotli-0:1.1.0-6.fc42.x86_ 100% |  25.5 MiB/s | 339.8 KiB |  00m00s
DEBUG util.py:459:  [153/161] libnghttp2-0:1.65.0-1.fc43.x8 100% |  11.8 MiB/s |  72.6 KiB |  00m00s
DEBUG util.py:459:  [154/161] libpsl-0:0.21.5-5.fc42.x86_64 100% |  15.6 MiB/s |  64.0 KiB |  00m00s
DEBUG util.py:459:  [155/161] libssh-0:0.11.1-4.fc42.x86_64 100% |  38.0 MiB/s | 233.3 KiB |  00m00s
DEBUG util.py:459:  [156/161] keyutils-libs-0:1.6.3-5.fc42. 100% |   6.2 MiB/s |  31.5 KiB |  00m00s
DEBUG util.py:459:  [157/161] libcom_err-0:1.47.2-3.fc42.x8 100% |  13.1 MiB/s |  26.9 KiB |  00m00s
DEBUG util.py:459:  [158/161] libverto-0:0.3.2-10.fc42.x86_ 100% |   6.8 MiB/s |  20.8 KiB |  00m00s
DEBUG util.py:459:  [159/161] publicsuffix-list-dafsa-0:202 100% |  19.2 MiB/s |  58.8 KiB |  00m00s
DEBUG util.py:459:  [160/161] libssh-config-0:0.11.1-4.fc42 100% |   2.9 MiB/s |   9.0 KiB |  00m00s
DEBUG util.py:459:  [161/161] gdb-minimal-0:16.2-3.fc43.x86 100% |  58.1 MiB/s |   4.4 MiB |  00m00s
DEBUG util.py:459:  --------------------------------------------------------------------------------
DEBUG util.py:459:  [161/161] Total                         100% |  74.4 MiB/s |  58.0 MiB |  00m01s
DEBUG util.py:459:  Running transaction
DEBUG util.py:459:  [  1/163] Verify package files          100% | 404.0   B/s | 161.0   B |  00m00s
DEBUG util.py:459:  [  2/163] Prepare transaction           100% |   1.8 KiB/s | 161.0   B |  00m00s
DEBUG util.py:459:  [  3/163] Installing libgcc-0:15.0.1-0. 100% |  52.4 MiB/s | 268.3 KiB |  00m00s
DEBUG util.py:459:  [  4/163] Installing libssh-config-0:0. 100% | 398.4 KiB/s | 816.0   B |  00m00s
DEBUG util.py:459:  [  5/163] Installing publicsuffix-list- 100% |  33.8 MiB/s |  69.2 KiB |  00m00s
DEBUG util.py:459:  [  6/163] Installing fedora-release-ide 100% | 449.2 KiB/s | 920.0   B |  00m00s
DEBUG util.py:459:  [  7/163] Installing fedora-repos-rawhi 100% |   1.2 MiB/s |   2.4 KiB |  00m00s
DEBUG util.py:459:  [  8/163] Installing fedora-gpg-keys-0: 100% |   7.8 MiB/s | 174.8 KiB |  00m00s
DEBUG util.py:459:  [  9/163] Installing fedora-repos-0:43- 100% |   2.8 MiB/s |   5.7 KiB |  00m00s
DEBUG util.py:459:  [ 10/163] Installing fedora-release-com 100% |   4.8 MiB/s |  24.7 KiB |  00m00s
DEBUG util.py:459:  [ 11/163] Installing fedora-release-0:4 100% |   3.5 KiB/s | 124.0   B |  00m00s
DEBUG util.py:459:  >>> Running sysusers scriptlet: setup-0:2.15.0-23.fc43.noarch                   
DEBUG util.py:459:  >>> Finished sysusers scriptlet: setup-0:2.15.0-23.fc43.noarch                  
DEBUG util.py:459:  >>> Scriptlet output:                                                           
DEBUG util.py:459:  >>> Creating group 'adm' with GID 4.                                            
DEBUG util.py:459:  >>> Creating group 'audio' with GID 63.                                         
DEBUG util.py:459:  >>> Creating group 'cdrom' with GID 11.                                         
DEBUG util.py:459:  >>> Creating group 'clock' with GID 103.                                        
DEBUG util.py:459:  >>> Creating group 'dialout' with GID 18.                                       
DEBUG util.py:459:  >>> Creating group 'disk' with GID 6.                                           
DEBUG util.py:459:  >>> Creating group 'floppy' with GID 19.                                        
DEBUG util.py:459:  >>> Creating group 'ftp' with GID 50.                                           
DEBUG util.py:459:  >>> Creating group 'games' with GID 20.                                         
DEBUG util.py:459:  >>> Creating group 'input' with GID 104.                                        
DEBUG util.py:459:  >>> Creating group 'kmem' with GID 9.                                           
DEBUG util.py:459:  >>> Creating group 'kvm' with GID 36.                                           
DEBUG util.py:459:  >>> Creating group 'lock' with GID 54.                                          
DEBUG util.py:459:  >>> Creating group 'lp' with GID 7.                                             
DEBUG util.py:459:  >>> Creating group 'mail' with GID 12.                                          
DEBUG util.py:459:  >>> Creating group 'man' with GID 15.                                           
DEBUG util.py:459:  >>> Creating group 'mem' with GID 8.                                            
DEBUG util.py:459:  >>> Creating group 'nobody' with GID 65534.                                     
DEBUG util.py:459:  >>> Creating group 'render' with GID 105.                                       
DEBUG util.py:459:  >>> Creating group 'root' with GID 0.                                           
DEBUG util.py:459:  >>> Creating group 'sgx' with GID 106.                                          
DEBUG util.py:459:  >>> Creating group 'sys' with GID 3.                                            
DEBUG util.py:459:  >>> Creating group 'tape' with GID 33.                                          
DEBUG util.py:459:  >>> Creating group 'tty' with GID 5.                                            
DEBUG util.py:459:  >>> Creating group 'users' with GID 100.                                        
DEBUG util.py:459:  >>> Creating group 'utmp' with GID 22.                                          
DEBUG util.py:459:  >>> Creating group 'video' with GID 39.                                         
DEBUG util.py:459:  >>> Creating group 'wheel' with GID 10.                                         
DEBUG util.py:459:  >>> Creating user 'adm' (adm) with UID 3 and GID 4.                             
DEBUG util.py:459:  >>> Creating group 'bin' with GID 1.                                            
DEBUG util.py:459:  >>> Creating user 'bin' (bin) with UID 1 and GID 1.                             
DEBUG util.py:459:  >>> Creating group 'daemon' with GID 2.                                         
DEBUG util.py:459:  >>> Creating user 'daemon' (daemon) with UID 2 and GID 2.                       
DEBUG util.py:459:  >>> Creating user 'ftp' (FTP User) with UID 14 and GID 50.                      
DEBUG util.py:459:  >>> Creating user 'games' (games) with UID 12 and GID 100.                      
DEBUG util.py:459:  >>> Creating user 'halt' (halt) with UID 7 and GID 0.                           
DEBUG util.py:459:  >>> Creating user 'lp' (lp) with UID 4 and GID 7.                               
DEBUG util.py:459:  >>> Creating user 'mail' (mail) with UID 8 and GID 12.                          
DEBUG util.py:459:  >>> Creating user 'nobody' (Kernel Overflow User) with UID 65534 and GID 65534. 
DEBUG util.py:459:  >>> Creating user 'operator' (operator) with UID 11 and GID 0.                  
DEBUG util.py:459:  >>> Creating user 'root' (Super User) with UID 0 and GID 0.                     
DEBUG util.py:459:  >>> Creating user 'shutdown' (shutdown) with UID 6 and GID 0.                   
DEBUG util.py:459:  >>> Creating user 'sync' (sync) with UID 5 and GID 0.                           
DEBUG util.py:459:  >>>                                                                             
DEBUG util.py:459:  [ 12/163] Installing setup-0:2.15.0-23. 100% |  23.0 MiB/s | 730.3 KiB |  00m00s
DEBUG util.py:459:  >>> [RPM] /etc/hosts created as /etc/hosts.rpmnew                               
DEBUG util.py:459:  [ 13/163] Installing filesystem-0:3.18- 100% |   1.1 MiB/s | 212.4 KiB |  00m00s
DEBUG util.py:459:  [ 14/163] Installing pkgconf-m4-0:2.3.0 100% |   7.2 MiB/s |  14.8 KiB |  00m00s
DEBUG util.py:459:  [ 15/163] Installing pcre2-syntax-0:10. 100% |  54.0 MiB/s | 276.4 KiB |  00m00s
DEBUG util.py:459:  [ 16/163] Installing ncurses-base-0:6.5 100% |  17.2 MiB/s | 352.2 KiB |  00m00s
DEBUG util.py:459:  [ 17/163] Installing bash-0:5.2.37-3.fc 100% | 103.6 MiB/s |   8.2 MiB |  00m00s
DEBUG util.py:459:  [ 18/163] Installing glibc-common-0:2.4 100% |  34.0 MiB/s |   1.0 MiB |  00m00s
DEBUG util.py:459:  [ 19/163] Installing glibc-gconv-extra- 100% |  74.6 MiB/s |   7.3 MiB |  00m00s
DEBUG util.py:459:  [ 20/163] Installing glibc-0:2.41.9000- 100% |  82.3 MiB/s |   6.7 MiB |  00m00s
DEBUG util.py:459:  [ 21/163] Installing ncurses-libs-0:6.5 100% |  77.5 MiB/s | 952.8 KiB |  00m00s
DEBUG util.py:459:  [ 22/163] Installing glibc-minimal-lang 100% |  60.5 KiB/s | 124.0   B |  00m00s
DEBUG util.py:459:  [ 23/163] Installing zlib-ng-compat-0:2 100% |  45.1 MiB/s | 138.4 KiB |  00m00s
DEBUG util.py:459:  [ 24/163] Installing bzip2-libs-0:1.0.8 100% |  27.9 MiB/s |  85.7 KiB |  00m00s
DEBUG util.py:459:  [ 25/163] Installing libstdc++-0:15.0.1 100% | 128.9 MiB/s |   2.8 MiB |  00m00s
DEBUG util.py:459:  [ 26/163] Installing xz-libs-1:5.8.1-1. 100% |  53.5 MiB/s | 218.9 KiB |  00m00s
DEBUG util.py:459:  [ 27/163] Installing gmp-1:6.3.0-3.fc43 100% | 100.3 MiB/s | 821.5 KiB |  00m00s
DEBUG util.py:459:  [ 28/163] Installing libuuid-0:2.40.4-7 100% |  12.5 MiB/s |  38.4 KiB |  00m00s
DEBUG util.py:459:  [ 29/163] Installing readline-0:8.2-13. 100% |  79.3 MiB/s | 487.1 KiB |  00m00s
DEBUG util.py:459:  [ 30/163] Installing popt-0:1.19-8.fc42 100% |  13.6 MiB/s | 139.4 KiB |  00m00s
DEBUG util.py:459:  [ 31/163] Installing libblkid-0:2.40.4- 100% |  64.3 MiB/s | 263.4 KiB |  00m00s
DEBUG util.py:459:  [ 32/163] Installing libxcrypt-0:4.4.38 100% |  56.1 MiB/s | 287.2 KiB |  00m00s
DEBUG util.py:459:  [ 33/163] Installing libzstd-0:1.5.7-1. 100% |  98.8 MiB/s | 809.1 KiB |  00m00s
DEBUG util.py:459:  [ 34/163] Installing elfutils-libelf-0: 100% | 117.0 MiB/s |   1.2 MiB |  00m00s
DEBUG util.py:459:  [ 35/163] Installing libgpg-error-0:1.5 100% |  33.3 MiB/s | 921.1 KiB |  00m00s
DEBUG util.py:459:  [ 36/163] Installing libattr-0:2.5.2-5. 100% |   9.1 MiB/s |  28.1 KiB |  00m00s
DEBUG util.py:459:  [ 37/163] Installing libacl-0:2.3.2-3.f 100% |  12.7 MiB/s |  39.2 KiB |  00m00s
DEBUG util.py:459:  [ 38/163] Installing libtasn1-0:4.20.0- 100% |  43.5 MiB/s | 178.1 KiB |  00m00s
DEBUG util.py:459:  [ 39/163] Installing libunistring-0:1.1 100% | 123.3 MiB/s |   1.7 MiB |  00m00s
DEBUG util.py:459:  [ 40/163] Installing libidn2-0:2.3.8-1. 100% |  24.8 MiB/s | 558.7 KiB |  00m00s
DEBUG util.py:459:  [ 41/163] Installing crypto-policies-0: 100% |   7.7 MiB/s | 166.6 KiB |  00m00s
DEBUG util.py:459:  [ 42/163] Installing dwz-0:0.15-9.fc42. 100% |  13.6 MiB/s | 292.4 KiB |  00m00s
DEBUG util.py:459:  [ 43/163] Installing mpfr-0:4.2.2-1.fc4 100% |  90.1 MiB/s | 830.4 KiB |  00m00s
DEBUG util.py:459:  [ 44/163] Installing gawk-0:5.3.2-1.fc4 100% |  47.8 MiB/s |   1.8 MiB |  00m00s
DEBUG util.py:459:  [ 45/163] Installing unzip-0:6.0-66.fc4 100% |  18.3 MiB/s | 393.8 KiB |  00m00s
DEBUG util.py:459:  [ 46/163] Installing file-libs-0:5.46-1 100% | 201.0 MiB/s |  11.9 MiB |  00m00s
DEBUG util.py:459:  [ 47/163] Installing file-0:5.46-1.fc42 100% |   5.2 MiB/s | 101.7 KiB |  00m00s
DEBUG util.py:459:  [ 48/163] Installing pcre2-0:10.45-1.fc 100% |  97.5 MiB/s | 699.1 KiB |  00m00s
DEBUG util.py:459:  [ 49/163] Installing grep-0:3.12-1.fc43 100% |  29.5 MiB/s |   1.0 MiB |  00m00s
DEBUG util.py:459:  [ 50/163] Installing xz-1:5.8.1-1.fc43. 100% |  33.3 MiB/s |   1.3 MiB |  00m00s
DEBUG util.py:459:  [ 51/163] Installing libeconf-0:0.7.6-1 100% |  16.2 MiB/s |  66.2 KiB |  00m00s
DEBUG util.py:459:  [ 52/163] Installing libcap-ng-0:0.8.5- 100% |  24.4 MiB/s |  74.8 KiB |  00m00s
DEBUG util.py:459:  [ 53/163] Installing audit-libs-0:4.0.3 100% |  57.5 MiB/s | 353.4 KiB |  00m00s
DEBUG util.py:459:  [ 54/163] Installing pam-libs-0:1.7.0-4 100% |  31.5 MiB/s | 129.1 KiB |  00m00s
DEBUG util.py:459:  [ 55/163] Installing libcap-0:2.76-1.fc 100% |   9.1 MiB/s | 214.3 KiB |  00m00s
DEBUG util.py:459:  [ 56/163] Installing systemd-libs-0:257 100% | 123.8 MiB/s |   2.2 MiB |  00m00s
DEBUG util.py:459:  [ 57/163] Installing libsmartcols-0:2.4 100% |  44.3 MiB/s | 181.5 KiB |  00m00s
DEBUG util.py:459:  [ 58/163] Installing libsepol-0:3.8-1.f 100% |  89.7 MiB/s | 827.0 KiB |  00m00s
DEBUG util.py:459:  [ 59/163] Installing libselinux-0:3.8-1 100% |  47.4 MiB/s | 194.3 KiB |  00m00s
DEBUG util.py:459:  [ 60/163] Installing findutils-1:4.10.0 100% |  52.0 MiB/s |   1.9 MiB |  00m00s
DEBUG util.py:459:  [ 61/163] Installing sed-0:4.9-4.fc42.x 100% |  28.2 MiB/s | 865.5 KiB |  00m00s
DEBUG util.py:459:  [ 62/163] Installing libmount-0:2.40.4- 100% |  69.8 MiB/s | 357.4 KiB |  00m00s
DEBUG util.py:459:  [ 63/163] Installing alternatives-0:1.3 100% |   3.5 MiB/s |  63.8 KiB |  00m00s
DEBUG util.py:459:  [ 64/163] Installing lz4-libs-0:1.10.0- 100% |  38.7 MiB/s | 158.5 KiB |  00m00s
DEBUG util.py:459:  [ 65/163] Installing lua-libs-0:5.4.7-3 100% |  54.3 MiB/s | 278.1 KiB |  00m00s
DEBUG util.py:459:  [ 66/163] Installing sqlite-libs-0:3.49 100% | 117.2 MiB/s |   1.5 MiB |  00m00s
DEBUG util.py:459:  [ 67/163] Installing libffi-0:3.4.7-4.f 100% |  20.5 MiB/s |  84.0 KiB |  00m00s
DEBUG util.py:459:  [ 68/163] Installing p11-kit-0:0.25.5-5 100% |  49.6 MiB/s |   2.2 MiB |  00m00s
DEBUG util.py:459:  [ 69/163] Installing p11-kit-trust-0:0. 100% |  11.4 MiB/s | 397.2 KiB |  00m00s
DEBUG util.py:459:  [ 70/163] Installing json-c-0:0.18-2.fc 100% |  21.5 MiB/s |  88.0 KiB |  00m00s
DEBUG util.py:459:  [ 71/163] Installing zstd-0:1.5.7-1.fc4 100% |  55.2 MiB/s |   1.7 MiB |  00m00s
DEBUG util.py:459:  [ 72/163] Installing util-linux-core-0: 100% |  34.8 MiB/s |   1.4 MiB |  00m00s
DEBUG util.py:459:  [ 73/163] Installing tar-2:1.35-5.fc42. 100% |  68.9 MiB/s |   3.0 MiB |  00m00s
DEBUG util.py:459:  [ 74/163] Installing libsemanage-0:3.8- 100% |  50.5 MiB/s | 310.2 KiB |  00m00s
DEBUG util.py:459:  [ 75/163] Installing systemd-standalone 100% |  14.3 MiB/s | 277.9 KiB |  00m00s
DEBUG util.py:459:  [ 76/163] Installing libusb1-0:1.0.28-2 100% |  42.2 MiB/s | 172.7 KiB |  00m00s
DEBUG util.py:459:  [ 77/163] Installing zip-0:3.0-43.fc42. 100% |  28.6 MiB/s | 702.4 KiB |  00m00s
DEBUG util.py:459:  [ 78/163] Installing libpsl-0:0.21.5-5. 100% |  25.2 MiB/s |  77.5 KiB |  00m00s
DEBUG util.py:459:  [ 79/163] Installing libassuan-0:2.5.7- 100% |  33.1 MiB/s | 169.6 KiB |  00m00s
DEBUG util.py:459:  [ 80/163] Installing libgcrypt-0:1.11.0 100% | 120.7 MiB/s |   1.6 MiB |  00m00s
DEBUG util.py:459:  [ 81/163] Installing libksba-0:1.6.7-3. 100% |  65.9 MiB/s | 405.1 KiB |  00m00s
DEBUG util.py:459:  [ 82/163] Installing libfdisk-0:2.40.4- 100% |  72.9 MiB/s | 373.5 KiB |  00m00s
DEBUG util.py:459:  [ 83/163] Installing nettle-0:3.10.1-1. 100% |  86.1 MiB/s | 793.6 KiB |  00m00s
DEBUG util.py:459:  [ 84/163] Installing gnutls-0:3.8.9-5.f 100% | 123.2 MiB/s |   3.6 MiB |  00m00s
DEBUG util.py:459:  [ 85/163] Installing libxml2-0:2.12.10- 100% |  45.9 MiB/s |   1.7 MiB |  00m00s
DEBUG util.py:459:  [ 86/163] Installing bzip2-0:1.0.8-20.f 100% |   4.8 MiB/s | 103.8 KiB |  00m00s
DEBUG util.py:459:  [ 87/163] Installing add-determinism-0: 100% |  72.5 MiB/s |   2.5 MiB |  00m00s
DEBUG util.py:459:  [ 88/163] Installing build-reproducibil 100% | 500.0 KiB/s |   1.0 KiB |  00m00s
DEBUG util.py:459:  [ 89/163] Installing cpio-0:2.15-2.fc41 100% |  36.7 MiB/s |   1.1 MiB |  00m00s
DEBUG util.py:459:  [ 90/163] Installing diffutils-0:3.12-1 100% |  45.9 MiB/s |   1.6 MiB |  00m00s
DEBUG util.py:459:  [ 91/163] Installing ed-0:1.21-2.fc42.x 100% |   7.3 MiB/s | 148.8 KiB |  00m00s
DEBUG util.py:459:  [ 92/163] Installing patch-0:2.8-1.fc43 100% |  11.1 MiB/s | 228.3 KiB |  00m00s
DEBUG util.py:459:  [ 93/163] Installing jansson-0:2.14-2.f 100% |  23.1 MiB/s |  94.4 KiB |  00m00s
DEBUG util.py:459:  [ 94/163] Installing libgomp-0:15.0.1-0 100% |  87.9 MiB/s | 539.9 KiB |  00m00s
DEBUG util.py:459:  [ 95/163] Installing libpkgconf-0:2.3.0 100% |  25.8 MiB/s |  79.2 KiB |  00m00s
DEBUG util.py:459:  [ 96/163] Installing pkgconf-0:2.3.0-2. 100% |   4.4 MiB/s |  91.0 KiB |  00m00s
DEBUG util.py:459:  [ 97/163] Installing pkgconf-pkg-config 100% |  98.5 KiB/s |   1.8 KiB |  00m00s
DEBUG util.py:459:  [ 98/163] Installing npth-0:1.8-2.fc42. 100% |  16.5 MiB/s |  50.7 KiB |  00m00s
DEBUG util.py:459:  [ 99/163] Installing libtool-ltdl-0:2.5 100% |  23.2 MiB/s |  71.2 KiB |  00m00s
DEBUG util.py:459:  [100/163] Installing gdbm-libs-1:1.23-9 100% |  32.1 MiB/s | 131.6 KiB |  00m00s
DEBUG util.py:459:  [101/163] Installing cyrus-sasl-lib-0:2 100% |  65.8 MiB/s |   2.3 MiB |  00m00s
DEBUG util.py:459:  [102/163] Installing xxhash-libs-0:0.8. 100% |  22.4 MiB/s |  91.6 KiB |  00m00s
DEBUG util.py:459:  [103/163] Installing libbrotli-0:1.1.0- 100% |  91.5 MiB/s | 843.6 KiB |  00m00s
DEBUG util.py:459:  [104/163] Installing libnghttp2-0:1.65. 100% |  39.9 MiB/s | 163.3 KiB |  00m00s
DEBUG util.py:459:  [105/163] Installing keyutils-libs-0:1. 100% |  19.4 MiB/s |  59.7 KiB |  00m00s
DEBUG util.py:459:  [106/163] Installing libcom_err-0:1.47. 100% |  22.2 MiB/s |  68.2 KiB |  00m00s
DEBUG util.py:459:  [107/163] Installing libverto-0:0.3.2-1 100% |   8.9 MiB/s |  27.2 KiB |  00m00s
DEBUG util.py:459:  [108/163] Installing filesystem-srpm-ma 100% |  12.7 MiB/s |  38.9 KiB |  00m00s
DEBUG util.py:459:  [109/163] Installing elfutils-default-y 100% | 185.7 KiB/s |   2.0 KiB |  00m00s
DEBUG util.py:459:  [110/163] Installing elfutils-libs-0:0. 100% |  73.4 MiB/s | 676.7 KiB |  00m00s
DEBUG util.py:459:  [111/163] Installing rust-srpm-macros-0 100% |   1.8 MiB/s |   5.6 KiB |  00m00s
DEBUG util.py:459:  [112/163] Installing qt6-srpm-macros-0: 100% | 361.3 KiB/s | 740.0   B |  00m00s
DEBUG util.py:459:  [113/163] Installing qt5-srpm-macros-0: 100% | 378.9 KiB/s | 776.0   B |  00m00s
DEBUG util.py:459:  [114/163] Installing perl-srpm-macros-0 100% | 556.6 KiB/s |   1.1 KiB |  00m00s
DEBUG util.py:459:  [115/163] Installing package-notes-srpm 100% |   1.0 MiB/s |   2.0 KiB |  00m00s
DEBUG util.py:459:  [116/163] Installing openblas-srpm-macr 100% | 191.4 KiB/s | 392.0   B |  00m00s
DEBUG util.py:459:  [117/163] Installing ocaml-srpm-macros- 100% |   1.1 MiB/s |   2.2 KiB |  00m00s
DEBUG util.py:459:  [118/163] Installing kernel-srpm-macros 100% |   1.1 MiB/s |   2.3 KiB |  00m00s
DEBUG util.py:459:  [119/163] Installing gnat-srpm-macros-0 100% | 632.8 KiB/s |   1.3 KiB |  00m00s
DEBUG util.py:459:  [120/163] Installing ghc-srpm-macros-0: 100% | 515.6 KiB/s |   1.0 KiB |  00m00s
DEBUG util.py:459:  [121/163] Installing fpc-srpm-macros-0: 100% | 205.1 KiB/s | 420.0   B |  00m00s
DEBUG util.py:459:  [122/163] Installing ansible-srpm-macro 100% |  11.8 MiB/s |  36.2 KiB |  00m00s
DEBUG util.py:459:  [123/163] Installing coreutils-common-0 100% | 117.6 MiB/s |  11.3 MiB |  00m00s
DEBUG util.py:459:  [124/163] Installing openssl-libs-1:3.5 100% | 153.3 MiB/s |   8.9 MiB |  00m00s
DEBUG util.py:459:  [125/163] Installing coreutils-0:9.7-1. 100% |  65.6 MiB/s |   5.4 MiB |  00m00s
DEBUG util.py:459:  [126/163] Installing ca-certificates-0: 100% | 919.7 KiB/s |   2.4 MiB |  00m03s
DEBUG util.py:459:  [127/163] Installing libarchive-0:3.7.7 100% |  70.1 MiB/s | 932.6 KiB |  00m00s
DEBUG util.py:459:  [128/163] Installing krb5-libs-0:1.21.3 100% |  46.9 MiB/s |   2.3 MiB |  00m00s
DEBUG util.py:459:  >>> Running sysusers scriptlet: tpm2-tss-0:4.1.3-7.fc43.x86_64                  
DEBUG util.py:459:  >>> Finished sysusers scriptlet: tpm2-tss-0:4.1.3-7.fc43.x86_64                 
DEBUG util.py:459:  >>> Scriptlet output:                                                           
DEBUG util.py:459:  >>> Creating group 'tss' with GID 59.                                           
DEBUG util.py:459:  >>> Creating user 'tss' (Account used for TPM access) with UID 59 and GID 59.   
DEBUG util.py:459:  >>>                                                                             
DEBUG util.py:459:  [129/163] Installing tpm2-tss-0:4.1.3-7 100% |  78.4 MiB/s |   1.6 MiB |  00m00s
DEBUG util.py:459:  [130/163] Installing ima-evm-utils-libs 100% |  20.2 MiB/s |  62.0 KiB |  00m00s
DEBUG util.py:459:  [131/163] Installing libssh-0:0.11.1-4. 100% |  69.3 MiB/s | 567.5 KiB |  00m00s
DEBUG util.py:459:  [132/163] Installing gzip-0:1.13-3.fc42 100% |  14.4 MiB/s | 398.4 KiB |  00m00s
DEBUG util.py:459:  [133/163] Installing rpm-sequoia-0:1.8. 100% | 131.8 MiB/s |   2.5 MiB |  00m00s
DEBUG util.py:459:  [134/163] Installing rpm-libs-0:5.99.90 100% | 100.2 MiB/s | 923.1 KiB |  00m00s
DEBUG util.py:459:  [135/163] Installing libfsverity-0:1.6- 100% |  10.9 MiB/s |  33.5 KiB |  00m00s
DEBUG util.py:459:  [136/163] Installing libevent-0:2.1.12- 100% |  88.6 MiB/s | 906.9 KiB |  00m00s
DEBUG util.py:459:  [137/163] Installing openldap-0:2.6.9-5 100% |  64.3 MiB/s | 658.9 KiB |  00m00s
DEBUG util.py:459:  [138/163] Installing libcurl-0:8.13.0-1 100% |  95.0 MiB/s | 875.6 KiB |  00m00s
DEBUG util.py:459:  [139/163] Installing elfutils-debuginfo 100% |   4.0 MiB/s |  86.2 KiB |  00m00s
DEBUG util.py:459:  [140/163] Installing binutils-0:2.44-3. 100% | 127.0 MiB/s |  25.9 MiB |  00m00s
DEBUG util.py:459:  [141/163] Installing elfutils-0:0.192-8 100% |  67.2 MiB/s |   2.7 MiB |  00m00s
DEBUG util.py:459:  [142/163] Installing gdb-minimal-0:16.2 100% | 127.5 MiB/s |  13.3 MiB |  00m00s
DEBUG util.py:459:  [143/163] Installing debugedit-0:5.1-6. 100% |   9.1 MiB/s | 195.4 KiB |  00m00s
DEBUG util.py:459:  [144/163] Installing curl-0:8.13.0-1.fc 100% |  12.2 MiB/s | 463.5 KiB |  00m00s
DEBUG util.py:459:  [145/163] Installing rpm-0:5.99.90-3.fc 100% |  32.6 MiB/s |   2.5 MiB |  00m00s
DEBUG util.py:459:  [146/163] Installing efi-srpm-macros-0: 100% |  13.4 MiB/s |  41.1 KiB |  00m00s
DEBUG util.py:459:  [147/163] Installing lua-srpm-macros-0: 100% | 951.2 KiB/s |   1.9 KiB |  00m00s
DEBUG util.py:459:  [148/163] Installing tree-sitter-srpm-m 100% |   2.8 MiB/s |   8.6 KiB |  00m00s
DEBUG util.py:459:  [149/163] Installing zig-srpm-macros-0: 100% | 554.7 KiB/s |   1.7 KiB |  00m00s
DEBUG util.py:459:  [150/163] Installing gnupg2-0:2.4.7-3.f 100% |  95.1 MiB/s |   9.8 MiB |  00m00s
DEBUG util.py:459:  [151/163] Installing rpm-sign-libs-0:5. 100% |  13.2 MiB/s |  40.5 KiB |  00m00s
DEBUG util.py:459:  [152/163] Installing rpm-build-libs-0:5 100% |  52.6 MiB/s | 269.2 KiB |  00m00s
DEBUG util.py:459:  [153/163] Installing rpm-build-0:5.99.9 100% |  10.5 MiB/s | 278.4 KiB |  00m00s
DEBUG util.py:459:  [154/163] Installing pyproject-srpm-mac 100% | 834.6 KiB/s |   2.5 KiB |  00m00s
DEBUG util.py:459:  [155/163] Installing redhat-rpm-config- 100% |  23.5 MiB/s | 192.3 KiB |  00m00s
DEBUG util.py:459:  [156/163] Installing forge-srpm-macros- 100% |  13.1 MiB/s |  40.3 KiB |  00m00s
DEBUG util.py:459:  [157/163] Installing fonts-srpm-macros- 100% |  13.9 MiB/s |  57.0 KiB |  00m00s
DEBUG util.py:459:  [158/163] Installing go-srpm-macros-0:3 100% |  20.2 MiB/s |  62.0 KiB |  00m00s
DEBUG util.py:459:  [159/163] Installing python-srpm-macros 100% |  10.4 MiB/s |  53.0 KiB |  00m00s
DEBUG util.py:459:  [160/163] Installing util-linux-0:2.40. 100% |  36.4 MiB/s |   3.5 MiB |  00m00s
DEBUG util.py:459:  [161/163] Installing which-0:2.23-1.fc4 100% |   3.6 MiB/s |  85.6 KiB |  00m00s
DEBUG util.py:459:  [162/163] Installing shadow-utils-2:4.1 100% |  45.0 MiB/s |   4.1 MiB |  00m00s
DEBUG util.py:459:  [163/163] Installing info-0:7.2-3.fc42. 100% |  66.0 KiB/s | 358.3 KiB |  00m05s
DEBUG util.py:459:  Warning: skipped OpenPGP checks for 161 packages from repository: build
DEBUG util.py:459:  Complete!
DEBUG util.py:608:  Child return code was: 0
DEBUG util.py:183:  kill orphans in chroot /var/lib/mock/f43-build-59088491-6571000/root
DEBUG util.py:183:  kill orphans in chroot /var/lib/mock/f43-build-59088491-6571000-bootstrap/root/var/lib/mock/f43-build-59088491-6571000/root
DEBUG util.py:634:  child environment: None
DEBUG util.py:556:  Executing command: ['/bin/umount', '-n', '-l', '/var/lib/mock/f43-build-59088491-6571000-bootstrap/root/var/lib/mock/f43-build-59088491-6571000/root'] with env {'TERM': 'vt100', 'SHELL': '/bin/sh', 'HOME': '/builddir', 'HOSTNAME': 'mock', 'PATH': '/usr/bin:/bin:/usr/sbin:/sbin', 'LANG': 'C.UTF-8'} and shell False
DEBUG util.py:608:  Child return code was: 0
DEBUG util.py:634:  child environment: None
DEBUG util.py:556:  Executing command: ['/bin/umount', '-n', '-l', '/var/lib/mock/f43-build-59088491-6571000-bootstrap/root/var/lib/mock/f43-build-59088491-6571000/root'] with env {'TERM': 'vt100', 'SHELL': '/bin/sh', 'HOME': '/builddir', 'HOSTNAME': 'mock', 'PATH': '/usr/bin:/bin:/usr/sbin:/sbin', 'LANG': 'C.UTF-8'} and shell False
DEBUG util.py:608:  Child return code was: 0
DEBUG util.py:634:  child environment: None
DEBUG util.py:556:  Executing command: ['/bin/umount', '-n', '-l', '/var/lib/mock/f43-build-59088491-6571000/root/sys/fs/selinux'] with env {'TERM': 'vt100', 'SHELL': '/bin/sh', 'HOME': '/builddir', 'HOSTNAME': 'mock', 'PATH': '/usr/bin:/bin:/usr/sbin:/sbin', 'LANG': 'C.UTF-8'} and shell False
DEBUG util.py:608:  Child return code was: 0
DEBUG util.py:634:  child environment: None
DEBUG util.py:556:  Executing command: ['/bin/umount', '-n', '/var/lib/mock/f43-build-59088491-6571000/root/proc/filesystems'] with env {'TERM': 'vt100', 'SHELL': '/bin/sh', 'HOME': '/builddir', 'HOSTNAME': 'mock', 'PATH': '/usr/bin:/bin:/usr/sbin:/sbin', 'LANG': 'C.UTF-8'} and shell False
DEBUG util.py:608:  Child return code was: 0
DEBUG util.py:634:  child environment: None
DEBUG util.py:556:  Executing command: ['/bin/umount', '-n', '-l', '/var/lib/mock/f43-build-59088491-6571000/root/dev/pts'] with env {'TERM': 'vt100', 'SHELL': '/bin/sh', 'HOME': '/builddir', 'HOSTNAME': 'mock', 'PATH': '/usr/bin:/bin:/usr/sbin:/sbin', 'LANG': 'C.UTF-8'} and shell False
DEBUG util.py:608:  Child return code was: 0
DEBUG util.py:634:  child environment: None
DEBUG util.py:556:  Executing command: ['/bin/umount', '-n', '-l', '/var/lib/mock/f43-build-59088491-6571000/root/dev/shm'] with env {'TERM': 'vt100', 'SHELL': '/bin/sh', 'HOME': '/builddir', 'HOSTNAME': 'mock', 'PATH': '/usr/bin:/bin:/usr/sbin:/sbin', 'LANG': 'C.UTF-8'} and shell False
DEBUG util.py:608:  Child return code was: 0
DEBUG util.py:634:  child environment: None
DEBUG util.py:556:  Executing command: ['/bin/umount', '-n', '-l', '/var/lib/mock/f43-build-59088491-6571000/root/sys'] with env {'TERM': 'vt100', 'SHELL': '/bin/sh', 'HOME': '/builddir', 'HOSTNAME': 'mock', 'PATH': '/usr/bin:/bin:/usr/sbin:/sbin', 'LANG': 'C.UTF-8'} and shell False
DEBUG util.py:608:  Child return code was: 0
DEBUG util.py:634:  child environment: None
DEBUG util.py:556:  Executing command: ['/bin/umount', '-n', '-l', '/var/lib/mock/f43-build-59088491-6571000/root/sys'] with env {'TERM': 'vt100', 'SHELL': '/bin/sh', 'HOME': '/builddir', 'HOSTNAME': 'mock', 'PATH': '/usr/bin:/bin:/usr/sbin:/sbin', 'LANG': 'C.UTF-8'} and shell False
DEBUG util.py:608:  Child return code was: 0
DEBUG util.py:634:  child environment: None
DEBUG util.py:556:  Executing command: ['/bin/umount', '-n', '-l', '/var/lib/mock/f43-build-59088491-6571000/root/proc'] with env {'TERM': 'vt100', 'SHELL': '/bin/sh', 'HOME': '/builddir', 'HOSTNAME': 'mock', 'PATH': '/usr/bin:/bin:/usr/sbin:/sbin', 'LANG': 'C.UTF-8'} and shell False
DEBUG util.py:608:  Child return code was: 0
DEBUG util.py:634:  child environment: None
DEBUG util.py:556:  Executing command: ['/bin/umount', '-n', '-l', '/var/lib/mock/f43-build-59088491-6571000/root/proc'] with env {'TERM': 'vt100', 'SHELL': '/bin/sh', 'HOME': '/builddir', 'HOSTNAME': 'mock', 'PATH': '/usr/bin:/bin:/usr/sbin:/sbin', 'LANG': 'C.UTF-8'} and shell False
DEBUG util.py:608:  Child return code was: 0
DEBUG file_util.py:30:  touching file: /var/lib/mock/f43-build-59088491-6571000/root/etc/os-release
DEBUG file_util.py:18:  ensuring that dir exists: /var/lib/mock/f43-build-59088491-6571000/root/builddir/build
DEBUG file_util.py:21:  created dir: /var/lib/mock/f43-build-59088491-6571000/root/builddir/build
DEBUG file_util.py:18:  ensuring that dir exists: /var/lib/mock/f43-build-59088491-6571000/root/builddir/build/RPMS
DEBUG file_util.py:21:  created dir: /var/lib/mock/f43-build-59088491-6571000/root/builddir/build/RPMS
DEBUG file_util.py:18:  ensuring that dir exists: /var/lib/mock/f43-build-59088491-6571000/root/builddir/build/SPECS
DEBUG file_util.py:21:  created dir: /var/lib/mock/f43-build-59088491-6571000/root/builddir/build/SPECS
DEBUG file_util.py:18:  ensuring that dir exists: /var/lib/mock/f43-build-59088491-6571000/root/builddir/build/SRPMS
DEBUG file_util.py:21:  created dir: /var/lib/mock/f43-build-59088491-6571000/root/builddir/build/SRPMS
DEBUG file_util.py:18:  ensuring that dir exists: /var/lib/mock/f43-build-59088491-6571000/root/builddir/build/SOURCES
DEBUG file_util.py:21:  created dir: /var/lib/mock/f43-build-59088491-6571000/root/builddir/build/SOURCES
DEBUG file_util.py:18:  ensuring that dir exists: /var/lib/mock/f43-build-59088491-6571000/root/builddir/build/BUILD
DEBUG file_util.py:21:  created dir: /var/lib/mock/f43-build-59088491-6571000/root/builddir/build/BUILD
DEBUG file_util.py:18:  ensuring that dir exists: /var/lib/mock/f43-build-59088491-6571000/root/builddir/build/BUILDROOT
DEBUG file_util.py:21:  created dir: /var/lib/mock/f43-build-59088491-6571000/root/builddir/build/BUILDROOT
DEBUG file_util.py:18:  ensuring that dir exists: /var/lib/mock/f43-build-59088491-6571000/root/builddir/build/originals
DEBUG file_util.py:21:  created dir: /var/lib/mock/f43-build-59088491-6571000/root/builddir/build/originals
DEBUG file_util.py:18:  ensuring that dir exists: /var/lib/mock/f43-build-59088491-6571000/root/builddir
DEBUG util.py:634:  child environment: None
DEBUG util.py:556:  Executing command: ['userdel', '-f', 'mockbuild', '--prefix', '/var/lib/mock/f43-build-59088491-6571000/root'] with env {'TERM': 'vt100', 'SHELL': '/bin/sh', 'HOME': '/builddir', 'HOSTNAME': 'mock', 'PATH': '/usr/bin:/bin:/usr/sbin:/sbin', 'LANG': 'C.UTF-8'} and shell False
DEBUG util.py:459:  userdel: user 'mockbuild' does not exist
DEBUG util.py:608:  Child return code was: 6
DEBUG util.py:634:  child environment: None
DEBUG util.py:556:  Executing command: ['groupdel', 'mock', '--prefix', '/var/lib/mock/f43-build-59088491-6571000/root'] with env {'TERM': 'vt100', 'SHELL': '/bin/sh', 'HOME': '/builddir', 'HOSTNAME': 'mock', 'PATH': '/usr/bin:/bin:/usr/sbin:/sbin', 'LANG': 'C.UTF-8'} and shell False
DEBUG util.py:459:  groupdel: group 'mock' does not exist
DEBUG util.py:608:  Child return code was: 6
DEBUG util.py:634:  child environment: None
DEBUG util.py:556:  Executing command: ['groupadd', 'mock', '-g', '425', '--prefix', '/var/lib/mock/f43-build-59088491-6571000/root'] with env {'TERM': 'vt100', 'SHELL': '/bin/sh', 'HOME': '/builddir', 'HOSTNAME': 'mock', 'PATH': '/usr/bin:/bin:/usr/sbin:/sbin', 'LANG': 'C.UTF-8'} and shell False
DEBUG util.py:608:  Child return code was: 0
DEBUG util.py:634:  child environment: None
DEBUG util.py:556:  Executing command: ['useradd', 'mockbuild', '-o', '-u', '1000', '-g', '425', '-N', '-d', '/builddir', '--prefix', '/var/lib/mock/f43-build-59088491-6571000/root'] with env {'TERM': 'vt100', 'SHELL': '/bin/sh', 'HOME': '/builddir', 'HOSTNAME': 'mock', 'PATH': '/usr/bin:/bin:/usr/sbin:/sbin', 'LANG': 'C.UTF-8'} and shell False
DEBUG util.py:459:  useradd: warning: the home directory /builddir already exists.
DEBUG util.py:459:  useradd: Not copying any file from skel directory into it.
DEBUG util.py:608:  Child return code was: 0
DEBUG file_util.py:30:  touching file: /var/lib/mock/f43-build-59088491-6571000/root/.initialized
DEBUG file_util.py:18:  ensuring that dir exists: /var/lib/mock/f43-build-59088491-6571000-bootstrap/root/var/lib/mock/f43-build-59088491-6571000/root
DEBUG util.py:634:  child environment: None
DEBUG util.py:556:  Executing command: ['/bin/mount', '-n', '-t', 'tmpfs', '-o', 'private,mode=0755', 'tmpfs', '/var/lib/mock/f43-build-59088491-6571000-bootstrap/root/var/lib/mock/f43-build-59088491-6571000/root'] with env {'TERM': 'vt100', 'SHELL': '/bin/sh', 'HOME': '/builddir', 'HOSTNAME': 'mock', 'PATH': '/usr/bin:/bin:/usr/sbin:/sbin', 'LANG': 'C.UTF-8'} and shell False
DEBUG util.py:608:  Child return code was: 0
DEBUG file_util.py:18:  ensuring that dir exists: /var/lib/mock/f43-build-59088491-6571000-bootstrap/root/var/lib/mock/f43-build-59088491-6571000/root
DEBUG util.py:634:  child environment: None
DEBUG util.py:556:  Executing command: ['/bin/mount', '-n', '-o', 'rbind', '/var/lib/mock/f43-build-59088491-6571000/root', '/var/lib/mock/f43-build-59088491-6571000-bootstrap/root/var/lib/mock/f43-build-59088491-6571000/root'] with env {'TERM': 'vt100', 'SHELL': '/bin/sh', 'HOME': '/builddir', 'HOSTNAME': 'mock', 'PATH': '/usr/bin:/bin:/usr/sbin:/sbin', 'LANG': 'C.UTF-8'} and shell False
DEBUG util.py:608:  Child return code was: 0
DEBUG util.py:634:  child environment: None
DEBUG util.py:556:  Executing command: ['/bin/mount', '-n', '-o', 'remount,private,rbind', '--target', '/var/lib/mock/f43-build-59088491-6571000-bootstrap/root/var/lib/mock/f43-build-59088491-6571000/root'] with env {'TERM': 'vt100', 'SHELL': '/bin/sh', 'HOME': '/builddir', 'HOSTNAME': 'mock', 'PATH': '/usr/bin:/bin:/usr/sbin:/sbin', 'LANG': 'C.UTF-8'} and shell False
DEBUG util.py:608:  Child return code was: 0
DEBUG util.py:634:  child environment: None
DEBUG util.py:551:  Using nspawn with args ['--capability=cap_ipc_lock', '--bind=/tmp/mock-resolv.vms6jhu_:/etc/resolv.conf']
DEBUG util.py:556:  Executing command: ['/usr/bin/systemd-nspawn', '-q', '-M', '72f408f48105419c91a5077ad0f2b679', '-D', '/var/lib/mock/f43-build-59088491-6571000-bootstrap/root', '-a', '--capability=cap_ipc_lock', '--bind=/tmp/mock-resolv.vms6jhu_:/etc/resolv.conf', '--console=pipe', '--setenv=TERM=vt100', '--setenv=SHELL=/bin/bash', '--setenv=HOME=/builddir', '--setenv=HOSTNAME=mock', '--setenv=PATH=/usr/bin:/bin:/usr/sbin:/sbin', '--setenv=PROMPT_COMMAND=printf "\\033]0;<mock-chroot>\\007"', '--setenv=PS1=<mock-chroot> \\s-\\v\\$ ', '--setenv=LANG=C.UTF-8', '--resolv-conf=off', '/bin/rpm', '-qa', '--root', '/var/lib/mock/f43-build-59088491-6571000/root'] with env {'TERM': 'vt100', 'SHELL': '/bin/bash', 'HOME': '/builddir', 'HOSTNAME': 'mock', 'PATH': '/usr/bin:/bin:/usr/sbin:/sbin', 'PROMPT_COMMAND': 'printf "\\033]0;<mock-chroot>\\007"', 'PS1': '<mock-chroot> \\s-\\v\\$ ', 'LANG': 'C.UTF-8', 'SYSTEMD_NSPAWN_TMPFS_TMP': '0', 'SYSTEMD_SECCOMP': '0'} and shell False
DEBUG util.py:461:  libgcc-15.0.1-0.14.fc43.x86_64
DEBUG util.py:461:  libssh-config-0.11.1-4.fc42.noarch
DEBUG util.py:461:  publicsuffix-list-dafsa-20250116-1.fc42.noarch
DEBUG util.py:461:  fedora-release-identity-basic-43-0.15.noarch
DEBUG util.py:461:  fedora-repos-rawhide-43-0.1.noarch
DEBUG util.py:461:  fedora-gpg-keys-43-0.1.noarch
DEBUG util.py:461:  fedora-repos-43-0.1.noarch
DEBUG util.py:461:  fedora-release-common-43-0.15.noarch
DEBUG util.py:461:  fedora-release-43-0.15.noarch
DEBUG util.py:461:  setup-2.15.0-23.fc43.noarch
DEBUG util.py:461:  filesystem-3.18-40.fc43.x86_64
DEBUG util.py:461:  pkgconf-m4-2.3.0-2.fc42.noarch
DEBUG util.py:461:  pcre2-syntax-10.45-1.fc43.noarch
DEBUG util.py:461:  ncurses-base-6.5-5.20250125.fc42.noarch
DEBUG util.py:461:  bash-5.2.37-3.fc43.x86_64
DEBUG util.py:461:  glibc-common-2.41.9000-10.fc43.x86_64
DEBUG util.py:461:  glibc-gconv-extra-2.41.9000-10.fc43.x86_64
DEBUG util.py:461:  glibc-2.41.9000-10.fc43.x86_64
DEBUG util.py:461:  ncurses-libs-6.5-5.20250125.fc42.x86_64
DEBUG util.py:461:  glibc-minimal-langpack-2.41.9000-10.fc43.x86_64
DEBUG util.py:461:  zlib-ng-compat-2.2.4-2.fc43.x86_64
DEBUG util.py:461:  bzip2-libs-1.0.8-20.fc42.x86_64
DEBUG util.py:461:  libstdc++-15.0.1-0.14.fc43.x86_64
DEBUG util.py:461:  xz-libs-5.8.1-1.fc43.x86_64
DEBUG util.py:461:  gmp-6.3.0-3.fc43.x86_64
DEBUG util.py:461:  libuuid-2.40.4-7.fc43.x86_64
DEBUG util.py:461:  readline-8.2-13.fc43.x86_64
DEBUG util.py:461:  popt-1.19-8.fc42.x86_64
DEBUG util.py:461:  libblkid-2.40.4-7.fc43.x86_64
DEBUG util.py:461:  libxcrypt-4.4.38-7.fc43.x86_64
DEBUG util.py:461:  libzstd-1.5.7-1.fc43.x86_64
DEBUG util.py:461:  elfutils-libelf-0.192-8.fc42.x86_64
DEBUG util.py:461:  libgpg-error-1.55-1.fc43.x86_64
DEBUG util.py:461:  libattr-2.5.2-5.fc42.x86_64
DEBUG util.py:461:  libacl-2.3.2-3.fc42.x86_64
DEBUG util.py:461:  libtasn1-4.20.0-1.fc43.x86_64
DEBUG util.py:461:  libunistring-1.1-9.fc42.x86_64
DEBUG util.py:461:  libidn2-2.3.8-1.fc43.x86_64
DEBUG util.py:461:  crypto-policies-20250402-2.git86c0178.fc43.noarch
DEBUG util.py:461:  dwz-0.15-9.fc42.x86_64
DEBUG util.py:461:  mpfr-4.2.2-1.fc43.x86_64
DEBUG util.py:461:  gawk-5.3.2-1.fc43.x86_64
DEBUG util.py:461:  unzip-6.0-66.fc42.x86_64
DEBUG util.py:461:  file-libs-5.46-1.fc42.x86_64
DEBUG util.py:461:  file-5.46-1.fc42.x86_64
DEBUG util.py:461:  pcre2-10.45-1.fc43.x86_64
DEBUG util.py:461:  grep-3.12-1.fc43.x86_64
DEBUG util.py:461:  xz-5.8.1-1.fc43.x86_64
DEBUG util.py:461:  libeconf-0.7.6-1.fc43.x86_64
DEBUG util.py:461:  libcap-ng-0.8.5-4.fc42.x86_64
DEBUG util.py:461:  audit-libs-4.0.3-2.fc42.x86_64
DEBUG util.py:461:  pam-libs-1.7.0-4.fc42.x86_64
DEBUG util.py:461:  libcap-2.76-1.fc43.x86_64
DEBUG util.py:461:  systemd-libs-257.5-2.fc43.x86_64
DEBUG util.py:461:  libsmartcols-2.40.4-7.fc43.x86_64
DEBUG util.py:461:  libsepol-3.8-1.fc42.x86_64
DEBUG util.py:461:  libselinux-3.8-1.fc42.x86_64
DEBUG util.py:461:  findutils-4.10.0-5.fc42.x86_64
DEBUG util.py:461:  sed-4.9-4.fc42.x86_64
DEBUG util.py:461:  libmount-2.40.4-7.fc43.x86_64
DEBUG util.py:461:  alternatives-1.32-1.fc43.x86_64
DEBUG util.py:461:  lz4-libs-1.10.0-2.fc42.x86_64
DEBUG util.py:461:  lua-libs-5.4.7-3.fc43.x86_64
DEBUG util.py:461:  sqlite-libs-3.49.0-1.fc43.x86_64
DEBUG util.py:461:  libffi-3.4.7-4.fc43.x86_64
DEBUG util.py:461:  p11-kit-0.25.5-5.fc42.x86_64
DEBUG util.py:461:  p11-kit-trust-0.25.5-5.fc42.x86_64
DEBUG util.py:461:  json-c-0.18-2.fc42.x86_64
DEBUG util.py:461:  zstd-1.5.7-1.fc43.x86_64
DEBUG util.py:461:  util-linux-core-2.40.4-7.fc43.x86_64
DEBUG util.py:461:  tar-1.35-5.fc42.x86_64
DEBUG util.py:461:  libsemanage-3.8-1.fc42.x86_64
DEBUG util.py:461:  systemd-standalone-sysusers-257.5-2.fc43.x86_64
DEBUG util.py:461:  libusb1-1.0.28-2.fc43.x86_64
DEBUG util.py:461:  zip-3.0-43.fc42.x86_64
DEBUG util.py:461:  libpsl-0.21.5-5.fc42.x86_64
DEBUG util.py:461:  libassuan-2.5.7-3.fc42.x86_64
DEBUG util.py:461:  libgcrypt-1.11.0-5.fc42.x86_64
DEBUG util.py:461:  libksba-1.6.7-3.fc42.x86_64
DEBUG util.py:461:  libfdisk-2.40.4-7.fc43.x86_64
DEBUG util.py:461:  nettle-3.10.1-1.fc43.x86_64
DEBUG util.py:461:  gnutls-3.8.9-5.fc43.x86_64
DEBUG util.py:461:  libxml2-2.12.10-1.fc43.x86_64
DEBUG util.py:461:  bzip2-1.0.8-20.fc42.x86_64
DEBUG util.py:461:  add-determinism-0.6.0-1.fc43.x86_64
DEBUG util.py:461:  build-reproducibility-srpm-macros-0.6.0-1.fc43.noarch
DEBUG util.py:461:  cpio-2.15-2.fc41.x86_64
DEBUG util.py:461:  diffutils-3.12-1.fc43.x86_64
DEBUG util.py:461:  ed-1.21-2.fc42.x86_64
DEBUG util.py:461:  patch-2.8-1.fc43.x86_64
DEBUG util.py:461:  jansson-2.14-2.fc42.x86_64
DEBUG util.py:461:  libgomp-15.0.1-0.14.fc43.x86_64
DEBUG util.py:461:  libpkgconf-2.3.0-2.fc42.x86_64
DEBUG util.py:461:  pkgconf-2.3.0-2.fc42.x86_64
DEBUG util.py:461:  pkgconf-pkg-config-2.3.0-2.fc42.x86_64
DEBUG util.py:461:  npth-1.8-2.fc42.x86_64
DEBUG util.py:461:  libtool-ltdl-2.5.4-4.fc42.x86_64
DEBUG util.py:461:  gdbm-libs-1.23-9.fc42.x86_64
DEBUG util.py:461:  cyrus-sasl-lib-2.1.28-30.fc42.x86_64
DEBUG util.py:461:  xxhash-libs-0.8.3-2.fc42.x86_64
DEBUG util.py:461:  libbrotli-1.1.0-6.fc42.x86_64
DEBUG util.py:461:  libnghttp2-1.65.0-1.fc43.x86_64
DEBUG util.py:461:  keyutils-libs-1.6.3-5.fc42.x86_64
DEBUG util.py:461:  libcom_err-1.47.2-3.fc42.x86_64
DEBUG util.py:461:  libverto-0.3.2-10.fc42.x86_64
DEBUG util.py:461:  filesystem-srpm-macros-3.18-40.fc43.noarch
DEBUG util.py:461:  elfutils-default-yama-scope-0.192-8.fc42.noarch
DEBUG util.py:461:  elfutils-libs-0.192-8.fc42.x86_64
DEBUG util.py:461:  rust-srpm-macros-26.3-4.fc42.noarch
DEBUG util.py:461:  qt6-srpm-macros-6.9.0-2.fc43.noarch
DEBUG util.py:461:  qt5-srpm-macros-5.15.16-1.fc43.noarch
DEBUG util.py:461:  perl-srpm-macros-1-57.fc42.noarch
DEBUG util.py:461:  package-notes-srpm-macros-0.5-13.fc42.noarch
DEBUG util.py:461:  openblas-srpm-macros-2-19.fc42.noarch
DEBUG util.py:461:  ocaml-srpm-macros-10-4.fc42.noarch
DEBUG util.py:461:  kernel-srpm-macros-1.0-25.fc42.noarch
DEBUG util.py:461:  gnat-srpm-macros-6-7.fc42.noarch
DEBUG util.py:461:  ghc-srpm-macros-1.9.2-2.fc42.noarch
DEBUG util.py:461:  fpc-srpm-macros-1.3-14.fc42.noarch
DEBUG util.py:461:  ansible-srpm-macros-1-17.1.fc42.noarch
DEBUG util.py:461:  coreutils-common-9.7-1.fc43.x86_64
DEBUG util.py:461:  openssl-libs-3.5.0-3.fc43.x86_64
DEBUG util.py:461:  coreutils-9.7-1.fc43.x86_64
DEBUG util.py:461:  ca-certificates-2024.2.69_v8.0.401-5.fc42.noarch
DEBUG util.py:461:  libarchive-3.7.7-4.fc43.x86_64
DEBUG util.py:461:  krb5-libs-1.21.3-5.fc42.x86_64
DEBUG util.py:461:  tpm2-tss-4.1.3-7.fc43.x86_64
DEBUG util.py:461:  ima-evm-utils-libs-1.6.2-5.fc43.x86_64
DEBUG util.py:461:  libssh-0.11.1-4.fc42.x86_64
DEBUG util.py:461:  gzip-1.13-3.fc42.x86_64
DEBUG util.py:461:  rpm-sequoia-1.8.0-1.fc43.x86_64
DEBUG util.py:461:  rpm-libs-5.99.90-3.fc43.x86_64
DEBUG util.py:461:  libfsverity-1.6-2.fc42.x86_64
DEBUG util.py:461:  libevent-2.1.12-15.fc42.x86_64
DEBUG util.py:461:  openldap-2.6.9-5.fc43.x86_64
DEBUG util.py:461:  libcurl-8.13.0-1.fc43.x86_64
DEBUG util.py:461:  elfutils-debuginfod-client-0.192-8.fc42.x86_64
DEBUG util.py:461:  binutils-2.44-3.fc43.x86_64
DEBUG util.py:461:  elfutils-0.192-8.fc42.x86_64
DEBUG util.py:461:  gdb-minimal-16.2-3.fc43.x86_64
DEBUG util.py:461:  debugedit-5.1-6.fc43.x86_64
DEBUG util.py:461:  curl-8.13.0-1.fc43.x86_64
DEBUG util.py:461:  rpm-5.99.90-3.fc43.x86_64
DEBUG util.py:461:  efi-srpm-macros-6-3.fc43.noarch
DEBUG util.py:461:  lua-srpm-macros-1-15.fc42.noarch
DEBUG util.py:461:  tree-sitter-srpm-macros-0.2.4-1.fc43.noarch
DEBUG util.py:461:  zig-srpm-macros-1-4.fc42.noarch
DEBUG util.py:461:  gnupg2-2.4.7-3.fc43.x86_64
DEBUG util.py:461:  rpm-sign-libs-5.99.90-3.fc43.x86_64
DEBUG util.py:461:  rpm-build-libs-5.99.90-3.fc43.x86_64
DEBUG util.py:461:  rpm-build-5.99.90-3.fc43.x86_64
DEBUG util.py:461:  pyproject-srpm-macros-1.18.1-1.fc43.noarch
DEBUG util.py:461:  redhat-rpm-config-343-4.fc43.noarch
DEBUG util.py:461:  forge-srpm-macros-0.4.0-2.fc42.noarch
DEBUG util.py:461:  fonts-srpm-macros-2.0.5-21.fc42.noarch
DEBUG util.py:461:  go-srpm-macros-3.6.0-7.fc43.noarch
DEBUG util.py:461:  python-srpm-macros-3.13-5.fc43.noarch
DEBUG util.py:461:  util-linux-2.40.4-7.fc43.x86_64
DEBUG util.py:461:  which-2.23-1.fc42.x86_64
DEBUG util.py:461:  shadow-utils-4.17.4-1.fc43.x86_64
DEBUG util.py:461:  info-7.2-3.fc42.x86_64
DEBUG util.py:608:  Child return code was: 0
DEBUG util.py:183:  kill orphans in chroot /var/lib/mock/f43-build-59088491-6571000/root
DEBUG util.py:183:  kill orphans in chroot /var/lib/mock/f43-build-59088491-6571000-bootstrap/root/var/lib/mock/f43-build-59088491-6571000/root
DEBUG util.py:634:  child environment: None
DEBUG util.py:556:  Executing command: ['/bin/umount', '-n', '-l', '/var/lib/mock/f43-build-59088491-6571000-bootstrap/root/var/lib/mock/f43-build-59088491-6571000/root'] with env {'TERM': 'vt100', 'SHELL': '/bin/sh', 'HOME': '/builddir', 'HOSTNAME': 'mock', 'PATH': '/usr/bin:/bin:/usr/sbin:/sbin', 'LANG': 'C.UTF-8'} and shell False
DEBUG util.py:608:  Child return code was: 0
DEBUG util.py:634:  child environment: None
DEBUG util.py:556:  Executing command: ['/bin/umount', '-n', '-l', '/var/lib/mock/f43-build-59088491-6571000-bootstrap/root/var/lib/mock/f43-build-59088491-6571000/root'] with env {'TERM': 'vt100', 'SHELL': '/bin/sh', 'HOME': '/builddir', 'HOSTNAME': 'mock', 'PATH': '/usr/bin:/bin:/usr/sbin:/sbin', 'LANG': 'C.UTF-8'} and shell False
DEBUG util.py:608:  Child return code was: 0
INFO backend.py:228:  Installed packages:
INFO backend.py:229:  add-determinism-0.6.0-1.fc43.x86_64
alternatives-1.32-1.fc43.x86_64
ansible-srpm-macros-1-17.1.fc42.noarch
audit-libs-4.0.3-2.fc42.x86_64
bash-5.2.37-3.fc43.x86_64
binutils-2.44-3.fc43.x86_64
build-reproducibility-srpm-macros-0.6.0-1.fc43.noarch
bzip2-1.0.8-20.fc42.x86_64
bzip2-libs-1.0.8-20.fc42.x86_64
ca-certificates-2024.2.69_v8.0.401-5.fc42.noarch
coreutils-9.7-1.fc43.x86_64
coreutils-common-9.7-1.fc43.x86_64
cpio-2.15-2.fc41.x86_64
crypto-policies-20250402-2.git86c0178.fc43.noarch
curl-8.13.0-1.fc43.x86_64
cyrus-sasl-lib-2.1.28-30.fc42.x86_64
debugedit-5.1-6.fc43.x86_64
diffutils-3.12-1.fc43.x86_64
dwz-0.15-9.fc42.x86_64
ed-1.21-2.fc42.x86_64
efi-srpm-macros-6-3.fc43.noarch
elfutils-0.192-8.fc42.x86_64
elfutils-debuginfod-client-0.192-8.fc42.x86_64
elfutils-default-yama-scope-0.192-8.fc42.noarch
elfutils-libelf-0.192-8.fc42.x86_64
elfutils-libs-0.192-8.fc42.x86_64
fedora-gpg-keys-43-0.1.noarch
fedora-release-43-0.15.noarch
fedora-release-common-43-0.15.noarch
fedora-release-identity-basic-43-0.15.noarch
fedora-repos-43-0.1.noarch
fedora-repos-rawhide-43-0.1.noarch
file-5.46-1.fc42.x86_64
file-libs-5.46-1.fc42.x86_64
filesystem-3.18-40.fc43.x86_64
filesystem-srpm-macros-3.18-40.fc43.noarch
findutils-4.10.0-5.fc42.x86_64
fonts-srpm-macros-2.0.5-21.fc42.noarch
forge-srpm-macros-0.4.0-2.fc42.noarch
fpc-srpm-macros-1.3-14.fc42.noarch
gawk-5.3.2-1.fc43.x86_64
gdb-minimal-16.2-3.fc43.x86_64
gdbm-libs-1.23-9.fc42.x86_64
ghc-srpm-macros-1.9.2-2.fc42.noarch
glibc-2.41.9000-10.fc43.x86_64
glibc-common-2.41.9000-10.fc43.x86_64
glibc-gconv-extra-2.41.9000-10.fc43.x86_64
glibc-minimal-langpack-2.41.9000-10.fc43.x86_64
gmp-6.3.0-3.fc43.x86_64
gnat-srpm-macros-6-7.fc42.noarch
gnupg2-2.4.7-3.fc43.x86_64
gnutls-3.8.9-5.fc43.x86_64
go-srpm-macros-3.6.0-7.fc43.noarch
grep-3.12-1.fc43.x86_64
gzip-1.13-3.fc42.x86_64
ima-evm-utils-libs-1.6.2-5.fc43.x86_64
info-7.2-3.fc42.x86_64
jansson-2.14-2.fc42.x86_64
json-c-0.18-2.fc42.x86_64
kernel-srpm-macros-1.0-25.fc42.noarch
keyutils-libs-1.6.3-5.fc42.x86_64
krb5-libs-1.21.3-5.fc42.x86_64
libacl-2.3.2-3.fc42.x86_64
libarchive-3.7.7-4.fc43.x86_64
libassuan-2.5.7-3.fc42.x86_64
libattr-2.5.2-5.fc42.x86_64
libblkid-2.40.4-7.fc43.x86_64
libbrotli-1.1.0-6.fc42.x86_64
libcap-2.76-1.fc43.x86_64
libcap-ng-0.8.5-4.fc42.x86_64
libcom_err-1.47.2-3.fc42.x86_64
libcurl-8.13.0-1.fc43.x86_64
libeconf-0.7.6-1.fc43.x86_64
libevent-2.1.12-15.fc42.x86_64
libfdisk-2.40.4-7.fc43.x86_64
libffi-3.4.7-4.fc43.x86_64
libfsverity-1.6-2.fc42.x86_64
libgcc-15.0.1-0.14.fc43.x86_64
libgcrypt-1.11.0-5.fc42.x86_64
libgomp-15.0.1-0.14.fc43.x86_64
libgpg-error-1.55-1.fc43.x86_64
libidn2-2.3.8-1.fc43.x86_64
libksba-1.6.7-3.fc42.x86_64
libmount-2.40.4-7.fc43.x86_64
libnghttp2-1.65.0-1.fc43.x86_64
libpkgconf-2.3.0-2.fc42.x86_64
libpsl-0.21.5-5.fc42.x86_64
libselinux-3.8-1.fc42.x86_64
libsemanage-3.8-1.fc42.x86_64
libsepol-3.8-1.fc42.x86_64
libsmartcols-2.40.4-7.fc43.x86_64
libssh-0.11.1-4.fc42.x86_64
libssh-config-0.11.1-4.fc42.noarch
libstdc++-15.0.1-0.14.fc43.x86_64
libtasn1-4.20.0-1.fc43.x86_64
libtool-ltdl-2.5.4-4.fc42.x86_64
libunistring-1.1-9.fc42.x86_64
libusb1-1.0.28-2.fc43.x86_64
libuuid-2.40.4-7.fc43.x86_64
libverto-0.3.2-10.fc42.x86_64
libxcrypt-4.4.38-7.fc43.x86_64
libxml2-2.12.10-1.fc43.x86_64
libzstd-1.5.7-1.fc43.x86_64
lua-libs-5.4.7-3.fc43.x86_64
lua-srpm-macros-1-15.fc42.noarch
lz4-libs-1.10.0-2.fc42.x86_64
mpfr-4.2.2-1.fc43.x86_64
ncurses-base-6.5-5.20250125.fc42.noarch
ncurses-libs-6.5-5.20250125.fc42.x86_64
nettle-3.10.1-1.fc43.x86_64
npth-1.8-2.fc42.x86_64
ocaml-srpm-macros-10-4.fc42.noarch
openblas-srpm-macros-2-19.fc42.noarch
openldap-2.6.9-5.fc43.x86_64
openssl-libs-3.5.0-3.fc43.x86_64
p11-kit-0.25.5-5.fc42.x86_64
p11-kit-trust-0.25.5-5.fc42.x86_64
package-notes-srpm-macros-0.5-13.fc42.noarch
pam-libs-1.7.0-4.fc42.x86_64
patch-2.8-1.fc43.x86_64
pcre2-10.45-1.fc43.x86_64
pcre2-syntax-10.45-1.fc43.noarch
perl-srpm-macros-1-57.fc42.noarch
pkgconf-2.3.0-2.fc42.x86_64
pkgconf-m4-2.3.0-2.fc42.noarch
pkgconf-pkg-config-2.3.0-2.fc42.x86_64
popt-1.19-8.fc42.x86_64
publicsuffix-list-dafsa-20250116-1.fc42.noarch
pyproject-srpm-macros-1.18.1-1.fc43.noarch
python-srpm-macros-3.13-5.fc43.noarch
qt5-srpm-macros-5.15.16-1.fc43.noarch
qt6-srpm-macros-6.9.0-2.fc43.noarch
readline-8.2-13.fc43.x86_64
redhat-rpm-config-343-4.fc43.noarch
rpm-5.99.90-3.fc43.x86_64
rpm-build-5.99.90-3.fc43.x86_64
rpm-build-libs-5.99.90-3.fc43.x86_64
rpm-libs-5.99.90-3.fc43.x86_64
rpm-sequoia-1.8.0-1.fc43.x86_64
rpm-sign-libs-5.99.90-3.fc43.x86_64
rust-srpm-macros-26.3-4.fc42.noarch
sed-4.9-4.fc42.x86_64
setup-2.15.0-23.fc43.noarch
shadow-utils-4.17.4-1.fc43.x86_64
sqlite-libs-3.49.0-1.fc43.x86_64
systemd-libs-257.5-2.fc43.x86_64
systemd-standalone-sysusers-257.5-2.fc43.x86_64
tar-1.35-5.fc42.x86_64
tpm2-tss-4.1.3-7.fc43.x86_64
tree-sitter-srpm-macros-0.2.4-1.fc43.noarch
unzip-6.0-66.fc42.x86_64
util-linux-2.40.4-7.fc43.x86_64
util-linux-core-2.40.4-7.fc43.x86_64
which-2.23-1.fc42.x86_64
xxhash-libs-0.8.3-2.fc42.x86_64
xz-5.8.1-1.fc43.x86_64
xz-libs-5.8.1-1.fc43.x86_64
zig-srpm-macros-1-4.fc42.noarch
zip-3.0-43.fc42.x86_64
zlib-ng-compat-2.2.4-2.fc43.x86_64
zstd-1.5.7-1.fc43.x86_64
DEBUG util.py:183:  kill orphans in chroot /var/lib/mock/f43-build-59088491-6571000/root
DEBUG util.py:183:  kill orphans in chroot /var/lib/mock/f43-build-59088491-6571000-bootstrap/root
INFO buildroot.py:667:  Mock Version: 6.1
DEBUG file_util.py:18:  ensuring that dir exists: /var/lib/mock/f43-build-59088491-6571000/root
DEBUG file_util.py:18:  ensuring that dir exists: /var/lib/mock/f43-build-59088491-6571000-bootstrap
DEBUG file_util.py:18:  ensuring that dir exists: /var/lib/mock/f43-build-59088491-6571000-bootstrap
DEBUG file_util.py:18:  ensuring that dir exists: /var/lib/mock/f43-build-59088491-6571000-bootstrap/root
DEBUG file_util.py:18:  ensuring that dir exists: /var/lib/mock/f43-build-59088491-6571000-bootstrap/results
INFO buildroot.py:318:  calling preinit hooks
DEBUG buildroot.py:723:  create skeleton dirs
DEBUG file_util.py:18:  ensuring that dir exists: /var/lib/mock/f43-build-59088491-6571000-bootstrap/root/var/lib/rpm
DEBUG file_util.py:18:  ensuring that dir exists: /var/lib/mock/f43-build-59088491-6571000-bootstrap/root/var/lib/yum
DEBUG file_util.py:18:  ensuring that dir exists: /var/lib/mock/f43-build-59088491-6571000-bootstrap/root/var/lib/dbus
DEBUG file_util.py:18:  ensuring that dir exists: /var/lib/mock/f43-build-59088491-6571000-bootstrap/root/var/log
DEBUG file_util.py:18:  ensuring that dir exists: /var/lib/mock/f43-build-59088491-6571000-bootstrap/root/var/cache/dnf
DEBUG file_util.py:18:  ensuring that dir exists: /var/lib/mock/f43-build-59088491-6571000-bootstrap/root/var/cache/yum
DEBUG file_util.py:18:  ensuring that dir exists: /var/lib/mock/f43-build-59088491-6571000-bootstrap/root/etc/rpm
DEBUG file_util.py:18:  ensuring that dir exists: /var/lib/mock/f43-build-59088491-6571000-bootstrap/root/tmp
DEBUG file_util.py:18:  ensuring that dir exists: /var/lib/mock/f43-build-59088491-6571000-bootstrap/root/tmp/ccache
DEBUG file_util.py:18:  ensuring that dir exists: /var/lib/mock/f43-build-59088491-6571000-bootstrap/root/var/tmp
DEBUG file_util.py:18:  ensuring that dir exists: /var/lib/mock/f43-build-59088491-6571000-bootstrap/root/etc/dnf
DEBUG file_util.py:18:  ensuring that dir exists: /var/lib/mock/f43-build-59088491-6571000-bootstrap/root/etc/dnf/vars
DEBUG file_util.py:18:  ensuring that dir exists: /var/lib/mock/f43-build-59088491-6571000-bootstrap/root/etc/yum.repos.d
DEBUG file_util.py:18:  ensuring that dir exists: /var/lib/mock/f43-build-59088491-6571000-bootstrap/root/etc/yum
DEBUG file_util.py:18:  ensuring that dir exists: /var/lib/mock/f43-build-59088491-6571000-bootstrap/root/proc
DEBUG file_util.py:18:  ensuring that dir exists: /var/lib/mock/f43-build-59088491-6571000-bootstrap/root/sys
DEBUG file_util.py:18:  ensuring that dir exists: /var/lib/mock/f43-build-59088491-6571000-bootstrap/root/dev/pts
DEBUG file_util.py:18:  ensuring that dir exists: /var/lib/mock/f43-build-59088491-6571000-bootstrap/root/dev/shm
DEBUG file_util.py:18:  ensuring that dir exists: /var/lib/mock/f43-build-59088491-6571000-bootstrap/root/dev/mapper
DEBUG file_util.py:21:  created dir: /var/lib/mock/f43-build-59088491-6571000-bootstrap/root/dev/mapper
DEBUG buildroot.py:867:  kernel version == 6.13.8-200.fc41.x86_64
DEBUG file_util.py:30:  touching file: /var/lib/mock/f43-build-59088491-6571000-bootstrap/root/etc/fstab
DEBUG file_util.py:30:  touching file: /var/lib/mock/f43-build-59088491-6571000-bootstrap/root/etc/yum/yum.conf
DEBUG file_util.py:30:  touching file: /var/lib/mock/f43-build-59088491-6571000-bootstrap/root/etc/dnf/dnf.conf
DEBUG file_util.py:30:  touching file: /var/lib/mock/f43-build-59088491-6571000-bootstrap/root/var/log/yum.log
DEBUG buildroot.py:332:  rootdir = /var/lib/mock/f43-build-59088491-6571000-bootstrap/root
DEBUG buildroot.py:333:  resultdir = /var/lib/mock/f43-build-59088491-6571000-bootstrap/results
DEBUG package_manager.py:63:  searching for 'dnf5' package manager or alternatives
INFO buildroot.py:181:  Package manager dnf5 detected and used (fallback)
DEBUG file_util.py:18:  ensuring that dir exists: /var/lib/mock/f43-build-59088491-6571000-bootstrap/root/etc/pki/mock
DEBUG file_util.py:158:  Updating files in /var/lib/mock/f43-build-59088491-6571000-bootstrap/root/etc/pki/ca-trust with files from /etc/pki/ca-trust
DEBUG file_util.py:18:  ensuring that dir exists: /var/lib/mock/f43-build-59088491-6571000-bootstrap/root/etc/pki/ca-trust
DEBUG file_util.py:18:  ensuring that dir exists: /var/lib/mock/f43-build-59088491-6571000-bootstrap/root/etc/pki/ca-trust/./extracted
DEBUG file_util.py:18:  ensuring that dir exists: /var/lib/mock/f43-build-59088491-6571000-bootstrap/root/etc/pki/ca-trust/./source
DEBUG file_util.py:18:  ensuring that dir exists: /var/lib/mock/f43-build-59088491-6571000-bootstrap/root/etc/pki/ca-trust/extracted/edk2
DEBUG file_util.py:18:  ensuring that dir exists: /var/lib/mock/f43-build-59088491-6571000-bootstrap/root/etc/pki/ca-trust/extracted/java
DEBUG file_util.py:18:  ensuring that dir exists: /var/lib/mock/f43-build-59088491-6571000-bootstrap/root/etc/pki/ca-trust/extracted/openssl
DEBUG file_util.py:18:  ensuring that dir exists: /var/lib/mock/f43-build-59088491-6571000-bootstrap/root/etc/pki/ca-trust/extracted/pem
DEBUG file_util.py:18:  ensuring that dir exists: /var/lib/mock/f43-build-59088491-6571000-bootstrap/root/etc/pki/ca-trust/extracted/pem/directory-hash
DEBUG file_util.py:18:  ensuring that dir exists: /var/lib/mock/f43-build-59088491-6571000-bootstrap/root/etc/pki/ca-trust/source/anchors
DEBUG file_util.py:18:  ensuring that dir exists: /var/lib/mock/f43-build-59088491-6571000-bootstrap/root/etc/pki/ca-trust/source/blocklist
DEBUG file_util.py:158:  Updating files in /var/lib/mock/f43-build-59088491-6571000-bootstrap/root/usr/share/pki/ca-trust-source with files from /usr/share/pki/ca-trust-source
DEBUG file_util.py:18:  ensuring that dir exists: /var/lib/mock/f43-build-59088491-6571000-bootstrap/root/usr/share/pki/ca-trust-source
DEBUG file_util.py:18:  ensuring that dir exists: /var/lib/mock/f43-build-59088491-6571000-bootstrap/root/usr/share/pki/ca-trust-source/./anchors
DEBUG file_util.py:18:  ensuring that dir exists: /var/lib/mock/f43-build-59088491-6571000-bootstrap/root/usr/share/pki/ca-trust-source/./blocklist
DEBUG file_util.py:18:  ensuring that dir exists: /var/lib/mock/f43-build-59088491-6571000-bootstrap/root/usr/share
DEBUG package_manager.py:388:  Copying /usr/share/distribution-gpg-keys to the bootstrap chroot
DEBUG util.py:634:  child environment: None
DEBUG util.py:556:  Executing command: ['cp', '-a', '/usr/share/distribution-gpg-keys', '/var/lib/mock/f43-build-59088491-6571000-bootstrap/root/usr/share'] with env {'TERM': 'vt100', 'SHELL': '/bin/sh', 'HOME': '/builddir', 'HOSTNAME': 'mock', 'PATH': '/usr/bin:/bin:/usr/sbin:/sbin', 'LANG': 'C.UTF-8'} and shell False
DEBUG util.py:608:  Child return code was: 0
DEBUG file_util.py:18:  ensuring that dir exists: /var/lib/mock/f43-build-59088491-6571000-bootstrap/root/etc/dnf
DEBUG package_manager.py:689:  configure DNF vars
DEBUG file_util.py:18:  ensuring that dir exists: /var/lib/mock/f43-build-59088491-6571000-bootstrap/root/etc
DEBUG file_util.py:18:  ensuring that dir exists: /var/lib/mock/f43-build-59088491-6571000-bootstrap/root/etc
DEBUG buildroot.py:38:  method _make_users skipped in bootstrap
DEBUG file_util.py:30:  touching file: /var/lib/mock/f43-build-59088491-6571000-bootstrap/root/.initialized
DEBUG file_util.py:18:  ensuring that dir exists: /var/lib/mock/f43-build-59088491-6571000
DEBUG file_util.py:18:  ensuring that dir exists: /var/lib/mock/f43-build-59088491-6571000/root
DEBUG file_util.py:18:  ensuring that dir exists: /var/lib/mock/f43-build-59088491-6571000/result
INFO buildroot.py:318:  calling preinit hooks
DEBUG util.py:634:  child environment: None
DEBUG util.py:556:  Executing command: ['/usr/bin/lscpu'] with env {'TERM': 'vt100', 'SHELL': '/bin/sh', 'HOME': '/builddir', 'HOSTNAME': 'mock', 'PATH': '/usr/bin:/bin:/usr/sbin:/sbin', 'LANG': 'C.UTF-8'} and shell False
DEBUG util.py:461:  Architecture:                         x86_64
DEBUG util.py:461:  CPU op-mode(s):                       32-bit, 64-bit
DEBUG util.py:461:  Address sizes:                        46 bits physical, 48 bits virtual
DEBUG util.py:461:  Byte Order:                           Little Endian
DEBUG util.py:461:  CPU(s):                               48
DEBUG util.py:461:  On-line CPU(s) list:                  0-47
DEBUG util.py:461:  Vendor ID:                            GenuineIntel
DEBUG util.py:461:  Model name:                           Intel(R) Xeon(R) CPU E5-2670 v3 @ 2.30GHz
DEBUG util.py:461:  CPU family:                           6
DEBUG util.py:461:  Model:                                63
DEBUG util.py:461:  Thread(s) per core:                   2
DEBUG util.py:461:  Core(s) per socket:                   12
DEBUG util.py:461:  Socket(s):                            2
DEBUG util.py:461:  Stepping:                             2
DEBUG util.py:461:  CPU(s) scaling MHz:                   41%
DEBUG util.py:461:  CPU max MHz:                          3100.0000
DEBUG util.py:461:  CPU min MHz:                          1200.0000
DEBUG util.py:461:  BogoMIPS:                             4599.76
DEBUG util.py:461:  Flags:                                fpu vme de pse tsc msr pae mce cx8 apic sep mtrr pge mca cmov pat pse36 clflush dts acpi mmx fxsr sse sse2 ss ht tm pbe syscall nx pdpe1gb rdtscp lm constant_tsc arch_perfmon pebs bts rep_good nopl xtopology nonstop_tsc cpuid aperfmperf pni pclmulqdq dtes64 monitor ds_cpl vmx smx est tm2 ssse3 sdbg fma cx16 xtpr pdcm pcid dca sse4_1 sse4_2 x2apic movbe popcnt tsc_deadline_timer aes xsave avx f16c rdrand lahf_lm abm cpuid_fault epb pti ssbd ibrs ibpb stibp tpr_shadow flexpriority ept vpid ept_ad fsgsbase tsc_adjust bmi1 avx2 smep bmi2 erms invpcid cqm xsaveopt cqm_llc cqm_occup_llc dtherm ida arat pln pts vnmi md_clear flush_l1d
DEBUG util.py:461:  Virtualization:                       VT-x
DEBUG util.py:461:  L1d cache:                            768 KiB (24 instances)
DEBUG util.py:461:  L1i cache:                            768 KiB (24 instances)
DEBUG util.py:461:  L2 cache:                             6 MiB (24 instances)
DEBUG util.py:461:  L3 cache:                             60 MiB (2 instances)
DEBUG util.py:461:  NUMA node(s):                         2
DEBUG util.py:461:  NUMA node0 CPU(s):                    0,2,4,6,8,10,12,14,16,18,20,22,24,26,28,30,32,34,36,38,40,42,44,46
DEBUG util.py:461:  NUMA node1 CPU(s):                    1,3,5,7,9,11,13,15,17,19,21,23,25,27,29,31,33,35,37,39,41,43,45,47
DEBUG util.py:461:  Vulnerability Gather data sampling:   Not affected
DEBUG util.py:461:  Vulnerability Itlb multihit:          KVM: Mitigation: Split huge pages
DEBUG util.py:461:  Vulnerability L1tf:                   Mitigation; PTE Inversion; VMX conditional cache flushes, SMT vulnerable
DEBUG util.py:461:  Vulnerability Mds:                    Mitigation; Clear CPU buffers; SMT vulnerable
DEBUG util.py:461:  Vulnerability Meltdown:               Mitigation; PTI
DEBUG util.py:461:  Vulnerability Mmio stale data:        Mitigation; Clear CPU buffers; SMT vulnerable
DEBUG util.py:461:  Vulnerability Reg file data sampling: Not affected
DEBUG util.py:461:  Vulnerability Retbleed:               Not affected
DEBUG util.py:461:  Vulnerability Spec rstack overflow:   Not affected
DEBUG util.py:461:  Vulnerability Spec store bypass:      Mitigation; Speculative Store Bypass disabled via prctl
DEBUG util.py:461:  Vulnerability Spectre v1:             Mitigation; usercopy/swapgs barriers and __user pointer sanitization
DEBUG util.py:461:  Vulnerability Spectre v2:             Mitigation; Retpolines; IBPB conditional; IBRS_FW; STIBP conditional; RSB filling; PBRSB-eIBRS Not affected; BHI Not affected
DEBUG util.py:461:  Vulnerability Srbds:                  Not affected
DEBUG util.py:461:  Vulnerability Tsx async abort:        Not affected
DEBUG util.py:608:  Child return code was: 0
DEBUG util.py:634:  child environment: None
DEBUG util.py:556:  Executing command: ['/bin/free'] with env {'TERM': 'vt100', 'SHELL': '/bin/sh', 'HOME': '/builddir', 'HOSTNAME': 'mock', 'PATH': '/usr/bin:/bin:/usr/sbin:/sbin', 'LANG': 'C.UTF-8'} and shell False
DEBUG util.py:461:                 total        used        free      shared  buff/cache   available
DEBUG util.py:461:  Mem:       131875172     3577360   106216244        7060    23659928   128297812
DEBUG util.py:461:  Swap:        8388604       15068     8373536
DEBUG util.py:608:  Child return code was: 0
DEBUG util.py:634:  child environment: None
DEBUG util.py:556:  Executing command: ['/bin/df', '-H', '-T', '/var/lib/mock/f43-build-59088491-6571000/root', '/var/cache/mock'] with env {'TERM': 'vt100', 'SHELL': '/bin/sh', 'HOME': '/builddir', 'HOSTNAME': 'mock', 'PATH': '/usr/bin:/bin:/usr/sbin:/sbin', 'LANG': 'C.UTF-8'} and shell False
DEBUG util.py:461:  Filesystem                                            Type   Size  Used Avail Use% Mounted on
DEBUG util.py:461:  /dev/mapper/luks-ae8db37f-d89a-464a-bdea-7e4ed81cf602 btrfs  399G   16G  372G   4% /
DEBUG util.py:461:  /dev/mapper/luks-ae8db37f-d89a-464a-bdea-7e4ed81cf602 btrfs  399G   16G  372G   4% /
DEBUG util.py:608:  Child return code was: 0
DEBUG buildroot.py:723:  create skeleton dirs
DEBUG file_util.py:18:  ensuring that dir exists: /var/lib/mock/f43-build-59088491-6571000/root/var/lib/rpm
DEBUG file_util.py:18:  ensuring that dir exists: /var/lib/mock/f43-build-59088491-6571000/root/var/lib/yum
DEBUG file_util.py:18:  ensuring that dir exists: /var/lib/mock/f43-build-59088491-6571000/root/var/lib/dbus
DEBUG file_util.py:18:  ensuring that dir exists: /var/lib/mock/f43-build-59088491-6571000/root/var/log
DEBUG file_util.py:18:  ensuring that dir exists: /var/lib/mock/f43-build-59088491-6571000/root/var/cache/dnf
DEBUG file_util.py:18:  ensuring that dir exists: /var/lib/mock/f43-build-59088491-6571000/root/var/cache/yum
DEBUG file_util.py:18:  ensuring that dir exists: /var/lib/mock/f43-build-59088491-6571000/root/etc/rpm
DEBUG file_util.py:18:  ensuring that dir exists: /var/lib/mock/f43-build-59088491-6571000/root/tmp
DEBUG file_util.py:18:  ensuring that dir exists: /var/lib/mock/f43-build-59088491-6571000/root/tmp/ccache
DEBUG file_util.py:18:  ensuring that dir exists: /var/lib/mock/f43-build-59088491-6571000/root/var/tmp
DEBUG file_util.py:18:  ensuring that dir exists: /var/lib/mock/f43-build-59088491-6571000/root/etc/dnf
DEBUG file_util.py:18:  ensuring that dir exists: /var/lib/mock/f43-build-59088491-6571000/root/etc/dnf/vars
DEBUG file_util.py:18:  ensuring that dir exists: /var/lib/mock/f43-build-59088491-6571000/root/etc/yum.repos.d
DEBUG file_util.py:18:  ensuring that dir exists: /var/lib/mock/f43-build-59088491-6571000/root/etc/yum
DEBUG file_util.py:18:  ensuring that dir exists: /var/lib/mock/f43-build-59088491-6571000/root/proc
DEBUG file_util.py:18:  ensuring that dir exists: /var/lib/mock/f43-build-59088491-6571000/root/sys
DEBUG file_util.py:18:  ensuring that dir exists: /var/lib/mock/f43-build-59088491-6571000/root/dev/pts
DEBUG file_util.py:18:  ensuring that dir exists: /var/lib/mock/f43-build-59088491-6571000/root/dev/shm
DEBUG file_util.py:18:  ensuring that dir exists: /var/lib/mock/f43-build-59088491-6571000/root/dev/mapper
DEBUG file_util.py:21:  created dir: /var/lib/mock/f43-build-59088491-6571000/root/dev/mapper
DEBUG buildroot.py:867:  kernel version == 6.13.8-200.fc41.x86_64
DEBUG file_util.py:30:  touching file: /var/lib/mock/f43-build-59088491-6571000/root/etc/fstab
DEBUG file_util.py:30:  touching file: /var/lib/mock/f43-build-59088491-6571000/root/etc/yum/yum.conf
DEBUG file_util.py:30:  touching file: /var/lib/mock/f43-build-59088491-6571000/root/etc/dnf/dnf.conf
DEBUG file_util.py:30:  touching file: /var/lib/mock/f43-build-59088491-6571000/root/var/log/yum.log
DEBUG buildroot.py:332:  rootdir = /var/lib/mock/f43-build-59088491-6571000/root
DEBUG buildroot.py:333:  resultdir = /var/lib/mock/f43-build-59088491-6571000/result
INFO buildroot.py:181:  Package manager dnf5 detected and used (direct choice)
DEBUG file_util.py:18:  ensuring that dir exists: /var/lib/mock/f43-build-59088491-6571000/root/etc/pki/mock
DEBUG file_util.py:158:  Updating files in /var/lib/mock/f43-build-59088491-6571000/root/etc/pki/ca-trust with files from /etc/pki/ca-trust
DEBUG file_util.py:18:  ensuring that dir exists: /var/lib/mock/f43-build-59088491-6571000/root/etc/pki/ca-trust
DEBUG file_util.py:18:  ensuring that dir exists: /var/lib/mock/f43-build-59088491-6571000/root/etc/pki/ca-trust/./extracted
DEBUG file_util.py:18:  ensuring that dir exists: /var/lib/mock/f43-build-59088491-6571000/root/etc/pki/ca-trust/./source
DEBUG file_util.py:18:  ensuring that dir exists: /var/lib/mock/f43-build-59088491-6571000/root/etc/pki/ca-trust/extracted/edk2
DEBUG file_util.py:18:  ensuring that dir exists: /var/lib/mock/f43-build-59088491-6571000/root/etc/pki/ca-trust/extracted/java
DEBUG file_util.py:18:  ensuring that dir exists: /var/lib/mock/f43-build-59088491-6571000/root/etc/pki/ca-trust/extracted/openssl
DEBUG file_util.py:18:  ensuring that dir exists: /var/lib/mock/f43-build-59088491-6571000/root/etc/pki/ca-trust/extracted/pem
DEBUG file_util.py:18:  ensuring that dir exists: /var/lib/mock/f43-build-59088491-6571000/root/etc/pki/ca-trust/extracted/pem/directory-hash
DEBUG file_util.py:18:  ensuring that dir exists: /var/lib/mock/f43-build-59088491-6571000/root/etc/pki/ca-trust/source/anchors
DEBUG file_util.py:18:  ensuring that dir exists: /var/lib/mock/f43-build-59088491-6571000/root/etc/pki/ca-trust/source/blocklist
DEBUG file_util.py:158:  Updating files in /var/lib/mock/f43-build-59088491-6571000/root/usr/share/pki/ca-trust-source with files from /usr/share/pki/ca-trust-source
DEBUG file_util.py:18:  ensuring that dir exists: /var/lib/mock/f43-build-59088491-6571000/root/usr/share/pki/ca-trust-source
DEBUG file_util.py:18:  ensuring that dir exists: /var/lib/mock/f43-build-59088491-6571000/root/usr/share/pki/ca-trust-source/./anchors
DEBUG file_util.py:18:  ensuring that dir exists: /var/lib/mock/f43-build-59088491-6571000/root/usr/share/pki/ca-trust-source/./blocklist
DEBUG file_util.py:18:  ensuring that dir exists: /var/lib/mock/f43-build-59088491-6571000/root/etc/dnf
DEBUG package_manager.py:689:  configure DNF vars
DEBUG util.py:634:  child environment: None
DEBUG util.py:556:  Executing command: ['userdel', '-f', 'mockbuild', '--prefix', '/var/lib/mock/f43-build-59088491-6571000/root'] with env {'TERM': 'vt100', 'SHELL': '/bin/sh', 'HOME': '/builddir', 'HOSTNAME': 'mock', 'PATH': '/usr/bin:/bin:/usr/sbin:/sbin', 'LANG': 'C.UTF-8'} and shell False
DEBUG util.py:608:  Child return code was: 0
DEBUG util.py:634:  child environment: None
DEBUG util.py:556:  Executing command: ['groupdel', 'mock', '--prefix', '/var/lib/mock/f43-build-59088491-6571000/root'] with env {'TERM': 'vt100', 'SHELL': '/bin/sh', 'HOME': '/builddir', 'HOSTNAME': 'mock', 'PATH': '/usr/bin:/bin:/usr/sbin:/sbin', 'LANG': 'C.UTF-8'} and shell False
DEBUG util.py:608:  Child return code was: 0
DEBUG util.py:634:  child environment: None
DEBUG util.py:556:  Executing command: ['groupadd', 'mock', '-g', '425', '--prefix', '/var/lib/mock/f43-build-59088491-6571000/root'] with env {'TERM': 'vt100', 'SHELL': '/bin/sh', 'HOME': '/builddir', 'HOSTNAME': 'mock', 'PATH': '/usr/bin:/bin:/usr/sbin:/sbin', 'LANG': 'C.UTF-8'} and shell False
DEBUG util.py:608:  Child return code was: 0
DEBUG util.py:634:  child environment: None
DEBUG util.py:556:  Executing command: ['useradd', 'mockbuild', '-o', '-u', '1000', '-g', '425', '-N', '-d', '/builddir', '--prefix', '/var/lib/mock/f43-build-59088491-6571000/root'] with env {'TERM': 'vt100', 'SHELL': '/bin/sh', 'HOME': '/builddir', 'HOSTNAME': 'mock', 'PATH': '/usr/bin:/bin:/usr/sbin:/sbin', 'LANG': 'C.UTF-8'} and shell False
DEBUG util.py:459:  useradd: warning: the home directory /builddir already exists.
DEBUG util.py:459:  useradd: Not copying any file from skel directory into it.
DEBUG util.py:459:  Creating mailbox file: File exists
DEBUG util.py:608:  Child return code was: 0
DEBUG file_util.py:30:  touching file: /var/lib/mock/f43-build-59088491-6571000/root/.initialized
INFO backend.py:386:  Running in chroot: ['uname -r']
DEBUG util.py:634:  child environment: None
DEBUG util.py:551:  Using nspawn with args ['--capability=cap_ipc_lock', '--bind=/tmp/mock-resolv.93xy5043:/etc/resolv.conf', '--bind=/dev/btrfs-control', '--bind=/dev/mapper/control', '--bind=/dev/fuse', '--bind=/dev/loop-control', '--bind=/dev/loop0', '--bind=/dev/loop1', '--bind=/dev/loop2', '--bind=/dev/loop3', '--bind=/dev/loop4', '--bind=/dev/loop5', '--bind=/dev/loop6', '--bind=/dev/loop7', '--bind=/dev/loop8', '--bind=/dev/loop9', '--bind=/dev/loop10', '--bind=/dev/loop11']
DEBUG util.py:556:  Executing command: ['/usr/bin/systemd-nspawn', '-q', '-M', 'b37aa667f8b3466a80efbfe01d8d4312', '-D', '/var/lib/mock/f43-build-59088491-6571000/root', '-a', '--capability=cap_ipc_lock', '--bind=/tmp/mock-resolv.93xy5043:/etc/resolv.conf', '--bind=/dev/btrfs-control', '--bind=/dev/mapper/control', '--bind=/dev/fuse', '--bind=/dev/loop-control', '--bind=/dev/loop0', '--bind=/dev/loop1', '--bind=/dev/loop2', '--bind=/dev/loop3', '--bind=/dev/loop4', '--bind=/dev/loop5', '--bind=/dev/loop6', '--bind=/dev/loop7', '--bind=/dev/loop8', '--bind=/dev/loop9', '--bind=/dev/loop10', '--bind=/dev/loop11', '--console=pipe', '--setenv=TERM=vt100', '--setenv=SHELL=/bin/bash', '--setenv=HOME=/builddir', '--setenv=HOSTNAME=mock', '--setenv=PATH=/usr/bin:/bin:/usr/sbin:/sbin', '--setenv=PROMPT_COMMAND=printf "\\033]0;<mock-chroot>\\007"', '--setenv=PS1=<mock-chroot> \\s-\\v\\$ ', '--setenv=LANG=C.UTF-8', '--resolv-conf=off', '/bin/sh', '-c', 'uname -r'] with env {'TERM': 'vt100', 'SHELL': '/bin/bash', 'HOME': '/builddir', 'HOSTNAME': 'mock', 'PATH': '/usr/bin:/bin:/usr/sbin:/sbin', 'PROMPT_COMMAND': 'printf "\\033]0;<mock-chroot>\\007"', 'PS1': '<mock-chroot> \\s-\\v\\$ ', 'LANG': 'C.UTF-8', 'SYSTEMD_NSPAWN_TMPFS_TMP': '0', 'SYSTEMD_SECCOMP': '0'} and shell False
DEBUG util.py:461:  6.13.8-200.fc41.x86_64
DEBUG util.py:608:  Child return code was: 0
DEBUG util.py:183:  kill orphans in chroot /var/lib/mock/f43-build-59088491-6571000/root
DEBUG util.py:183:  kill orphans in chroot /var/lib/mock/f43-build-59088491-6571000-bootstrap/root
INFO buildroot.py:667:  Mock Version: 6.1
DEBUG file_util.py:18:  ensuring that dir exists: /var/lib/mock/f43-build-59088491-6571000/root
DEBUG file_util.py:18:  ensuring that dir exists: /var/lib/mock/f43-build-59088491-6571000-bootstrap
DEBUG file_util.py:18:  ensuring that dir exists: /var/lib/mock/f43-build-59088491-6571000-bootstrap
DEBUG file_util.py:18:  ensuring that dir exists: /var/lib/mock/f43-build-59088491-6571000-bootstrap/root
DEBUG file_util.py:18:  ensuring that dir exists: /var/lib/mock/f43-build-59088491-6571000-bootstrap/results
INFO buildroot.py:318:  calling preinit hooks
DEBUG buildroot.py:723:  create skeleton dirs
DEBUG file_util.py:18:  ensuring that dir exists: /var/lib/mock/f43-build-59088491-6571000-bootstrap/root/var/lib/rpm
DEBUG file_util.py:18:  ensuring that dir exists: /var/lib/mock/f43-build-59088491-6571000-bootstrap/root/var/lib/yum
DEBUG file_util.py:18:  ensuring that dir exists: /var/lib/mock/f43-build-59088491-6571000-bootstrap/root/var/lib/dbus
DEBUG file_util.py:18:  ensuring that dir exists: /var/lib/mock/f43-build-59088491-6571000-bootstrap/root/var/log
DEBUG file_util.py:18:  ensuring that dir exists: /var/lib/mock/f43-build-59088491-6571000-bootstrap/root/var/cache/dnf
DEBUG file_util.py:18:  ensuring that dir exists: /var/lib/mock/f43-build-59088491-6571000-bootstrap/root/var/cache/yum
DEBUG file_util.py:18:  ensuring that dir exists: /var/lib/mock/f43-build-59088491-6571000-bootstrap/root/etc/rpm
DEBUG file_util.py:18:  ensuring that dir exists: /var/lib/mock/f43-build-59088491-6571000-bootstrap/root/tmp
DEBUG file_util.py:18:  ensuring that dir exists: /var/lib/mock/f43-build-59088491-6571000-bootstrap/root/tmp/ccache
DEBUG file_util.py:18:  ensuring that dir exists: /var/lib/mock/f43-build-59088491-6571000-bootstrap/root/var/tmp
DEBUG file_util.py:18:  ensuring that dir exists: /var/lib/mock/f43-build-59088491-6571000-bootstrap/root/etc/dnf
DEBUG file_util.py:18:  ensuring that dir exists: /var/lib/mock/f43-build-59088491-6571000-bootstrap/root/etc/dnf/vars
DEBUG file_util.py:18:  ensuring that dir exists: /var/lib/mock/f43-build-59088491-6571000-bootstrap/root/etc/yum.repos.d
DEBUG file_util.py:21:  created dir: /var/lib/mock/f43-build-59088491-6571000-bootstrap/root/etc/yum.repos.d
DEBUG file_util.py:18:  ensuring that dir exists: /var/lib/mock/f43-build-59088491-6571000-bootstrap/root/etc/yum
DEBUG file_util.py:18:  ensuring that dir exists: /var/lib/mock/f43-build-59088491-6571000-bootstrap/root/proc
DEBUG file_util.py:18:  ensuring that dir exists: /var/lib/mock/f43-build-59088491-6571000-bootstrap/root/sys
DEBUG file_util.py:18:  ensuring that dir exists: /var/lib/mock/f43-build-59088491-6571000-bootstrap/root/dev/pts
DEBUG file_util.py:18:  ensuring that dir exists: /var/lib/mock/f43-build-59088491-6571000-bootstrap/root/dev/shm
DEBUG file_util.py:18:  ensuring that dir exists: /var/lib/mock/f43-build-59088491-6571000-bootstrap/root/dev/mapper
DEBUG file_util.py:21:  created dir: /var/lib/mock/f43-build-59088491-6571000-bootstrap/root/dev/mapper
DEBUG buildroot.py:867:  kernel version == 6.13.8-200.fc41.x86_64
DEBUG file_util.py:30:  touching file: /var/lib/mock/f43-build-59088491-6571000-bootstrap/root/etc/fstab
DEBUG file_util.py:30:  touching file: /var/lib/mock/f43-build-59088491-6571000-bootstrap/root/etc/yum/yum.conf
DEBUG file_util.py:30:  touching file: /var/lib/mock/f43-build-59088491-6571000-bootstrap/root/etc/dnf/dnf.conf
DEBUG file_util.py:30:  touching file: /var/lib/mock/f43-build-59088491-6571000-bootstrap/root/var/log/yum.log
DEBUG buildroot.py:332:  rootdir = /var/lib/mock/f43-build-59088491-6571000-bootstrap/root
DEBUG buildroot.py:333:  resultdir = /var/lib/mock/f43-build-59088491-6571000-bootstrap/results
DEBUG package_manager.py:63:  searching for 'dnf5' package manager or alternatives
INFO buildroot.py:181:  Package manager dnf5 detected and used (fallback)
DEBUG file_util.py:18:  ensuring that dir exists: /var/lib/mock/f43-build-59088491-6571000-bootstrap/root/etc/pki/mock
DEBUG file_util.py:158:  Updating files in /var/lib/mock/f43-build-59088491-6571000-bootstrap/root/etc/pki/ca-trust with files from /etc/pki/ca-trust
DEBUG file_util.py:18:  ensuring that dir exists: /var/lib/mock/f43-build-59088491-6571000-bootstrap/root/etc/pki/ca-trust
DEBUG file_util.py:18:  ensuring that dir exists: /var/lib/mock/f43-build-59088491-6571000-bootstrap/root/etc/pki/ca-trust/./extracted
DEBUG file_util.py:18:  ensuring that dir exists: /var/lib/mock/f43-build-59088491-6571000-bootstrap/root/etc/pki/ca-trust/./source
DEBUG file_util.py:18:  ensuring that dir exists: /var/lib/mock/f43-build-59088491-6571000-bootstrap/root/etc/pki/ca-trust/extracted/edk2
DEBUG file_util.py:18:  ensuring that dir exists: /var/lib/mock/f43-build-59088491-6571000-bootstrap/root/etc/pki/ca-trust/extracted/java
DEBUG file_util.py:18:  ensuring that dir exists: /var/lib/mock/f43-build-59088491-6571000-bootstrap/root/etc/pki/ca-trust/extracted/openssl
DEBUG file_util.py:18:  ensuring that dir exists: /var/lib/mock/f43-build-59088491-6571000-bootstrap/root/etc/pki/ca-trust/extracted/pem
DEBUG file_util.py:18:  ensuring that dir exists: /var/lib/mock/f43-build-59088491-6571000-bootstrap/root/etc/pki/ca-trust/extracted/pem/directory-hash
DEBUG file_util.py:18:  ensuring that dir exists: /var/lib/mock/f43-build-59088491-6571000-bootstrap/root/etc/pki/ca-trust/source/anchors
DEBUG file_util.py:18:  ensuring that dir exists: /var/lib/mock/f43-build-59088491-6571000-bootstrap/root/etc/pki/ca-trust/source/blocklist
DEBUG file_util.py:158:  Updating files in /var/lib/mock/f43-build-59088491-6571000-bootstrap/root/usr/share/pki/ca-trust-source with files from /usr/share/pki/ca-trust-source
DEBUG file_util.py:18:  ensuring that dir exists: /var/lib/mock/f43-build-59088491-6571000-bootstrap/root/usr/share/pki/ca-trust-source
DEBUG file_util.py:18:  ensuring that dir exists: /var/lib/mock/f43-build-59088491-6571000-bootstrap/root/usr/share/pki/ca-trust-source/./anchors
DEBUG file_util.py:18:  ensuring that dir exists: /var/lib/mock/f43-build-59088491-6571000-bootstrap/root/usr/share/pki/ca-trust-source/./blocklist
DEBUG file_util.py:18:  ensuring that dir exists: /var/lib/mock/f43-build-59088491-6571000-bootstrap/root/usr/share
DEBUG package_manager.py:388:  Copying /usr/share/distribution-gpg-keys to the bootstrap chroot
DEBUG util.py:634:  child environment: None
DEBUG util.py:556:  Executing command: ['cp', '-a', '/usr/share/distribution-gpg-keys', '/var/lib/mock/f43-build-59088491-6571000-bootstrap/root/usr/share'] with env {'TERM': 'vt100', 'SHELL': '/bin/sh', 'HOME': '/builddir', 'HOSTNAME': 'mock', 'PATH': '/usr/bin:/bin:/usr/sbin:/sbin', 'LANG': 'C.UTF-8'} and shell False
DEBUG util.py:608:  Child return code was: 0
DEBUG file_util.py:18:  ensuring that dir exists: /var/lib/mock/f43-build-59088491-6571000-bootstrap/root/etc/dnf
DEBUG package_manager.py:689:  configure DNF vars
DEBUG file_util.py:18:  ensuring that dir exists: /var/lib/mock/f43-build-59088491-6571000-bootstrap/root/etc
DEBUG file_util.py:18:  ensuring that dir exists: /var/lib/mock/f43-build-59088491-6571000-bootstrap/root/etc
DEBUG buildroot.py:38:  method _cleanup_homedir skipped in bootstrap
DEBUG buildroot.py:38:  method _setup_build_dirs skipped in bootstrap
DEBUG buildroot.py:38:  method _make_users skipped in bootstrap
DEBUG file_util.py:30:  touching file: /var/lib/mock/f43-build-59088491-6571000-bootstrap/root/.initialized
DEBUG file_util.py:18:  ensuring that dir exists: /var/lib/mock/f43-build-59088491-6571000
DEBUG file_util.py:18:  ensuring that dir exists: /var/lib/mock/f43-build-59088491-6571000/root
DEBUG file_util.py:18:  ensuring that dir exists: /var/lib/mock/f43-build-59088491-6571000/result
INFO buildroot.py:318:  calling preinit hooks
DEBUG util.py:634:  child environment: None
DEBUG util.py:556:  Executing command: ['/usr/bin/lscpu'] with env {'TERM': 'vt100', 'SHELL': '/bin/sh', 'HOME': '/builddir', 'HOSTNAME': 'mock', 'PATH': '/usr/bin:/bin:/usr/sbin:/sbin', 'LANG': 'C.UTF-8'} and shell False
DEBUG util.py:461:  Architecture:                         x86_64
DEBUG util.py:461:  CPU op-mode(s):                       32-bit, 64-bit
DEBUG util.py:461:  Address sizes:                        46 bits physical, 48 bits virtual
DEBUG util.py:461:  Byte Order:                           Little Endian
DEBUG util.py:461:  CPU(s):                               48
DEBUG util.py:461:  On-line CPU(s) list:                  0-47
DEBUG util.py:461:  Vendor ID:                            GenuineIntel
DEBUG util.py:461:  Model name:                           Intel(R) Xeon(R) CPU E5-2670 v3 @ 2.30GHz
DEBUG util.py:461:  CPU family:                           6
DEBUG util.py:461:  Model:                                63
DEBUG util.py:461:  Thread(s) per core:                   2
DEBUG util.py:461:  Core(s) per socket:                   12
DEBUG util.py:461:  Socket(s):                            2
DEBUG util.py:461:  Stepping:                             2
DEBUG util.py:461:  CPU(s) scaling MHz:                   44%
DEBUG util.py:461:  CPU max MHz:                          3100.0000
DEBUG util.py:461:  CPU min MHz:                          1200.0000
DEBUG util.py:461:  BogoMIPS:                             4599.76
DEBUG util.py:461:  Flags:                                fpu vme de pse tsc msr pae mce cx8 apic sep mtrr pge mca cmov pat pse36 clflush dts acpi mmx fxsr sse sse2 ss ht tm pbe syscall nx pdpe1gb rdtscp lm constant_tsc arch_perfmon pebs bts rep_good nopl xtopology nonstop_tsc cpuid aperfmperf pni pclmulqdq dtes64 monitor ds_cpl vmx smx est tm2 ssse3 sdbg fma cx16 xtpr pdcm pcid dca sse4_1 sse4_2 x2apic movbe popcnt tsc_deadline_timer aes xsave avx f16c rdrand lahf_lm abm cpuid_fault epb pti ssbd ibrs ibpb stibp tpr_shadow flexpriority ept vpid ept_ad fsgsbase tsc_adjust bmi1 avx2 smep bmi2 erms invpcid cqm xsaveopt cqm_llc cqm_occup_llc dtherm ida arat pln pts vnmi md_clear flush_l1d
DEBUG util.py:461:  Virtualization:                       VT-x
DEBUG util.py:461:  L1d cache:                            768 KiB (24 instances)
DEBUG util.py:461:  L1i cache:                            768 KiB (24 instances)
DEBUG util.py:461:  L2 cache:                             6 MiB (24 instances)
DEBUG util.py:461:  L3 cache:                             60 MiB (2 instances)
DEBUG util.py:461:  NUMA node(s):                         2
DEBUG util.py:461:  NUMA node0 CPU(s):                    0,2,4,6,8,10,12,14,16,18,20,22,24,26,28,30,32,34,36,38,40,42,44,46
DEBUG util.py:461:  NUMA node1 CPU(s):                    1,3,5,7,9,11,13,15,17,19,21,23,25,27,29,31,33,35,37,39,41,43,45,47
DEBUG util.py:461:  Vulnerability Gather data sampling:   Not affected
DEBUG util.py:461:  Vulnerability Itlb multihit:          KVM: Mitigation: Split huge pages
DEBUG util.py:461:  Vulnerability L1tf:                   Mitigation; PTE Inversion; VMX conditional cache flushes, SMT vulnerable
DEBUG util.py:461:  Vulnerability Mds:                    Mitigation; Clear CPU buffers; SMT vulnerable
DEBUG util.py:461:  Vulnerability Meltdown:               Mitigation; PTI
DEBUG util.py:461:  Vulnerability Mmio stale data:        Mitigation; Clear CPU buffers; SMT vulnerable
DEBUG util.py:461:  Vulnerability Reg file data sampling: Not affected
DEBUG util.py:461:  Vulnerability Retbleed:               Not affected
DEBUG util.py:461:  Vulnerability Spec rstack overflow:   Not affected
DEBUG util.py:461:  Vulnerability Spec store bypass:      Mitigation; Speculative Store Bypass disabled via prctl
DEBUG util.py:461:  Vulnerability Spectre v1:             Mitigation; usercopy/swapgs barriers and __user pointer sanitization
DEBUG util.py:461:  Vulnerability Spectre v2:             Mitigation; Retpolines; IBPB conditional; IBRS_FW; STIBP conditional; RSB filling; PBRSB-eIBRS Not affected; BHI Not affected
DEBUG util.py:461:  Vulnerability Srbds:                  Not affected
DEBUG util.py:461:  Vulnerability Tsx async abort:        Not affected
DEBUG util.py:608:  Child return code was: 0
DEBUG util.py:634:  child environment: None
DEBUG util.py:556:  Executing command: ['/bin/free'] with env {'TERM': 'vt100', 'SHELL': '/bin/sh', 'HOME': '/builddir', 'HOSTNAME': 'mock', 'PATH': '/usr/bin:/bin:/usr/sbin:/sbin', 'LANG': 'C.UTF-8'} and shell False
DEBUG util.py:461:                 total        used        free      shared  buff/cache   available
DEBUG util.py:461:  Mem:       131875172     3660652   106132500        7060    23660360   128214520
DEBUG util.py:461:  Swap:        8388604       15068     8373536
DEBUG util.py:608:  Child return code was: 0
DEBUG util.py:634:  child environment: None
DEBUG util.py:556:  Executing command: ['/bin/df', '-H', '-T', '/var/lib/mock/f43-build-59088491-6571000/root', '/var/cache/mock'] with env {'TERM': 'vt100', 'SHELL': '/bin/sh', 'HOME': '/builddir', 'HOSTNAME': 'mock', 'PATH': '/usr/bin:/bin:/usr/sbin:/sbin', 'LANG': 'C.UTF-8'} and shell False
DEBUG util.py:461:  Filesystem                                            Type   Size  Used Avail Use% Mounted on
DEBUG util.py:461:  /dev/mapper/luks-ae8db37f-d89a-464a-bdea-7e4ed81cf602 btrfs  399G   16G  372G   4% /
DEBUG util.py:461:  /dev/mapper/luks-ae8db37f-d89a-464a-bdea-7e4ed81cf602 btrfs  399G   16G  372G   4% /
DEBUG util.py:608:  Child return code was: 0
DEBUG buildroot.py:723:  create skeleton dirs
DEBUG file_util.py:18:  ensuring that dir exists: /var/lib/mock/f43-build-59088491-6571000/root/var/lib/rpm
DEBUG file_util.py:18:  ensuring that dir exists: /var/lib/mock/f43-build-59088491-6571000/root/var/lib/yum
DEBUG file_util.py:18:  ensuring that dir exists: /var/lib/mock/f43-build-59088491-6571000/root/var/lib/dbus
DEBUG file_util.py:18:  ensuring that dir exists: /var/lib/mock/f43-build-59088491-6571000/root/var/log
DEBUG file_util.py:18:  ensuring that dir exists: /var/lib/mock/f43-build-59088491-6571000/root/var/cache/dnf
DEBUG file_util.py:18:  ensuring that dir exists: /var/lib/mock/f43-build-59088491-6571000/root/var/cache/yum
DEBUG file_util.py:18:  ensuring that dir exists: /var/lib/mock/f43-build-59088491-6571000/root/etc/rpm
DEBUG file_util.py:18:  ensuring that dir exists: /var/lib/mock/f43-build-59088491-6571000/root/tmp
DEBUG file_util.py:18:  ensuring that dir exists: /var/lib/mock/f43-build-59088491-6571000/root/tmp/ccache
DEBUG file_util.py:18:  ensuring that dir exists: /var/lib/mock/f43-build-59088491-6571000/root/var/tmp
DEBUG file_util.py:18:  ensuring that dir exists: /var/lib/mock/f43-build-59088491-6571000/root/etc/dnf
DEBUG file_util.py:18:  ensuring that dir exists: /var/lib/mock/f43-build-59088491-6571000/root/etc/dnf/vars
DEBUG file_util.py:18:  ensuring that dir exists: /var/lib/mock/f43-build-59088491-6571000/root/etc/yum.repos.d
DEBUG file_util.py:21:  created dir: /var/lib/mock/f43-build-59088491-6571000/root/etc/yum.repos.d
DEBUG file_util.py:18:  ensuring that dir exists: /var/lib/mock/f43-build-59088491-6571000/root/etc/yum
DEBUG file_util.py:18:  ensuring that dir exists: /var/lib/mock/f43-build-59088491-6571000/root/proc
DEBUG file_util.py:18:  ensuring that dir exists: /var/lib/mock/f43-build-59088491-6571000/root/sys
DEBUG file_util.py:18:  ensuring that dir exists: /var/lib/mock/f43-build-59088491-6571000/root/dev/pts
DEBUG file_util.py:18:  ensuring that dir exists: /var/lib/mock/f43-build-59088491-6571000/root/dev/shm
DEBUG file_util.py:18:  ensuring that dir exists: /var/lib/mock/f43-build-59088491-6571000/root/dev/mapper
DEBUG file_util.py:21:  created dir: /var/lib/mock/f43-build-59088491-6571000/root/dev/mapper
DEBUG buildroot.py:867:  kernel version == 6.13.8-200.fc41.x86_64
DEBUG file_util.py:30:  touching file: /var/lib/mock/f43-build-59088491-6571000/root/etc/fstab
DEBUG file_util.py:30:  touching file: /var/lib/mock/f43-build-59088491-6571000/root/etc/yum/yum.conf
DEBUG file_util.py:30:  touching file: /var/lib/mock/f43-build-59088491-6571000/root/etc/dnf/dnf.conf
DEBUG file_util.py:30:  touching file: /var/lib/mock/f43-build-59088491-6571000/root/var/log/yum.log
DEBUG buildroot.py:332:  rootdir = /var/lib/mock/f43-build-59088491-6571000/root
DEBUG buildroot.py:333:  resultdir = /var/lib/mock/f43-build-59088491-6571000/result
INFO buildroot.py:181:  Package manager dnf5 detected and used (direct choice)
DEBUG file_util.py:18:  ensuring that dir exists: /var/lib/mock/f43-build-59088491-6571000/root/etc/pki/mock
DEBUG file_util.py:158:  Updating files in /var/lib/mock/f43-build-59088491-6571000/root/etc/pki/ca-trust with files from /etc/pki/ca-trust
DEBUG file_util.py:18:  ensuring that dir exists: /var/lib/mock/f43-build-59088491-6571000/root/etc/pki/ca-trust
DEBUG file_util.py:18:  ensuring that dir exists: /var/lib/mock/f43-build-59088491-6571000/root/etc/pki/ca-trust/./extracted
DEBUG file_util.py:18:  ensuring that dir exists: /var/lib/mock/f43-build-59088491-6571000/root/etc/pki/ca-trust/./source
DEBUG file_util.py:18:  ensuring that dir exists: /var/lib/mock/f43-build-59088491-6571000/root/etc/pki/ca-trust/extracted/edk2
DEBUG file_util.py:18:  ensuring that dir exists: /var/lib/mock/f43-build-59088491-6571000/root/etc/pki/ca-trust/extracted/java
DEBUG file_util.py:18:  ensuring that dir exists: /var/lib/mock/f43-build-59088491-6571000/root/etc/pki/ca-trust/extracted/openssl
DEBUG file_util.py:18:  ensuring that dir exists: /var/lib/mock/f43-build-59088491-6571000/root/etc/pki/ca-trust/extracted/pem
DEBUG file_util.py:18:  ensuring that dir exists: /var/lib/mock/f43-build-59088491-6571000/root/etc/pki/ca-trust/extracted/pem/directory-hash
DEBUG file_util.py:18:  ensuring that dir exists: /var/lib/mock/f43-build-59088491-6571000/root/etc/pki/ca-trust/source/anchors
DEBUG file_util.py:18:  ensuring that dir exists: /var/lib/mock/f43-build-59088491-6571000/root/etc/pki/ca-trust/source/blocklist
DEBUG file_util.py:158:  Updating files in /var/lib/mock/f43-build-59088491-6571000/root/usr/share/pki/ca-trust-source with files from /usr/share/pki/ca-trust-source
DEBUG file_util.py:18:  ensuring that dir exists: /var/lib/mock/f43-build-59088491-6571000/root/usr/share/pki/ca-trust-source
DEBUG file_util.py:18:  ensuring that dir exists: /var/lib/mock/f43-build-59088491-6571000/root/usr/share/pki/ca-trust-source/./anchors
DEBUG file_util.py:18:  ensuring that dir exists: /var/lib/mock/f43-build-59088491-6571000/root/usr/share/pki/ca-trust-source/./blocklist
DEBUG file_util.py:18:  ensuring that dir exists: /var/lib/mock/f43-build-59088491-6571000/root/etc/dnf
DEBUG package_manager.py:689:  configure DNF vars
DEBUG util.py:634:  child environment: None
DEBUG util.py:556:  Executing command: ['rpm', '-q', 'rpm', 'rpm-sequoia', 'python3-dnf', 'python3-dnf-plugins-core', 'yum', 'yum-utils', 'dnf5', 'dnf5-plugins', '--root', '/var/lib/mock/f43-build-59088491-6571000-bootstrap/root'] with env {'TERM': 'vt100', 'SHELL': '/bin/sh', 'HOME': '/builddir', 'HOSTNAME': 'mock', 'PATH': '/usr/bin:/bin:/usr/sbin:/sbin', 'LANG': 'C.UTF-8'} and shell False
DEBUG util.py:461:  rpm-5.99.90-3.fc43.x86_64
DEBUG util.py:461:  rpm-sequoia-1.8.0-1.fc43.x86_64
DEBUG util.py:461:  package python3-dnf is not installed
DEBUG util.py:461:  package python3-dnf-plugins-core is not installed
DEBUG util.py:461:  package yum is not installed
DEBUG util.py:461:  package yum-utils is not installed
DEBUG util.py:461:  dnf5-5.2.13.1-1.fc43.x86_64
DEBUG util.py:461:  dnf5-plugins-5.2.13.1-1.fc43.x86_64
DEBUG util.py:608:  Child return code was: 4
INFO package_manager.py:201:  Buildroot is handled by package management installed into bootstrap:
  rpm-5.99.90-3.fc43.x86_64
  rpm-sequoia-1.8.0-1.fc43.x86_64
  dnf5-5.2.13.1-1.fc43.x86_64
  dnf5-plugins-5.2.13.1-1.fc43.x86_64
DEBUG file_util.py:18:  ensuring that dir exists: /var/lib/mock/f43-build-59088491-6571000/root/builddir/build
DEBUG file_util.py:18:  ensuring that dir exists: /var/lib/mock/f43-build-59088491-6571000/root/builddir/build/RPMS
DEBUG file_util.py:21:  created dir: /var/lib/mock/f43-build-59088491-6571000/root/builddir/build/RPMS
DEBUG file_util.py:18:  ensuring that dir exists: /var/lib/mock/f43-build-59088491-6571000/root/builddir/build/SPECS
DEBUG file_util.py:21:  created dir: /var/lib/mock/f43-build-59088491-6571000/root/builddir/build/SPECS
DEBUG file_util.py:18:  ensuring that dir exists: /var/lib/mock/f43-build-59088491-6571000/root/builddir/build/SRPMS
DEBUG file_util.py:21:  created dir: /var/lib/mock/f43-build-59088491-6571000/root/builddir/build/SRPMS
DEBUG file_util.py:18:  ensuring that dir exists: /var/lib/mock/f43-build-59088491-6571000/root/builddir/build/SOURCES
DEBUG file_util.py:18:  ensuring that dir exists: /var/lib/mock/f43-build-59088491-6571000/root/builddir/build/BUILD
DEBUG file_util.py:21:  created dir: /var/lib/mock/f43-build-59088491-6571000/root/builddir/build/BUILD
DEBUG file_util.py:18:  ensuring that dir exists: /var/lib/mock/f43-build-59088491-6571000/root/builddir/build/BUILDROOT
DEBUG file_util.py:21:  created dir: /var/lib/mock/f43-build-59088491-6571000/root/builddir/build/BUILDROOT
DEBUG file_util.py:18:  ensuring that dir exists: /var/lib/mock/f43-build-59088491-6571000/root/builddir/build/originals
DEBUG file_util.py:21:  created dir: /var/lib/mock/f43-build-59088491-6571000/root/builddir/build/originals
DEBUG file_util.py:18:  ensuring that dir exists: /var/lib/mock/f43-build-59088491-6571000/root/builddir
DEBUG util.py:634:  child environment: None
DEBUG util.py:556:  Executing command: ['userdel', '-f', 'mockbuild', '--prefix', '/var/lib/mock/f43-build-59088491-6571000/root'] with env {'TERM': 'vt100', 'SHELL': '/bin/sh', 'HOME': '/builddir', 'HOSTNAME': 'mock', 'PATH': '/usr/bin:/bin:/usr/sbin:/sbin', 'LANG': 'C.UTF-8'} and shell False
DEBUG util.py:608:  Child return code was: 0
DEBUG util.py:634:  child environment: None
DEBUG util.py:556:  Executing command: ['groupdel', 'mock', '--prefix', '/var/lib/mock/f43-build-59088491-6571000/root'] with env {'TERM': 'vt100', 'SHELL': '/bin/sh', 'HOME': '/builddir', 'HOSTNAME': 'mock', 'PATH': '/usr/bin:/bin:/usr/sbin:/sbin', 'LANG': 'C.UTF-8'} and shell False
DEBUG util.py:608:  Child return code was: 0
DEBUG util.py:634:  child environment: None
DEBUG util.py:556:  Executing command: ['groupadd', 'mock', '-g', '425', '--prefix', '/var/lib/mock/f43-build-59088491-6571000/root'] with env {'TERM': 'vt100', 'SHELL': '/bin/sh', 'HOME': '/builddir', 'HOSTNAME': 'mock', 'PATH': '/usr/bin:/bin:/usr/sbin:/sbin', 'LANG': 'C.UTF-8'} and shell False
DEBUG util.py:608:  Child return code was: 0
DEBUG util.py:634:  child environment: None
DEBUG util.py:556:  Executing command: ['useradd', 'mockbuild', '-o', '-u', '1000', '-g', '425', '-N', '-d', '/builddir', '--prefix', '/var/lib/mock/f43-build-59088491-6571000/root'] with env {'TERM': 'vt100', 'SHELL': '/bin/sh', 'HOME': '/builddir', 'HOSTNAME': 'mock', 'PATH': '/usr/bin:/bin:/usr/sbin:/sbin', 'LANG': 'C.UTF-8'} and shell False
DEBUG util.py:459:  useradd: warning: the home directory /builddir already exists.
DEBUG util.py:459:  useradd: Not copying any file from skel directory into it.
DEBUG util.py:459:  Creating mailbox file: File exists
DEBUG util.py:608:  Child return code was: 0
DEBUG file_util.py:30:  touching file: /var/lib/mock/f43-build-59088491-6571000/root/.initialized
DEBUG util.py:634:  child environment: None
DEBUG util.py:551:  Using nspawn with args ['--capability=cap_ipc_lock', '--bind=/tmp/mock-resolv.uqk8_svh:/etc/resolv.conf', '--bind=/dev/btrfs-control', '--bind=/dev/mapper/control', '--bind=/dev/fuse', '--bind=/dev/loop-control', '--bind=/dev/loop0', '--bind=/dev/loop1', '--bind=/dev/loop2', '--bind=/dev/loop3', '--bind=/dev/loop4', '--bind=/dev/loop5', '--bind=/dev/loop6', '--bind=/dev/loop7', '--bind=/dev/loop8', '--bind=/dev/loop9', '--bind=/dev/loop10', '--bind=/dev/loop11']
DEBUG util.py:556:  Executing command: ['/usr/bin/systemd-nspawn', '-q', '-M', '6852ceac4aca4d2f820fc03c80f3d326', '-D', '/var/lib/mock/f43-build-59088491-6571000/root', '-a', '-u', 'mockbuild', '--capability=cap_ipc_lock', '--bind=/tmp/mock-resolv.uqk8_svh:/etc/resolv.conf', '--bind=/dev/btrfs-control', '--bind=/dev/mapper/control', '--bind=/dev/fuse', '--bind=/dev/loop-control', '--bind=/dev/loop0', '--bind=/dev/loop1', '--bind=/dev/loop2', '--bind=/dev/loop3', '--bind=/dev/loop4', '--bind=/dev/loop5', '--bind=/dev/loop6', '--bind=/dev/loop7', '--bind=/dev/loop8', '--bind=/dev/loop9', '--bind=/dev/loop10', '--bind=/dev/loop11', '--console=pipe', '--setenv=TERM=vt100', '--setenv=SHELL=/bin/bash', '--setenv=HOME=/builddir', '--setenv=HOSTNAME=mock', '--setenv=PATH=/usr/bin:/bin:/usr/sbin:/sbin', '--setenv=PROMPT_COMMAND=printf "\\033]0;<mock-chroot>\\007"', '--setenv=PS1=<mock-chroot> \\s-\\v\\$ ', '--setenv=LANG=C.UTF-8', '--resolv-conf=off', '/bin/rpm', '-Uvh', '--nodeps', '/builddir/build/originals/glimpse-4.12.6^git20161025.4945711-4.fc43.src.rpm'] with env {'TERM': 'vt100', 'SHELL': '/bin/bash', 'HOME': '/builddir', 'HOSTNAME': 'mock', 'PATH': '/usr/bin:/bin:/usr/sbin:/sbin', 'PROMPT_COMMAND': 'printf "\\033]0;<mock-chroot>\\007"', 'PS1': '<mock-chroot> \\s-\\v\\$ ', 'LANG': 'C.UTF-8', 'SYSTEMD_NSPAWN_TMPFS_TMP': '0', 'SYSTEMD_SECCOMP': '0'} and shell False
DEBUG util.py:461:  Updating / installing...
DEBUG util.py:461:  glimpse-4.12.6^git20161025.4945711-4.f########################################
DEBUG util.py:608:  Child return code was: 0
DEBUG util.py:634:  child environment: None
DEBUG util.py:551:  Using nspawn with args ['--capability=cap_ipc_lock', '--bind=/tmp/mock-resolv.uqk8_svh:/etc/resolv.conf', '--bind=/dev/btrfs-control', '--bind=/dev/mapper/control', '--bind=/dev/fuse', '--bind=/dev/loop-control', '--bind=/dev/loop0', '--bind=/dev/loop1', '--bind=/dev/loop2', '--bind=/dev/loop3', '--bind=/dev/loop4', '--bind=/dev/loop5', '--bind=/dev/loop6', '--bind=/dev/loop7', '--bind=/dev/loop8', '--bind=/dev/loop9', '--bind=/dev/loop10', '--bind=/dev/loop11']
DEBUG util.py:556:  Executing command: ['/usr/bin/systemd-nspawn', '-q', '-M', '151ef4784d9f4113be2cffdbd20d8279', '-D', '/var/lib/mock/f43-build-59088491-6571000/root', '-a', '-u', 'mockbuild', '--capability=cap_ipc_lock', '--bind=/tmp/mock-resolv.uqk8_svh:/etc/resolv.conf', '--bind=/dev/btrfs-control', '--bind=/dev/mapper/control', '--bind=/dev/fuse', '--bind=/dev/loop-control', '--bind=/dev/loop0', '--bind=/dev/loop1', '--bind=/dev/loop2', '--bind=/dev/loop3', '--bind=/dev/loop4', '--bind=/dev/loop5', '--bind=/dev/loop6', '--bind=/dev/loop7', '--bind=/dev/loop8', '--bind=/dev/loop9', '--bind=/dev/loop10', '--bind=/dev/loop11', '--console=pipe', '--setenv=TERM=vt100', '--setenv=SHELL=/bin/bash', '--setenv=HOME=/builddir', '--setenv=HOSTNAME=mock', '--setenv=PATH=/usr/bin:/bin:/usr/sbin:/sbin', '--setenv=PROMPT_COMMAND=printf "\\033]0;<mock-chroot>\\007"', '--setenv=PS1=<mock-chroot> \\s-\\v\\$ ', '--setenv=LANG=C.UTF-8', '--resolv-conf=off', '/bin/rpm', '-qpl', '/builddir/build/originals/glimpse-4.12.6^git20161025.4945711-4.fc43.src.rpm'] with env {'TERM': 'vt100', 'SHELL': '/bin/bash', 'HOME': '/builddir', 'HOSTNAME': 'mock', 'PATH': '/usr/bin:/bin:/usr/sbin:/sbin', 'PROMPT_COMMAND': 'printf "\\033]0;<mock-chroot>\\007"', 'PS1': '<mock-chroot> \\s-\\v\\$ ', 'LANG': 'C.UTF-8', 'SYSTEMD_NSPAWN_TMPFS_TMP': '0', 'SYSTEMD_SECCOMP': '0'} and shell False
DEBUG util.py:461:  agrep-fix-double-free.patch
DEBUG util.py:461:  fix-makefile-cc-var.patch
DEBUG util.py:461:  fix-makefile.patch
DEBUG util.py:461:  glimpse-49457116bb0796636fd1bc84f39006fb102bfafc.tar.gz
DEBUG util.py:461:  glimpse.spec
DEBUG util.py:608:  Child return code was: 0
DEBUG util.py:634:  child environment: None
DEBUG util.py:551:  Using nspawn with args ['--capability=cap_ipc_lock', '--bind=/tmp/mock-resolv.uqk8_svh:/etc/resolv.conf', '--bind=/dev/btrfs-control', '--bind=/dev/mapper/control', '--bind=/dev/fuse', '--bind=/dev/loop-control', '--bind=/dev/loop0', '--bind=/dev/loop1', '--bind=/dev/loop2', '--bind=/dev/loop3', '--bind=/dev/loop4', '--bind=/dev/loop5', '--bind=/dev/loop6', '--bind=/dev/loop7', '--bind=/dev/loop8', '--bind=/dev/loop9', '--bind=/dev/loop10', '--bind=/dev/loop11']
DEBUG util.py:556:  Executing command: ['/usr/bin/systemd-nspawn', '-q', '-M', 'db581e6d3e2b46fdadf30eb667151164', '-D', '/var/lib/mock/f43-build-59088491-6571000/root', '-a', '--capability=cap_ipc_lock', '--bind=/tmp/mock-resolv.uqk8_svh:/etc/resolv.conf', '--bind=/dev/btrfs-control', '--bind=/dev/mapper/control', '--bind=/dev/fuse', '--bind=/dev/loop-control', '--bind=/dev/loop0', '--bind=/dev/loop1', '--bind=/dev/loop2', '--bind=/dev/loop3', '--bind=/dev/loop4', '--bind=/dev/loop5', '--bind=/dev/loop6', '--bind=/dev/loop7', '--bind=/dev/loop8', '--bind=/dev/loop9', '--bind=/dev/loop10', '--bind=/dev/loop11', '--console=pipe', '--setenv=TERM=vt100', '--setenv=SHELL=/bin/bash', '--setenv=HOME=/builddir', '--setenv=HOSTNAME=mock', '--setenv=PATH=/usr/bin:/bin:/usr/sbin:/sbin', '--setenv=PROMPT_COMMAND=printf "\\033]0;<mock-chroot>\\007"', '--setenv=PS1=<mock-chroot> \\s-\\v\\$ ', '--setenv=LANG=C.UTF-8', '--resolv-conf=off', '/bin/sh', '-c', 'case $(rpmbuild --help) in *--noclean*) exit 0; esac; exit 1'] with env {'TERM': 'vt100', 'SHELL': '/bin/bash', 'HOME': '/builddir', 'HOSTNAME': 'mock', 'PATH': '/usr/bin:/bin:/usr/sbin:/sbin', 'PROMPT_COMMAND': 'printf "\\033]0;<mock-chroot>\\007"', 'PS1': '<mock-chroot> \\s-\\v\\$ ', 'LANG': 'C.UTF-8', 'SYSTEMD_NSPAWN_TMPFS_TMP': '0', 'SYSTEMD_SECCOMP': '0'} and shell False
DEBUG util.py:608:  Child return code was: 0
DEBUG util.py:634:  child environment: None
DEBUG file_util.py:18:  ensuring that dir exists: /var/lib/mock/f43-build-59088491-6571000/root/proc
DEBUG util.py:634:  child environment: None
DEBUG util.py:556:  Executing command: ['/bin/mount', '-n', '-t', 'tmpfs', '-o', 'rprivate,mode=0755', 'tmpfs', '/var/lib/mock/f43-build-59088491-6571000/root/proc'] with env {'TERM': 'vt100', 'SHELL': '/bin/sh', 'HOME': '/builddir', 'HOSTNAME': 'mock', 'PATH': '/usr/bin:/bin:/usr/sbin:/sbin', 'LANG': 'C.UTF-8'} and shell False
DEBUG util.py:608:  Child return code was: 0
DEBUG file_util.py:18:  ensuring that dir exists: /var/lib/mock/f43-build-59088491-6571000/root/proc
DEBUG util.py:634:  child environment: None
DEBUG util.py:556:  Executing command: ['/bin/mount', '-n', '-o', 'rbind', '/proc', '/var/lib/mock/f43-build-59088491-6571000/root/proc'] with env {'TERM': 'vt100', 'SHELL': '/bin/sh', 'HOME': '/builddir', 'HOSTNAME': 'mock', 'PATH': '/usr/bin:/bin:/usr/sbin:/sbin', 'LANG': 'C.UTF-8'} and shell False
DEBUG util.py:608:  Child return code was: 0
DEBUG util.py:634:  child environment: None
DEBUG util.py:556:  Executing command: ['/bin/mount', '-n', '-o', 'remount,nodev,noexec,nosuid,readonly,rprivate,rbind', '--target', '/var/lib/mock/f43-build-59088491-6571000/root/proc'] with env {'TERM': 'vt100', 'SHELL': '/bin/sh', 'HOME': '/builddir', 'HOSTNAME': 'mock', 'PATH': '/usr/bin:/bin:/usr/sbin:/sbin', 'LANG': 'C.UTF-8'} and shell False
DEBUG util.py:608:  Child return code was: 0
DEBUG file_util.py:18:  ensuring that dir exists: /var/lib/mock/f43-build-59088491-6571000/root/sys
DEBUG util.py:634:  child environment: None
DEBUG util.py:556:  Executing command: ['/bin/mount', '-n', '-t', 'tmpfs', '-o', 'rprivate,mode=0755', 'tmpfs', '/var/lib/mock/f43-build-59088491-6571000/root/sys'] with env {'TERM': 'vt100', 'SHELL': '/bin/sh', 'HOME': '/builddir', 'HOSTNAME': 'mock', 'PATH': '/usr/bin:/bin:/usr/sbin:/sbin', 'LANG': 'C.UTF-8'} and shell False
DEBUG util.py:608:  Child return code was: 0
DEBUG file_util.py:18:  ensuring that dir exists: /var/lib/mock/f43-build-59088491-6571000/root/sys
DEBUG util.py:634:  child environment: None
DEBUG util.py:556:  Executing command: ['/bin/mount', '-n', '-o', 'rbind', '/sys', '/var/lib/mock/f43-build-59088491-6571000/root/sys'] with env {'TERM': 'vt100', 'SHELL': '/bin/sh', 'HOME': '/builddir', 'HOSTNAME': 'mock', 'PATH': '/usr/bin:/bin:/usr/sbin:/sbin', 'LANG': 'C.UTF-8'} and shell False
DEBUG util.py:608:  Child return code was: 0
DEBUG util.py:634:  child environment: None
DEBUG util.py:556:  Executing command: ['/bin/mount', '-n', '-o', 'remount,nodev,noexec,nosuid,readonly,rprivate,rbind', '--target', '/var/lib/mock/f43-build-59088491-6571000/root/sys'] with env {'TERM': 'vt100', 'SHELL': '/bin/sh', 'HOME': '/builddir', 'HOSTNAME': 'mock', 'PATH': '/usr/bin:/bin:/usr/sbin:/sbin', 'LANG': 'C.UTF-8'} and shell False
DEBUG util.py:608:  Child return code was: 0
DEBUG file_util.py:18:  ensuring that dir exists: /var/lib/mock/f43-build-59088491-6571000/root/dev/shm
DEBUG util.py:634:  child environment: None
DEBUG util.py:556:  Executing command: ['/bin/mount', '-n', '-t', 'tmpfs', 'tmpfs', '/var/lib/mock/f43-build-59088491-6571000/root/dev/shm'] with env {'TERM': 'vt100', 'SHELL': '/bin/sh', 'HOME': '/builddir', 'HOSTNAME': 'mock', 'PATH': '/usr/bin:/bin:/usr/sbin:/sbin', 'LANG': 'C.UTF-8'} and shell False
DEBUG util.py:608:  Child return code was: 0
DEBUG file_util.py:18:  ensuring that dir exists: /var/lib/mock/f43-build-59088491-6571000/root/dev/pts
DEBUG util.py:634:  child environment: None
DEBUG util.py:556:  Executing command: ['/bin/mount', '-n', '-t', 'devpts', '-o', 'gid=5,mode=0620,ptmxmode=0666,newinstance', 'devpts', '/var/lib/mock/f43-build-59088491-6571000/root/dev/pts'] with env {'TERM': 'vt100', 'SHELL': '/bin/sh', 'HOME': '/builddir', 'HOSTNAME': 'mock', 'PATH': '/usr/bin:/bin:/usr/sbin:/sbin', 'LANG': 'C.UTF-8'} and shell False
DEBUG util.py:608:  Child return code was: 0
DEBUG util.py:634:  child environment: None
DEBUG util.py:556:  Executing command: ['/bin/mount', '-n', '-o', 'bind', '/tmp/mock-selinux-plugin.m5hpt8ah', '/var/lib/mock/f43-build-59088491-6571000/root/proc/filesystems'] with env {'TERM': 'vt100', 'SHELL': '/bin/sh', 'HOME': '/builddir', 'HOSTNAME': 'mock', 'PATH': '/usr/bin:/bin:/usr/sbin:/sbin', 'LANG': 'C.UTF-8'} and shell False
DEBUG util.py:608:  Child return code was: 0
DEBUG file_util.py:18:  ensuring that dir exists: /var/lib/mock/f43-build-59088491-6571000/root/sys/fs/selinux
DEBUG util.py:634:  child environment: None
DEBUG util.py:556:  Executing command: ['/bin/mount', '-n', '-t', 'tmpfs', 'tmpfs', '/var/lib/mock/f43-build-59088491-6571000/root/sys/fs/selinux'] with env {'TERM': 'vt100', 'SHELL': '/bin/sh', 'HOME': '/builddir', 'HOSTNAME': 'mock', 'PATH': '/usr/bin:/bin:/usr/sbin:/sbin', 'LANG': 'C.UTF-8'} and shell False
DEBUG util.py:608:  Child return code was: 0
DEBUG file_util.py:18:  ensuring that dir exists: /var/lib/mock/f43-build-59088491-6571000-bootstrap/root/var/lib/mock/f43-build-59088491-6571000/root
DEBUG util.py:634:  child environment: None
DEBUG util.py:556:  Executing command: ['/bin/mount', '-n', '-t', 'tmpfs', '-o', 'private,mode=0755', 'tmpfs', '/var/lib/mock/f43-build-59088491-6571000-bootstrap/root/var/lib/mock/f43-build-59088491-6571000/root'] with env {'TERM': 'vt100', 'SHELL': '/bin/sh', 'HOME': '/builddir', 'HOSTNAME': 'mock', 'PATH': '/usr/bin:/bin:/usr/sbin:/sbin', 'LANG': 'C.UTF-8'} and shell False
DEBUG util.py:608:  Child return code was: 0
DEBUG file_util.py:18:  ensuring that dir exists: /var/lib/mock/f43-build-59088491-6571000-bootstrap/root/var/lib/mock/f43-build-59088491-6571000/root
DEBUG util.py:634:  child environment: None
DEBUG util.py:556:  Executing command: ['/bin/mount', '-n', '-o', 'rbind', '/var/lib/mock/f43-build-59088491-6571000/root', '/var/lib/mock/f43-build-59088491-6571000-bootstrap/root/var/lib/mock/f43-build-59088491-6571000/root'] with env {'TERM': 'vt100', 'SHELL': '/bin/sh', 'HOME': '/builddir', 'HOSTNAME': 'mock', 'PATH': '/usr/bin:/bin:/usr/sbin:/sbin', 'LANG': 'C.UTF-8'} and shell False
DEBUG util.py:608:  Child return code was: 0
DEBUG util.py:634:  child environment: None
DEBUG util.py:556:  Executing command: ['/bin/mount', '-n', '-o', 'remount,private,rbind', '--target', '/var/lib/mock/f43-build-59088491-6571000-bootstrap/root/var/lib/mock/f43-build-59088491-6571000/root'] with env {'TERM': 'vt100', 'SHELL': '/bin/sh', 'HOME': '/builddir', 'HOSTNAME': 'mock', 'PATH': '/usr/bin:/bin:/usr/sbin:/sbin', 'LANG': 'C.UTF-8'} and shell False
DEBUG util.py:608:  Child return code was: 0
DEBUG file_util.py:18:  ensuring that dir exists: /var/lib/mock/f43-build-59088491-6571000/root/installation-homedir
DEBUG package_manager.py:295:  ['/usr/bin/dnf5', 'builddep', '--installroot', '/var/lib/mock/f43-build-59088491-6571000/root/', '/var/lib/mock/f43-build-59088491-6571000/root//builddir/build/SRPMS/glimpse-4.12.6^git20161025.4945711-4.fc43.src.rpm', '--setopt=deltarpm=False', '--setopt=allow_vendor_change=yes', '--allowerasing']
DEBUG util.py:634:  child environment: None
DEBUG util.py:551:  Using nspawn with args ['--capability=cap_ipc_lock', '--bind=/tmp/mock-resolv.vn4i0c8a:/etc/resolv.conf']
DEBUG util.py:556:  Executing command: ['/usr/bin/systemd-nspawn', '-q', '-M', '85e209a2e8eb41c1b01fcd7d4a40b632', '-D', '/var/lib/mock/f43-build-59088491-6571000-bootstrap/root', '-a', '--capability=cap_ipc_lock', '--bind=/tmp/mock-resolv.vn4i0c8a:/etc/resolv.conf', '--console=pipe', '--setenv=TERM=vt100', '--setenv=SHELL=/bin/bash', '--setenv=HOME=/var/lib/mock/f43-build-59088491-6571000/root/installation-homedir', '--setenv=HOSTNAME=mock', '--setenv=PATH=/usr/bin:/bin:/usr/sbin:/sbin', '--setenv=PROMPT_COMMAND=printf "\\033]0;<mock-chroot>\\007"', '--setenv=PS1=<mock-chroot> \\s-\\v\\$ ', '--setenv=LANG=C.UTF-8', '--setenv=LC_MESSAGES=C.UTF-8', '--resolv-conf=off', '/usr/bin/dnf5', 'builddep', '--installroot', '/var/lib/mock/f43-build-59088491-6571000/root/', '/var/lib/mock/f43-build-59088491-6571000/root//builddir/build/SRPMS/glimpse-4.12.6^git20161025.4945711-4.fc43.src.rpm', '--setopt=deltarpm=False', '--setopt=allow_vendor_change=yes', '--allowerasing', '--setopt=tsflags=nocontexts'] with env {'TERM': 'vt100', 'SHELL': '/bin/bash', 'HOME': '/var/lib/mock/f43-build-59088491-6571000/root/installation-homedir', 'HOSTNAME': 'mock', 'PATH': '/usr/bin:/bin:/usr/sbin:/sbin', 'PROMPT_COMMAND': 'printf "\\033]0;<mock-chroot>\\007"', 'PS1': '<mock-chroot> \\s-\\v\\$ ', 'LANG': 'C.UTF-8', 'LC_MESSAGES': 'C.UTF-8', 'SYSTEMD_NSPAWN_TMPFS_TMP': '0', 'SYSTEMD_SECCOMP': '0'} and shell False
DEBUG util.py:459:  Updating and loading repositories:
DEBUG util.py:459:   build                                  100% | 105.9 KiB/s |   3.5 KiB |  00m00s
DEBUG util.py:459:  Repositories loaded.
DEBUG util.py:461:  Package                 Arch   Version              Repository      Size
DEBUG util.py:461:  Installing:
DEBUG util.py:461:   autoconf               noarch 2.72-5.fc43          build        2.8 MiB
DEBUG util.py:461:   autoconf-archive       noarch 2024.10.16-2.fc42    build        2.3 MiB
DEBUG util.py:461:   automake               noarch 1.17-2.fc42          build        1.8 MiB
DEBUG util.py:461:   flex                   x86_64 2.6.4-19.fc42        build      809.2 KiB
DEBUG util.py:461:   gcc                    x86_64 15.0.1-0.14.fc43     build      111.0 MiB
DEBUG util.py:461:   libfl-static           x86_64 2.6.4-19.fc42        build        5.2 KiB
DEBUG util.py:461:   make                   x86_64 1:4.4.1-10.fc42      build        1.8 MiB
DEBUG util.py:461:  Installing dependencies:
DEBUG util.py:461:   annobin-docs           noarch 12.93-1.fc43         build       98.9 KiB
DEBUG util.py:461:   annobin-plugin-gcc     x86_64 12.93-1.fc43         build      993.4 KiB
DEBUG util.py:461:   cpp                    x86_64 15.0.1-0.14.fc43     build       37.8 MiB
DEBUG util.py:461:   emacs-filesystem       noarch 1:30.0-4.fc42        build        0.0   B
DEBUG util.py:461:   gcc-plugin-annobin     x86_64 15.0.1-0.14.fc43     build       57.2 KiB
DEBUG util.py:461:   glibc-devel            x86_64 2.41.9000-10.fc43    build        2.3 MiB
DEBUG util.py:461:   groff-base             x86_64 1.23.0-8.fc42        build        3.9 MiB
DEBUG util.py:461:   kernel-headers         x86_64 6.15.0-0.rc2.22.fc43 build        6.6 MiB
DEBUG util.py:461:   libmpc                 x86_64 1.3.1-7.fc42         build      164.5 KiB
DEBUG util.py:461:   libxcrypt-devel        x86_64 4.4.38-7.fc43        build       30.8 KiB
DEBUG util.py:461:   m4                     x86_64 1.4.19-12.fc43       build      588.7 KiB
DEBUG util.py:461:   ncurses                x86_64 6.5-5.20250125.fc42  build      608.1 KiB
DEBUG util.py:461:   perl-AutoLoader        noarch 5.74-517.fc43        build       20.5 KiB
DEBUG util.py:461:   perl-B                 x86_64 1.89-517.fc43        build      498.0 KiB
DEBUG util.py:461:   perl-Carp              noarch 1.54-512.fc42        build       46.6 KiB
DEBUG util.py:461:   perl-Class-Struct      noarch 0.68-517.fc43        build       25.4 KiB
DEBUG util.py:461:   perl-Data-Dumper       x86_64 2.189-513.fc42       build      115.6 KiB
DEBUG util.py:461:   perl-Digest            noarch 1.20-512.fc42        build       35.3 KiB
DEBUG util.py:461:   perl-Digest-MD5        x86_64 2.59-6.fc42          build       59.7 KiB
DEBUG util.py:461:   perl-DynaLoader        x86_64 1.56-517.fc43        build       32.1 KiB
DEBUG util.py:461:   perl-Encode            x86_64 4:3.21-512.fc42      build        4.7 MiB
DEBUG util.py:461:   perl-Errno             x86_64 1.38-517.fc43        build        8.3 KiB
DEBUG util.py:461:   perl-Exporter          noarch 5.78-512.fc42        build       54.3 KiB
DEBUG util.py:461:   perl-Fcntl             x86_64 1.18-517.fc43        build       48.9 KiB
DEBUG util.py:461:   perl-File-Basename     noarch 2.86-517.fc43        build       14.0 KiB
DEBUG util.py:461:   perl-File-Compare      noarch 1.100.800-517.fc43   build        5.6 KiB
DEBUG util.py:461:   perl-File-Copy         noarch 2.41-517.fc43        build       19.6 KiB
DEBUG util.py:461:   perl-File-Find         noarch 1.44-517.fc43        build       41.9 KiB
DEBUG util.py:461:   perl-File-Path         noarch 2.18-512.fc42        build       63.5 KiB
DEBUG util.py:461:   perl-File-Temp         noarch 1:0.231.100-512.fc42 build      162.3 KiB
DEBUG util.py:461:   perl-File-stat         noarch 1.14-517.fc43        build       12.5 KiB
DEBUG util.py:461:   perl-FileHandle        noarch 2.05-517.fc43        build        9.3 KiB
DEBUG util.py:461:   perl-Getopt-Long       noarch 1:2.58-3.fc42        build      144.5 KiB
DEBUG util.py:461:   perl-Getopt-Std        noarch 1.14-517.fc43        build       11.2 KiB
DEBUG util.py:461:   perl-HTTP-Tiny         noarch 0.090-2.fc42         build      154.4 KiB
DEBUG util.py:461:   perl-IO                x86_64 1.55-517.fc43        build      147.0 KiB
DEBUG util.py:461:   perl-IO-Socket-IP      noarch 0.43-2.fc42          build      100.3 KiB
DEBUG util.py:461:   perl-IO-Socket-SSL     noarch 2.089-2.fc42         build      703.3 KiB
DEBUG util.py:461:   perl-IPC-Open3         noarch 1.22-517.fc43        build       22.5 KiB
DEBUG util.py:461:   perl-MIME-Base32       noarch 1.303-23.fc42        build       30.7 KiB
DEBUG util.py:461:   perl-MIME-Base64       x86_64 3.16-512.fc42        build       42.0 KiB
DEBUG util.py:461:   perl-Net-SSLeay        x86_64 1.94-9.fc43          build        1.3 MiB
DEBUG util.py:461:   perl-POSIX             x86_64 2.20-517.fc43        build      231.0 KiB
DEBUG util.py:461:   perl-PathTools         x86_64 3.91-513.fc42        build      180.0 KiB
DEBUG util.py:461:   perl-Pod-Escapes       noarch 1:1.07-512.fc42      build       24.9 KiB
DEBUG util.py:461:   perl-Pod-Perldoc       noarch 3.28.01-513.fc42     build      163.7 KiB
DEBUG util.py:461:   perl-Pod-Simple        noarch 1:3.45-512.fc42      build      560.8 KiB
DEBUG util.py:461:   perl-Pod-Usage         noarch 4:2.05-1.fc43        build       86.3 KiB
DEBUG util.py:461:   perl-Scalar-List-Utils x86_64 5:1.69-1.fc43        build      144.8 KiB
DEBUG util.py:461:   perl-SelectSaver       noarch 1.02-517.fc43        build        2.2 KiB
DEBUG util.py:461:   perl-Socket            x86_64 4:2.038-512.fc42     build      119.9 KiB
DEBUG util.py:461:   perl-Storable          x86_64 1:3.32-512.fc42      build      232.3 KiB
DEBUG util.py:461:   perl-Symbol            noarch 1.09-517.fc43        build        6.8 KiB
DEBUG util.py:461:   perl-Term-ANSIColor    noarch 5.01-513.fc42        build       97.5 KiB
DEBUG util.py:461:   perl-Term-Cap          noarch 1.18-512.fc42        build       29.3 KiB
DEBUG util.py:461:   perl-Text-ParseWords   noarch 3.31-512.fc42        build       13.6 KiB
DEBUG util.py:461:   perl-Text-Tabs+Wrap    noarch 2024.001-512.fc42    build       22.6 KiB
DEBUG util.py:461:   perl-Thread-Queue      noarch 3.14-512.fc42        build       28.9 KiB
DEBUG util.py:461:   perl-Time-Local        noarch 2:1.350-512.fc42     build       68.9 KiB
DEBUG util.py:461:   perl-URI               noarch 5.31-2.fc42          build      257.0 KiB
DEBUG util.py:461:   perl-base              noarch 2.27-517.fc43        build       12.5 KiB
DEBUG util.py:461:   perl-constant          noarch 1.33-513.fc42        build       26.2 KiB
DEBUG util.py:461:   perl-if                noarch 0.61.000-517.fc43    build        5.8 KiB
DEBUG util.py:461:   perl-interpreter       x86_64 4:5.40.2-517.fc43    build      118.3 KiB
DEBUG util.py:461:   perl-libnet            noarch 3.15-513.fc42        build      289.4 KiB
DEBUG util.py:461:   perl-libs              x86_64 4:5.40.2-517.fc43    build        9.8 MiB
DEBUG util.py:461:   perl-locale            noarch 1.12-517.fc43        build        6.5 KiB
DEBUG util.py:461:   perl-mro               x86_64 1.29-517.fc43        build       41.5 KiB
DEBUG util.py:461:   perl-overload          noarch 1.37-517.fc43        build       71.5 KiB
DEBUG util.py:461:   perl-overloading       noarch 0.02-517.fc43        build        4.8 KiB
DEBUG util.py:461:   perl-parent            noarch 1:0.244-2.fc42       build       10.3 KiB
DEBUG util.py:461:   perl-podlators         noarch 1:6.0.2-3.fc42       build      317.5 KiB
DEBUG util.py:461:   perl-threads           x86_64 1:2.40-512.fc42      build      115.0 KiB
DEBUG util.py:461:   perl-threads-shared    x86_64 1.69-512.fc42        build       83.6 KiB
DEBUG util.py:461:   perl-vars              noarch 1.05-517.fc43        build        3.9 KiB
DEBUG util.py:461:  Transaction Summary:
DEBUG util.py:461:   Installing:        82 packages
DEBUG util.py:459:  Total size of inbound packages is 67 MiB. Need to download 67 MiB.
DEBUG util.py:459:  After this operation, 195 MiB extra will be used (install 195 MiB, remove 0 B).
DEBUG util.py:459:  [ 1/82] autoconf-archive-0:2024.10.16-2 100% |  14.3 MiB/s | 616.2 KiB |  00m00s
DEBUG util.py:459:  [ 2/82] autoconf-0:2.72-5.fc43.noarch   100% |  15.3 MiB/s | 817.2 KiB |  00m00s
DEBUG util.py:459:  [ 3/82] automake-0:1.17-2.fc42.noarch   100% |  11.7 MiB/s | 694.5 KiB |  00m00s
DEBUG util.py:459:  [ 4/82] flex-0:2.6.4-19.fc42.x86_64     100% |  15.1 MiB/s | 293.0 KiB |  00m00s
DEBUG util.py:459:  [ 5/82] make-1:4.4.1-10.fc42.x86_64     100% |  51.5 MiB/s | 579.9 KiB |  00m00s
DEBUG util.py:459:  [ 6/82] libfl-static-0:2.6.4-19.fc42.x8 100% | 626.6 KiB/s |  10.7 KiB |  00m00s
DEBUG util.py:459:  [ 7/82] emacs-filesystem-1:30.0-4.fc42. 100% |   1.4 MiB/s |   7.4 KiB |  00m00s
DEBUG util.py:459:  [ 8/82] m4-0:1.4.19-12.fc43.x86_64      100% |  36.6 MiB/s | 299.9 KiB |  00m00s
DEBUG util.py:459:  [ 9/82] perl-Class-Struct-0:0.68-517.fc 100% |   5.4 MiB/s |  22.3 KiB |  00m00s
DEBUG util.py:459:  [10/82] perl-Data-Dumper-0:2.189-513.fc 100% |   9.2 MiB/s |  56.7 KiB |  00m00s
DEBUG util.py:459:  [11/82] perl-Carp-0:1.54-512.fc42.noarc 100% |   1.7 MiB/s |  28.9 KiB |  00m00s
DEBUG util.py:459:  [12/82] perl-Errno-0:1.38-517.fc43.x86_ 100% |   3.7 MiB/s |  15.2 KiB |  00m00s
DEBUG util.py:459:  [13/82] perl-Exporter-0:5.78-512.fc42.n 100% |   7.6 MiB/s |  31.0 KiB |  00m00s
DEBUG util.py:459:  [14/82] perl-File-Basename-0:2.86-517.f 100% |   5.7 MiB/s |  17.4 KiB |  00m00s
DEBUG util.py:459:  [15/82] perl-File-Compare-0:1.100.800-5 100% |   3.3 MiB/s |  13.5 KiB |  00m00s
DEBUG util.py:459:  [16/82] perl-File-Copy-0:2.41-517.fc43. 100% |   6.6 MiB/s |  20.3 KiB |  00m00s
DEBUG util.py:459:  [17/82] perl-File-Find-0:1.44-517.fc43. 100% |   6.2 MiB/s |  25.6 KiB |  00m00s
DEBUG util.py:459:  [18/82] perl-File-Temp-1:0.231.100-512. 100% |  14.4 MiB/s |  59.2 KiB |  00m00s
DEBUG util.py:459:  [19/82] perl-File-stat-0:1.14-517.fc43. 100% |   4.2 MiB/s |  17.3 KiB |  00m00s
DEBUG util.py:459:  [20/82] perl-Getopt-Long-1:2.58-3.fc42. 100% |  20.7 MiB/s |  63.7 KiB |  00m00s
DEBUG util.py:459:  [21/82] perl-IO-0:1.55-517.fc43.x86_64  100% |  19.0 MiB/s |  77.8 KiB |  00m00s
DEBUG util.py:459:  [22/82] perl-POSIX-0:2.20-517.fc43.x86_ 100% |  23.9 MiB/s |  97.8 KiB |  00m00s
DEBUG util.py:459:  [23/82] perl-PathTools-0:3.91-513.fc42. 100% |  20.3 MiB/s |  83.2 KiB |  00m00s
DEBUG util.py:459:  [24/82] perl-Text-ParseWords-0:3.31-512 100% |   5.4 MiB/s |  16.5 KiB |  00m00s
DEBUG util.py:459:  [25/82] perl-constant-0:1.33-513.fc42.n 100% |   7.5 MiB/s |  23.0 KiB |  00m00s
DEBUG util.py:459:  [26/82] perl-interpreter-4:5.40.2-517.f 100% |  23.6 MiB/s |  72.4 KiB |  00m00s
DEBUG util.py:459:  [27/82] perl-File-Path-0:2.18-512.fc42. 100% |   8.6 MiB/s |  35.2 KiB |  00m00s
DEBUG util.py:459:  [28/82] perl-Thread-Queue-0:3.14-512.fc 100% |   7.0 MiB/s |  21.4 KiB |  00m00s
DEBUG util.py:459:  [29/82] perl-threads-1:2.40-512.fc42.x8 100% |  14.2 MiB/s |  58.0 KiB |  00m00s
DEBUG util.py:459:  [30/82] perl-libs-4:5.40.2-517.fc43.x86 100% |  62.1 MiB/s |   2.2 MiB |  00m00s
DEBUG util.py:459:  [31/82] glibc-devel-0:2.41.9000-10.fc43 100% |  35.2 MiB/s | 469.1 KiB |  00m00s
DEBUG util.py:459:  [32/82] libmpc-0:1.3.1-7.fc42.x86_64    100% |  13.8 MiB/s |  70.9 KiB |  00m00s
DEBUG util.py:459:  [33/82] perl-B-0:1.89-517.fc43.x86_64   100% |  34.6 MiB/s | 177.0 KiB |  00m00s
DEBUG util.py:459:  [34/82] perl-Scalar-List-Utils-5:1.69-1 100% |  18.3 MiB/s |  74.8 KiB |  00m00s
DEBUG util.py:459:  [35/82] perl-overload-0:1.37-517.fc43.n 100% |  14.9 MiB/s |  45.8 KiB |  00m00s
DEBUG util.py:459:  [36/82] perl-Fcntl-0:1.18-517.fc43.x86_ 100% |   9.8 MiB/s |  30.1 KiB |  00m00s
DEBUG util.py:459:  [37/82] perl-parent-1:0.244-2.fc42.noar 100% |   5.0 MiB/s |  15.2 KiB |  00m00s
DEBUG util.py:459:  [38/82] perl-Symbol-0:1.09-517.fc43.noa 100% |   4.7 MiB/s |  14.4 KiB |  00m00s
DEBUG util.py:459:  [39/82] perl-Pod-Usage-4:2.05-1.fc43.no 100% |  13.2 MiB/s |  40.6 KiB |  00m00s
DEBUG util.py:459:  [40/82] perl-base-0:2.27-517.fc43.noarc 100% |   4.0 MiB/s |  16.4 KiB |  00m00s
DEBUG util.py:459:  [41/82] perl-SelectSaver-0:1.02-517.fc4 100% |   3.9 MiB/s |  12.0 KiB |  00m00s
DEBUG util.py:459:  [42/82] perl-Socket-4:2.038-512.fc42.x8 100% |  17.8 MiB/s |  54.8 KiB |  00m00s
DEBUG util.py:459:  [43/82] perl-locale-0:1.12-517.fc43.noa 100% |   4.5 MiB/s |  13.9 KiB |  00m00s
DEBUG util.py:459:  [44/82] perl-DynaLoader-0:1.56-517.fc43 100% |   8.6 MiB/s |  26.3 KiB |  00m00s
DEBUG util.py:459:  [45/82] perl-Encode-4:3.21-512.fc42.x86 100% |  57.9 MiB/s |   1.0 MiB |  00m00s
DEBUG util.py:459:  [46/82] perl-vars-0:1.05-517.fc43.noarc 100% |   3.2 MiB/s |  13.2 KiB |  00m00s
DEBUG util.py:459:  [47/82] perl-threads-shared-0:1.69-512. 100% |  14.5 MiB/s |  44.5 KiB |  00m00s
DEBUG util.py:459:  [48/82] kernel-headers-0:6.15.0-0.rc2.2 100% |  60.4 MiB/s |   1.5 MiB |  00m00s
DEBUG util.py:459:  [49/82] libxcrypt-devel-0:4.4.38-7.fc43 100% |   9.6 MiB/s |  29.4 KiB |  00m00s
DEBUG util.py:459:  [50/82] cpp-0:15.0.1-0.14.fc43.x86_64   100% |  53.7 MiB/s |  12.9 MiB |  00m00s
DEBUG util.py:459:  [51/82] perl-if-0:0.61.000-517.fc43.noa 100% |   4.6 MiB/s |  14.2 KiB |  00m00s
DEBUG util.py:459:  [52/82] perl-overloading-0:0.02-517.fc4 100% |   2.6 MiB/s |  13.1 KiB |  00m00s
DEBUG util.py:459:  [53/82] perl-mro-0:1.29-517.fc43.x86_64 100% |   7.4 MiB/s |  30.1 KiB |  00m00s
DEBUG util.py:459:  [54/82] perl-Pod-Perldoc-0:3.28.01-513. 100% |  15.7 MiB/s |  80.2 KiB |  00m00s
DEBUG util.py:459:  [55/82] perl-Getopt-Std-0:1.14-517.fc43 100% |   5.2 MiB/s |  15.9 KiB |  00m00s
DEBUG util.py:459:  [56/82] perl-podlators-1:6.0.2-3.fc42.n 100% |  20.3 MiB/s | 124.6 KiB |  00m00s
DEBUG util.py:459:  [57/82] perl-MIME-Base64-0:3.16-512.fc4 100% |   7.3 MiB/s |  29.9 KiB |  00m00s
DEBUG util.py:459:  [58/82] perl-Storable-1:3.32-512.fc42.x 100% |  24.3 MiB/s |  99.6 KiB |  00m00s
DEBUG util.py:459:  [59/82] perl-HTTP-Tiny-0:0.090-2.fc42.n 100% |  13.8 MiB/s |  56.5 KiB |  00m00s
DEBUG util.py:459:  [60/82] perl-IPC-Open3-0:1.22-517.fc43. 100% |   5.4 MiB/s |  22.1 KiB |  00m00s
DEBUG util.py:459:  [61/82] groff-base-0:1.23.0-8.fc42.x86_ 100% |  51.3 MiB/s |   1.1 MiB |  00m00s
DEBUG util.py:459:  [62/82] perl-Pod-Simple-1:3.45-512.fc42 100% |  17.1 MiB/s | 209.6 KiB |  00m00s
DEBUG util.py:459:  [63/82] perl-Term-ANSIColor-0:5.01-513. 100% |   9.3 MiB/s |  47.7 KiB |  00m00s
DEBUG util.py:459:  [64/82] perl-Term-Cap-0:1.18-512.fc42.n 100% |   7.2 MiB/s |  22.2 KiB |  00m00s
DEBUG util.py:459:  [65/82] perl-IO-Socket-SSL-0:2.089-2.fc 100% |  37.5 MiB/s | 230.2 KiB |  00m00s
DEBUG util.py:459:  [66/82] perl-Net-SSLeay-0:1.94-9.fc43.x 100% |  38.8 MiB/s | 357.5 KiB |  00m00s
DEBUG util.py:459:  [67/82] perl-Time-Local-2:1.350-512.fc4 100% |   4.8 MiB/s |  34.5 KiB |  00m00s
DEBUG util.py:459:  [68/82] perl-Pod-Escapes-1:1.07-512.fc4 100% |   6.5 MiB/s |  19.8 KiB |  00m00s
DEBUG util.py:459:  [69/82] perl-Text-Tabs+Wrap-0:2024.001- 100% |   7.1 MiB/s |  21.8 KiB |  00m00s
DEBUG util.py:459:  [70/82] perl-IO-Socket-IP-0:0.43-2.fc42 100% |  13.8 MiB/s |  42.4 KiB |  00m00s
DEBUG util.py:459:  [71/82] ncurses-0:6.5-5.20250125.fc42.x 100% |  45.5 MiB/s | 419.8 KiB |  00m00s
DEBUG util.py:459:  [72/82] perl-AutoLoader-0:5.74-517.fc43 100% |   7.0 MiB/s |  21.5 KiB |  00m00s
DEBUG util.py:459:  [73/82] perl-URI-0:5.31-2.fc42.noarch   100% |  20.7 MiB/s | 127.1 KiB |  00m00s
DEBUG util.py:459:  [74/82] perl-MIME-Base32-0:1.303-23.fc4 100% |   3.3 MiB/s |  20.5 KiB |  00m00s
DEBUG util.py:459:  [75/82] perl-libnet-0:3.15-513.fc42.noa 100% |  20.0 MiB/s | 122.9 KiB |  00m00s
DEBUG util.py:459:  [76/82] perl-FileHandle-0:2.05-517.fc43 100% |   3.8 MiB/s |  15.7 KiB |  00m00s
DEBUG util.py:459:  [77/82] perl-Digest-MD5-0:2.59-6.fc42.x 100% |   3.9 MiB/s |  36.0 KiB |  00m00s
DEBUG util.py:459:  [78/82] perl-Digest-0:1.20-512.fc42.noa 100% |   8.1 MiB/s |  24.9 KiB |  00m00s
DEBUG util.py:459:  [79/82] gcc-plugin-annobin-0:15.0.1-0.1 100% |  12.3 MiB/s |  50.4 KiB |  00m00s
DEBUG util.py:459:  [80/82] annobin-plugin-gcc-0:12.93-1.fc 100% |  56.5 MiB/s | 983.3 KiB |  00m00s
DEBUG util.py:459:  [81/82] annobin-docs-0:12.93-1.fc43.noa 100% |   8.2 MiB/s |  92.0 KiB |  00m00s
DEBUG util.py:459:  [82/82] gcc-0:15.0.1-0.14.fc43.x86_64   100% |  54.0 MiB/s |  39.4 MiB |  00m01s
DEBUG util.py:459:  --------------------------------------------------------------------------------
DEBUG util.py:459:  [82/82] Total                           100% |  84.7 MiB/s |  66.7 MiB |  00m01s
DEBUG util.py:459:  Running transaction
DEBUG util.py:459:  [ 1/84] Verify package files            100% | 188.0   B/s |  82.0   B |  00m00s
DEBUG util.py:459:  [ 2/84] Prepare transaction             100% |   1.2 KiB/s |  82.0   B |  00m00s
DEBUG util.py:459:  [ 3/84] Installing libmpc-0:1.3.1-7.fc4 100% |  23.2 MiB/s | 166.1 KiB |  00m00s
DEBUG util.py:459:  [ 4/84] Installing m4-0:1.4.19-12.fc43. 100% |  18.2 MiB/s | 595.1 KiB |  00m00s
DEBUG util.py:459:  [ 5/84] Installing cpp-0:15.0.1-0.14.fc 100% | 143.9 MiB/s |  37.8 MiB |  00m00s
DEBUG util.py:459:  [ 6/84] Installing annobin-docs-0:12.93 100% |  32.6 MiB/s | 100.0 KiB |  00m00s
DEBUG util.py:459:  [ 7/84] Installing ncurses-0:6.5-5.2025 100% |  15.0 MiB/s | 614.7 KiB |  00m00s
DEBUG util.py:459:  [ 8/84] Installing groff-base-0:1.23.0- 100% |  50.6 MiB/s |   3.9 MiB |  00m00s
DEBUG util.py:459:  [ 9/84] Installing perl-Digest-0:1.20-5 100% |   9.1 MiB/s |  37.1 KiB |  00m00s
DEBUG util.py:459:  [10/84] Installing perl-Digest-MD5-0:2. 100% |  15.0 MiB/s |  61.6 KiB |  00m00s
DEBUG util.py:459:  [11/84] Installing perl-FileHandle-0:2. 100% |   4.8 MiB/s |   9.8 KiB |  00m00s
DEBUG util.py:459:  [12/84] Installing perl-B-0:1.89-517.fc 100% |  61.2 MiB/s | 501.3 KiB |  00m00s
DEBUG util.py:459:  [13/84] Installing perl-libnet-0:3.15-5 100% |  36.0 MiB/s | 294.7 KiB |  00m00s
DEBUG util.py:459:  [14/84] Installing perl-MIME-Base32-0:1 100% |  10.5 MiB/s |  32.2 KiB |  00m00s
DEBUG util.py:459:  [15/84] Installing perl-Data-Dumper-0:2 100% |  22.9 MiB/s | 117.5 KiB |  00m00s
DEBUG util.py:459:  [16/84] Installing perl-URI-0:5.31-2.fc 100% |  20.3 MiB/s | 269.6 KiB |  00m00s
DEBUG util.py:459:  [17/84] Installing perl-AutoLoader-0:5. 100% |  10.2 MiB/s |  20.9 KiB |  00m00s
DEBUG util.py:459:  [18/84] Installing perl-IO-Socket-IP-0: 100% |  24.9 MiB/s | 102.2 KiB |  00m00s
DEBUG util.py:459:  [19/84] Installing perl-IO-Socket-SSL-0 100% |  76.8 MiB/s | 707.4 KiB |  00m00s
DEBUG util.py:459:  [20/84] Installing perl-Net-SSLeay-0:1. 100% |  61.8 MiB/s |   1.4 MiB |  00m00s
DEBUG util.py:459:  [21/84] Installing perl-Text-Tabs+Wrap- 100% |   7.8 MiB/s |  23.9 KiB |  00m00s
DEBUG util.py:459:  [22/84] Installing perl-Pod-Escapes-1:1 100% |   8.4 MiB/s |  25.9 KiB |  00m00s
DEBUG util.py:459:  [23/84] Installing perl-Time-Local-2:1. 100% |  17.2 MiB/s |  70.6 KiB |  00m00s
DEBUG util.py:459:  [24/84] Installing perl-if-0:0.61.000-5 100% |   3.0 MiB/s |   6.2 KiB |  00m00s
DEBUG util.py:459:  [25/84] Installing perl-File-Path-0:2.1 100% |  21.0 MiB/s |  64.5 KiB |  00m00s
DEBUG util.py:459:  [26/84] Installing perl-locale-0:1.12-5 100% |   3.4 MiB/s |   6.9 KiB |  00m00s
DEBUG util.py:459:  [27/84] Installing perl-HTTP-Tiny-0:0.0 100% |  30.6 MiB/s | 156.4 KiB |  00m00s
DEBUG util.py:459:  [28/84] Installing perl-Pod-Simple-1:3. 100% |  50.6 MiB/s | 570.4 KiB |  00m00s
DEBUG util.py:459:  [29/84] Installing perl-Term-Cap-0:1.18 100% |  10.0 MiB/s |  30.6 KiB |  00m00s
DEBUG util.py:459:  [30/84] Installing perl-Term-ANSIColor- 100% |  24.2 MiB/s |  99.2 KiB |  00m00s
DEBUG util.py:459:  [31/84] Installing perl-IPC-Open3-0:1.2 100% |   7.6 MiB/s |  23.3 KiB |  00m00s
DEBUG util.py:459:  [32/84] Installing perl-File-Temp-1:0.2 100% |  32.0 MiB/s | 164.1 KiB |  00m00s
DEBUG util.py:459:  [33/84] Installing perl-POSIX-0:2.20-51 100% |  45.4 MiB/s | 232.3 KiB |  00m00s
DEBUG util.py:459:  [34/84] Installing perl-Class-Struct-0: 100% |   8.4 MiB/s |  25.9 KiB |  00m00s
DEBUG util.py:459:  [35/84] Installing perl-Pod-Perldoc-0:3 100% |   6.9 MiB/s | 169.2 KiB |  00m00s
DEBUG util.py:459:  [36/84] Installing perl-podlators-1:6.0 100% |  13.6 MiB/s | 321.4 KiB |  00m00s
DEBUG util.py:459:  [37/84] Installing perl-File-stat-0:1.1 100% |   4.2 MiB/s |  13.1 KiB |  00m00s
DEBUG util.py:459:  [38/84] Installing perl-Socket-4:2.038- 100% |  23.8 MiB/s | 122.0 KiB |  00m00s
DEBUG util.py:459:  [39/84] Installing perl-SelectSaver-0:1 100% |   1.3 MiB/s |   2.6 KiB |  00m00s
DEBUG util.py:459:  [40/84] Installing perl-Symbol-0:1.09-5 100% |   3.5 MiB/s |   7.2 KiB |  00m00s
DEBUG util.py:459:  [41/84] Installing perl-Pod-Usage-4:2.0 100% |   4.3 MiB/s |  87.9 KiB |  00m00s
DEBUG util.py:459:  [42/84] Installing perl-mro-0:1.29-517. 100% |  13.9 MiB/s |  42.6 KiB |  00m00s
DEBUG util.py:459:  [43/84] Installing perl-IO-0:1.55-517.f 100% |  24.6 MiB/s | 151.3 KiB |  00m00s
DEBUG util.py:459:  [44/84] Installing perl-overloading-0:0 100% |   1.8 MiB/s |   5.5 KiB |  00m00s
DEBUG util.py:459:  [45/84] Installing perl-base-0:2.27-517 100% |   6.3 MiB/s |  12.9 KiB |  00m00s
DEBUG util.py:459:  [46/84] Installing perl-Fcntl-0:1.18-51 100% |  16.3 MiB/s |  50.0 KiB |  00m00s
DEBUG util.py:459:  [47/84] Installing perl-Text-ParseWords 100% |   4.7 MiB/s |  14.6 KiB |  00m00s
DEBUG util.py:459:  [48/84] Installing perl-Getopt-Long-1:2 100% |  28.8 MiB/s | 147.2 KiB |  00m00s
DEBUG util.py:459:  [49/84] Installing perl-Storable-1:3.32 100% |  45.7 MiB/s | 233.9 KiB |  00m00s
DEBUG util.py:459:  [50/84] Installing perl-MIME-Base64-0:3 100% |   8.6 MiB/s |  44.3 KiB |  00m00s
DEBUG util.py:459:  [51/84] Installing perl-Getopt-Std-0:1. 100% |   5.7 MiB/s |  11.7 KiB |  00m00s
DEBUG util.py:459:  [52/84] Installing perl-overload-0:1.37 100% |  23.4 MiB/s |  71.9 KiB |  00m00s
DEBUG util.py:459:  [53/84] Installing perl-vars-0:1.05-517 100% |   2.1 MiB/s |   4.3 KiB |  00m00s
DEBUG util.py:459:  [54/84] Installing perl-parent-1:0.244- 100% |   3.6 MiB/s |  11.0 KiB |  00m00s
DEBUG util.py:459:  [55/84] Installing perl-Scalar-List-Uti 100% |  24.2 MiB/s | 148.5 KiB |  00m00s
DEBUG util.py:459:  [56/84] Installing perl-constant-0:1.33 100% |   8.9 MiB/s |  27.4 KiB |  00m00s
DEBUG util.py:459:  [57/84] Installing perl-File-Basename-0 100% |   7.1 MiB/s |  14.6 KiB |  00m00s
DEBUG util.py:459:  [58/84] Installing perl-Errno-0:1.38-51 100% |   4.3 MiB/s |   8.7 KiB |  00m00s
DEBUG util.py:459:  [59/84] Installing perl-Carp-0:1.54-512 100% |  15.5 MiB/s |  47.7 KiB |  00m00s
DEBUG util.py:459:  [60/84] Installing perl-Encode-4:3.21-5 100% |  83.8 MiB/s |   4.7 MiB |  00m00s
DEBUG util.py:459:  [61/84] Installing perl-DynaLoader-0:1. 100% |  10.6 MiB/s |  32.5 KiB |  00m00s
DEBUG util.py:459:  [62/84] Installing perl-PathTools-0:3.9 100% |  25.7 MiB/s | 184.5 KiB |  00m00s
DEBUG util.py:459:  [63/84] Installing perl-Exporter-0:5.78 100% |  10.9 MiB/s |  55.6 KiB |  00m00s
DEBUG util.py:459:  [64/84] Installing perl-libs-4:5.40.2-5 100% |  74.4 MiB/s |   9.9 MiB |  00m00s
DEBUG util.py:459:  [65/84] Installing perl-interpreter-4:5 100% |   5.6 MiB/s | 119.9 KiB |  00m00s
DEBUG util.py:459:  [66/84] Installing perl-threads-1:2.40- 100% |  22.9 MiB/s | 117.1 KiB |  00m00s
DEBUG util.py:459:  [67/84] Installing perl-threads-shared- 100% |  16.8 MiB/s |  85.9 KiB |  00m00s
DEBUG util.py:459:  [68/84] Installing perl-Thread-Queue-0: 100% |   9.9 MiB/s |  30.4 KiB |  00m00s
DEBUG util.py:459:  [69/84] Installing perl-File-Compare-0: 100% |   3.0 MiB/s |   6.1 KiB |  00m00s
DEBUG util.py:459:  [70/84] Installing perl-File-Copy-0:2.4 100% |   6.6 MiB/s |  20.2 KiB |  00m00s
DEBUG util.py:459:  [71/84] Installing perl-File-Find-0:1.4 100% |   8.3 MiB/s |  42.5 KiB |  00m00s
DEBUG util.py:459:  [72/84] Installing kernel-headers-0:6.1 100% |  48.7 MiB/s |   6.7 MiB |  00m00s
DEBUG util.py:459:  [73/84] Installing glibc-devel-0:2.41.9 100% |  37.1 MiB/s |   2.3 MiB |  00m00s
DEBUG util.py:459:  [74/84] Installing libxcrypt-devel-0:4. 100% |   8.1 MiB/s |  33.1 KiB |  00m00s
DEBUG util.py:459:  [75/84] Installing emacs-filesystem-1:3 100% | 265.6 KiB/s | 544.0   B |  00m00s
DEBUG util.py:459:  [76/84] Installing autoconf-0:2.72-5.fc 100% |  58.3 MiB/s |   2.8 MiB |  00m00s
DEBUG util.py:459:  [77/84] Installing make-1:4.4.1-10.fc42 100% |  46.2 MiB/s |   1.8 MiB |  00m00s
DEBUG util.py:459:  [78/84] Installing gcc-0:15.0.1-0.14.fc 100% | 152.7 MiB/s | 111.0 MiB |  00m01s
DEBUG util.py:459:  [79/84] Installing annobin-plugin-gcc-0 100% |  33.5 MiB/s | 995.0 KiB |  00m00s
DEBUG util.py:459:  [80/84] Installing gcc-plugin-annobin-0 100% |   2.0 MiB/s |  58.6 KiB |  00m00s
DEBUG util.py:459:  [81/84] Installing autoconf-archive-0:2 100% |  35.8 MiB/s |   2.4 MiB |  00m00s
DEBUG util.py:459:  [82/84] Installing automake-0:1.17-2.fc 100% |  41.2 MiB/s |   1.8 MiB |  00m00s
DEBUG util.py:459:  [83/84] Installing flex-0:2.6.4-19.fc42 100% |  25.7 MiB/s | 815.3 KiB |  00m00s
DEBUG util.py:459:  [84/84] Installing libfl-static-0:2.6.4 100% |   4.2 KiB/s |   5.9 KiB |  00m01s
DEBUG util.py:459:  Warning: skipped OpenPGP checks for 82 packages from repository: build
DEBUG util.py:459:  Complete!
DEBUG util.py:608:  Child return code was: 0
DEBUG util.py:183:  kill orphans in chroot /var/lib/mock/f43-build-59088491-6571000/root
DEBUG util.py:183:  kill orphans in chroot /var/lib/mock/f43-build-59088491-6571000-bootstrap/root/var/lib/mock/f43-build-59088491-6571000/root
DEBUG util.py:634:  child environment: None
DEBUG util.py:556:  Executing command: ['/bin/umount', '-n', '-l', '/var/lib/mock/f43-build-59088491-6571000-bootstrap/root/var/lib/mock/f43-build-59088491-6571000/root'] with env {'TERM': 'vt100', 'SHELL': '/bin/sh', 'HOME': '/builddir', 'HOSTNAME': 'mock', 'PATH': '/usr/bin:/bin:/usr/sbin:/sbin', 'LANG': 'C.UTF-8'} and shell False
DEBUG util.py:608:  Child return code was: 0
DEBUG util.py:634:  child environment: None
DEBUG util.py:556:  Executing command: ['/bin/umount', '-n', '-l', '/var/lib/mock/f43-build-59088491-6571000-bootstrap/root/var/lib/mock/f43-build-59088491-6571000/root'] with env {'TERM': 'vt100', 'SHELL': '/bin/sh', 'HOME': '/builddir', 'HOSTNAME': 'mock', 'PATH': '/usr/bin:/bin:/usr/sbin:/sbin', 'LANG': 'C.UTF-8'} and shell False
DEBUG util.py:608:  Child return code was: 0
DEBUG util.py:634:  child environment: None
DEBUG util.py:556:  Executing command: ['/bin/umount', '-n', '-l', '/var/lib/mock/f43-build-59088491-6571000/root/sys/fs/selinux'] with env {'TERM': 'vt100', 'SHELL': '/bin/sh', 'HOME': '/builddir', 'HOSTNAME': 'mock', 'PATH': '/usr/bin:/bin:/usr/sbin:/sbin', 'LANG': 'C.UTF-8'} and shell False
DEBUG util.py:608:  Child return code was: 0
DEBUG util.py:634:  child environment: None
DEBUG util.py:556:  Executing command: ['/bin/umount', '-n', '/var/lib/mock/f43-build-59088491-6571000/root/proc/filesystems'] with env {'TERM': 'vt100', 'SHELL': '/bin/sh', 'HOME': '/builddir', 'HOSTNAME': 'mock', 'PATH': '/usr/bin:/bin:/usr/sbin:/sbin', 'LANG': 'C.UTF-8'} and shell False
DEBUG util.py:608:  Child return code was: 0
DEBUG util.py:634:  child environment: None
DEBUG util.py:556:  Executing command: ['/bin/umount', '-n', '-l', '/var/lib/mock/f43-build-59088491-6571000/root/dev/pts'] with env {'TERM': 'vt100', 'SHELL': '/bin/sh', 'HOME': '/builddir', 'HOSTNAME': 'mock', 'PATH': '/usr/bin:/bin:/usr/sbin:/sbin', 'LANG': 'C.UTF-8'} and shell False
DEBUG util.py:608:  Child return code was: 0
DEBUG util.py:634:  child environment: None
DEBUG util.py:556:  Executing command: ['/bin/umount', '-n', '-l', '/var/lib/mock/f43-build-59088491-6571000/root/dev/shm'] with env {'TERM': 'vt100', 'SHELL': '/bin/sh', 'HOME': '/builddir', 'HOSTNAME': 'mock', 'PATH': '/usr/bin:/bin:/usr/sbin:/sbin', 'LANG': 'C.UTF-8'} and shell False
DEBUG util.py:608:  Child return code was: 0
DEBUG util.py:634:  child environment: None
DEBUG util.py:556:  Executing command: ['/bin/umount', '-n', '-l', '/var/lib/mock/f43-build-59088491-6571000/root/sys'] with env {'TERM': 'vt100', 'SHELL': '/bin/sh', 'HOME': '/builddir', 'HOSTNAME': 'mock', 'PATH': '/usr/bin:/bin:/usr/sbin:/sbin', 'LANG': 'C.UTF-8'} and shell False
DEBUG util.py:608:  Child return code was: 0
DEBUG util.py:634:  child environment: None
DEBUG util.py:556:  Executing command: ['/bin/umount', '-n', '-l', '/var/lib/mock/f43-build-59088491-6571000/root/sys'] with env {'TERM': 'vt100', 'SHELL': '/bin/sh', 'HOME': '/builddir', 'HOSTNAME': 'mock', 'PATH': '/usr/bin:/bin:/usr/sbin:/sbin', 'LANG': 'C.UTF-8'} and shell False
DEBUG util.py:608:  Child return code was: 0
DEBUG util.py:634:  child environment: None
DEBUG util.py:556:  Executing command: ['/bin/umount', '-n', '-l', '/var/lib/mock/f43-build-59088491-6571000/root/proc'] with env {'TERM': 'vt100', 'SHELL': '/bin/sh', 'HOME': '/builddir', 'HOSTNAME': 'mock', 'PATH': '/usr/bin:/bin:/usr/sbin:/sbin', 'LANG': 'C.UTF-8'} and shell False
DEBUG util.py:608:  Child return code was: 0
DEBUG util.py:634:  child environment: None
DEBUG util.py:556:  Executing command: ['/bin/umount', '-n', '-l', '/var/lib/mock/f43-build-59088491-6571000/root/proc'] with env {'TERM': 'vt100', 'SHELL': '/bin/sh', 'HOME': '/builddir', 'HOSTNAME': 'mock', 'PATH': '/usr/bin:/bin:/usr/sbin:/sbin', 'LANG': 'C.UTF-8'} and shell False
DEBUG util.py:608:  Child return code was: 0
DEBUG util.py:634:  child environment: None
DEBUG util.py:183:  kill orphans in chroot /var/lib/mock/f43-build-59088491-6571000/root
DEBUG util.py:183:  kill orphans in chroot /var/lib/mock/f43-build-59088491-6571000-bootstrap/root
