Warning: Permanently added '2620:52:3:1:dead:beef:cafe:c117' (ED25519) to the list of known hosts.

cmd: ['copr-distgit-client', 'sources']
cwd: /var/lib/copr-rpmbuild/workspace/workdir-kbs5lz2r/python-ipyparallel
rc: 0
stdout: 
stderr: INFO: Reading stdout from command: git rev-parse --abbrev-ref HEAD
INFO: Reading stdout from command: git rev-parse HEAD
INFO: Reading sources specification file: sources
INFO: Downloading ipyparallel-8.6.1.tar.gz
INFO: Reading stdout from command: curl --help all
INFO: Calling: curl -H Pragma: -o ipyparallel-8.6.1.tar.gz --location --connect-timeout 60 --retry 3 --retry-delay 10 --remote-time --show-error --fail --retry-all-errors https://copr-dist-git.fedorainfracloud.org/repo/pkgs/psimovec/scipy-1.10.0/python-ipyparallel/ipyparallel-8.6.1.tar.gz/md5/7c3f3e75680ef31bb5d6ad5781eb04c7/ipyparallel-8.6.1.tar.gz
  % Total    % Received % Xferd  Average Speed   Time    Time     Time  Current
                                 Dload  Upload   Total   Spent    Left  Speed
100 6648k  100 6648k    0     0  42.3M      0 --:--:-- --:--:-- --:--:-- 42.4M
INFO: Reading stdout from command: md5sum ipyparallel-8.6.1.tar.gz

Running (timeout=18000): unbuffer mock --spec /var/lib/copr-rpmbuild/workspace/workdir-kbs5lz2r/python-ipyparallel/python-ipyparallel.spec --sources /var/lib/copr-rpmbuild/workspace/workdir-kbs5lz2r/python-ipyparallel --resultdir /var/lib/copr-rpmbuild/results --uniqueext 1706248002.521398 -r /var/lib/copr-rpmbuild/results/configs/child.cfg
INFO: mock.py version 5.4 starting (python version = 3.11.3, NVR = mock-5.4-1.fc38), args: /usr/libexec/mock/mock --spec /var/lib/copr-rpmbuild/workspace/workdir-kbs5lz2r/python-ipyparallel/python-ipyparallel.spec --sources /var/lib/copr-rpmbuild/workspace/workdir-kbs5lz2r/python-ipyparallel --resultdir /var/lib/copr-rpmbuild/results --uniqueext 1706248002.521398 -r /var/lib/copr-rpmbuild/results/configs/child.cfg
Start(bootstrap): init plugins
INFO: tmpfs initialized
INFO: selinux enabled
INFO: chroot_scan: initialized
INFO: compress_logs: initialized
Finish(bootstrap): init plugins
Start: init plugins
INFO: tmpfs initialized
INFO: selinux enabled
INFO: chroot_scan: initialized
INFO: compress_logs: initialized
Finish: init plugins
INFO: Signal handler active
Start: run
INFO: Start(/var/lib/copr-rpmbuild/workspace/workdir-kbs5lz2r/python-ipyparallel/python-ipyparallel.spec)  Config(fedora-39-i686)
Start: clean chroot
Finish: clean chroot
Mock Version: 5.4
INFO: Mock Version: 5.4
Start(bootstrap): chroot init
INFO: mounting tmpfs at /var/lib/mock/fedora-39-i686-bootstrap-1706248002.521398/root.
INFO: calling preinit hooks
INFO: enabled root cache
INFO: enabled package manager cache
Start(bootstrap): cleaning package manager metadata
Finish(bootstrap): cleaning package manager metadata
INFO: Guessed host environment type: unknown
INFO: Using bootstrap image: registry.fedoraproject.org/fedora:39
INFO: Pulling image: registry.fedoraproject.org/fedora:39
INFO: Copy content of container registry.fedoraproject.org/fedora:39 to /var/lib/mock/fedora-39-i686-bootstrap-1706248002.521398/root
INFO: Checking that registry.fedoraproject.org/fedora:39 image matches host's architecture
INFO: mounting registry.fedoraproject.org/fedora:39 with podman image mount
INFO: image registry.fedoraproject.org/fedora:39 as /var/lib/containers/storage/overlay/8ff7ad910417a7b8a49019008335921d2aac0e3304a19ce258deabf431e59801/merged
INFO: umounting image registry.fedoraproject.org/fedora:39 (/var/lib/containers/storage/overlay/8ff7ad910417a7b8a49019008335921d2aac0e3304a19ce258deabf431e59801/merged) with podman image umount
INFO: Package manager dnf detected and used (fallback)
INFO: Bootstrap image not marked ready
Start(bootstrap): installing dnf tooling
No matches found for the following disable plugin patterns: local, spacewalk, versionlock
Copr repository                                  18 MB/s | 2.1 MB     00:00    
Additional repo http_kojipkgs_fedoraproject_org  49 MB/s |  73 MB     00:01    
local                                            59 MB/s |  71 MB     00:01    
Last metadata expiration check: 0:00:01 ago on Fri Jan 26 05:47:09 2024.
Package python3-dnf-4.18.1-2.fc39.noarch is already installed.
Dependencies resolved.
=========================================================================================================================
 Package                    Arch    Version          Repository                                                      Size
=========================================================================================================================
Installing:
 python3-dnf-plugins-core   noarch  4.4.4-1.fc40     http_kojipkgs_fedoraproject_org_repos_rawhide_latest_basearch  302 k
Upgrading:
 dnf                        noarch  4.18.2-1.fc40    http_kojipkgs_fedoraproject_org_repos_rawhide_latest_basearch  496 k
 dnf-data                   noarch  4.18.2-1.fc40    http_kojipkgs_fedoraproject_org_repos_rawhide_latest_basearch   39 k
 python3-dnf                noarch  4.18.2-1.fc40    http_kojipkgs_fedoraproject_org_repos_rawhide_latest_basearch  549 k
 yum                        noarch  4.18.2-1.fc40    http_kojipkgs_fedoraproject_org_repos_rawhide_latest_basearch   37 k
Installing dependencies:
 dbus-libs                  x86_64  1:1.14.10-1.fc40 http_kojipkgs_fedoraproject_org_repos_rawhide_latest_basearch  155 k
 python3-dateutil           noarch  1:2.8.2-11.fc40  http_kojipkgs_fedoraproject_org_repos_rawhide_latest_basearch  345 k
 python3-dbus               x86_64  1.3.2-4.fc39     http_kojipkgs_fedoraproject_org_repos_rawhide_latest_basearch  146 k
 python3-distro             noarch  1.9.0-1.fc40     http_kojipkgs_fedoraproject_org_repos_rawhide_latest_basearch   45 k
 python3-six                noarch  1.16.0-12.fc39   http_kojipkgs_fedoraproject_org_repos_rawhide_latest_basearch   41 k
 python3-systemd            x86_64  235-5.fc39       http_kojipkgs_fedoraproject_org_repos_rawhide_latest_basearch  101 k

Transaction Summary
=========================================================================================================================
Install  7 Packages
Upgrade  4 Packages

Total download size: 2.2 M
Downloading Packages:
(1/11): python3-dbus-1.3.2-4.fc39.x86_64.rpm    1.9 MB/s | 146 kB     00:00    
(2/11): python3-distro-1.9.0-1.fc40.noarch.rpm  2.4 MB/s |  45 kB     00:00    
(3/11): dbus-libs-1.14.10-1.fc40.x86_64.rpm     1.6 MB/s | 155 kB     00:00    
(4/11): python3-dateutil-2.8.2-11.fc40.noarch.r 3.4 MB/s | 345 kB     00:00    
(5/11): python3-six-1.16.0-12.fc39.noarch.rpm   2.1 MB/s |  41 kB     00:00    
(6/11): python3-systemd-235-5.fc39.x86_64.rpm   5.4 MB/s | 101 kB     00:00    
(7/11): python3-dnf-plugins-core-4.4.4-1.fc40.n 9.8 MB/s | 302 kB     00:00    
(8/11): dnf-data-4.18.2-1.fc40.noarch.rpm       2.0 MB/s |  39 kB     00:00    
(9/11): dnf-4.18.2-1.fc40.noarch.rpm             14 MB/s | 496 kB     00:00    
(10/11): python3-dnf-4.18.2-1.fc40.noarch.rpm    19 MB/s | 549 kB     00:00    
(11/11): yum-4.18.2-1.fc40.noarch.rpm           1.9 MB/s |  37 kB     00:00    
--------------------------------------------------------------------------------
Total                                            14 MB/s | 2.2 MB     00:00     
Running transaction check
Transaction check succeeded.
Running transaction test
Transaction test succeeded.
Running transaction
  Preparing        :                                                        1/1 
  Upgrading        : dnf-data-4.18.2-1.fc40.noarch                         1/15 
  Upgrading        : python3-dnf-4.18.2-1.fc40.noarch                      2/15 
  Upgrading        : dnf-4.18.2-1.fc40.noarch                              3/15 
  Running scriptlet: dnf-4.18.2-1.fc40.noarch                              3/15 
  Installing       : python3-systemd-235-5.fc39.x86_64                     4/15 
  Installing       : python3-six-1.16.0-12.fc39.noarch                     5/15 
  Installing       : python3-dateutil-1:2.8.2-11.fc40.noarch               6/15 
  Installing       : python3-distro-1.9.0-1.fc40.noarch                    7/15 
  Installing       : dbus-libs-1:1.14.10-1.fc40.x86_64                     8/15 
  Installing       : python3-dbus-1.3.2-4.fc39.x86_64                      9/15 
  Installing       : python3-dnf-plugins-core-4.4.4-1.fc40.noarch         10/15 
  Upgrading        : yum-4.18.2-1.fc40.noarch                             11/15 
  Cleanup          : yum-4.18.1-2.fc39.noarch                             12/15 
  Running scriptlet: dnf-4.18.1-2.fc39.noarch                             13/15 
  Cleanup          : dnf-4.18.1-2.fc39.noarch                             13/15 
  Running scriptlet: dnf-4.18.1-2.fc39.noarch                             13/15 
  Cleanup          : python3-dnf-4.18.1-2.fc39.noarch                     14/15 
  Cleanup          : dnf-data-4.18.1-2.fc39.noarch                        15/15 
  Running scriptlet: dnf-data-4.18.1-2.fc39.noarch                        15/15 
  Verifying        : dbus-libs-1:1.14.10-1.fc40.x86_64                     1/15 
  Verifying        : python3-dateutil-1:2.8.2-11.fc40.noarch               2/15 
  Verifying        : python3-dbus-1.3.2-4.fc39.x86_64                      3/15 
  Verifying        : python3-distro-1.9.0-1.fc40.noarch                    4/15 
  Verifying        : python3-dnf-plugins-core-4.4.4-1.fc40.noarch          5/15 
  Verifying        : python3-six-1.16.0-12.fc39.noarch                     6/15 
  Verifying        : python3-systemd-235-5.fc39.x86_64                     7/15 
  Verifying        : dnf-4.18.2-1.fc40.noarch                              8/15 
  Verifying        : dnf-4.18.1-2.fc39.noarch                              9/15 
  Verifying        : dnf-data-4.18.2-1.fc40.noarch                        10/15 
  Verifying        : dnf-data-4.18.1-2.fc39.noarch                        11/15 
  Verifying        : python3-dnf-4.18.2-1.fc40.noarch                     12/15 
  Verifying        : python3-dnf-4.18.1-2.fc39.noarch                     13/15 
  Verifying        : yum-4.18.2-1.fc40.noarch                             14/15 
  Verifying        : yum-4.18.1-2.fc39.noarch                             15/15 

Upgraded:
  dnf-4.18.2-1.fc40.noarch                 dnf-data-4.18.2-1.fc40.noarch        
  python3-dnf-4.18.2-1.fc40.noarch         yum-4.18.2-1.fc40.noarch             
Installed:
  dbus-libs-1:1.14.10-1.fc40.x86_64                                             
  python3-dateutil-1:2.8.2-11.fc40.noarch                                       
  python3-dbus-1.3.2-4.fc39.x86_64                                              
  python3-distro-1.9.0-1.fc40.noarch                                            
  python3-dnf-plugins-core-4.4.4-1.fc40.noarch                                  
  python3-six-1.16.0-12.fc39.noarch                                             
  python3-systemd-235-5.fc39.x86_64                                             

Complete!
Finish(bootstrap): installing dnf tooling
Start(bootstrap): creating root cache
Finish(bootstrap): creating root cache
Finish(bootstrap): chroot init
Start: chroot init
INFO: mounting tmpfs at /var/lib/mock/fedora-39-i686-1706248002.521398/root.
INFO: calling preinit hooks
INFO: enabled root cache
INFO: enabled package manager cache
Start: cleaning package manager metadata
Finish: cleaning package manager metadata
INFO: enabled HW Info plugin
INFO: Package manager dnf detected and used (direct choice)
INFO: Buildroot is handled by package management downloaded with a bootstrap image:
  rpm-4.19.0-1.fc39.x86_64
  rpm-sequoia-1.5.0-1.fc39.x86_64
  python3-dnf-4.18.2-1.fc40.noarch
  python3-dnf-plugins-core-4.4.4-1.fc40.noarch
  yum-4.18.2-1.fc40.noarch
Start: installing minimal buildroot with dnf
No matches found for the following disable plugin patterns: local, spacewalk, versionlock
Copr repository                                  16 MB/s | 2.1 MB     00:00    
Additional repo http_kojipkgs_fedoraproject_org  50 MB/s |  60 MB     00:01    
local                                            24 MB/s |  61 MB     00:02    
Dependencies resolved.
========================================================================================================================================
 Package                         Arch    Version                    Repository                                                      Size
========================================================================================================================================
Installing group/module packages:
 bash                            i686    5.2.26-1.fc40              http_kojipkgs_fedoraproject_org_repos_rawhide_latest_basearch  1.8 M
 bzip2                           i686    1.0.8-16.fc39              http_kojipkgs_fedoraproject_org_repos_rawhide_latest_basearch   53 k
 coreutils                       i686    9.4-3.fc40                 http_kojipkgs_fedoraproject_org_repos_rawhide_latest_basearch  1.2 M
 cpio                            i686    2.15-1.fc40                http_kojipkgs_fedoraproject_org_repos_rawhide_latest_basearch  290 k
 diffutils                       i686    3.10-3.fc39                http_kojipkgs_fedoraproject_org_repos_rawhide_latest_basearch  394 k
 fedora-release                  noarch  40-0.29                    http_kojipkgs_fedoraproject_org_repos_rawhide_latest_basearch   10 k
 findutils                       i686    1:4.9.0-6.fc40             http_kojipkgs_fedoraproject_org_repos_rawhide_latest_basearch  492 k
 gawk                            i686    5.3.0-1.fc40               http_kojipkgs_fedoraproject_org_repos_rawhide_latest_basearch  1.0 M
 glibc-minimal-langpack          i686    2.38.9000-35.fc40          http_kojipkgs_fedoraproject_org_repos_rawhide_latest_basearch   96 k
 grep                            i686    3.11-5.fc40                http_kojipkgs_fedoraproject_org_repos_rawhide_latest_basearch  294 k
 gzip                            i686    1.12-6.fc39                http_kojipkgs_fedoraproject_org_repos_rawhide_latest_basearch  158 k
 info                            i686    7.1-1.fc40                 http_kojipkgs_fedoraproject_org_repos_rawhide_latest_basearch  187 k
 patch                           i686    2.7.6-22.fc39              http_kojipkgs_fedoraproject_org_repos_rawhide_latest_basearch  138 k
 redhat-rpm-config               noarch  280-1.fc40                 http_kojipkgs_fedoraproject_org_repos_rawhide_latest_basearch   75 k
 rpm-build                       i686    4.19.1-2.fc40              http_kojipkgs_fedoraproject_org_repos_rawhide_latest_basearch   72 k
 sed                             i686    4.8-14.fc39                http_kojipkgs_fedoraproject_org_repos_rawhide_latest_basearch  300 k
 shadow-utils                    i686    2:4.14.0-2.fc40            http_kojipkgs_fedoraproject_org_repos_rawhide_latest_basearch  1.2 M
 tar                             i686    2:1.35-2.fc40              http_kojipkgs_fedoraproject_org_repos_rawhide_latest_basearch  864 k
 unzip                           i686    6.0-62.fc39                http_kojipkgs_fedoraproject_org_repos_rawhide_latest_basearch  180 k
 util-linux                      i686    2.39.3-4.fc40              http_kojipkgs_fedoraproject_org_repos_rawhide_latest_basearch  1.1 M
 which                           i686    2.21-40.fc39               http_kojipkgs_fedoraproject_org_repos_rawhide_latest_basearch   42 k
 xz                              i686    5.4.5-1.fc40               http_kojipkgs_fedoraproject_org_repos_rawhide_latest_basearch  535 k
Installing dependencies:
 alternatives                    i686    1.26-1.fc40                http_kojipkgs_fedoraproject_org_repos_rawhide_latest_basearch   40 k
 ansible-srpm-macros             noarch  1-12.fc40                  http_kojipkgs_fedoraproject_org_repos_rawhide_latest_basearch   21 k
 audit-libs                      i686    4.0-7.fc40                 http_kojipkgs_fedoraproject_org_repos_rawhide_latest_basearch  127 k
 authselect                      i686    1.5.0-1.fc40               http_kojipkgs_fedoraproject_org_repos_rawhide_latest_basearch  145 k
 authselect-libs                 i686    1.5.0-1.fc40               http_kojipkgs_fedoraproject_org_repos_rawhide_latest_basearch  236 k
 basesystem                      noarch  11-18.fc39                 http_kojipkgs_fedoraproject_org_repos_rawhide_latest_basearch  7.2 k
 binutils                        i686    2.41-30.fc40               http_kojipkgs_fedoraproject_org_repos_rawhide_latest_basearch  5.8 M
 binutils-gold                   i686    2.41-30.fc40               http_kojipkgs_fedoraproject_org_repos_rawhide_latest_basearch  849 k
 bzip2-libs                      i686    1.0.8-16.fc39              http_kojipkgs_fedoraproject_org_repos_rawhide_latest_basearch   41 k
 ca-certificates                 noarch  2023.2.62_v7.0.401-4.fc40  http_kojipkgs_fedoraproject_org_repos_rawhide_latest_basearch  863 k
 coreutils-common                i686    9.4-3.fc40                 http_kojipkgs_fedoraproject_org_repos_rawhide_latest_basearch  2.1 M
 cracklib                        i686    2.9.11-2.fc39              http_kojipkgs_fedoraproject_org_repos_rawhide_latest_basearch   83 k
 crypto-policies                 noarch  20231204-1.git1e3a2e4.fc40 http_kojipkgs_fedoraproject_org_repos_rawhide_latest_basearch   69 k
 curl                            i686    8.5.0-2.fc40               http_kojipkgs_fedoraproject_org_repos_rawhide_latest_basearch  373 k
 cyrus-sasl-lib                  i686    2.1.28-17.fc40             http_kojipkgs_fedoraproject_org_repos_rawhide_latest_basearch  856 k
 debugedit                       i686    5.0-12.fc40                http_kojipkgs_fedoraproject_org_repos_rawhide_latest_basearch   80 k
 dwz                             i686    0.15-3.fc39                http_kojipkgs_fedoraproject_org_repos_rawhide_latest_basearch  139 k
 ed                              i686    1.20-1.fc40                http_kojipkgs_fedoraproject_org_repos_rawhide_latest_basearch   81 k
 efi-srpm-macros                 noarch  5-9.fc39                   http_kojipkgs_fedoraproject_org_repos_rawhide_latest_basearch   22 k
 elfutils                        i686    0.190-4.fc40               http_kojipkgs_fedoraproject_org_repos_rawhide_latest_basearch  568 k
 elfutils-debuginfod-client      i686    0.190-4.fc40               http_kojipkgs_fedoraproject_org_repos_rawhide_latest_basearch   38 k
 elfutils-default-yama-scope     noarch  0.190-4.fc40               http_kojipkgs_fedoraproject_org_repos_rawhide_latest_basearch   13 k
 elfutils-libelf                 i686    0.190-4.fc40               http_kojipkgs_fedoraproject_org_repos_rawhide_latest_basearch  201 k
 elfutils-libs                   i686    0.190-4.fc40               http_kojipkgs_fedoraproject_org_repos_rawhide_latest_basearch  290 k
 fedora-gpg-keys                 noarch  40-0.2                     http_kojipkgs_fedoraproject_org_repos_rawhide_latest_basearch  119 k
 fedora-release-common           noarch  40-0.29                    http_kojipkgs_fedoraproject_org_repos_rawhide_latest_basearch   21 k
 fedora-release-identity-basic   noarch  40-0.29                    http_kojipkgs_fedoraproject_org_repos_rawhide_latest_basearch   11 k
 fedora-repos                    noarch  40-0.2                     http_kojipkgs_fedoraproject_org_repos_rawhide_latest_basearch  9.3 k
 fedora-repos-rawhide            noarch  40-0.2                     http_kojipkgs_fedoraproject_org_repos_rawhide_latest_basearch  8.9 k
 file                            i686    5.45-1.fc40                http_kojipkgs_fedoraproject_org_repos_rawhide_latest_basearch   49 k
 file-libs                       i686    5.45-1.fc40                http_kojipkgs_fedoraproject_org_repos_rawhide_latest_basearch  770 k
 filesystem                      i686    3.18-6.fc39                http_kojipkgs_fedoraproject_org_repos_rawhide_latest_basearch  1.1 M
 fonts-srpm-macros               noarch  1:2.0.5-12.fc39            http_kojipkgs_fedoraproject_org_repos_rawhide_latest_basearch   26 k
 forge-srpm-macros               noarch  0.2.0-1.fc40               http_kojipkgs_fedoraproject_org_repos_rawhide_latest_basearch   18 k
 fpc-srpm-macros                 noarch  1.3-8.fc39                 http_kojipkgs_fedoraproject_org_repos_rawhide_latest_basearch  7.4 k
 gdb-minimal                     i686    14.1-4.fc40                http_kojipkgs_fedoraproject_org_repos_rawhide_latest_basearch  4.6 M
 gdbm                            i686    1:1.23-4.fc39              http_kojipkgs_fedoraproject_org_repos_rawhide_latest_basearch  150 k
 gdbm-libs                       i686    1:1.23-4.fc39              http_kojipkgs_fedoraproject_org_repos_rawhide_latest_basearch   60 k
 ghc-srpm-macros                 noarch  1.6.1-3.fc40               http_kojipkgs_fedoraproject_org_repos_rawhide_latest_basearch  8.1 k
 glibc                           i686    2.38.9000-35.fc40          http_kojipkgs_fedoraproject_org_repos_rawhide_latest_basearch  2.0 M
 glibc-common                    i686    2.38.9000-35.fc40          http_kojipkgs_fedoraproject_org_repos_rawhide_latest_basearch  386 k
 glibc-gconv-extra               i686    2.38.9000-35.fc40          http_kojipkgs_fedoraproject_org_repos_rawhide_latest_basearch  1.6 M
 gmp                             i686    1:6.2.1-5.fc39             http_kojipkgs_fedoraproject_org_repos_rawhide_latest_basearch  306 k
 gnat-srpm-macros                noarch  6-3.fc39                   http_kojipkgs_fedoraproject_org_repos_rawhide_latest_basearch  8.8 k
 go-srpm-macros                  noarch  3.3.1-1.fc40               http_kojipkgs_fedoraproject_org_repos_rawhide_latest_basearch   28 k
 jansson                         i686    2.13.1-7.fc39              http_kojipkgs_fedoraproject_org_repos_rawhide_latest_basearch   46 k
 kernel-srpm-macros              noarch  1.0-20.fc39                http_kojipkgs_fedoraproject_org_repos_rawhide_latest_basearch   10 k
 keyutils-libs                   i686    1.6.3-1.fc40               http_kojipkgs_fedoraproject_org_repos_rawhide_latest_basearch   32 k
 krb5-libs                       i686    1.21.2-3.fc40              http_kojipkgs_fedoraproject_org_repos_rawhide_latest_basearch  803 k
 libacl                          i686    2.3.2-1.fc40               http_kojipkgs_fedoraproject_org_repos_rawhide_latest_basearch   26 k
 libarchive                      i686    3.7.2-1.fc40               http_kojipkgs_fedoraproject_org_repos_rawhide_latest_basearch  450 k
 libattr                         i686    2.5.2-1.fc40               http_kojipkgs_fedoraproject_org_repos_rawhide_latest_basearch   18 k
 libblkid                        i686    2.39.3-4.fc40              http_kojipkgs_fedoraproject_org_repos_rawhide_latest_basearch  127 k
 libbrotli                       i686    1.1.0-1.fc40               http_kojipkgs_fedoraproject_org_repos_rawhide_latest_basearch  340 k
 libcap                          i686    2.69-1.fc40                http_kojipkgs_fedoraproject_org_repos_rawhide_latest_basearch   84 k
 libcap-ng                       i686    0.8.4-2.fc40               http_kojipkgs_fedoraproject_org_repos_rawhide_latest_basearch   33 k
 libcom_err                      i686    1.47.0-2.fc39              http_kojipkgs_fedoraproject_org_repos_rawhide_latest_basearch   26 k
 libcurl                         i686    8.5.0-2.fc40               http_kojipkgs_fedoraproject_org_repos_rawhide_latest_basearch  372 k
 libeconf                        i686    0.5.2-1.fc40               http_kojipkgs_fedoraproject_org_repos_rawhide_latest_basearch   32 k
 libevent                        i686    2.1.12-9.fc39              http_kojipkgs_fedoraproject_org_repos_rawhide_latest_basearch  277 k
 libfdisk                        i686    2.39.3-4.fc40              http_kojipkgs_fedoraproject_org_repos_rawhide_latest_basearch  175 k
 libffi                          i686    3.4.4-5.fc40               http_kojipkgs_fedoraproject_org_repos_rawhide_latest_basearch   37 k
 libgcc                          i686    14.0.1-0.2.fc40            http_kojipkgs_fedoraproject_org_repos_rawhide_latest_basearch  108 k
 libgomp                         i686    14.0.1-0.2.fc40            http_kojipkgs_fedoraproject_org_repos_rawhide_latest_basearch  331 k
 libidn2                         i686    2.3.4-3.fc39               http_kojipkgs_fedoraproject_org_repos_rawhide_latest_basearch  111 k
 libmount                        i686    2.39.3-4.fc40              http_kojipkgs_fedoraproject_org_repos_rawhide_latest_basearch  161 k
 libnghttp2                      i686    1.59.0-1.fc40              http_kojipkgs_fedoraproject_org_repos_rawhide_latest_basearch   81 k
 libnsl2                         i686    2.0.0-6.fc39               http_kojipkgs_fedoraproject_org_repos_rawhide_latest_basearch   31 k
 libpkgconf                      i686    1.9.5-2.fc39               http_kojipkgs_fedoraproject_org_repos_rawhide_latest_basearch   41 k
 libpsl                          i686    0.21.5-1.fc40              http_kojipkgs_fedoraproject_org_repos_rawhide_latest_basearch   64 k
 libpwquality                    i686    1.4.5-6.fc39               http_kojipkgs_fedoraproject_org_repos_rawhide_latest_basearch  109 k
 libselinux                      i686    3.6-2.fc40                 http_kojipkgs_fedoraproject_org_repos_rawhide_latest_basearch   93 k
 libsemanage                     i686    3.6-1.fc40                 http_kojipkgs_fedoraproject_org_repos_rawhide_latest_basearch  125 k
 libsepol                        i686    3.6-1.fc40                 http_kojipkgs_fedoraproject_org_repos_rawhide_latest_basearch  351 k
 libsmartcols                    i686    2.39.3-4.fc40              http_kojipkgs_fedoraproject_org_repos_rawhide_latest_basearch   69 k
 libssh                          i686    0.10.6-2.fc40              http_kojipkgs_fedoraproject_org_repos_rawhide_latest_basearch  227 k
 libssh-config                   noarch  0.10.6-2.fc40              http_kojipkgs_fedoraproject_org_repos_rawhide_latest_basearch  9.1 k
 libstdc++                       i686    14.0.1-0.2.fc40            http_kojipkgs_fedoraproject_org_repos_rawhide_latest_basearch  933 k
 libtasn1                        i686    4.19.0-3.fc39              http_kojipkgs_fedoraproject_org_repos_rawhide_latest_basearch   75 k
 libtirpc                        i686    1.3.4-1.rc1.fc40           http_kojipkgs_fedoraproject_org_repos_rawhide_latest_basearch  102 k
 libunistring                    i686    1.1-5.fc40                 http_kojipkgs_fedoraproject_org_repos_rawhide_latest_basearch  551 k
 libutempter                     i686    1.2.1-10.fc39              http_kojipkgs_fedoraproject_org_repos_rawhide_latest_basearch   27 k
 libuuid                         i686    2.39.3-4.fc40              http_kojipkgs_fedoraproject_org_repos_rawhide_latest_basearch   29 k
 libverto                        i686    0.3.2-6.fc39               http_kojipkgs_fedoraproject_org_repos_rawhide_latest_basearch   21 k
 libxcrypt                       i686    4.4.36-4.fc40              http_kojipkgs_fedoraproject_org_repos_rawhide_latest_basearch  122 k
 libxml2                         i686    2.12.4-1.fc40              http_kojipkgs_fedoraproject_org_repos_rawhide_latest_basearch  726 k
 libzstd                         i686    1.5.5-4.fc39               http_kojipkgs_fedoraproject_org_repos_rawhide_latest_basearch  290 k
 lua-libs                        i686    5.4.6-3.fc39               http_kojipkgs_fedoraproject_org_repos_rawhide_latest_basearch  149 k
 lua-srpm-macros                 noarch  1-9.fc39                   http_kojipkgs_fedoraproject_org_repos_rawhide_latest_basearch  8.6 k
 lz4-libs                        i686    1.9.4-4.fc39               http_kojipkgs_fedoraproject_org_repos_rawhide_latest_basearch   70 k
 mpfr                            i686    4.2.1-1.fc40               http_kojipkgs_fedoraproject_org_repos_rawhide_latest_basearch  380 k
 ncurses-base                    noarch  6.4-9.20240113.fc40        http_kojipkgs_fedoraproject_org_repos_rawhide_latest_basearch   63 k
 ncurses-libs                    i686    6.4-9.20240113.fc40        http_kojipkgs_fedoraproject_org_repos_rawhide_latest_basearch  353 k
 ocaml-srpm-macros               noarch  9-1.fc40                   http_kojipkgs_fedoraproject_org_repos_rawhide_latest_basearch  9.0 k
 openblas-srpm-macros            noarch  2-14.fc39                  http_kojipkgs_fedoraproject_org_repos_rawhide_latest_basearch  7.5 k
 openldap                        i686    2.6.6-1.fc39               http_kojipkgs_fedoraproject_org_repos_rawhide_latest_basearch  273 k
 openssl-libs                    i686    1:3.1.4-1.fc40             http_kojipkgs_fedoraproject_org_repos_rawhide_latest_basearch  2.1 M
 p11-kit                         i686    0.25.3-1.fc40              http_kojipkgs_fedoraproject_org_repos_rawhide_latest_basearch  490 k
 p11-kit-trust                   i686    0.25.3-1.fc40              http_kojipkgs_fedoraproject_org_repos_rawhide_latest_basearch  140 k
 package-notes-srpm-macros       noarch  0.5-9.fc39                 http_kojipkgs_fedoraproject_org_repos_rawhide_latest_basearch   11 k
 pam                             i686    1.6.0-1.fc40               http_kojipkgs_fedoraproject_org_repos_rawhide_latest_basearch  530 k
 pam-libs                        i686    1.6.0-1.fc40               http_kojipkgs_fedoraproject_org_repos_rawhide_latest_basearch   60 k
 pcre2                           i686    10.42-2.fc40               http_kojipkgs_fedoraproject_org_repos_rawhide_latest_basearch  231 k
 pcre2-syntax                    noarch  10.42-2.fc40               http_kojipkgs_fedoraproject_org_repos_rawhide_latest_basearch  143 k
 perl-srpm-macros                noarch  1-51.fc39                  http_kojipkgs_fedoraproject_org_repos_rawhide_latest_basearch  8.0 k
 pkgconf                         i686    1.9.5-2.fc39               http_kojipkgs_fedoraproject_org_repos_rawhide_latest_basearch   43 k
 pkgconf-m4                      noarch  1.9.5-2.fc39               http_kojipkgs_fedoraproject_org_repos_rawhide_latest_basearch   14 k
 pkgconf-pkg-config              i686    1.9.5-2.fc39               http_kojipkgs_fedoraproject_org_repos_rawhide_latest_basearch  9.6 k
 popt                            i686    1.19-3.fc39                http_kojipkgs_fedoraproject_org_repos_rawhide_latest_basearch   62 k
 publicsuffix-list-dafsa         noarch  20240107-1.fc40            http_kojipkgs_fedoraproject_org_repos_rawhide_latest_basearch   58 k
 pyproject-srpm-macros           noarch  1.11.0-1.fc40              http_kojipkgs_fedoraproject_org_repos_rawhide_latest_basearch   15 k
 python-srpm-macros              noarch  3.12-7.fc40                http_kojipkgs_fedoraproject_org_repos_rawhide_latest_basearch   24 k
 qt5-srpm-macros                 noarch  5.15.12-1.fc40             http_kojipkgs_fedoraproject_org_repos_rawhide_latest_basearch  8.4 k
 qt6-srpm-macros                 noarch  6.6.1-3.fc40               http_kojipkgs_fedoraproject_org_repos_rawhide_latest_basearch  8.8 k
 readline                        i686    8.2-7.fc40                 http_kojipkgs_fedoraproject_org_repos_rawhide_latest_basearch  218 k
 rpm                             i686    4.19.1-2.fc40              http_kojipkgs_fedoraproject_org_repos_rawhide_latest_basearch  506 k
 rpm-build-libs                  i686    4.19.1-2.fc40              http_kojipkgs_fedoraproject_org_repos_rawhide_latest_basearch  102 k
 rpm-libs                        i686    4.19.1-2.fc40              http_kojipkgs_fedoraproject_org_repos_rawhide_latest_basearch  341 k
 rpm-sequoia                     i686    1.5.0-2.fc40               http_kojipkgs_fedoraproject_org_repos_rawhide_latest_basearch  945 k
 rust-srpm-macros                noarch  25.2-2.fc40                http_kojipkgs_fedoraproject_org_repos_rawhide_latest_basearch   13 k
 setup                           noarch  2.14.5-1.fc40              http_kojipkgs_fedoraproject_org_repos_rawhide_latest_basearch  148 k
 sqlite-libs                     i686    3.45.0-1.fc40              http_kojipkgs_fedoraproject_org_repos_rawhide_latest_basearch  748 k
 systemd-libs                    i686    255.3-1.fc40               http_kojipkgs_fedoraproject_org_repos_rawhide_latest_basearch  747 k
 util-linux-core                 i686    2.39.3-4.fc40              http_kojipkgs_fedoraproject_org_repos_rawhide_latest_basearch  504 k
 xxhash-libs                     i686    0.8.2-1.fc39               http_kojipkgs_fedoraproject_org_repos_rawhide_latest_basearch   49 k
 xz-libs                         i686    5.4.5-1.fc40               http_kojipkgs_fedoraproject_org_repos_rawhide_latest_basearch  118 k
 zig-srpm-macros                 noarch  1-1.fc40                   http_kojipkgs_fedoraproject_org_repos_rawhide_latest_basearch  8.0 k
 zip                             i686    3.0-39.fc40                http_kojipkgs_fedoraproject_org_repos_rawhide_latest_basearch  267 k
 zlib-ng-compat                  i686    2.1.6-1.fc40               http_kojipkgs_fedoraproject_org_repos_rawhide_latest_basearch   81 k
 zstd                            i686    1.5.5-4.fc39               http_kojipkgs_fedoraproject_org_repos_rawhide_latest_basearch  451 k
Installing Groups:
 build                                                                                                                                  

Transaction Summary
========================================================================================================================================
Install  152 Packages

Total download size: 53 M
Installed size: 174 M
Downloading Packages:
(1/152): ansible-srpm-macros-1-12.fc40.noarch.r 286 kB/s |  21 kB     00:00    
(2/152): audit-libs-4.0-7.fc40.i686.rpm         1.7 MB/s | 127 kB     00:00    
(3/152): alternatives-1.26-1.fc40.i686.rpm      491 kB/s |  40 kB     00:00    
(4/152): basesystem-11-18.fc39.noarch.rpm       439 kB/s | 7.2 kB     00:00    
(5/152): authselect-1.5.0-1.fc40.i686.rpm       5.6 MB/s | 145 kB     00:00    
(6/152): authselect-libs-1.5.0-1.fc40.i686.rpm  6.0 MB/s | 236 kB     00:00    
(7/152): bash-5.2.26-1.fc40.i686.rpm             31 MB/s | 1.8 MB     00:00    
(8/152): binutils-gold-2.41-30.fc40.i686.rpm     18 MB/s | 849 kB     00:00    
(9/152): bzip2-1.0.8-16.fc39.i686.rpm           3.0 MB/s |  53 kB     00:00    
(10/152): bzip2-libs-1.0.8-16.fc39.i686.rpm     2.0 MB/s |  41 kB     00:00    
(11/152): ca-certificates-2023.2.62_v7.0.401-4.  29 MB/s | 863 kB     00:00    
(12/152): coreutils-9.4-3.fc40.i686.rpm          19 MB/s | 1.2 MB     00:00    
(13/152): coreutils-common-9.4-3.fc40.i686.rpm   41 MB/s | 2.1 MB     00:00    
(14/152): cpio-2.15-1.fc40.i686.rpm              10 MB/s | 290 kB     00:00    
(15/152): cracklib-2.9.11-2.fc39.i686.rpm       4.6 MB/s |  83 kB     00:00    
(16/152): crypto-policies-20231204-1.git1e3a2e4 3.8 MB/s |  69 kB     00:00    
(17/152): curl-8.5.0-2.fc40.i686.rpm             11 MB/s | 373 kB     00:00    
(18/152): cyrus-sasl-lib-2.1.28-17.fc40.i686.rp  26 MB/s | 856 kB     00:00    
(19/152): debugedit-5.0-12.fc40.i686.rpm        4.1 MB/s |  80 kB     00:00    
(20/152): diffutils-3.10-3.fc39.i686.rpm         18 MB/s | 394 kB     00:00    
(21/152): dwz-0.15-3.fc39.i686.rpm              6.3 MB/s | 139 kB     00:00    
(22/152): ed-1.20-1.fc40.i686.rpm               4.3 MB/s |  81 kB     00:00    
(23/152): efi-srpm-macros-5-9.fc39.noarch.rpm   1.1 MB/s |  22 kB     00:00    
(24/152): binutils-2.41-30.fc40.i686.rpm         21 MB/s | 5.8 MB     00:00    
(25/152): elfutils-0.190-4.fc40.i686.rpm         22 MB/s | 568 kB     00:00    
(26/152): elfutils-debuginfod-client-0.190-4.fc 1.8 MB/s |  38 kB     00:00    
(27/152): elfutils-default-yama-scope-0.190-4.f 774 kB/s |  13 kB     00:00    
(28/152): elfutils-libelf-0.190-4.fc40.i686.rpm  10 MB/s | 201 kB     00:00    
(29/152): fedora-gpg-keys-40-0.2.noarch.rpm     6.5 MB/s | 119 kB     00:00    
(30/152): elfutils-libs-0.190-4.fc40.i686.rpm   9.6 MB/s | 290 kB     00:00    
(31/152): fedora-release-40-0.29.noarch.rpm     598 kB/s |  10 kB     00:00    
(32/152): fedora-release-common-40-0.29.noarch. 1.0 MB/s |  21 kB     00:00    
(33/152): fedora-release-identity-basic-40-0.29 649 kB/s |  11 kB     00:00    
(34/152): fedora-repos-40-0.2.noarch.rpm        524 kB/s | 9.3 kB     00:00    
(35/152): fedora-repos-rawhide-40-0.2.noarch.rp 528 kB/s | 8.9 kB     00:00    
(36/152): file-5.45-1.fc40.i686.rpm             2.4 MB/s |  49 kB     00:00    
(37/152): file-libs-5.45-1.fc40.i686.rpm         17 MB/s | 770 kB     00:00    
(38/152): filesystem-3.18-6.fc39.i686.rpm        30 MB/s | 1.1 MB     00:00    
(39/152): findutils-4.9.0-6.fc40.i686.rpm        12 MB/s | 492 kB     00:00    
(40/152): fonts-srpm-macros-2.0.5-12.fc39.noarc 1.5 MB/s |  26 kB     00:00    
(41/152): forge-srpm-macros-0.2.0-1.fc40.noarch 928 kB/s |  18 kB     00:00    
(42/152): fpc-srpm-macros-1.3-8.fc39.noarch.rpm 412 kB/s | 7.4 kB     00:00    
(43/152): gdbm-1.23-4.fc39.i686.rpm             6.7 MB/s | 150 kB     00:00    
(44/152): gdbm-libs-1.23-4.fc39.i686.rpm        3.0 MB/s |  60 kB     00:00    
(45/152): gawk-5.3.0-1.fc40.i686.rpm             17 MB/s | 1.0 MB     00:00    
(46/152): ghc-srpm-macros-1.6.1-3.fc40.noarch.r 428 kB/s | 8.1 kB     00:00    
(47/152): gdb-minimal-14.1-4.fc40.i686.rpm       48 MB/s | 4.6 MB     00:00    
(48/152): glibc-common-2.38.9000-35.fc40.i686.r  11 MB/s | 386 kB     00:00    
(49/152): glibc-minimal-langpack-2.38.9000-35.f 4.1 MB/s |  96 kB     00:00    
(50/152): glibc-gconv-extra-2.38.9000-35.fc40.i  34 MB/s | 1.6 MB     00:00    
(51/152): glibc-2.38.9000-35.fc40.i686.rpm       20 MB/s | 2.0 MB     00:00    
(52/152): gmp-6.2.1-5.fc39.i686.rpm             9.4 MB/s | 306 kB     00:00    
(53/152): gnat-srpm-macros-6-3.fc39.noarch.rpm  518 kB/s | 8.8 kB     00:00    
(54/152): go-srpm-macros-3.3.1-1.fc40.noarch.rp 1.5 MB/s |  28 kB     00:00    
(55/152): gzip-1.12-6.fc39.i686.rpm             6.6 MB/s | 158 kB     00:00    
(56/152): grep-3.11-5.fc40.i686.rpm             9.5 MB/s | 294 kB     00:00    
(57/152): info-7.1-1.fc40.i686.rpm              8.9 MB/s | 187 kB     00:00    
(58/152): jansson-2.13.1-7.fc39.i686.rpm        2.3 MB/s |  46 kB     00:00    
(59/152): kernel-srpm-macros-1.0-20.fc39.noarch 512 kB/s |  10 kB     00:00    
(60/152): keyutils-libs-1.6.3-1.fc40.i686.rpm   1.8 MB/s |  32 kB     00:00    
(61/152): libacl-2.3.2-1.fc40.i686.rpm          1.1 MB/s |  26 kB     00:00    
(62/152): krb5-libs-1.21.2-3.fc40.i686.rpm       26 MB/s | 803 kB     00:00    
(63/152): libarchive-3.7.2-1.fc40.i686.rpm       13 MB/s | 450 kB     00:00    
(64/152): libattr-2.5.2-1.fc40.i686.rpm         1.0 MB/s |  18 kB     00:00    
(65/152): libblkid-2.39.3-4.fc40.i686.rpm       5.8 MB/s | 127 kB     00:00    
(66/152): libbrotli-1.1.0-1.fc40.i686.rpm        16 MB/s | 340 kB     00:00    
(67/152): libcap-2.69-1.fc40.i686.rpm           4.0 MB/s |  84 kB     00:00    
(68/152): libcap-ng-0.8.4-2.fc40.i686.rpm       1.7 MB/s |  33 kB     00:00    
(69/152): libcom_err-1.47.0-2.fc39.i686.rpm     1.5 MB/s |  26 kB     00:00    
(70/152): libeconf-0.5.2-1.fc40.i686.rpm        1.8 MB/s |  32 kB     00:00    
(71/152): libcurl-8.5.0-2.fc40.i686.rpm          12 MB/s | 372 kB     00:00    
(72/152): libevent-2.1.12-9.fc39.i686.rpm        14 MB/s | 277 kB     00:00    
(73/152): libfdisk-2.39.3-4.fc40.i686.rpm       8.2 MB/s | 175 kB     00:00    
(74/152): libffi-3.4.4-5.fc40.i686.rpm          2.1 MB/s |  37 kB     00:00    
(75/152): libgcc-14.0.1-0.2.fc40.i686.rpm       5.0 MB/s | 108 kB     00:00    
(76/152): libgomp-14.0.1-0.2.fc40.i686.rpm       16 MB/s | 331 kB     00:00    
(77/152): libidn2-2.3.4-3.fc39.i686.rpm         5.2 MB/s | 111 kB     00:00    
(78/152): libmount-2.39.3-4.fc40.i686.rpm       8.2 MB/s | 161 kB     00:00    
(79/152): libnghttp2-1.59.0-1.fc40.i686.rpm     4.1 MB/s |  81 kB     00:00    
(80/152): libnsl2-2.0.0-6.fc39.i686.rpm         1.6 MB/s |  31 kB     00:00    
(81/152): libpkgconf-1.9.5-2.fc39.i686.rpm      2.2 MB/s |  41 kB     00:00    
(82/152): libpsl-0.21.5-1.fc40.i686.rpm         3.4 MB/s |  64 kB     00:00    
(83/152): libselinux-3.6-2.fc40.i686.rpm        4.9 MB/s |  93 kB     00:00    
(84/152): libpwquality-1.4.5-6.fc39.i686.rpm    4.9 MB/s | 109 kB     00:00    
(85/152): libsemanage-3.6-1.fc40.i686.rpm       6.5 MB/s | 125 kB     00:00    
(86/152): libsmartcols-2.39.3-4.fc40.i686.rpm   3.5 MB/s |  69 kB     00:00    
(87/152): libsepol-3.6-1.fc40.i686.rpm           11 MB/s | 351 kB     00:00    
(88/152): libssh-0.10.6-2.fc40.i686.rpm         8.8 MB/s | 227 kB     00:00    
(89/152): libssh-config-0.10.6-2.fc40.noarch.rp 509 kB/s | 9.1 kB     00:00    
(90/152): libtasn1-4.19.0-3.fc39.i686.rpm       3.8 MB/s |  75 kB     00:00    
(91/152): libtirpc-1.3.4-1.rc1.fc40.i686.rpm    5.6 MB/s | 102 kB     00:00    
(92/152): libutempter-1.2.1-10.fc39.i686.rpm    1.3 MB/s |  27 kB     00:00    
(93/152): libstdc++-14.0.1-0.2.fc40.i686.rpm     19 MB/s | 933 kB     00:00    
(94/152): libunistring-1.1-5.fc40.i686.rpm       21 MB/s | 551 kB     00:00    
(95/152): libuuid-2.39.3-4.fc40.i686.rpm        1.7 MB/s |  29 kB     00:00    
(96/152): libxcrypt-4.4.36-4.fc40.i686.rpm      6.6 MB/s | 122 kB     00:00    
(97/152): libverto-0.3.2-6.fc39.i686.rpm        1.0 MB/s |  21 kB     00:00    
(98/152): lua-libs-5.4.6-3.fc39.i686.rpm        6.8 MB/s | 149 kB     00:00    
(99/152): libxml2-2.12.4-1.fc40.i686.rpm         25 MB/s | 726 kB     00:00    
(100/152): libzstd-1.5.5-4.fc39.i686.rpm         10 MB/s | 290 kB     00:00    
(101/152): lua-srpm-macros-1-9.fc39.noarch.rpm  514 kB/s | 8.6 kB     00:00    
(102/152): lz4-libs-1.9.4-4.fc39.i686.rpm       3.4 MB/s |  70 kB     00:00    
(103/152): mpfr-4.2.1-1.fc40.i686.rpm            14 MB/s | 380 kB     00:00    
(104/152): ncurses-base-6.4-9.20240113.fc40.noa 3.5 MB/s |  63 kB     00:00    
(105/152): ocaml-srpm-macros-9-1.fc40.noarch.rp 535 kB/s | 9.0 kB     00:00    
(106/152): ncurses-libs-6.4-9.20240113.fc40.i68  11 MB/s | 353 kB     00:00    
(107/152): openblas-srpm-macros-2-14.fc39.noarc 397 kB/s | 7.5 kB     00:00    
(108/152): openldap-2.6.6-1.fc39.i686.rpm        11 MB/s | 273 kB     00:00    
(109/152): p11-kit-0.25.3-1.fc40.i686.rpm        13 MB/s | 490 kB     00:00    
(110/152): p11-kit-trust-0.25.3-1.fc40.i686.rpm 5.9 MB/s | 140 kB     00:00    
(111/152): package-notes-srpm-macros-0.5-9.fc39 650 kB/s |  11 kB     00:00    
(112/152): pam-libs-1.6.0-1.fc40.i686.rpm       2.9 MB/s |  60 kB     00:00    
(113/152): pam-1.6.0-1.fc40.i686.rpm             13 MB/s | 530 kB     00:00    
(114/152): patch-2.7.6-22.fc39.i686.rpm         7.4 MB/s | 138 kB     00:00    
(115/152): openssl-libs-3.1.4-1.fc40.i686.rpm    20 MB/s | 2.1 MB     00:00    
(116/152): pcre2-10.42-2.fc40.i686.rpm          9.9 MB/s | 231 kB     00:00    
(117/152): pcre2-syntax-10.42-2.fc40.noarch.rpm 7.1 MB/s | 143 kB     00:00    
(118/152): perl-srpm-macros-1-51.fc39.noarch.rp 453 kB/s | 8.0 kB     00:00    
(119/152): pkgconf-1.9.5-2.fc39.i686.rpm        2.1 MB/s |  43 kB     00:00    
(120/152): pkgconf-m4-1.9.5-2.fc39.noarch.rpm   753 kB/s |  14 kB     00:00    
(121/152): pkgconf-pkg-config-1.9.5-2.fc39.i686 580 kB/s | 9.6 kB     00:00    
(122/152): popt-1.19-3.fc39.i686.rpm            3.0 MB/s |  62 kB     00:00    
(123/152): publicsuffix-list-dafsa-20240107-1.f 3.2 MB/s |  58 kB     00:00    
(124/152): pyproject-srpm-macros-1.11.0-1.fc40. 796 kB/s |  15 kB     00:00    
(125/152): python-srpm-macros-3.12-7.fc40.noarc 1.2 MB/s |  24 kB     00:00    
(126/152): qt5-srpm-macros-5.15.12-1.fc40.noarc 499 kB/s | 8.4 kB     00:00    
(127/152): qt6-srpm-macros-6.6.1-3.fc40.noarch. 523 kB/s | 8.8 kB     00:00    
(128/152): redhat-rpm-config-280-1.fc40.noarch. 4.2 MB/s |  75 kB     00:00    
(129/152): readline-8.2-7.fc40.i686.rpm         9.8 MB/s | 218 kB     00:00    
(130/152): rpm-4.19.1-2.fc40.i686.rpm            22 MB/s | 506 kB     00:00    
(131/152): rpm-build-4.19.1-2.fc40.i686.rpm     3.7 MB/s |  72 kB     00:00    
(132/152): rpm-build-libs-4.19.1-2.fc40.i686.rp 4.9 MB/s | 102 kB     00:00    
(133/152): rust-srpm-macros-25.2-2.fc40.noarch. 672 kB/s |  13 kB     00:00    
(134/152): rpm-libs-4.19.1-2.fc40.i686.rpm       11 MB/s | 341 kB     00:00    
(135/152): rpm-sequoia-1.5.0-2.fc40.i686.rpm     29 MB/s | 945 kB     00:00    
(136/152): sed-4.8-14.fc39.i686.rpm              15 MB/s | 300 kB     00:00    
(137/152): setup-2.14.5-1.fc40.noarch.rpm       6.9 MB/s | 148 kB     00:00    
(138/152): sqlite-libs-3.45.0-1.fc40.i686.rpm    26 MB/s | 748 kB     00:00    
(139/152): systemd-libs-255.3-1.fc40.i686.rpm    17 MB/s | 747 kB     00:00    
(140/152): shadow-utils-4.14.0-2.fc40.i686.rpm   20 MB/s | 1.2 MB     00:00    
(141/152): tar-1.35-2.fc40.i686.rpm              28 MB/s | 864 kB     00:00    
(142/152): unzip-6.0-62.fc39.i686.rpm           8.6 MB/s | 180 kB     00:00    
(143/152): util-linux-2.39.3-4.fc40.i686.rpm     31 MB/s | 1.1 MB     00:00    
(144/152): which-2.21-40.fc39.i686.rpm          2.1 MB/s |  42 kB     00:00    
(145/152): util-linux-core-2.39.3-4.fc40.i686.r  15 MB/s | 504 kB     00:00    
(146/152): xxhash-libs-0.8.2-1.fc39.i686.rpm    1.9 MB/s |  49 kB     00:00    
(147/152): xz-libs-5.4.5-1.fc40.i686.rpm        5.8 MB/s | 118 kB     00:00    
(148/152): xz-5.4.5-1.fc40.i686.rpm              13 MB/s | 535 kB     00:00    
(149/152): zig-srpm-macros-1-1.fc40.noarch.rpm  467 kB/s | 8.0 kB     00:00    
(150/152): zip-3.0-39.fc40.i686.rpm             9.8 MB/s | 267 kB     00:00    
(151/152): zlib-ng-compat-2.1.6-1.fc40.i686.rpm 4.4 MB/s |  81 kB     00:00    
(152/152): zstd-1.5.5-4.fc39.i686.rpm            14 MB/s | 451 kB     00:00    
--------------------------------------------------------------------------------
Total                                            35 MB/s |  53 MB     00:01     
Running transaction check
Transaction check succeeded.
Running transaction test
Transaction test succeeded.
Running transaction
  Running scriptlet: filesystem-3.18-6.fc39.i686                            1/1 
  Preparing        :                                                        1/1 
  Installing       : crypto-policies-20231204-1.git1e3a2e4.fc40.noarc     1/152 
  Running scriptlet: crypto-policies-20231204-1.git1e3a2e4.fc40.noarc     1/152 
  Installing       : fedora-release-identity-basic-40-0.29.noarch         2/152 
  Installing       : fedora-repos-rawhide-40-0.2.noarch                   3/152 
  Installing       : fedora-gpg-keys-40-0.2.noarch                        4/152 
  Installing       : fedora-repos-40-0.2.noarch                           5/152 
  Installing       : fedora-release-common-40-0.29.noarch                 6/152 
  Installing       : fedora-release-40-0.29.noarch                        7/152 
  Installing       : setup-2.14.5-1.fc40.noarch                           8/152 
warning: /etc/hosts created as /etc/hosts.rpmnew

  Running scriptlet: setup-2.14.5-1.fc40.noarch                           8/152 
  Installing       : filesystem-3.18-6.fc39.i686                          9/152 
  Installing       : basesystem-11-18.fc39.noarch                        10/152 
  Installing       : rust-srpm-macros-25.2-2.fc40.noarch                 11/152 
  Installing       : qt6-srpm-macros-6.6.1-3.fc40.noarch                 12/152 
  Installing       : qt5-srpm-macros-5.15.12-1.fc40.noarch               13/152 
  Installing       : publicsuffix-list-dafsa-20240107-1.fc40.noarch      14/152 
  Installing       : pkgconf-m4-1.9.5-2.fc39.noarch                      15/152 
  Installing       : perl-srpm-macros-1-51.fc39.noarch                   16/152 
  Installing       : pcre2-syntax-10.42-2.fc40.noarch                    17/152 
  Installing       : package-notes-srpm-macros-0.5-9.fc39.noarch         18/152 
  Installing       : openblas-srpm-macros-2-14.fc39.noarch               19/152 
  Installing       : ocaml-srpm-macros-9-1.fc40.noarch                   20/152 
  Installing       : ncurses-base-6.4-9.20240113.fc40.noarch             21/152 
  Installing       : libssh-config-0.10.6-2.fc40.noarch                  22/152 
  Installing       : kernel-srpm-macros-1.0-20.fc39.noarch               23/152 
  Installing       : gnat-srpm-macros-6-3.fc39.noarch                    24/152 
  Installing       : ghc-srpm-macros-1.6.1-3.fc40.noarch                 25/152 
  Installing       : fpc-srpm-macros-1.3-8.fc39.noarch                   26/152 
  Installing       : coreutils-common-9.4-3.fc40.i686                    27/152 
  Installing       : ansible-srpm-macros-1-12.fc40.noarch                28/152 
  Installing       : libgcc-14.0.1-0.2.fc40.i686                         29/152 
  Running scriptlet: libgcc-14.0.1-0.2.fc40.i686                         29/152 
  Installing       : glibc-gconv-extra-2.38.9000-35.fc40.i686            30/152 
  Running scriptlet: glibc-gconv-extra-2.38.9000-35.fc40.i686            30/152 
  Installing       : glibc-minimal-langpack-2.38.9000-35.fc40.i686       31/152 
  Installing       : glibc-common-2.38.9000-35.fc40.i686                 32/152 
  Running scriptlet: glibc-2.38.9000-35.fc40.i686                        33/152 
  Installing       : glibc-2.38.9000-35.fc40.i686                        33/152 
  Running scriptlet: glibc-2.38.9000-35.fc40.i686                        33/152 
  Installing       : ncurses-libs-6.4-9.20240113.fc40.i686               34/152 
  Installing       : bash-5.2.26-1.fc40.i686                             35/152 
  Running scriptlet: bash-5.2.26-1.fc40.i686                             35/152 
  Installing       : zlib-ng-compat-2.1.6-1.fc40.i686                    36/152 
  Installing       : xz-libs-5.4.5-1.fc40.i686                           37/152 
  Installing       : bzip2-libs-1.0.8-16.fc39.i686                       38/152 
  Installing       : readline-8.2-7.fc40.i686                            39/152 
  Installing       : libstdc++-14.0.1-0.2.fc40.i686                      40/152 
  Installing       : libuuid-2.39.3-4.fc40.i686                          41/152 
  Installing       : libzstd-1.5.5-4.fc39.i686                           42/152 
  Installing       : elfutils-libelf-0.190-4.fc40.i686                   43/152 
  Installing       : popt-1.19-3.fc39.i686                               44/152 
  Installing       : libblkid-2.39.3-4.fc40.i686                         45/152 
  Installing       : gmp-1:6.2.1-5.fc39.i686                             46/152 
  Installing       : libattr-2.5.2-1.fc40.i686                           47/152 
  Installing       : libacl-2.3.2-1.fc40.i686                            48/152 
  Installing       : libxcrypt-4.4.36-4.fc40.i686                        49/152 
  Installing       : gdbm-libs-1:1.23-4.fc39.i686                        50/152 
  Installing       : libeconf-0.5.2-1.fc40.i686                          51/152 
  Installing       : lz4-libs-1.9.4-4.fc39.i686                          52/152 
  Installing       : mpfr-4.2.1-1.fc40.i686                              53/152 
  Installing       : gawk-5.3.0-1.fc40.i686                              54/152 
  Installing       : dwz-0.15-3.fc39.i686                                55/152 
  Installing       : unzip-6.0-62.fc39.i686                              56/152 
  Installing       : file-libs-5.45-1.fc40.i686                          57/152 
  Installing       : file-5.45-1.fc40.i686                               58/152 
  Installing       : alternatives-1.26-1.fc40.i686                       59/152 
  Installing       : jansson-2.13.1-7.fc39.i686                          60/152 
  Installing       : libcap-ng-0.8.4-2.fc40.i686                         61/152 
  Installing       : audit-libs-4.0-7.fc40.i686                          62/152 
  Installing       : pam-libs-1.6.0-1.fc40.i686                          63/152 
  Installing       : libcap-2.69-1.fc40.i686                             64/152 
  Installing       : systemd-libs-255.3-1.fc40.i686                      65/152 
  Installing       : libcom_err-1.47.0-2.fc39.i686                       66/152 
  Installing       : libsepol-3.6-1.fc40.i686                            67/152 
  Installing       : libsmartcols-2.39.3-4.fc40.i686                     68/152 
  Installing       : libtasn1-4.19.0-3.fc39.i686                         69/152 
  Installing       : libunistring-1.1-5.fc40.i686                        70/152 
  Installing       : libidn2-2.3.4-3.fc39.i686                           71/152 
  Installing       : lua-libs-5.4.6-3.fc39.i686                          72/152 
  Installing       : pcre2-10.42-2.fc40.i686                             73/152 
  Installing       : elfutils-default-yama-scope-0.190-4.fc40.noarch     74/152 
  Running scriptlet: elfutils-default-yama-scope-0.190-4.fc40.noarch     74/152 
  Installing       : libselinux-3.6-2.fc40.i686                          75/152 
  Installing       : sed-4.8-14.fc39.i686                                76/152 
  Installing       : grep-3.11-5.fc40.i686                               77/152 
  Installing       : findutils-1:4.9.0-6.fc40.i686                       78/152 
  Installing       : xz-5.4.5-1.fc40.i686                                79/152 
  Installing       : libmount-2.39.3-4.fc40.i686                         80/152 
  Installing       : util-linux-core-2.39.3-4.fc40.i686                  81/152 
  Installing       : libsemanage-3.6-1.fc40.i686                         82/152 
  Installing       : shadow-utils-2:4.14.0-2.fc40.i686                   83/152 
  Running scriptlet: libutempter-1.2.1-10.fc39.i686                      84/152 
  Installing       : libutempter-1.2.1-10.fc39.i686                      84/152 
  Installing       : tar-2:1.35-2.fc40.i686                              85/152 
  Installing       : libpsl-0.21.5-1.fc40.i686                           86/152 
  Installing       : zip-3.0-39.fc40.i686                                87/152 
  Installing       : zstd-1.5.5-4.fc39.i686                              88/152 
  Installing       : cyrus-sasl-lib-2.1.28-17.fc40.i686                  89/152 
  Installing       : gdbm-1:1.23-4.fc39.i686                             90/152 
  Installing       : libfdisk-2.39.3-4.fc40.i686                         91/152 
  Installing       : bzip2-1.0.8-16.fc39.i686                            92/152 
  Installing       : libxml2-2.12.4-1.fc40.i686                          93/152 
  Installing       : sqlite-libs-3.45.0-1.fc40.i686                      94/152 
  Installing       : ed-1.20-1.fc40.i686                                 95/152 
  Installing       : patch-2.7.6-22.fc39.i686                            96/152 
  Installing       : cpio-2.15-1.fc40.i686                               97/152 
  Installing       : diffutils-3.10-3.fc39.i686                          98/152 
  Installing       : keyutils-libs-1.6.3-1.fc40.i686                     99/152 
  Installing       : libbrotli-1.1.0-1.fc40.i686                        100/152 
  Installing       : libffi-3.4.4-5.fc40.i686                           101/152 
  Installing       : p11-kit-0.25.3-1.fc40.i686                         102/152 
  Installing       : p11-kit-trust-0.25.3-1.fc40.i686                   103/152 
  Running scriptlet: p11-kit-trust-0.25.3-1.fc40.i686                   103/152 
  Installing       : openssl-libs-1:3.1.4-1.fc40.i686                   104/152 
  Installing       : coreutils-9.4-3.fc40.i686                          105/152 
  Running scriptlet: ca-certificates-2023.2.62_v7.0.401-4.fc40.noarch   106/152 
  Installing       : ca-certificates-2023.2.62_v7.0.401-4.fc40.noarch   106/152 
  Running scriptlet: ca-certificates-2023.2.62_v7.0.401-4.fc40.noarch   106/152 
  Running scriptlet: authselect-libs-1.5.0-1.fc40.i686                  107/152 
  Installing       : authselect-libs-1.5.0-1.fc40.i686                  107/152 
  Installing       : gzip-1.12-6.fc39.i686                              108/152 
  Installing       : cracklib-2.9.11-2.fc39.i686                        109/152 
  Installing       : libpwquality-1.4.5-6.fc39.i686                     110/152 
  Installing       : authselect-1.5.0-1.fc40.i686                       111/152 
  Installing       : libarchive-3.7.2-1.fc40.i686                       112/152 
  Installing       : libevent-2.1.12-9.fc39.i686                        113/152 
  Installing       : openldap-2.6.6-1.fc39.i686                         114/152 
  Installing       : rpm-sequoia-1.5.0-2.fc40.i686                      115/152 
  Installing       : rpm-libs-4.19.1-2.fc40.i686                        116/152 
  Installing       : libgomp-14.0.1-0.2.fc40.i686                       117/152 
  Installing       : libnghttp2-1.59.0-1.fc40.i686                      118/152 
  Installing       : libpkgconf-1.9.5-2.fc39.i686                       119/152 
  Installing       : pkgconf-1.9.5-2.fc39.i686                          120/152 
  Installing       : pkgconf-pkg-config-1.9.5-2.fc39.i686               121/152 
  Installing       : libverto-0.3.2-6.fc39.i686                         122/152 
  Installing       : krb5-libs-1.21.2-3.fc40.i686                       123/152 
  Installing       : libtirpc-1.3.4-1.rc1.fc40.i686                     124/152 
  Installing       : libnsl2-2.0.0-6.fc39.i686                          125/152 
  Installing       : pam-1.6.0-1.fc40.i686                              126/152 
  Installing       : libssh-0.10.6-2.fc40.i686                          127/152 
  Installing       : libcurl-8.5.0-2.fc40.i686                          128/152 
  Installing       : elfutils-libs-0.190-4.fc40.i686                    129/152 
  Installing       : elfutils-debuginfod-client-0.190-4.fc40.i686       130/152 
  Installing       : binutils-gold-2.41-30.fc40.i686                    131/152 
  Running scriptlet: binutils-gold-2.41-30.fc40.i686                    131/152 
  Installing       : binutils-2.41-30.fc40.i686                         132/152 
  Running scriptlet: binutils-2.41-30.fc40.i686                         132/152 
  Installing       : elfutils-0.190-4.fc40.i686                         133/152 
  Installing       : rpm-build-libs-4.19.1-2.fc40.i686                  134/152 
  Installing       : curl-8.5.0-2.fc40.i686                             135/152 
  Running scriptlet: rpm-4.19.1-2.fc40.i686                             136/152 
  Installing       : rpm-4.19.1-2.fc40.i686                             136/152 
  Installing       : efi-srpm-macros-5-9.fc39.noarch                    137/152 
  Installing       : lua-srpm-macros-1-9.fc39.noarch                    138/152 
  Installing       : zig-srpm-macros-1-1.fc40.noarch                    139/152 
  Installing       : xxhash-libs-0.8.2-1.fc39.i686                      140/152 
  Installing       : gdb-minimal-14.1-4.fc40.i686                       141/152 
  Installing       : debugedit-5.0-12.fc40.i686                         142/152 
  Installing       : fonts-srpm-macros-1:2.0.5-12.fc39.noarch           143/152 
  Installing       : forge-srpm-macros-0.2.0-1.fc40.noarch              144/152 
  Installing       : go-srpm-macros-3.3.1-1.fc40.noarch                 145/152 
  Installing       : python-srpm-macros-3.12-7.fc40.noarch              146/152 
  Installing       : redhat-rpm-config-280-1.fc40.noarch                147/152 
  Installing       : rpm-build-4.19.1-2.fc40.i686                       148/152 
  Installing       : pyproject-srpm-macros-1.11.0-1.fc40.noarch         149/152 
  Installing       : util-linux-2.39.3-4.fc40.i686                      150/152 
  Installing       : which-2.21-40.fc39.i686                            151/152 
  Installing       : info-7.1-1.fc40.i686                               152/152 
  Running scriptlet: filesystem-3.18-6.fc39.i686                        152/152 
  Running scriptlet: ca-certificates-2023.2.62_v7.0.401-4.fc40.noarch   152/152 
  Running scriptlet: authselect-libs-1.5.0-1.fc40.i686                  152/152 
  Running scriptlet: rpm-4.19.1-2.fc40.i686                             152/152 
  Running scriptlet: info-7.1-1.fc40.i686                               152/152 

Installed:
  alternatives-1.26-1.fc40.i686                                                 
  ansible-srpm-macros-1-12.fc40.noarch                                          
  audit-libs-4.0-7.fc40.i686                                                    
  authselect-1.5.0-1.fc40.i686                                                  
  authselect-libs-1.5.0-1.fc40.i686                                             
  basesystem-11-18.fc39.noarch                                                  
  bash-5.2.26-1.fc40.i686                                                       
  binutils-2.41-30.fc40.i686                                                    
  binutils-gold-2.41-30.fc40.i686                                               
  bzip2-1.0.8-16.fc39.i686                                                      
  bzip2-libs-1.0.8-16.fc39.i686                                                 
  ca-certificates-2023.2.62_v7.0.401-4.fc40.noarch                              
  coreutils-9.4-3.fc40.i686                                                     
  coreutils-common-9.4-3.fc40.i686                                              
  cpio-2.15-1.fc40.i686                                                         
  cracklib-2.9.11-2.fc39.i686                                                   
  crypto-policies-20231204-1.git1e3a2e4.fc40.noarch                             
  curl-8.5.0-2.fc40.i686                                                        
  cyrus-sasl-lib-2.1.28-17.fc40.i686                                            
  debugedit-5.0-12.fc40.i686                                                    
  diffutils-3.10-3.fc39.i686                                                    
  dwz-0.15-3.fc39.i686                                                          
  ed-1.20-1.fc40.i686                                                           
  efi-srpm-macros-5-9.fc39.noarch                                               
  elfutils-0.190-4.fc40.i686                                                    
  elfutils-debuginfod-client-0.190-4.fc40.i686                                  
  elfutils-default-yama-scope-0.190-4.fc40.noarch                               
  elfutils-libelf-0.190-4.fc40.i686                                             
  elfutils-libs-0.190-4.fc40.i686                                               
  fedora-gpg-keys-40-0.2.noarch                                                 
  fedora-release-40-0.29.noarch                                                 
  fedora-release-common-40-0.29.noarch                                          
  fedora-release-identity-basic-40-0.29.noarch                                  
  fedora-repos-40-0.2.noarch                                                    
  fedora-repos-rawhide-40-0.2.noarch                                            
  file-5.45-1.fc40.i686                                                         
  file-libs-5.45-1.fc40.i686                                                    
  filesystem-3.18-6.fc39.i686                                                   
  findutils-1:4.9.0-6.fc40.i686                                                 
  fonts-srpm-macros-1:2.0.5-12.fc39.noarch                                      
  forge-srpm-macros-0.2.0-1.fc40.noarch                                         
  fpc-srpm-macros-1.3-8.fc39.noarch                                             
  gawk-5.3.0-1.fc40.i686                                                        
  gdb-minimal-14.1-4.fc40.i686                                                  
  gdbm-1:1.23-4.fc39.i686                                                       
  gdbm-libs-1:1.23-4.fc39.i686                                                  
  ghc-srpm-macros-1.6.1-3.fc40.noarch                                           
  glibc-2.38.9000-35.fc40.i686                                                  
  glibc-common-2.38.9000-35.fc40.i686                                           
  glibc-gconv-extra-2.38.9000-35.fc40.i686                                      
  glibc-minimal-langpack-2.38.9000-35.fc40.i686                                 
  gmp-1:6.2.1-5.fc39.i686                                                       
  gnat-srpm-macros-6-3.fc39.noarch                                              
  go-srpm-macros-3.3.1-1.fc40.noarch                                            
  grep-3.11-5.fc40.i686                                                         
  gzip-1.12-6.fc39.i686                                                         
  info-7.1-1.fc40.i686                                                          
  jansson-2.13.1-7.fc39.i686                                                    
  kernel-srpm-macros-1.0-20.fc39.noarch                                         
  keyutils-libs-1.6.3-1.fc40.i686                                               
  krb5-libs-1.21.2-3.fc40.i686                                                  
  libacl-2.3.2-1.fc40.i686                                                      
  libarchive-3.7.2-1.fc40.i686                                                  
  libattr-2.5.2-1.fc40.i686                                                     
  libblkid-2.39.3-4.fc40.i686                                                   
  libbrotli-1.1.0-1.fc40.i686                                                   
  libcap-2.69-1.fc40.i686                                                       
  libcap-ng-0.8.4-2.fc40.i686                                                   
  libcom_err-1.47.0-2.fc39.i686                                                 
  libcurl-8.5.0-2.fc40.i686                                                     
  libeconf-0.5.2-1.fc40.i686                                                    
  libevent-2.1.12-9.fc39.i686                                                   
  libfdisk-2.39.3-4.fc40.i686                                                   
  libffi-3.4.4-5.fc40.i686                                                      
  libgcc-14.0.1-0.2.fc40.i686                                                   
  libgomp-14.0.1-0.2.fc40.i686                                                  
  libidn2-2.3.4-3.fc39.i686                                                     
  libmount-2.39.3-4.fc40.i686                                                   
  libnghttp2-1.59.0-1.fc40.i686                                                 
  libnsl2-2.0.0-6.fc39.i686                                                     
  libpkgconf-1.9.5-2.fc39.i686                                                  
  libpsl-0.21.5-1.fc40.i686                                                     
  libpwquality-1.4.5-6.fc39.i686                                                
  libselinux-3.6-2.fc40.i686                                                    
  libsemanage-3.6-1.fc40.i686                                                   
  libsepol-3.6-1.fc40.i686                                                      
  libsmartcols-2.39.3-4.fc40.i686                                               
  libssh-0.10.6-2.fc40.i686                                                     
  libssh-config-0.10.6-2.fc40.noarch                                            
  libstdc++-14.0.1-0.2.fc40.i686                                                
  libtasn1-4.19.0-3.fc39.i686                                                   
  libtirpc-1.3.4-1.rc1.fc40.i686                                                
  libunistring-1.1-5.fc40.i686                                                  
  libutempter-1.2.1-10.fc39.i686                                                
  libuuid-2.39.3-4.fc40.i686                                                    
  libverto-0.3.2-6.fc39.i686                                                    
  libxcrypt-4.4.36-4.fc40.i686                                                  
  libxml2-2.12.4-1.fc40.i686                                                    
  libzstd-1.5.5-4.fc39.i686                                                     
  lua-libs-5.4.6-3.fc39.i686                                                    
  lua-srpm-macros-1-9.fc39.noarch                                               
  lz4-libs-1.9.4-4.fc39.i686                                                    
  mpfr-4.2.1-1.fc40.i686                                                        
  ncurses-base-6.4-9.20240113.fc40.noarch                                       
  ncurses-libs-6.4-9.20240113.fc40.i686                                         
  ocaml-srpm-macros-9-1.fc40.noarch                                             
  openblas-srpm-macros-2-14.fc39.noarch                                         
  openldap-2.6.6-1.fc39.i686                                                    
  openssl-libs-1:3.1.4-1.fc40.i686                                              
  p11-kit-0.25.3-1.fc40.i686                                                    
  p11-kit-trust-0.25.3-1.fc40.i686                                              
  package-notes-srpm-macros-0.5-9.fc39.noarch                                   
  pam-1.6.0-1.fc40.i686                                                         
  pam-libs-1.6.0-1.fc40.i686                                                    
  patch-2.7.6-22.fc39.i686                                                      
  pcre2-10.42-2.fc40.i686                                                       
  pcre2-syntax-10.42-2.fc40.noarch                                              
  perl-srpm-macros-1-51.fc39.noarch                                             
  pkgconf-1.9.5-2.fc39.i686                                                     
  pkgconf-m4-1.9.5-2.fc39.noarch                                                
  pkgconf-pkg-config-1.9.5-2.fc39.i686                                          
  popt-1.19-3.fc39.i686                                                         
  publicsuffix-list-dafsa-20240107-1.fc40.noarch                                
  pyproject-srpm-macros-1.11.0-1.fc40.noarch                                    
  python-srpm-macros-3.12-7.fc40.noarch                                         
  qt5-srpm-macros-5.15.12-1.fc40.noarch                                         
  qt6-srpm-macros-6.6.1-3.fc40.noarch                                           
  readline-8.2-7.fc40.i686                                                      
  redhat-rpm-config-280-1.fc40.noarch                                           
  rpm-4.19.1-2.fc40.i686                                                        
  rpm-build-4.19.1-2.fc40.i686                                                  
  rpm-build-libs-4.19.1-2.fc40.i686                                             
  rpm-libs-4.19.1-2.fc40.i686                                                   
  rpm-sequoia-1.5.0-2.fc40.i686                                                 
  rust-srpm-macros-25.2-2.fc40.noarch                                           
  sed-4.8-14.fc39.i686                                                          
  setup-2.14.5-1.fc40.noarch                                                    
  shadow-utils-2:4.14.0-2.fc40.i686                                             
  sqlite-libs-3.45.0-1.fc40.i686                                                
  systemd-libs-255.3-1.fc40.i686                                                
  tar-2:1.35-2.fc40.i686                                                        
  unzip-6.0-62.fc39.i686                                                        
  util-linux-2.39.3-4.fc40.i686                                                 
  util-linux-core-2.39.3-4.fc40.i686                                            
  which-2.21-40.fc39.i686                                                       
  xxhash-libs-0.8.2-1.fc39.i686                                                 
  xz-5.4.5-1.fc40.i686                                                          
  xz-libs-5.4.5-1.fc40.i686                                                     
  zig-srpm-macros-1-1.fc40.noarch                                               
  zip-3.0-39.fc40.i686                                                          
  zlib-ng-compat-2.1.6-1.fc40.i686                                              
  zstd-1.5.5-4.fc39.i686                                                        

Complete!
Finish: installing minimal buildroot with dnf
Start: creating root cache
Finish: creating root cache
Finish: chroot init
INFO: Installed packages:
INFO: alternatives-1.26-1.fc40.i686
ansible-srpm-macros-1-12.fc40.noarch
audit-libs-4.0-7.fc40.i686
authselect-1.5.0-1.fc40.i686
authselect-libs-1.5.0-1.fc40.i686
basesystem-11-18.fc39.noarch
bash-5.2.26-1.fc40.i686
binutils-2.41-30.fc40.i686
binutils-gold-2.41-30.fc40.i686
bzip2-1.0.8-16.fc39.i686
bzip2-libs-1.0.8-16.fc39.i686
ca-certificates-2023.2.62_v7.0.401-4.fc40.noarch
coreutils-9.4-3.fc40.i686
coreutils-common-9.4-3.fc40.i686
cpio-2.15-1.fc40.i686
cracklib-2.9.11-2.fc39.i686
crypto-policies-20231204-1.git1e3a2e4.fc40.noarch
curl-8.5.0-2.fc40.i686
cyrus-sasl-lib-2.1.28-17.fc40.i686
debugedit-5.0-12.fc40.i686
diffutils-3.10-3.fc39.i686
dwz-0.15-3.fc39.i686
ed-1.20-1.fc40.i686
efi-srpm-macros-5-9.fc39.noarch
elfutils-0.190-4.fc40.i686
elfutils-debuginfod-client-0.190-4.fc40.i686
elfutils-default-yama-scope-0.190-4.fc40.noarch
elfutils-libelf-0.190-4.fc40.i686
elfutils-libs-0.190-4.fc40.i686
fedora-gpg-keys-40-0.2.noarch
fedora-release-40-0.29.noarch
fedora-release-common-40-0.29.noarch
fedora-release-identity-basic-40-0.29.noarch
fedora-repos-40-0.2.noarch
fedora-repos-rawhide-40-0.2.noarch
file-5.45-1.fc40.i686
file-libs-5.45-1.fc40.i686
filesystem-3.18-6.fc39.i686
findutils-4.9.0-6.fc40.i686
fonts-srpm-macros-2.0.5-12.fc39.noarch
forge-srpm-macros-0.2.0-1.fc40.noarch
fpc-srpm-macros-1.3-8.fc39.noarch
gawk-5.3.0-1.fc40.i686
gdb-minimal-14.1-4.fc40.i686
gdbm-1.23-4.fc39.i686
gdbm-libs-1.23-4.fc39.i686
ghc-srpm-macros-1.6.1-3.fc40.noarch
glibc-2.38.9000-35.fc40.i686
glibc-common-2.38.9000-35.fc40.i686
glibc-gconv-extra-2.38.9000-35.fc40.i686
glibc-minimal-langpack-2.38.9000-35.fc40.i686
gmp-6.2.1-5.fc39.i686
gnat-srpm-macros-6-3.fc39.noarch
go-srpm-macros-3.3.1-1.fc40.noarch
grep-3.11-5.fc40.i686
gzip-1.12-6.fc39.i686
info-7.1-1.fc40.i686
jansson-2.13.1-7.fc39.i686
kernel-srpm-macros-1.0-20.fc39.noarch
keyutils-libs-1.6.3-1.fc40.i686
krb5-libs-1.21.2-3.fc40.i686
libacl-2.3.2-1.fc40.i686
libarchive-3.7.2-1.fc40.i686
libattr-2.5.2-1.fc40.i686
libblkid-2.39.3-4.fc40.i686
libbrotli-1.1.0-1.fc40.i686
libcap-2.69-1.fc40.i686
libcap-ng-0.8.4-2.fc40.i686
libcom_err-1.47.0-2.fc39.i686
libcurl-8.5.0-2.fc40.i686
libeconf-0.5.2-1.fc40.i686
libevent-2.1.12-9.fc39.i686
libfdisk-2.39.3-4.fc40.i686
libffi-3.4.4-5.fc40.i686
libgcc-14.0.1-0.2.fc40.i686
libgomp-14.0.1-0.2.fc40.i686
libidn2-2.3.4-3.fc39.i686
libmount-2.39.3-4.fc40.i686
libnghttp2-1.59.0-1.fc40.i686
libnsl2-2.0.0-6.fc39.i686
libpkgconf-1.9.5-2.fc39.i686
libpsl-0.21.5-1.fc40.i686
libpwquality-1.4.5-6.fc39.i686
libselinux-3.6-2.fc40.i686
libsemanage-3.6-1.fc40.i686
libsepol-3.6-1.fc40.i686
libsmartcols-2.39.3-4.fc40.i686
libssh-0.10.6-2.fc40.i686
libssh-config-0.10.6-2.fc40.noarch
libstdc++-14.0.1-0.2.fc40.i686
libtasn1-4.19.0-3.fc39.i686
libtirpc-1.3.4-1.rc1.fc40.i686
libunistring-1.1-5.fc40.i686
libutempter-1.2.1-10.fc39.i686
libuuid-2.39.3-4.fc40.i686
libverto-0.3.2-6.fc39.i686
libxcrypt-4.4.36-4.fc40.i686
libxml2-2.12.4-1.fc40.i686
libzstd-1.5.5-4.fc39.i686
lua-libs-5.4.6-3.fc39.i686
lua-srpm-macros-1-9.fc39.noarch
lz4-libs-1.9.4-4.fc39.i686
mpfr-4.2.1-1.fc40.i686
ncurses-base-6.4-9.20240113.fc40.noarch
ncurses-libs-6.4-9.20240113.fc40.i686
ocaml-srpm-macros-9-1.fc40.noarch
openblas-srpm-macros-2-14.fc39.noarch
openldap-2.6.6-1.fc39.i686
openssl-libs-3.1.4-1.fc40.i686
p11-kit-0.25.3-1.fc40.i686
p11-kit-trust-0.25.3-1.fc40.i686
package-notes-srpm-macros-0.5-9.fc39.noarch
pam-1.6.0-1.fc40.i686
pam-libs-1.6.0-1.fc40.i686
patch-2.7.6-22.fc39.i686
pcre2-10.42-2.fc40.i686
pcre2-syntax-10.42-2.fc40.noarch
perl-srpm-macros-1-51.fc39.noarch
pkgconf-1.9.5-2.fc39.i686
pkgconf-m4-1.9.5-2.fc39.noarch
pkgconf-pkg-config-1.9.5-2.fc39.i686
popt-1.19-3.fc39.i686
publicsuffix-list-dafsa-20240107-1.fc40.noarch
pyproject-srpm-macros-1.11.0-1.fc40.noarch
python-srpm-macros-3.12-7.fc40.noarch
qt5-srpm-macros-5.15.12-1.fc40.noarch
qt6-srpm-macros-6.6.1-3.fc40.noarch
readline-8.2-7.fc40.i686
redhat-rpm-config-280-1.fc40.noarch
rpm-4.19.1-2.fc40.i686
rpm-build-4.19.1-2.fc40.i686
rpm-build-libs-4.19.1-2.fc40.i686
rpm-libs-4.19.1-2.fc40.i686
rpm-sequoia-1.5.0-2.fc40.i686
rust-srpm-macros-25.2-2.fc40.noarch
sed-4.8-14.fc39.i686
setup-2.14.5-1.fc40.noarch
shadow-utils-4.14.0-2.fc40.i686
sqlite-libs-3.45.0-1.fc40.i686
systemd-libs-255.3-1.fc40.i686
tar-1.35-2.fc40.i686
unzip-6.0-62.fc39.i686
util-linux-2.39.3-4.fc40.i686
util-linux-core-2.39.3-4.fc40.i686
which-2.21-40.fc39.i686
xxhash-libs-0.8.2-1.fc39.i686
xz-5.4.5-1.fc40.i686
xz-libs-5.4.5-1.fc40.i686
zig-srpm-macros-1-1.fc40.noarch
zip-3.0-39.fc40.i686
zlib-ng-compat-2.1.6-1.fc40.i686
zstd-1.5.5-4.fc39.i686
Start: buildsrpm
Start: rpmbuild -bs
warning: %patchN is deprecated (3 usages found), use %patch N (or %patch -P N)
Building target platforms: i686
Building for target i686
setting SOURCE_DATE_EPOCH=1706227200
Wrote: /builddir/build/SRPMS/python-ipyparallel-8.6.1-6.fc40.src.rpm

RPM build warnings:
    %patchN is deprecated (3 usages found), use %patch N (or %patch -P N)
Finish: rpmbuild -bs
INFO: chroot_scan: 3 files copied to /var/lib/copr-rpmbuild/results/chroot_scan
INFO: /var/lib/mock/fedora-39-i686-1706248002.521398/root/var/log/dnf.rpm.log
/var/lib/mock/fedora-39-i686-1706248002.521398/root/var/log/dnf.librepo.log
/var/lib/mock/fedora-39-i686-1706248002.521398/root/var/log/dnf.log
Finish: buildsrpm
INFO: Done(/var/lib/copr-rpmbuild/workspace/workdir-kbs5lz2r/python-ipyparallel/python-ipyparallel.spec) Config(child) 1 minutes 43 seconds
INFO: Results and/or logs in: /var/lib/copr-rpmbuild/results
INFO: Cleaning up build root ('cleanup_on_success=True')
Start: clean chroot
INFO: unmounting tmpfs.
Finish: clean chroot
INFO: Start(/var/lib/copr-rpmbuild/results/python-ipyparallel-8.6.1-6.fc40.src.rpm)  Config(fedora-39-i686)
Start(bootstrap): chroot init
INFO: mounting tmpfs at /var/lib/mock/fedora-39-i686-bootstrap-1706248002.521398/root.
INFO: reusing tmpfs at /var/lib/mock/fedora-39-i686-bootstrap-1706248002.521398/root.
INFO: calling preinit hooks
INFO: enabled root cache
INFO: enabled package manager cache
Start(bootstrap): cleaning package manager metadata
Finish(bootstrap): cleaning package manager metadata
Finish(bootstrap): chroot init
Start: chroot init
INFO: mounting tmpfs at /var/lib/mock/fedora-39-i686-1706248002.521398/root.
INFO: calling preinit hooks
INFO: enabled root cache
Start: unpacking root cache
Finish: unpacking root cache
INFO: enabled package manager cache
Start: cleaning package manager metadata
Finish: cleaning package manager metadata
INFO: enabled HW Info plugin
INFO: Buildroot is handled by package management downloaded with a bootstrap image:
  rpm-4.19.0-1.fc39.x86_64
  rpm-sequoia-1.5.0-1.fc39.x86_64
  python3-dnf-4.18.2-1.fc40.noarch
  python3-dnf-plugins-core-4.4.4-1.fc40.noarch
  yum-4.18.2-1.fc40.noarch
Finish: chroot init
Start: build phase for python-ipyparallel-8.6.1-6.fc40.src.rpm
Start: build setup for python-ipyparallel-8.6.1-6.fc40.src.rpm
warning: %patchN is deprecated (3 usages found), use %patch N (or %patch -P N)
Building target platforms: i686
Building for target i686
setting SOURCE_DATE_EPOCH=1706227200
Wrote: /builddir/build/SRPMS/python-ipyparallel-8.6.1-6.fc40.src.rpm

RPM build warnings:
    %patchN is deprecated (3 usages found), use %patch N (or %patch -P N)
No matches found for the following disable plugin patterns: local, spacewalk, versionlock
Copr repository                                  45 kB/s | 1.5 kB     00:00    
Additional repo http_kojipkgs_fedoraproject_org  70 kB/s | 3.8 kB     00:00    
local                                           105 kB/s | 3.8 kB     00:00    
Dependencies resolved.
===================================================================================================================================
 Package                             Arch    Version           Repository                                                      Size
===================================================================================================================================
Installing:
 make                                i686    1:4.4.1-2.fc39    http_kojipkgs_fedoraproject_org_repos_rawhide_latest_basearch  589 k
 pandoc                              i686    3.1.3-25.fc40     http_kojipkgs_fedoraproject_org_repos_rawhide_latest_basearch   25 M
 python3-dateutil                    noarch  1:2.8.2-11.fc40   http_kojipkgs_fedoraproject_org_repos_rawhide_latest_basearch  345 k
 python3-decorator                   noarch  5.1.1-7.fc39      http_kojipkgs_fedoraproject_org_repos_rawhide_latest_basearch   30 k
 python3-devel                       i686    3.12.1-2.fc40     http_kojipkgs_fedoraproject_org_repos_rawhide_latest_basearch  274 k
 python3-entrypoints                 noarch  0.4-1.fc40        http_kojipkgs_fedoraproject_org_repos_rawhide_latest_basearch   43 k
 python3-hatchling                   noarch  1.21.0-1.fc40     http_kojipkgs_fedoraproject_org_repos_rawhide_latest_basearch  192 k
 python3-ipykernel                   noarch  6.25.1-1.fc40     http_kojipkgs_fedoraproject_org_repos_rawhide_latest_basearch  324 k
 python3-ipython                     noarch  8.20.0-1.fc40     copr_base                                                      1.0 M
 python3-ipython-sphinx              noarch  8.20.0-1.fc40     copr_base                                                       43 k
 python3-jupyter-client              noarch  7.4.9-5.fc39      http_kojipkgs_fedoraproject_org_repos_rawhide_latest_basearch  295 k
 python3-matplotlib                  i686    3.8.2-1.fc39      local                                                          4.3 M
 python3-myst-parser                 noarch  2.0.0-3.fc40      http_kojipkgs_fedoraproject_org_repos_rawhide_latest_basearch  185 k
 python3-nbsphinx                    noarch  0.9.3-2.fc40      copr_base                                                       69 k
 python3-pip                         noarch  23.3.1-5.fc40     http_kojipkgs_fedoraproject_org_repos_rawhide_latest_basearch  2.9 M
 python3-psutil                      i686    5.9.5-2.fc40      http_kojipkgs_fedoraproject_org_repos_rawhide_latest_basearch  259 k
 python3-pydata-sphinx-theme         noarch  0.15.2-2.fc40     copr_base                                                      347 k
 python3-pytest                      noarch  7.4.3-1.fc40      http_kojipkgs_fedoraproject_org_repos_rawhide_latest_basearch  1.8 M
 python3-pytest-asyncio              noarch  0.21.0-5.fc39     http_kojipkgs_fedoraproject_org_repos_rawhide_latest_basearch   32 k
 python3-sphinx                      noarch  1:7.2.6-6.fc40    http_kojipkgs_fedoraproject_org_repos_rawhide_latest_basearch  2.5 M
 python3-tornado                     i686    6.3.3-1.fc40      http_kojipkgs_fedoraproject_org_repos_rawhide_latest_basearch  849 k
 python3-tqdm                        noarch  4.66.1-1.fc40     copr_base                                                      155 k
 python3-traitlets                   noarch  5.11.2-1.fc40     http_kojipkgs_fedoraproject_org_repos_rawhide_latest_basearch  191 k
 python3-zmq                         i686    25.1.1-3.fc40     http_kojipkgs_fedoraproject_org_repos_rawhide_latest_basearch  430 k
 python3-zmq-tests                   i686    25.1.1-3.fc40     http_kojipkgs_fedoraproject_org_repos_rawhide_latest_basearch  165 k
Installing dependencies:
 abattis-cantarell-vf-fonts          noarch  0.301-10.fc39     http_kojipkgs_fedoraproject_org_repos_rawhide_latest_basearch  121 k
 cairo                               i686    1.18.0-1.fc40     http_kojipkgs_fedoraproject_org_repos_rawhide_latest_basearch  755 k
 default-fonts-core-sans             noarch  4.0-9.fc40        http_kojipkgs_fedoraproject_org_repos_rawhide_latest_basearch   25 k
 dejavu-sans-fonts                   noarch  2.37-21.fc40      http_kojipkgs_fedoraproject_org_repos_rawhide_latest_basearch  1.3 M
 expat                               i686    2.5.0-3.fc39      http_kojipkgs_fedoraproject_org_repos_rawhide_latest_basearch  114 k
 flexiblas                           i686    3.4.1-1.fc40      http_kojipkgs_fedoraproject_org_repos_rawhide_latest_basearch   25 k
 flexiblas-netlib                    i686    3.4.1-1.fc40      http_kojipkgs_fedoraproject_org_repos_rawhide_latest_basearch  3.1 M
 flexiblas-openblas-openmp           i686    3.4.1-1.fc40      http_kojipkgs_fedoraproject_org_repos_rawhide_latest_basearch   18 k
 fontawesome-6-brands-fonts          noarch  1:6.5.1-1.fc40    http_kojipkgs_fedoraproject_org_repos_rawhide_latest_basearch  273 k
 fontawesome-6-free-fonts            noarch  1:6.5.1-1.fc40    http_kojipkgs_fedoraproject_org_repos_rawhide_latest_basearch  312 k
 fontawesome-fonts-all               noarch  1:6.5.1-1.fc40    http_kojipkgs_fedoraproject_org_repos_rawhide_latest_basearch  7.7 k
 fontconfig                          i686    2.15.0-1.fc40     http_kojipkgs_fedoraproject_org_repos_rawhide_latest_basearch  265 k
 fonts-filesystem                    noarch  1:2.0.5-12.fc39   http_kojipkgs_fedoraproject_org_repos_rawhide_latest_basearch  8.2 k
 freetype                            i686    2.13.2-1.fc40     http_kojipkgs_fedoraproject_org_repos_rawhide_latest_basearch  417 k
 fribidi                             i686    1.0.13-2.fc39     http_kojipkgs_fedoraproject_org_repos_rawhide_latest_basearch   92 k
 gc                                  i686    8.2.2-4.fc39      http_kojipkgs_fedoraproject_org_repos_rawhide_latest_basearch  113 k
 glib2                               i686    2.79.0-6.fc40     http_kojipkgs_fedoraproject_org_repos_rawhide_latest_basearch  3.1 M
 gnutls                              i686    3.8.3-2.fc40      http_kojipkgs_fedoraproject_org_repos_rawhide_latest_basearch  1.1 M
 google-noto-fonts-common            noarch  20230801-4.fc40   http_kojipkgs_fedoraproject_org_repos_rawhide_latest_basearch   17 k
 google-noto-sans-vf-fonts           noarch  20230801-4.fc40   http_kojipkgs_fedoraproject_org_repos_rawhide_latest_basearch  583 k
 graphite2                           i686    1.3.14-15.fc40    copr_base                                                       97 k
 guile22                             i686    2.2.7-9.fc39      http_kojipkgs_fedoraproject_org_repos_rawhide_latest_basearch  6.5 M
 harfbuzz                            i686    8.3.0-2.fc40      http_kojipkgs_fedoraproject_org_repos_rawhide_latest_basearch  1.0 M
 jbigkit-libs                        i686    2.1-27.fc40       http_kojipkgs_fedoraproject_org_repos_rawhide_latest_basearch   53 k
 lcms2                               i686    2.16-2.fc40       http_kojipkgs_fedoraproject_org_repos_rawhide_latest_basearch  197 k
 libX11                              i686    1.8.7-1.fc40      http_kojipkgs_fedoraproject_org_repos_rawhide_latest_basearch  672 k
 libX11-common                       noarch  1.8.7-1.fc40      http_kojipkgs_fedoraproject_org_repos_rawhide_latest_basearch  144 k
 libXau                              i686    1.0.11-4.fc40     http_kojipkgs_fedoraproject_org_repos_rawhide_latest_basearch   32 k
 libXext                             i686    1.3.5-5.fc40      http_kojipkgs_fedoraproject_org_repos_rawhide_latest_basearch   42 k
 libXft                              i686    2.3.8-4.fc40      http_kojipkgs_fedoraproject_org_repos_rawhide_latest_basearch   73 k
 libXrender                          i686    0.9.11-4.fc40     http_kojipkgs_fedoraproject_org_repos_rawhide_latest_basearch   29 k
 libb2                               i686    0.98.1-9.fc39     http_kojipkgs_fedoraproject_org_repos_rawhide_latest_basearch   28 k
 libgfortran                         i686    14.0.1-0.2.fc40   http_kojipkgs_fedoraproject_org_repos_rawhide_latest_basearch  832 k
 libimagequant                       i686    4.0.3-2.fc40      http_kojipkgs_fedoraproject_org_repos_rawhide_latest_basearch  343 k
 libjpeg-turbo                       i686    2.1.4-3.fc39      http_kojipkgs_fedoraproject_org_repos_rawhide_latest_basearch  198 k
 liblerc                             i686    4.0.0-4.fc39      http_kojipkgs_fedoraproject_org_repos_rawhide_latest_basearch  217 k
 libpng                              i686    2:1.6.40-1.fc40   http_kojipkgs_fedoraproject_org_repos_rawhide_latest_basearch  127 k
 libqhull_r                          i686    1:7.2.1-13.fc39   local                                                          180 k
 libquadmath                         i686    14.0.1-0.2.fc40   http_kojipkgs_fedoraproject_org_repos_rawhide_latest_basearch  230 k
 libraqm                             i686    0.8.0-5.fc39      http_kojipkgs_fedoraproject_org_repos_rawhide_latest_basearch   20 k
 libsodium                           i686    1.0.19-2.fc40     http_kojipkgs_fedoraproject_org_repos_rawhide_latest_basearch  197 k
 libtiff                             i686    4.5.0-3.fc40      http_kojipkgs_fedoraproject_org_repos_rawhide_latest_basearch  335 k
 libtool-ltdl                        i686    2.4.7-10.fc40     http_kojipkgs_fedoraproject_org_repos_rawhide_latest_basearch   38 k
 libunwind                           i686    1.7.2-1.fc40      http_kojipkgs_fedoraproject_org_repos_rawhide_latest_basearch   67 k
 libwebp                             i686    1.3.2-2.fc40      http_kojipkgs_fedoraproject_org_repos_rawhide_latest_basearch  295 k
 libxcb                              i686    1.16-2.fc40       http_kojipkgs_fedoraproject_org_repos_rawhide_latest_basearch  253 k
 libxslt                             i686    1.1.39-1.fc40     http_kojipkgs_fedoraproject_org_repos_rawhide_latest_basearch  200 k
 libyaml                             i686    0.2.5-12.fc39     http_kojipkgs_fedoraproject_org_repos_rawhide_latest_basearch   62 k
 mpdecimal                           i686    2.5.1-7.fc39      http_kojipkgs_fedoraproject_org_repos_rawhide_latest_basearch   91 k
 nettle                              i686    3.9.1-2.fc39      http_kojipkgs_fedoraproject_org_repos_rawhide_latest_basearch  439 k
 openblas                            i686    0.3.26-1.fc40     http_kojipkgs_fedoraproject_org_repos_rawhide_latest_basearch   38 k
 openblas-openmp                     i686    0.3.26-1.fc40     http_kojipkgs_fedoraproject_org_repos_rawhide_latest_basearch  4.0 M
 openjpeg2                           i686    2.5.0-5.fc40      http_kojipkgs_fedoraproject_org_repos_rawhide_latest_basearch  188 k
 openpgm                             i686    5.2.122-32.fc39   http_kojipkgs_fedoraproject_org_repos_rawhide_latest_basearch  181 k
 pandoc-common                       noarch  3.1.3-25.fc40     http_kojipkgs_fedoraproject_org_repos_rawhide_latest_basearch  489 k
 pixman                              i686    0.43.0-1.fc40     http_kojipkgs_fedoraproject_org_repos_rawhide_latest_basearch  301 k
 pyproject-rpm-macros                noarch  1.11.0-1.fc40     http_kojipkgs_fedoraproject_org_repos_rawhide_latest_basearch   42 k
 python-jupyter-filesystem           noarch  5.1.0-5.fc39      http_kojipkgs_fedoraproject_org_repos_rawhide_latest_basearch  9.7 k
 python-pip-wheel                    noarch  23.3.1-5.fc40     http_kojipkgs_fedoraproject_org_repos_rawhide_latest_basearch  1.5 M
 python-rpm-macros                   noarch  3.12-7.fc40       http_kojipkgs_fedoraproject_org_repos_rawhide_latest_basearch   18 k
 python3                             i686    3.12.1-2.fc40     http_kojipkgs_fedoraproject_org_repos_rawhide_latest_basearch   27 k
 python3-accessible-pygments         noarch  0.0.4-3.fc39      http_kojipkgs_fedoraproject_org_repos_rawhide_latest_basearch   42 k
 python3-appdirs                     noarch  1.4.4-11.fc39     http_kojipkgs_fedoraproject_org_repos_rawhide_latest_basearch   23 k
 python3-asttokens                   noarch  2.4.1-1.fc40      http_kojipkgs_fedoraproject_org_repos_rawhide_latest_basearch   57 k
 python3-attrs                       noarch  23.2.0-2.fc40     http_kojipkgs_fedoraproject_org_repos_rawhide_latest_basearch  111 k
 python3-babel                       noarch  2.13.1-1.fc40     http_kojipkgs_fedoraproject_org_repos_rawhide_latest_basearch  6.8 M
 python3-beautifulsoup4              noarch  4.12.3-1.fc40     http_kojipkgs_fedoraproject_org_repos_rawhide_latest_basearch  302 k
 python3-bleach                      noarch  6.0.0-4.fc39      http_kojipkgs_fedoraproject_org_repos_rawhide_latest_basearch   59 k
 python3-brotli                      i686    1.1.0-1.fc40      http_kojipkgs_fedoraproject_org_repos_rawhide_latest_basearch  343 k
 python3-cairo                       i686    1.25.1-1.fc40     http_kojipkgs_fedoraproject_org_repos_rawhide_latest_basearch  130 k
 python3-charset-normalizer          noarch  3.3.2-1.fc40      http_kojipkgs_fedoraproject_org_repos_rawhide_latest_basearch   99 k
 python3-comm                        noarch  0.2.1-1.fc40      http_kojipkgs_fedoraproject_org_repos_rawhide_latest_basearch   20 k
 python3-contourpy                   i686    1.2.0-1.fc40      copr_base                                                      265 k
 python3-cycler                      noarch  0.11.0-9.fc39     http_kojipkgs_fedoraproject_org_repos_rawhide_latest_basearch   21 k
 python3-defusedxml                  noarch  0.7.1-10.fc40     http_kojipkgs_fedoraproject_org_repos_rawhide_latest_basearch   51 k
 python3-docutils                    noarch  0.20.1-1.fc40     http_kojipkgs_fedoraproject_org_repos_rawhide_latest_basearch  995 k
 python3-editables                   noarch  0.5-1.fc39        http_kojipkgs_fedoraproject_org_repos_rawhide_latest_basearch   18 k
 python3-executing                   noarch  2.0.1-1.fc40      http_kojipkgs_fedoraproject_org_repos_rawhide_latest_basearch   62 k
 python3-fastjsonschema              noarch  2.18.0-1.fc40     http_kojipkgs_fedoraproject_org_repos_rawhide_latest_basearch   56 k
 python3-fonttools                   i686    4.47.2-3.fc40     copr_base                                                      2.8 M
 python3-fs                          noarch  2.4.16-5.fc39     http_kojipkgs_fedoraproject_org_repos_rawhide_latest_basearch  272 k
 python3-html5lib                    noarch  1:1.1-21.fc40     http_kojipkgs_fedoraproject_org_repos_rawhide_latest_basearch  270 k
 python3-idna                        noarch  3.6-1.fc40        http_kojipkgs_fedoraproject_org_repos_rawhide_latest_basearch  101 k
 python3-imagesize                   noarch  1.4.1-5.fc40      http_kojipkgs_fedoraproject_org_repos_rawhide_latest_basearch   22 k
 python3-iniconfig                   noarch  1.1.1-14.fc39     http_kojipkgs_fedoraproject_org_repos_rawhide_latest_basearch   18 k
 python3-jedi                        noarch  0.19.1-1.fc40     http_kojipkgs_fedoraproject_org_repos_rawhide_latest_basearch  1.2 M
 python3-jinja2                      noarch  3.1.3-1.fc40      http_kojipkgs_fedoraproject_org_repos_rawhide_latest_basearch  484 k
 python3-jsonschema                  noarch  4.19.1-1.fc40     http_kojipkgs_fedoraproject_org_repos_rawhide_latest_basearch  186 k
 python3-jsonschema-specifications   noarch  2023.11.2-1.fc40  http_kojipkgs_fedoraproject_org_repos_rawhide_latest_basearch   21 k
 python3-jupyter-core                noarch  5.1.0-5.fc39      http_kojipkgs_fedoraproject_org_repos_rawhide_latest_basearch  125 k
 python3-jupyterlab_pygments         noarch  0.3.0-1.fc40      http_kojipkgs_fedoraproject_org_repos_rawhide_latest_basearch   24 k
 python3-kiwisolver                  i686    1.4.5-1.fc40      http_kojipkgs_fedoraproject_org_repos_rawhide_latest_basearch   74 k
 python3-libs                        i686    3.12.1-2.fc40     http_kojipkgs_fedoraproject_org_repos_rawhide_latest_basearch  9.0 M
 python3-lxml                        i686    4.9.4-1.fc40      http_kojipkgs_fedoraproject_org_repos_rawhide_latest_basearch  1.4 M
 python3-markdown-it-py              noarch  3.0.0-2.fc39      http_kojipkgs_fedoraproject_org_repos_rawhide_latest_basearch  165 k
 python3-markupsafe                  i686    2.1.3-2.fc39      http_kojipkgs_fedoraproject_org_repos_rawhide_latest_basearch   30 k
 python3-matplotlib-data             noarch  3.8.2-1.fc39      local                                                          508 k
 python3-matplotlib-data-fonts       noarch  3.8.2-1.fc39      local                                                          2.3 M
 python3-matplotlib-inline           noarch  0.1.6-4.fc39      http_kojipkgs_fedoraproject_org_repos_rawhide_latest_basearch   23 k
 python3-matplotlib-tk               i686    3.8.2-1.fc39      local                                                           48 k
 python3-mdit-py-plugins             noarch  0.4.0-2.fc39      http_kojipkgs_fedoraproject_org_repos_rawhide_latest_basearch  101 k
 python3-mdurl                       noarch  0.1.2-4.fc39      http_kojipkgs_fedoraproject_org_repos_rawhide_latest_basearch   26 k
 python3-mistune                     noarch  2.0.4-6.fc40      http_kojipkgs_fedoraproject_org_repos_rawhide_latest_basearch   66 k
 python3-nbclient                    noarch  0.9.0-1.fc40      http_kojipkgs_fedoraproject_org_repos_rawhide_latest_basearch   61 k
 python3-nbconvert                   noarch  7.14.2-1.fc40     http_kojipkgs_fedoraproject_org_repos_rawhide_latest_basearch  308 k
 python3-nbformat                    noarch  5.9.1-2.fc39      http_kojipkgs_fedoraproject_org_repos_rawhide_latest_basearch  120 k
 python3-nest-asyncio                noarch  1.6.0-1.fc40      http_kojipkgs_fedoraproject_org_repos_rawhide_latest_basearch   19 k
 python3-numpy                       i686    1:1.26.2-2.fc40   http_kojipkgs_fedoraproject_org_repos_rawhide_latest_basearch  6.8 M
 python3-numpy-f2py                  i686    1:1.26.2-2.fc40   http_kojipkgs_fedoraproject_org_repos_rawhide_latest_basearch  415 k
 python3-olefile                     noarch  0.47-1.fc40       http_kojipkgs_fedoraproject_org_repos_rawhide_latest_basearch   73 k
 python3-packaging                   noarch  23.2-2.fc40       http_kojipkgs_fedoraproject_org_repos_rawhide_latest_basearch  115 k
 python3-pandocfilters               noarch  1.5.0-7.fc39      http_kojipkgs_fedoraproject_org_repos_rawhide_latest_basearch   20 k
 python3-parso                       noarch  0.8.3-7.fc39      http_kojipkgs_fedoraproject_org_repos_rawhide_latest_basearch  194 k
 python3-pathspec                    noarch  0.12.1-1.fc40     http_kojipkgs_fedoraproject_org_repos_rawhide_latest_basearch   55 k
 python3-pexpect                     noarch  4.9.0-2.fc40      http_kojipkgs_fedoraproject_org_repos_rawhide_latest_basearch  158 k
 python3-pillow                      i686    10.2.0-1.fc40     http_kojipkgs_fedoraproject_org_repos_rawhide_latest_basearch  899 k
 python3-pillow-tk                   i686    10.2.0-1.fc40     http_kojipkgs_fedoraproject_org_repos_rawhide_latest_basearch   30 k
 python3-platformdirs                noarch  3.11.0-1.fc40     http_kojipkgs_fedoraproject_org_repos_rawhide_latest_basearch   40 k
 python3-pluggy                      noarch  1.3.0-1.fc40      http_kojipkgs_fedoraproject_org_repos_rawhide_latest_basearch   50 k
 python3-pooch                       noarch  1.5.2-12.fc39     http_kojipkgs_fedoraproject_org_repos_rawhide_latest_basearch  113 k
 python3-prompt-toolkit              noarch  3.0.41-1.fc40     http_kojipkgs_fedoraproject_org_repos_rawhide_latest_basearch  770 k
 python3-ptyprocess                  noarch  0.7.0-5.fc39      http_kojipkgs_fedoraproject_org_repos_rawhide_latest_basearch   35 k
 python3-pure-eval                   noarch  0.2.2-6.fc39      http_kojipkgs_fedoraproject_org_repos_rawhide_latest_basearch   33 k
 python3-pygments                    noarch  2.17.2-1.fc40     http_kojipkgs_fedoraproject_org_repos_rawhide_latest_basearch  2.3 M
 python3-pyparsing                   noarch  3.1.1-1.fc40      http_kojipkgs_fedoraproject_org_repos_rawhide_latest_basearch  261 k
 python3-pyyaml                      i686    6.0.1-11.fc39     http_kojipkgs_fedoraproject_org_repos_rawhide_latest_basearch  219 k
 python3-referencing                 noarch  0.31.1-1.fc40     http_kojipkgs_fedoraproject_org_repos_rawhide_latest_basearch   73 k
 python3-requests                    noarch  2.31.0-1.fc40     http_kojipkgs_fedoraproject_org_repos_rawhide_latest_basearch  141 k
 python3-rpds-py                     i686    0.16.2-1.fc40     http_kojipkgs_fedoraproject_org_repos_rawhide_latest_basearch  314 k
 python3-rpm-generators              noarch  14-8.fc40         http_kojipkgs_fedoraproject_org_repos_rawhide_latest_basearch   30 k
 python3-rpm-macros                  noarch  3.12-7.fc40       http_kojipkgs_fedoraproject_org_repos_rawhide_latest_basearch   13 k
 python3-scipy                       i686    1.11.3-3.fc40     http_kojipkgs_fedoraproject_org_repos_rawhide_latest_basearch   16 M
 python3-setuptools                  noarch  68.2.2-1.fc40     http_kojipkgs_fedoraproject_org_repos_rawhide_latest_basearch  1.4 M
 python3-six                         noarch  1.16.0-12.fc39    http_kojipkgs_fedoraproject_org_repos_rawhide_latest_basearch   41 k
 python3-snowballstemmer             noarch  2.2.0-7.fc39      http_kojipkgs_fedoraproject_org_repos_rawhide_latest_basearch  240 k
 python3-soupsieve                   noarch  2.5-1.fc40        http_kojipkgs_fedoraproject_org_repos_rawhide_latest_basearch   92 k
 python3-sphinx-theme-alabaster      noarch  0.7.16-1.fc40     http_kojipkgs_fedoraproject_org_repos_rawhide_latest_basearch   24 k
 python3-stack-data                  noarch  0.6.3-1.fc40      http_kojipkgs_fedoraproject_org_repos_rawhide_latest_basearch   59 k
 python3-tinycss2                    noarch  1.2.1-5.fc39      http_kojipkgs_fedoraproject_org_repos_rawhide_latest_basearch   52 k
 python3-tkinter                     i686    3.12.1-2.fc40     http_kojipkgs_fedoraproject_org_repos_rawhide_latest_basearch  385 k
 python3-trove-classifiers           noarch  2023.10.18-1.fc40 http_kojipkgs_fedoraproject_org_repos_rawhide_latest_basearch   26 k
 python3-typing-extensions           noarch  4.9.0-1.fc40      http_kojipkgs_fedoraproject_org_repos_rawhide_latest_basearch   77 k
 python3-urllib3                     noarch  1.26.18-1.fc40    http_kojipkgs_fedoraproject_org_repos_rawhide_latest_basearch  254 k
 python3-wcwidth                     noarch  0.2.6-1.fc40      http_kojipkgs_fedoraproject_org_repos_rawhide_latest_basearch   43 k
 python3-webencodings                noarch  0.5.1-22.fc39     http_kojipkgs_fedoraproject_org_repos_rawhide_latest_basearch   31 k
 tcl                                 i686    1:8.6.13-1.fc40   http_kojipkgs_fedoraproject_org_repos_rawhide_latest_basearch  1.1 M
 tk                                  i686    1:8.6.13-2.fc40   http_kojipkgs_fedoraproject_org_repos_rawhide_latest_basearch  1.6 M
 tzdata                              noarch  2023d-2.fc40      http_kojipkgs_fedoraproject_org_repos_rawhide_latest_basearch  434 k
 xml-common                          noarch  0.6.3-62.fc40     http_kojipkgs_fedoraproject_org_repos_rawhide_latest_basearch   31 k
 zeromq                              i686    4.3.5-15.fc40     http_kojipkgs_fedoraproject_org_repos_rawhide_latest_basearch  478 k

Transaction Summary
===================================================================================================================================
Install  175 Packages

Total download size: 138 M
Installed size: 661 M
Downloading Packages:
(1/175): graphite2-1.3.14-15.fc40.i686.rpm      2.0 MB/s |  97 kB     00:00    
(2/175): python3-contourpy-1.2.0-1.fc40.i686.rp 3.9 MB/s | 265 kB     00:00    
(3/175): python3-ipython-sphinx-8.20.0-1.fc40.n 1.3 MB/s |  43 kB     00:00    
(4/175): python3-fonttools-4.47.2-3.fc40.i686.r  27 MB/s | 2.8 MB     00:00    
(5/175): python3-ipython-8.20.0-1.fc40.noarch.r  17 MB/s | 1.0 MB     00:00    
(6/175): python3-nbsphinx-0.9.3-2.fc40.noarch.r 5.8 MB/s |  69 kB     00:00    
(7/175): python3-tqdm-4.66.1-1.fc40.noarch.rpm  4.4 MB/s | 155 kB     00:00    
(8/175): python3-pydata-sphinx-theme-0.15.2-2.f 6.8 MB/s | 347 kB     00:00    
(9/175): abattis-cantarell-vf-fonts-0.301-10.fc 1.6 MB/s | 121 kB     00:00    
(10/175): default-fonts-core-sans-4.0-9.fc40.no 533 kB/s |  25 kB     00:00    
(11/175): expat-2.5.0-3.fc39.i686.rpm           4.2 MB/s | 114 kB     00:00    
(12/175): dejavu-sans-fonts-2.37-21.fc40.noarch  27 MB/s | 1.3 MB     00:00    
(13/175): cairo-1.18.0-1.fc40.i686.rpm          7.3 MB/s | 755 kB     00:00    
(14/175): flexiblas-3.4.1-1.fc40.i686.rpm       1.4 MB/s |  25 kB     00:00    
(15/175): flexiblas-openblas-openmp-3.4.1-1.fc4 1.0 MB/s |  18 kB     00:00    
(16/175): fontawesome-6-free-fonts-6.5.1-1.fc40  12 MB/s | 312 kB     00:00    
(17/175): flexiblas-netlib-3.4.1-1.fc40.i686.rp  44 MB/s | 3.1 MB     00:00    
(18/175): fontawesome-fonts-all-6.5.1-1.fc40.no 336 kB/s | 7.7 kB     00:00    
(19/175): fontconfig-2.15.0-1.fc40.i686.rpm      13 MB/s | 265 kB     00:00    
(20/175): fonts-filesystem-2.0.5-12.fc39.noarch 456 kB/s | 8.2 kB     00:00    
(21/175): fontawesome-6-brands-fonts-6.5.1-1.fc 2.7 MB/s | 273 kB     00:00    
(22/175): freetype-2.13.2-1.fc40.i686.rpm        19 MB/s | 417 kB     00:00    
(23/175): fribidi-1.0.13-2.fc39.i686.rpm        4.1 MB/s |  92 kB     00:00    
(24/175): gc-8.2.2-4.fc39.i686.rpm              6.3 MB/s | 113 kB     00:00    
(25/175): google-noto-fonts-common-20230801-4.f 824 kB/s |  17 kB     00:00    
(26/175): glib2-2.79.0-6.fc40.i686.rpm           53 MB/s | 3.1 MB     00:00    
(27/175): google-noto-sans-vf-fonts-20230801-4.  22 MB/s | 583 kB     00:00    
(28/175): gnutls-3.8.3-2.fc40.i686.rpm           17 MB/s | 1.1 MB     00:00    
(29/175): jbigkit-libs-2.1-27.fc40.i686.rpm     2.0 MB/s |  53 kB     00:00    
(30/175): harfbuzz-8.3.0-2.fc40.i686.rpm         22 MB/s | 1.0 MB     00:00    
(31/175): lcms2-2.16-2.fc40.i686.rpm            9.0 MB/s | 197 kB     00:00    
(32/175): libX11-common-1.8.7-1.fc40.noarch.rpm 6.6 MB/s | 144 kB     00:00    
(33/175): libX11-1.8.7-1.fc40.i686.rpm           16 MB/s | 672 kB     00:00    
(34/175): libXau-1.0.11-4.fc40.i686.rpm         1.7 MB/s |  32 kB     00:00    
(35/175): libXft-2.3.8-4.fc40.i686.rpm          3.9 MB/s |  73 kB     00:00    
(36/175): libXext-1.3.5-5.fc40.i686.rpm         1.9 MB/s |  42 kB     00:00    
(37/175): guile22-2.2.7-9.fc39.i686.rpm          51 MB/s | 6.5 MB     00:00    
(38/175): libb2-0.98.1-9.fc39.i686.rpm          1.6 MB/s |  28 kB     00:00    
(39/175): libXrender-0.9.11-4.fc40.i686.rpm     1.5 MB/s |  29 kB     00:00    
(40/175): libjpeg-turbo-2.1.4-3.fc39.i686.rpm   8.4 MB/s | 198 kB     00:00    
(41/175): libimagequant-4.0.3-2.fc40.i686.rpm    13 MB/s | 343 kB     00:00    
(42/175): libgfortran-14.0.1-0.2.fc40.i686.rpm   27 MB/s | 832 kB     00:00    
(43/175): liblerc-4.0.0-4.fc39.i686.rpm          11 MB/s | 217 kB     00:00    
(44/175): libpng-1.6.40-1.fc40.i686.rpm         6.4 MB/s | 127 kB     00:00    
(45/175): libquadmath-14.0.1-0.2.fc40.i686.rpm  7.7 MB/s | 230 kB     00:00    
(46/175): libraqm-0.8.0-5.fc39.i686.rpm         1.1 MB/s |  20 kB     00:00    
(47/175): libsodium-1.0.19-2.fc40.i686.rpm      9.3 MB/s | 197 kB     00:00    
(48/175): libtiff-4.5.0-3.fc40.i686.rpm          16 MB/s | 335 kB     00:00    
(49/175): libtool-ltdl-2.4.7-10.fc40.i686.rpm   1.8 MB/s |  38 kB     00:00    
(50/175): libunwind-1.7.2-1.fc40.i686.rpm       3.5 MB/s |  67 kB     00:00    
(51/175): libwebp-1.3.2-2.fc40.i686.rpm          14 MB/s | 295 kB     00:00    
(52/175): libxslt-1.1.39-1.fc40.i686.rpm        9.4 MB/s | 200 kB     00:00    
(53/175): libxcb-1.16-2.fc40.i686.rpm            11 MB/s | 253 kB     00:00    
(54/175): libyaml-0.2.5-12.fc39.i686.rpm        3.4 MB/s |  62 kB     00:00    
(55/175): mpdecimal-2.5.1-7.fc39.i686.rpm       4.5 MB/s |  91 kB     00:00    
(56/175): make-4.4.1-2.fc39.i686.rpm             20 MB/s | 589 kB     00:00    
(57/175): nettle-3.9.1-2.fc39.i686.rpm           16 MB/s | 439 kB     00:00    
(58/175): openblas-0.3.26-1.fc40.i686.rpm       2.0 MB/s |  38 kB     00:00    
(59/175): openjpeg2-2.5.0-5.fc40.i686.rpm       9.0 MB/s | 188 kB     00:00    
(60/175): openpgm-5.2.122-32.fc39.i686.rpm      8.6 MB/s | 181 kB     00:00    
(61/175): pandoc-common-3.1.3-25.fc40.noarch.rp  14 MB/s | 489 kB     00:00    
(62/175): pixman-0.43.0-1.fc40.i686.rpm          11 MB/s | 301 kB     00:00    
(63/175): pyproject-rpm-macros-1.11.0-1.fc40.no 1.9 MB/s |  42 kB     00:00    
(64/175): python-jupyter-filesystem-5.1.0-5.fc3 438 kB/s | 9.7 kB     00:00    
(65/175): openblas-openmp-0.3.26-1.fc40.i686.rp  26 MB/s | 4.0 MB     00:00    
(66/175): python-rpm-macros-3.12-7.fc40.noarch. 826 kB/s |  18 kB     00:00    
(67/175): python-pip-wheel-23.3.1-5.fc40.noarch  29 MB/s | 1.5 MB     00:00    
(68/175): python3-3.12.1-2.fc40.i686.rpm        1.4 MB/s |  27 kB     00:00    
(69/175): python3-appdirs-1.4.4-11.fc39.noarch. 1.3 MB/s |  23 kB     00:00    
(70/175): python3-accessible-pygments-0.0.4-3.f 1.7 MB/s |  42 kB     00:00    
(71/175): python3-attrs-23.2.0-2.fc40.noarch.rp 4.8 MB/s | 111 kB     00:00    
(72/175): python3-asttokens-2.4.1-1.fc40.noarch 2.2 MB/s |  57 kB     00:00    
(73/175): python3-beautifulsoup4-4.12.3-1.fc40. 8.3 MB/s | 302 kB     00:00    
(74/175): python3-bleach-6.0.0-4.fc39.noarch.rp 2.2 MB/s |  59 kB     00:00    
(75/175): python3-brotli-1.1.0-1.fc40.i686.rpm   11 MB/s | 343 kB     00:00    
(76/175): python3-cairo-1.25.1-1.fc40.i686.rpm  6.2 MB/s | 130 kB     00:00    
(77/175): python3-charset-normalizer-3.3.2-1.fc 4.3 MB/s |  99 kB     00:00    
(78/175): python3-comm-0.2.1-1.fc40.noarch.rpm  828 kB/s |  20 kB     00:00    
(79/175): python3-babel-2.13.1-1.fc40.noarch.rp  39 MB/s | 6.8 MB     00:00    
(80/175): python3-cycler-0.11.0-9.fc39.noarch.r 808 kB/s |  21 kB     00:00    
(81/175): python3-dateutil-2.8.2-11.fc40.noarch  11 MB/s | 345 kB     00:00    
(82/175): python3-decorator-5.1.1-7.fc39.noarch 1.1 MB/s |  30 kB     00:00    
(83/175): python3-defusedxml-0.7.1-10.fc40.noar 2.2 MB/s |  51 kB     00:00    
(84/175): python3-devel-3.12.1-2.fc40.i686.rpm   11 MB/s | 274 kB     00:00    
(85/175): python3-editables-0.5-1.fc39.noarch.r 755 kB/s |  18 kB     00:00    
(86/175): pandoc-3.1.3-25.fc40.i686.rpm          50 MB/s |  25 MB     00:00    
(87/175): python3-docutils-0.20.1-1.fc40.noarch  15 MB/s | 995 kB     00:00    
(88/175): python3-entrypoints-0.4-1.fc40.noarch 1.0 MB/s |  43 kB     00:00    
(89/175): python3-fastjsonschema-2.18.0-1.fc40. 2.5 MB/s |  56 kB     00:00    
(90/175): python3-executing-2.0.1-1.fc40.noarch 2.5 MB/s |  62 kB     00:00    
(91/175): python3-fs-2.4.16-5.fc39.noarch.rpm    11 MB/s | 272 kB     00:00    
(92/175): python3-hatchling-1.21.0-1.fc40.noarc 7.0 MB/s | 192 kB     00:00    
(93/175): python3-html5lib-1.1-21.fc40.noarch.r 8.6 MB/s | 270 kB     00:00    
(94/175): python3-idna-3.6-1.fc40.noarch.rpm    4.2 MB/s | 101 kB     00:00    
(95/175): python3-iniconfig-1.1.1-14.fc39.noarc 1.0 MB/s |  18 kB     00:00    
(96/175): python3-imagesize-1.4.1-5.fc40.noarch 951 kB/s |  22 kB     00:00    
(97/175): python3-ipykernel-6.25.1-1.fc40.noarc 9.8 MB/s | 324 kB     00:00    
(98/175): python3-jinja2-3.1.3-1.fc40.noarch.rp  14 MB/s | 484 kB     00:00    
(99/175): python3-jedi-0.19.1-1.fc40.noarch.rpm  30 MB/s | 1.2 MB     00:00    
(100/175): python3-jsonschema-4.19.1-1.fc40.noa 7.7 MB/s | 186 kB     00:00    
(101/175): python3-jsonschema-specifications-20 936 kB/s |  21 kB     00:00    
(102/175): python3-jupyter-client-7.4.9-5.fc39.  12 MB/s | 295 kB     00:00    
(103/175): python3-jupyter-core-5.1.0-5.fc39.no 5.9 MB/s | 125 kB     00:00    
(104/175): python3-jupyterlab_pygments-0.3.0-1. 1.1 MB/s |  24 kB     00:00    
(105/175): python3-kiwisolver-1.4.5-1.fc40.i686 3.7 MB/s |  74 kB     00:00    
(106/175): python3-markdown-it-py-3.0.0-2.fc39. 6.2 MB/s | 165 kB     00:00    
(107/175): python3-lxml-4.9.4-1.fc40.i686.rpm    35 MB/s | 1.4 MB     00:00    
(108/175): python3-markupsafe-2.1.3-2.fc39.i686 1.3 MB/s |  30 kB     00:00    
(109/175): python3-matplotlib-inline-0.1.6-4.fc 1.0 MB/s |  23 kB     00:00    
(110/175): python3-mdit-py-plugins-0.4.0-2.fc39 4.6 MB/s | 101 kB     00:00    
(111/175): python3-mdurl-0.1.2-4.fc39.noarch.rp 1.1 MB/s |  26 kB     00:00    
(112/175): python3-mistune-2.0.4-6.fc40.noarch. 3.1 MB/s |  66 kB     00:00    
(113/175): python3-myst-parser-2.0.0-3.fc40.noa 6.4 MB/s | 185 kB     00:00    
(114/175): python3-nbclient-0.9.0-1.fc40.noarch 2.8 MB/s |  61 kB     00:00    
(115/175): python3-nbconvert-7.14.2-1.fc40.noar  12 MB/s | 308 kB     00:00    
(116/175): python3-nbformat-5.9.1-2.fc39.noarch 4.8 MB/s | 120 kB     00:00    
(117/175): python3-nest-asyncio-1.6.0-1.fc40.no 870 kB/s |  19 kB     00:00    
(118/175): python3-numpy-f2py-1.26.2-2.fc40.i68  18 MB/s | 415 kB     00:00    
(119/175): python3-olefile-0.47-1.fc40.noarch.r 3.7 MB/s |  73 kB     00:00    
(120/175): python3-packaging-23.2-2.fc40.noarch 6.0 MB/s | 115 kB     00:00    
(121/175): python3-pandocfilters-1.5.0-7.fc39.n 933 kB/s |  20 kB     00:00    
(122/175): python3-parso-0.8.3-7.fc39.noarch.rp 7.7 MB/s | 194 kB     00:00    
(123/175): python3-libs-3.12.1-2.fc40.i686.rpm   30 MB/s | 9.0 MB     00:00    
(124/175): python3-pathspec-0.12.1-1.fc40.noarc 2.0 MB/s |  55 kB     00:00    
(125/175): python3-numpy-1.26.2-2.fc40.i686.rpm  41 MB/s | 6.8 MB     00:00    
(126/175): python3-pexpect-4.9.0-2.fc40.noarch. 6.1 MB/s | 158 kB     00:00    
(127/175): python3-pillow-tk-10.2.0-1.fc40.i686 1.5 MB/s |  30 kB     00:00    
(128/175): python3-pillow-10.2.0-1.fc40.i686.rp  25 MB/s | 899 kB     00:00    
(129/175): python3-platformdirs-3.11.0-1.fc40.n 1.9 MB/s |  40 kB     00:00    
(130/175): python3-pluggy-1.3.0-1.fc40.noarch.r 2.5 MB/s |  50 kB     00:00    
(131/175): python3-pooch-1.5.2-12.fc39.noarch.r 5.2 MB/s | 113 kB     00:00    
(132/175): python3-prompt-toolkit-3.0.41-1.fc40  21 MB/s | 770 kB     00:00    
(133/175): python3-psutil-5.9.5-2.fc40.i686.rpm  12 MB/s | 259 kB     00:00    
(134/175): python3-ptyprocess-0.7.0-5.fc39.noar 1.7 MB/s |  35 kB     00:00    
(135/175): python3-pip-23.3.1-5.fc40.noarch.rpm  28 MB/s | 2.9 MB     00:00    
(136/175): python3-pure-eval-0.2.2-6.fc39.noarc 1.6 MB/s |  33 kB     00:00    
(137/175): python3-pyparsing-3.1.1-1.fc40.noarc 8.9 MB/s | 261 kB     00:00    
(138/175): python3-pytest-asyncio-0.21.0-5.fc39 1.4 MB/s |  32 kB     00:00    
(139/175): python3-pygments-2.17.2-1.fc40.noarc  36 MB/s | 2.3 MB     00:00    
(140/175): python3-pytest-7.4.3-1.fc40.noarch.r  25 MB/s | 1.8 MB     00:00    
(141/175): python3-pyyaml-6.0.1-11.fc39.i686.rp  11 MB/s | 219 kB     00:00    
(142/175): python3-referencing-0.31.1-1.fc40.no 3.1 MB/s |  73 kB     00:00    
(143/175): python3-requests-2.31.0-1.fc40.noarc 5.7 MB/s | 141 kB     00:00    
(144/175): python3-rpds-py-0.16.2-1.fc40.i686.r  12 MB/s | 314 kB     00:00    
(145/175): python3-rpm-generators-14-8.fc40.noa 1.6 MB/s |  30 kB     00:00    
(146/175): python3-rpm-macros-3.12-7.fc40.noarc 759 kB/s |  13 kB     00:00    
(147/175): python3-six-1.16.0-12.fc39.noarch.rp 2.0 MB/s |  41 kB     00:00    
(148/175): python3-snowballstemmer-2.2.0-7.fc39  10 MB/s | 240 kB     00:00    
(149/175): python3-setuptools-68.2.2-1.fc40.noa  24 MB/s | 1.4 MB     00:00    
(150/175): python3-soupsieve-2.5-1.fc40.noarch. 4.3 MB/s |  92 kB     00:00    
(151/175): python3-sphinx-theme-alabaster-0.7.1 1.1 MB/s |  24 kB     00:00    
(152/175): python3-stack-data-0.6.3-1.fc40.noar 2.7 MB/s |  59 kB     00:00    
(153/175): python3-tinycss2-1.2.1-5.fc39.noarch 2.3 MB/s |  52 kB     00:00    
(154/175): python3-sphinx-7.2.6-6.fc40.noarch.r  28 MB/s | 2.5 MB     00:00    
(155/175): python3-tkinter-3.12.1-2.fc40.i686.r  17 MB/s | 385 kB     00:00    
(156/175): python3-traitlets-5.11.2-1.fc40.noar 7.8 MB/s | 191 kB     00:00    
(157/175): python3-tornado-6.3.3-1.fc40.i686.rp  21 MB/s | 849 kB     00:00    
(158/175): python3-trove-classifiers-2023.10.18 1.2 MB/s |  26 kB     00:00    
(159/175): python3-typing-extensions-4.9.0-1.fc 3.6 MB/s |  77 kB     00:00    
(160/175): python3-urllib3-1.26.18-1.fc40.noarc  11 MB/s | 254 kB     00:00    
(161/175): python3-wcwidth-0.2.6-1.fc40.noarch. 1.9 MB/s |  43 kB     00:00    
(162/175): python3-webencodings-0.5.1-22.fc39.n 1.3 MB/s |  31 kB     00:00    
(163/175): python3-zmq-25.1.1-3.fc40.i686.rpm    15 MB/s | 430 kB     00:00    
(164/175): python3-zmq-tests-25.1.1-3.fc40.i686 8.4 MB/s | 165 kB     00:00    
(165/175): tcl-8.6.13-1.fc40.i686.rpm            21 MB/s | 1.1 MB     00:00    
(166/175): python3-scipy-1.11.3-3.fc40.i686.rpm  46 MB/s |  16 MB     00:00    
(167/175): tk-8.6.13-2.fc40.i686.rpm             24 MB/s | 1.6 MB     00:00    
(168/175): tzdata-2023d-2.fc40.noarch.rpm        12 MB/s | 434 kB     00:00    
(169/175): xml-common-0.6.3-62.fc40.noarch.rpm  1.7 MB/s |  31 kB     00:00    
(170/175): libqhull_r-7.2.1-13.fc39.i686.rpm     13 MB/s | 180 kB     00:00    
(171/175): zeromq-4.3.5-15.fc40.i686.rpm         17 MB/s | 478 kB     00:00    
(172/175): python3-matplotlib-data-3.8.2-1.fc39  24 MB/s | 508 kB     00:00    
(173/175): python3-matplotlib-tk-3.8.2-1.fc39.i 3.9 MB/s |  48 kB     00:00    
(174/175): python3-matplotlib-3.8.2-1.fc39.i686  51 MB/s | 4.3 MB     00:00    
(175/175): python3-matplotlib-data-fonts-3.8.2-  24 MB/s | 2.3 MB     00:00    
--------------------------------------------------------------------------------
Total                                            58 MB/s | 138 MB     00:02     
Running transaction check
Transaction check succeeded.
Running transaction test
Transaction test succeeded.
Running transaction
  Preparing        :                                                        1/1 
  Installing       : fonts-filesystem-1:2.0.5-12.fc39.noarch              1/175 
  Installing       : python-rpm-macros-3.12-7.fc40.noarch                 2/175 
  Installing       : python3-rpm-macros-3.12-7.fc40.noarch                3/175 
  Installing       : python3-matplotlib-data-fonts-3.8.2-1.fc39.noarc     4/175 
  Installing       : python3-matplotlib-data-3.8.2-1.fc39.noarch          5/175 
  Installing       : tzdata-2023d-2.fc40.noarch                           6/175 
  Installing       : pyproject-rpm-macros-1.11.0-1.fc40.noarch            7/175 
  Installing       : abattis-cantarell-vf-fonts-0.301-10.fc39.noarch      8/175 
  Installing       : dejavu-sans-fonts-2.37-21.fc40.noarch                9/175 
  Installing       : fontawesome-6-brands-fonts-1:6.5.1-1.fc40.noarch    10/175 
  Installing       : fontawesome-6-free-fonts-1:6.5.1-1.fc40.noarch      11/175 
  Installing       : fontawesome-fonts-all-1:6.5.1-1.fc40.noarch         12/175 
  Running scriptlet: xml-common-0.6.3-62.fc40.noarch                     13/175 
  Installing       : xml-common-0.6.3-62.fc40.noarch                     13/175 
  Installing       : python-pip-wheel-23.3.1-5.fc40.noarch               14/175 
  Installing       : python-jupyter-filesystem-5.1.0-5.fc39.noarch       15/175 
  Installing       : pandoc-common-3.1.3-25.fc40.noarch                  16/175 
  Installing       : openblas-0.3.26-1.fc40.i686                         17/175 
  Installing       : libX11-common-1.8.7-1.fc40.noarch                   18/175 
  Installing       : google-noto-fonts-common-20230801-4.fc40.noarch     19/175 
  Installing       : libgfortran-14.0.1-0.2.fc40.i686                    20/175 
  Installing       : google-noto-sans-vf-fonts-20230801-4.fc40.noarch    21/175 
  Installing       : tcl-1:8.6.13-1.fc40.i686                            22/175 
  Installing       : libyaml-0.2.5-12.fc39.i686                          23/175 
  Installing       : libwebp-1.3.2-2.fc40.i686                           24/175 
  Installing       : libpng-2:1.6.40-1.fc40.i686                         25/175 
  Installing       : libjpeg-turbo-2.1.4-3.fc39.i686                     26/175 
  Installing       : default-fonts-core-sans-4.0-9.fc40.noarch           27/175 
  Installing       : pandoc-3.1.3-25.fc40.i686                           28/175 
  Running scriptlet: pandoc-3.1.3-25.fc40.i686                           28/175 
  Installing       : openblas-openmp-0.3.26-1.fc40.i686                  29/175 
  Installing       : libqhull_r-1:7.2.1-13.fc39.i686                     30/175 
  Installing       : pixman-0.43.0-1.fc40.i686                           31/175 
  Installing       : openpgm-5.2.122-32.fc39.i686                        32/175 
  Installing       : openjpeg2-2.5.0-5.fc40.i686                         33/175 
  Installing       : nettle-3.9.1-2.fc39.i686                            34/175 
  Installing       : gnutls-3.8.3-2.fc40.i686                            35/175 
  Installing       : glib2-2.79.0-6.fc40.i686                            36/175 
  Installing       : mpdecimal-2.5.1-7.fc39.i686                         37/175 
  Installing       : libxslt-1.1.39-1.fc40.i686                          38/175 
  Installing       : libunwind-1.7.2-1.fc40.i686                         39/175 
  Installing       : libtool-ltdl-2.4.7-10.fc40.i686                     40/175 
  Installing       : libsodium-1.0.19-2.fc40.i686                        41/175 
  Installing       : zeromq-4.3.5-15.fc40.i686                           42/175 
  Installing       : libquadmath-14.0.1-0.2.fc40.i686                    43/175 
  Installing       : flexiblas-netlib-3.4.1-1.fc40.i686                  44/175 
  Installing       : flexiblas-openblas-openmp-3.4.1-1.fc40.i686         45/175 
  Installing       : flexiblas-3.4.1-1.fc40.i686                         46/175 
  Installing       : liblerc-4.0.0-4.fc39.i686                           47/175 
  Installing       : libimagequant-4.0.3-2.fc40.i686                     48/175 
  Installing       : libb2-0.98.1-9.fc39.i686                            49/175 
  Installing       : libXau-1.0.11-4.fc40.i686                           50/175 
  Installing       : libxcb-1.16-2.fc40.i686                             51/175 
  Installing       : libX11-1.8.7-1.fc40.i686                            52/175 
  Installing       : libXrender-0.9.11-4.fc40.i686                       53/175 
  Installing       : libXext-1.3.5-5.fc40.i686                           54/175 
  Installing       : lcms2-2.16-2.fc40.i686                              55/175 
  Installing       : jbigkit-libs-2.1-27.fc40.i686                       56/175 
  Installing       : libtiff-4.5.0-3.fc40.i686                           57/175 
  Installing       : gc-8.2.2-4.fc39.i686                                58/175 
  Installing       : guile22-2.2.7-9.fc39.i686                           59/175 
  Installing       : fribidi-1.0.13-2.fc39.i686                          60/175 
  Installing       : expat-2.5.0-3.fc39.i686                             61/175 
  Installing       : graphite2-1.3.14-15.fc40.i686                       62/175 
  Installing       : cairo-1.18.0-1.fc40.i686                            63/175 
  Installing       : harfbuzz-8.3.0-2.fc40.i686                          64/175 
  Installing       : freetype-2.13.2-1.fc40.i686                         65/175 
  Installing       : fontconfig-2.15.0-1.fc40.i686                       66/175 
  Running scriptlet: fontconfig-2.15.0-1.fc40.i686                       66/175 
  Installing       : libXft-2.3.8-4.fc40.i686                            67/175 
  Running scriptlet: tk-1:8.6.13-2.fc40.i686                             68/175 
  Installing       : tk-1:8.6.13-2.fc40.i686                             68/175 
  Installing       : python3-3.12.1-2.fc40.i686                          69/175 
  Installing       : python3-tkinter-3.12.1-2.fc40.i686                  70/175 
  Installing       : python3-libs-3.12.1-2.fc40.i686                     71/175 
  Installing       : python3-traitlets-5.11.2-1.fc40.noarch              72/175 
  Installing       : python3-packaging-23.2-2.fc40.noarch                73/175 
  Installing       : python3-pygments-2.17.2-1.fc40.noarch               74/175 
  Installing       : python3-six-1.16.0-12.fc39.noarch                   75/175 
  Installing       : python3-docutils-0.20.1-1.fc40.noarch               76/175 
  Installing       : python3-webencodings-0.5.1-22.fc39.noarch           77/175 
  Installing       : python3-numpy-1:1.26.2-2.fc40.i686                  78/175 
  Installing       : python3-zmq-25.1.1-3.fc40.i686                      79/175 
  Installing       : python3-dateutil-1:2.8.2-11.fc40.noarch             80/175 
  Installing       : python3-matplotlib-inline-0.1.6-4.fc39.noarch       81/175 
  Installing       : python3-appdirs-1.4.4-11.fc39.noarch                82/175 
  Installing       : python3-attrs-23.2.0-2.fc40.noarch                  83/175 
  Installing       : python3-idna-3.6-1.fc40.noarch                      84/175 
  Installing       : python3-nest-asyncio-1.6.0-1.fc40.noarch            85/175 
  Installing       : python3-pluggy-1.3.0-1.fc40.noarch                  86/175 
  Installing       : python3-setuptools-68.2.2-1.fc40.noarch             87/175 
  Installing       : python3-babel-2.13.1-1.fc40.noarch                  88/175 
  Installing       : python3-fs-2.4.16-5.fc39.noarch                     89/175 
  Installing       : python3-urllib3-1.26.18-1.fc40.noarch               90/175 
  Installing       : python3-html5lib-1:1.1-21.fc40.noarch               91/175 
  Installing       : python3-bleach-6.0.0-4.fc39.noarch                  92/175 
  Installing       : python3-tinycss2-1.2.1-5.fc39.noarch                93/175 
  Installing       : python3-asttokens-2.4.1-1.fc40.noarch               94/175 
  Installing       : python3-accessible-pygments-0.0.4-3.fc39.noarch     95/175 
  Installing       : python3-jupyterlab_pygments-0.3.0-1.fc40.noarch     96/175 
  Installing       : python3-rpm-generators-14-8.fc40.noarch             97/175 
  Installing       : python3-comm-0.2.1-1.fc40.noarch                    98/175 
  Installing       : python3-charset-normalizer-3.3.2-1.fc40.noarch      99/175 
  Installing       : python3-requests-2.31.0-1.fc40.noarch              100/175 
  Installing       : python3-pooch-1.5.2-12.fc39.noarch                 101/175 
  Installing       : python3-cycler-0.11.0-9.fc39.noarch                102/175 
  Installing       : python3-decorator-5.1.1-7.fc39.noarch              103/175 
  Installing       : python3-defusedxml-0.7.1-10.fc40.noarch            104/175 
  Installing       : python3-editables-0.5-1.fc39.noarch                105/175 
  Installing       : python3-entrypoints-0.4-1.fc40.noarch              106/175 
  Installing       : python3-executing-2.0.1-1.fc40.noarch              107/175 
  Installing       : python3-fastjsonschema-2.18.0-1.fc40.noarch        108/175 
  Installing       : python3-imagesize-1.4.1-5.fc40.noarch              109/175 
  Installing       : python3-iniconfig-1.1.1-14.fc39.noarch             110/175 
  Installing       : python3-pytest-7.4.3-1.fc40.noarch                 111/175 
  Installing       : python3-mdurl-0.1.2-4.fc39.noarch                  112/175 
  Installing       : python3-markdown-it-py-3.0.0-2.fc39.noarch         113/175 
  Installing       : python3-mdit-py-plugins-0.4.0-2.fc39.noarch        114/175 
  Installing       : python3-mistune-2.0.4-6.fc40.noarch                115/175 
  Installing       : python3-olefile-0.47-1.fc40.noarch                 116/175 
  Installing       : python3-pandocfilters-1.5.0-7.fc39.noarch          117/175 
  Installing       : python3-parso-0.8.3-7.fc39.noarch                  118/175 
  Installing       : python3-jedi-0.19.1-1.fc40.noarch                  119/175 
  Installing       : python3-pathspec-0.12.1-1.fc40.noarch              120/175 
  Installing       : python3-pip-23.3.1-5.fc40.noarch                   121/175 
  Installing       : python3-devel-3.12.1-2.fc40.i686                   122/175 
  Installing       : python3-numpy-f2py-1:1.26.2-2.fc40.i686            123/175 
  Installing       : python3-platformdirs-3.11.0-1.fc40.noarch          124/175 
  Installing       : python3-jupyter-core-5.1.0-5.fc39.noarch           125/175 
  Installing       : python3-ptyprocess-0.7.0-5.fc39.noarch             126/175 
  Installing       : python3-pexpect-4.9.0-2.fc40.noarch                127/175 
  Installing       : python3-pure-eval-0.2.2-6.fc39.noarch              128/175 
  Installing       : python3-stack-data-0.6.3-1.fc40.noarch             129/175 
  Installing       : python3-pyparsing-3.1.1-1.fc40.noarch              130/175 
  Installing       : python3-snowballstemmer-2.2.0-7.fc39.noarch        131/175 
  Installing       : python3-soupsieve-2.5-1.fc40.noarch                132/175 
  Installing       : python3-sphinx-theme-alabaster-0.7.16-1.fc40.noa   133/175 
  Installing       : python3-trove-classifiers-2023.10.18-1.fc40.noar   134/175 
  Installing       : python3-typing-extensions-4.9.0-1.fc40.noarch      135/175 
  Installing       : python3-wcwidth-0.2.6-1.fc40.noarch                136/175 
  Installing       : python3-scipy-1.11.3-3.fc40.i686                   137/175 
  Installing       : python3-lxml-4.9.4-1.fc40.i686                     138/175 
  Installing       : python3-beautifulsoup4-4.12.3-1.fc40.noarch        139/175 
  Installing       : python3-markupsafe-2.1.3-2.fc39.i686               140/175 
  Installing       : python3-jinja2-3.1.3-1.fc40.noarch                 141/175 
  Installing       : python3-sphinx-1:7.2.6-6.fc40.noarch               142/175 
  Installing       : python3-rpds-py-0.16.2-1.fc40.i686                 143/175 
  Installing       : python3-referencing-0.31.1-1.fc40.noarch           144/175 
  Installing       : python3-tornado-6.3.3-1.fc40.i686                  145/175 
  Installing       : python3-jupyter-client-7.4.9-5.fc39.noarch         146/175 
  Installing       : python3-jsonschema-specifications-2023.11.2-1.fc   147/175 
  Installing       : python3-jsonschema-4.19.1-1.fc40.noarch            148/175 
  Installing       : python3-nbformat-5.9.1-2.fc39.noarch               149/175 
  Installing       : python3-nbclient-0.9.0-1.fc40.noarch               150/175 
  Installing       : python3-nbconvert-7.14.2-1.fc40.noarch             151/175 
  Installing       : python3-prompt-toolkit-3.0.41-1.fc40.noarch        152/175 
  Installing       : python3-ipython-8.20.0-1.fc40.noarch               153/175 
  Installing       : python3-contourpy-1.2.0-1.fc40.i686                154/175 
  Installing       : python3-brotli-1.1.0-1.fc40.i686                   155/175 
  Installing       : python3-fonttools-4.47.2-3.fc40.i686               156/175 
  Installing       : python3-cairo-1.25.1-1.fc40.i686                   157/175 
  Installing       : python3-kiwisolver-1.4.5-1.fc40.i686               158/175 
  Installing       : python3-psutil-5.9.5-2.fc40.i686                   159/175 
  Installing       : python3-pyyaml-6.0.1-11.fc39.i686                  160/175 
  Installing       : libraqm-0.8.0-5.fc39.i686                          161/175 
  Installing       : python3-myst-parser-2.0.0-3.fc40.noarch            162/175 
  Installing       : python3-ipython-sphinx-8.20.0-1.fc40.noarch        163/175 
  Installing       : python3-nbsphinx-0.9.3-2.fc40.noarch               164/175 
  Installing       : python3-pydata-sphinx-theme-0.15.2-2.fc40.noarch   165/175 
  Installing       : python3-hatchling-1.21.0-1.fc40.noarch             166/175 
  Installing       : python3-pytest-asyncio-0.21.0-5.fc39.noarch        167/175 
  Installing       : python3-zmq-tests-25.1.1-3.fc40.i686               168/175 
  Installing       : python3-tqdm-4.66.1-1.fc40.noarch                  169/175 
  Installing       : python3-pillow-10.2.0-1.fc40.i686                  170/175 
  Installing       : python3-pillow-tk-10.2.0-1.fc40.i686               171/175 
  Installing       : python3-matplotlib-tk-3.8.2-1.fc39.i686            172/175 
  Installing       : python3-matplotlib-3.8.2-1.fc39.i686               173/175 
  Installing       : python3-ipykernel-6.25.1-1.fc40.noarch             174/175 
  Installing       : make-1:4.4.1-2.fc39.i686                           175/175 
  Running scriptlet: fontconfig-2.15.0-1.fc40.i686                      175/175 
  Running scriptlet: make-1:4.4.1-2.fc39.i686                           175/175 

Installed:
  abattis-cantarell-vf-fonts-0.301-10.fc39.noarch                               
  cairo-1.18.0-1.fc40.i686                                                      
  default-fonts-core-sans-4.0-9.fc40.noarch                                     
  dejavu-sans-fonts-2.37-21.fc40.noarch                                         
  expat-2.5.0-3.fc39.i686                                                       
  flexiblas-3.4.1-1.fc40.i686                                                   
  flexiblas-netlib-3.4.1-1.fc40.i686                                            
  flexiblas-openblas-openmp-3.4.1-1.fc40.i686                                   
  fontawesome-6-brands-fonts-1:6.5.1-1.fc40.noarch                              
  fontawesome-6-free-fonts-1:6.5.1-1.fc40.noarch                                
  fontawesome-fonts-all-1:6.5.1-1.fc40.noarch                                   
  fontconfig-2.15.0-1.fc40.i686                                                 
  fonts-filesystem-1:2.0.5-12.fc39.noarch                                       
  freetype-2.13.2-1.fc40.i686                                                   
  fribidi-1.0.13-2.fc39.i686                                                    
  gc-8.2.2-4.fc39.i686                                                          
  glib2-2.79.0-6.fc40.i686                                                      
  gnutls-3.8.3-2.fc40.i686                                                      
  google-noto-fonts-common-20230801-4.fc40.noarch                               
  google-noto-sans-vf-fonts-20230801-4.fc40.noarch                              
  graphite2-1.3.14-15.fc40.i686                                                 
  guile22-2.2.7-9.fc39.i686                                                     
  harfbuzz-8.3.0-2.fc40.i686                                                    
  jbigkit-libs-2.1-27.fc40.i686                                                 
  lcms2-2.16-2.fc40.i686                                                        
  libX11-1.8.7-1.fc40.i686                                                      
  libX11-common-1.8.7-1.fc40.noarch                                             
  libXau-1.0.11-4.fc40.i686                                                     
  libXext-1.3.5-5.fc40.i686                                                     
  libXft-2.3.8-4.fc40.i686                                                      
  libXrender-0.9.11-4.fc40.i686                                                 
  libb2-0.98.1-9.fc39.i686                                                      
  libgfortran-14.0.1-0.2.fc40.i686                                              
  libimagequant-4.0.3-2.fc40.i686                                               
  libjpeg-turbo-2.1.4-3.fc39.i686                                               
  liblerc-4.0.0-4.fc39.i686                                                     
  libpng-2:1.6.40-1.fc40.i686                                                   
  libqhull_r-1:7.2.1-13.fc39.i686                                               
  libquadmath-14.0.1-0.2.fc40.i686                                              
  libraqm-0.8.0-5.fc39.i686                                                     
  libsodium-1.0.19-2.fc40.i686                                                  
  libtiff-4.5.0-3.fc40.i686                                                     
  libtool-ltdl-2.4.7-10.fc40.i686                                               
  libunwind-1.7.2-1.fc40.i686                                                   
  libwebp-1.3.2-2.fc40.i686                                                     
  libxcb-1.16-2.fc40.i686                                                       
  libxslt-1.1.39-1.fc40.i686                                                    
  libyaml-0.2.5-12.fc39.i686                                                    
  make-1:4.4.1-2.fc39.i686                                                      
  mpdecimal-2.5.1-7.fc39.i686                                                   
  nettle-3.9.1-2.fc39.i686                                                      
  openblas-0.3.26-1.fc40.i686                                                   
  openblas-openmp-0.3.26-1.fc40.i686                                            
  openjpeg2-2.5.0-5.fc40.i686                                                   
  openpgm-5.2.122-32.fc39.i686                                                  
  pandoc-3.1.3-25.fc40.i686                                                     
  pandoc-common-3.1.3-25.fc40.noarch                                            
  pixman-0.43.0-1.fc40.i686                                                     
  pyproject-rpm-macros-1.11.0-1.fc40.noarch                                     
  python-jupyter-filesystem-5.1.0-5.fc39.noarch                                 
  python-pip-wheel-23.3.1-5.fc40.noarch                                         
  python-rpm-macros-3.12-7.fc40.noarch                                          
  python3-3.12.1-2.fc40.i686                                                    
  python3-accessible-pygments-0.0.4-3.fc39.noarch                               
  python3-appdirs-1.4.4-11.fc39.noarch                                          
  python3-asttokens-2.4.1-1.fc40.noarch                                         
  python3-attrs-23.2.0-2.fc40.noarch                                            
  python3-babel-2.13.1-1.fc40.noarch                                            
  python3-beautifulsoup4-4.12.3-1.fc40.noarch                                   
  python3-bleach-6.0.0-4.fc39.noarch                                            
  python3-brotli-1.1.0-1.fc40.i686                                              
  python3-cairo-1.25.1-1.fc40.i686                                              
  python3-charset-normalizer-3.3.2-1.fc40.noarch                                
  python3-comm-0.2.1-1.fc40.noarch                                              
  python3-contourpy-1.2.0-1.fc40.i686                                           
  python3-cycler-0.11.0-9.fc39.noarch                                           
  python3-dateutil-1:2.8.2-11.fc40.noarch                                       
  python3-decorator-5.1.1-7.fc39.noarch                                         
  python3-defusedxml-0.7.1-10.fc40.noarch                                       
  python3-devel-3.12.1-2.fc40.i686                                              
  python3-docutils-0.20.1-1.fc40.noarch                                         
  python3-editables-0.5-1.fc39.noarch                                           
  python3-entrypoints-0.4-1.fc40.noarch                                         
  python3-executing-2.0.1-1.fc40.noarch                                         
  python3-fastjsonschema-2.18.0-1.fc40.noarch                                   
  python3-fonttools-4.47.2-3.fc40.i686                                          
  python3-fs-2.4.16-5.fc39.noarch                                               
  python3-hatchling-1.21.0-1.fc40.noarch                                        
  python3-html5lib-1:1.1-21.fc40.noarch                                         
  python3-idna-3.6-1.fc40.noarch                                                
  python3-imagesize-1.4.1-5.fc40.noarch                                         
  python3-iniconfig-1.1.1-14.fc39.noarch                                        
  python3-ipykernel-6.25.1-1.fc40.noarch                                        
  python3-ipython-8.20.0-1.fc40.noarch                                          
  python3-ipython-sphinx-8.20.0-1.fc40.noarch                                   
  python3-jedi-0.19.1-1.fc40.noarch                                             
  python3-jinja2-3.1.3-1.fc40.noarch                                            
  python3-jsonschema-4.19.1-1.fc40.noarch                                       
  python3-jsonschema-specifications-2023.11.2-1.fc40.noarch                     
  python3-jupyter-client-7.4.9-5.fc39.noarch                                    
  python3-jupyter-core-5.1.0-5.fc39.noarch                                      
  python3-jupyterlab_pygments-0.3.0-1.fc40.noarch                               
  python3-kiwisolver-1.4.5-1.fc40.i686                                          
  python3-libs-3.12.1-2.fc40.i686                                               
  python3-lxml-4.9.4-1.fc40.i686                                                
  python3-markdown-it-py-3.0.0-2.fc39.noarch                                    
  python3-markupsafe-2.1.3-2.fc39.i686                                          
  python3-matplotlib-3.8.2-1.fc39.i686                                          
  python3-matplotlib-data-3.8.2-1.fc39.noarch                                   
  python3-matplotlib-data-fonts-3.8.2-1.fc39.noarch                             
  python3-matplotlib-inline-0.1.6-4.fc39.noarch                                 
  python3-matplotlib-tk-3.8.2-1.fc39.i686                                       
  python3-mdit-py-plugins-0.4.0-2.fc39.noarch                                   
  python3-mdurl-0.1.2-4.fc39.noarch                                             
  python3-mistune-2.0.4-6.fc40.noarch                                           
  python3-myst-parser-2.0.0-3.fc40.noarch                                       
  python3-nbclient-0.9.0-1.fc40.noarch                                          
  python3-nbconvert-7.14.2-1.fc40.noarch                                        
  python3-nbformat-5.9.1-2.fc39.noarch                                          
  python3-nbsphinx-0.9.3-2.fc40.noarch                                          
  python3-nest-asyncio-1.6.0-1.fc40.noarch                                      
  python3-numpy-1:1.26.2-2.fc40.i686                                            
  python3-numpy-f2py-1:1.26.2-2.fc40.i686                                       
  python3-olefile-0.47-1.fc40.noarch                                            
  python3-packaging-23.2-2.fc40.noarch                                          
  python3-pandocfilters-1.5.0-7.fc39.noarch                                     
  python3-parso-0.8.3-7.fc39.noarch                                             
  python3-pathspec-0.12.1-1.fc40.noarch                                         
  python3-pexpect-4.9.0-2.fc40.noarch                                           
  python3-pillow-10.2.0-1.fc40.i686                                             
  python3-pillow-tk-10.2.0-1.fc40.i686                                          
  python3-pip-23.3.1-5.fc40.noarch                                              
  python3-platformdirs-3.11.0-1.fc40.noarch                                     
  python3-pluggy-1.3.0-1.fc40.noarch                                            
  python3-pooch-1.5.2-12.fc39.noarch                                            
  python3-prompt-toolkit-3.0.41-1.fc40.noarch                                   
  python3-psutil-5.9.5-2.fc40.i686                                              
  python3-ptyprocess-0.7.0-5.fc39.noarch                                        
  python3-pure-eval-0.2.2-6.fc39.noarch                                         
  python3-pydata-sphinx-theme-0.15.2-2.fc40.noarch                              
  python3-pygments-2.17.2-1.fc40.noarch                                         
  python3-pyparsing-3.1.1-1.fc40.noarch                                         
  python3-pytest-7.4.3-1.fc40.noarch                                            
  python3-pytest-asyncio-0.21.0-5.fc39.noarch                                   
  python3-pyyaml-6.0.1-11.fc39.i686                                             
  python3-referencing-0.31.1-1.fc40.noarch                                      
  python3-requests-2.31.0-1.fc40.noarch                                         
  python3-rpds-py-0.16.2-1.fc40.i686                                            
  python3-rpm-generators-14-8.fc40.noarch                                       
  python3-rpm-macros-3.12-7.fc40.noarch                                         
  python3-scipy-1.11.3-3.fc40.i686                                              
  python3-setuptools-68.2.2-1.fc40.noarch                                       
  python3-six-1.16.0-12.fc39.noarch                                             
  python3-snowballstemmer-2.2.0-7.fc39.noarch                                   
  python3-soupsieve-2.5-1.fc40.noarch                                           
  python3-sphinx-1:7.2.6-6.fc40.noarch                                          
  python3-sphinx-theme-alabaster-0.7.16-1.fc40.noarch                           
  python3-stack-data-0.6.3-1.fc40.noarch                                        
  python3-tinycss2-1.2.1-5.fc39.noarch                                          
  python3-tkinter-3.12.1-2.fc40.i686                                            
  python3-tornado-6.3.3-1.fc40.i686                                             
  python3-tqdm-4.66.1-1.fc40.noarch                                             
  python3-traitlets-5.11.2-1.fc40.noarch                                        
  python3-trove-classifiers-2023.10.18-1.fc40.noarch                            
  python3-typing-extensions-4.9.0-1.fc40.noarch                                 
  python3-urllib3-1.26.18-1.fc40.noarch                                         
  python3-wcwidth-0.2.6-1.fc40.noarch                                           
  python3-webencodings-0.5.1-22.fc39.noarch                                     
  python3-zmq-25.1.1-3.fc40.i686                                                
  python3-zmq-tests-25.1.1-3.fc40.i686                                          
  tcl-1:8.6.13-1.fc40.i686                                                      
  tk-1:8.6.13-2.fc40.i686                                                       
  tzdata-2023d-2.fc40.noarch                                                    
  xml-common-0.6.3-62.fc40.noarch                                               
  zeromq-4.3.5-15.fc40.i686                                                     

Complete!
Finish: build setup for python-ipyparallel-8.6.1-6.fc40.src.rpm
Start: rpmbuild python-ipyparallel-8.6.1-6.fc40.src.rpm
warning: %patchN is deprecated (3 usages found), use %patch N (or %patch -P N)
Building target platforms: i686
Building for target i686
setting SOURCE_DATE_EPOCH=1706227200
Executing(%prep): /bin/sh -e /var/tmp/rpm-tmp.4KZrOp
+ umask 022
+ cd /builddir/build/BUILD
+ cd /builddir/build/BUILD
+ rm -rf ipyparallel-8.6.1
+ /usr/lib/rpm/rpmuncompress -x /builddir/build/SOURCES/ipyparallel-8.6.1.tar.gz
+ STATUS=0
+ '[' 0 -ne 0 ']'
+ cd ipyparallel-8.6.1
+ rm -rf /builddir/build/BUILD/ipyparallel-8.6.1-SPECPARTS
+ /usr/bin/mkdir -p /builddir/build/BUILD/ipyparallel-8.6.1-SPECPARTS
+ /usr/bin/chmod -Rf a+rX,u+w,g-w,o-w .
+ echo 'Patch #0 (python-ipyparallel-doc-fixes.patch):'
Patch #0 (python-ipyparallel-doc-fixes.patch):
+ /usr/bin/patch --no-backup-if-mismatch -f -p1 --fuzz=0
patching file ipyparallel/client/asyncresult.py
patching file docs/source/tutorial/process.md
patching file docs/source/reference/details.md
+ echo 'Patch #1 (python-ipyparallel-teardown.patch):'
Patch #1 (python-ipyparallel-teardown.patch):
+ /usr/bin/patch --no-backup-if-mismatch -f -p1 --fuzz=0
patching file ipyparallel/tests/test_view_broadcast.py
Patch #2 (python-ipyparallel-assert_called_once_with.patch):
+ echo 'Patch #2 (python-ipyparallel-assert_called_once_with.patch):'
+ /usr/bin/patch --no-backup-if-mismatch -f -p1 --fuzz=0
patching file ipyparallel/tests/test_util.py
+ rm ipyparallel/labextension/schemas/ipyparallel-labextension/package.json.orig
+ sed /autodoc_traits/d -i docs/source/conf.py
+ sed s/autoconfigurable/autoclass/ -i docs/source/api/ipyparallel.rst
+ sed -i 's/\[Errno -2\] Name or service not known/[Errno -3] Temporary failure in name resolution/' ipyparallel/tests/test_util.py
+ RPM_EC=0
++ jobs -p
+ exit 0
Executing(%build): /bin/sh -e /var/tmp/rpm-tmp.4Zj6Wk
+ umask 022
+ cd /builddir/build/BUILD
+ CFLAGS='-O2 -flto=auto -ffat-lto-objects -fexceptions -g -grecord-gcc-switches -pipe -Wall -Werror=format-security -Wp,-U_FORTIFY_SOURCE,-D_FORTIFY_SOURCE=3 -Wp,-D_GLIBCXX_ASSERTIONS -specs=/usr/lib/rpm/redhat/redhat-hardened-cc1 -fstack-protector-strong -specs=/usr/lib/rpm/redhat/redhat-annobin-cc1  -m32 -march=i686 -mtune=generic -msse2 -mfpmath=sse -mstackrealign -fasynchronous-unwind-tables -fstack-clash-protection '
+ export CFLAGS
+ CXXFLAGS='-O2 -flto=auto -ffat-lto-objects -fexceptions -g -grecord-gcc-switches -pipe -Wall -Werror=format-security -Wp,-U_FORTIFY_SOURCE,-D_FORTIFY_SOURCE=3 -Wp,-D_GLIBCXX_ASSERTIONS -specs=/usr/lib/rpm/redhat/redhat-hardened-cc1 -fstack-protector-strong -specs=/usr/lib/rpm/redhat/redhat-annobin-cc1  -m32 -march=i686 -mtune=generic -msse2 -mfpmath=sse -mstackrealign -fasynchronous-unwind-tables -fstack-clash-protection '
+ export CXXFLAGS
+ FFLAGS='-O2 -flto=auto -ffat-lto-objects -fexceptions -g -grecord-gcc-switches -pipe -Wall -Wp,-U_FORTIFY_SOURCE,-D_FORTIFY_SOURCE=3 -Wp,-D_GLIBCXX_ASSERTIONS -specs=/usr/lib/rpm/redhat/redhat-hardened-cc1 -fstack-protector-strong -specs=/usr/lib/rpm/redhat/redhat-annobin-cc1  -m32 -march=i686 -mtune=generic -msse2 -mfpmath=sse -mstackrealign -fasynchronous-unwind-tables -fstack-clash-protection -I/usr/lib/gfortran/modules '
+ export FFLAGS
+ FCFLAGS='-O2 -flto=auto -ffat-lto-objects -fexceptions -g -grecord-gcc-switches -pipe -Wall -Wp,-U_FORTIFY_SOURCE,-D_FORTIFY_SOURCE=3 -Wp,-D_GLIBCXX_ASSERTIONS -specs=/usr/lib/rpm/redhat/redhat-hardened-cc1 -fstack-protector-strong -specs=/usr/lib/rpm/redhat/redhat-annobin-cc1  -m32 -march=i686 -mtune=generic -msse2 -mfpmath=sse -mstackrealign -fasynchronous-unwind-tables -fstack-clash-protection -I/usr/lib/gfortran/modules '
+ export FCFLAGS
+ VALAFLAGS=-g
+ export VALAFLAGS
+ RUSTFLAGS='-Copt-level=3 -Cdebuginfo=2 -Ccodegen-units=1 -Cstrip=none -Clink-arg=-Wl,-z,relro -Clink-arg=-Wl,-z,now -Clink-arg=-specs=/usr/lib/rpm/redhat/redhat-package-notes --cap-lints=warn'
+ export RUSTFLAGS
+ LDFLAGS='-Wl,-z,relro -Wl,--as-needed  -Wl,-z,pack-relative-relocs -Wl,-z,now -specs=/usr/lib/rpm/redhat/redhat-hardened-ld-errors -specs=/usr/lib/rpm/redhat/redhat-hardened-ld -specs=/usr/lib/rpm/redhat/redhat-annobin-cc1  -Wl,--build-id=sha1 -specs=/usr/lib/rpm/redhat/redhat-package-notes '
+ export LDFLAGS
+ LT_SYS_LIBRARY_PATH=/usr/lib:
+ export LT_SYS_LIBRARY_PATH
+ CC=gcc
+ export CC
+ CXX=g++
+ export CXX
+ cd ipyparallel-8.6.1
+ mkdir -p /builddir/build/BUILD/ipyparallel-8.6.1/.pyproject-builddir
+ CFLAGS='-O2 -flto=auto -ffat-lto-objects -fexceptions -g -grecord-gcc-switches -pipe -Wall -Werror=format-security -Wp,-U_FORTIFY_SOURCE,-D_FORTIFY_SOURCE=3 -Wp,-D_GLIBCXX_ASSERTIONS -specs=/usr/lib/rpm/redhat/redhat-hardened-cc1 -fstack-protector-strong -specs=/usr/lib/rpm/redhat/redhat-annobin-cc1  -m32 -march=i686 -mtune=generic -msse2 -mfpmath=sse -mstackrealign -fasynchronous-unwind-tables -fstack-clash-protection '
+ LDFLAGS='-Wl,-z,relro -Wl,--as-needed  -Wl,-z,pack-relative-relocs -Wl,-z,now -specs=/usr/lib/rpm/redhat/redhat-hardened-ld-errors -specs=/usr/lib/rpm/redhat/redhat-hardened-ld -specs=/usr/lib/rpm/redhat/redhat-annobin-cc1  -Wl,--build-id=sha1 -specs=/usr/lib/rpm/redhat/redhat-package-notes '
+ TMPDIR=/builddir/build/BUILD/ipyparallel-8.6.1/.pyproject-builddir
+ /usr/bin/python3 -Bs /usr/lib/rpm/redhat/pyproject_wheel.py /builddir/build/BUILD/ipyparallel-8.6.1/pyproject-wheeldir
Processing /builddir/build/BUILD/ipyparallel-8.6.1
  Preparing metadata (pyproject.toml): started
  Running command Preparing metadata (pyproject.toml)
  Installing from a dist, not a repo
  Not regenerating labextension in /builddir/build/BUILD/ipyparallel-8.6.1/ipyparallel/labextension
  Preparing metadata (pyproject.toml): finished with status 'done'
Building wheels for collected packages: ipyparallel
  Building wheel for ipyparallel (pyproject.toml): started
  Running command Building wheel for ipyparallel (pyproject.toml)
  Building wheel for ipyparallel (pyproject.toml): finished with status 'done'
  Created wheel for ipyparallel: filename=ipyparallel-8.6.1-py3-none-any.whl size=294624 sha256=6c1d1f445780b01b0f9110378709f47515b1b0768bdc54ac2830e08c4bd22b91
  Stored in directory: /builddir/.cache/pip/wheels/11/1c/7a/b57c21a67b8942ef075c3d1fe7c47777d6967eff37ff20864b
Successfully built ipyparallel
~/build/BUILD/ipyparallel-8.6.1/docs ~/build/BUILD/ipyparallel-8.6.1
+ pushd docs
+ PYTHONPATH=/builddir/build/BUILD/ipyparallel-8.6.1/docs/..
+ make html
sphinx-build -b html -d build/doctrees   source build/html
Running Sphinx v7.2.6
making output directory... done
WARNING: The config value `today' has type `date', defaults to `str'.
[autosummary] generating autosummary for: api/ipyparallel.rst, changelog.md, examples/Cluster API.ipynb, examples/Data Publication API.ipynb, examples/Futures.ipynb, examples/Index.ipynb, examples/Monitoring an MPI Simulation - 1.ipynb, examples/Monitoring an MPI Simulation - 2.ipynb, examples/Monte Carlo Options.ipynb, examples/Parallel Decorator and map.ipynb, ..., reference/mpi.md, reference/security.md, tutorial/asyncresult.md, tutorial/demos.md, tutorial/direct.md, tutorial/index.md, tutorial/intro.md, tutorial/magics.md, tutorial/process.md, tutorial/task.md
loading intersphinx inventory from https://docs.python.org/3/objects.inv...
loading intersphinx inventory from https://ipython.readthedocs.io/en/stable/objects.inv...
loading intersphinx inventory from https://pymongo.readthedocs.io/en/stable/objects.inv...
WARNING: failed to reach any of the inventories with the following issues:
intersphinx inventory 'https://ipython.readthedocs.io/en/stable/objects.inv' not fetchable due to <class 'requests.exceptions.ConnectionError'>: HTTPSConnectionPool(host='ipython.readthedocs.io', port=443): Max retries exceeded with url: /en/stable/objects.inv (Caused by NewConnectionError('<urllib3.connection.HTTPSConnection object at 0xf329b180>: Failed to establish a new connection: [Errno -3] Temporary failure in name resolution'))
loading intersphinx inventory from https://distributed.readthedocs.io/en/stable/objects.inv...
WARNING: failed to reach any of the inventories with the following issues:
intersphinx inventory 'https://docs.python.org/3/objects.inv' not fetchable due to <class 'requests.exceptions.ConnectionError'>: HTTPSConnectionPool(host='docs.python.org', port=443): Max retries exceeded with url: /3/objects.inv (Caused by NewConnectionError('<urllib3.connection.HTTPSConnection object at 0xf329b918>: Failed to establish a new connection: [Errno -3] Temporary failure in name resolution'))
loading intersphinx inventory from https://jupyter-client.readthedocs.io/en/stable/objects.inv...
WARNING: failed to reach any of the inventories with the following issues:
intersphinx inventory 'https://pymongo.readthedocs.io/en/stable/objects.inv' not fetchable due to <class 'requests.exceptions.ConnectionError'>: HTTPSConnectionPool(host='pymongo.readthedocs.io', port=443): Max retries exceeded with url: /en/stable/objects.inv (Caused by NewConnectionError('<urllib3.connection.HTTPSConnection object at 0xf334fb70>: Failed to establish a new connection: [Errno -3] Temporary failure in name resolution'))
WARNING: failed to reach any of the inventories with the following issues:
intersphinx inventory 'https://jupyter-client.readthedocs.io/en/stable/objects.inv' not fetchable due to <class 'requests.exceptions.ConnectionError'>: HTTPSConnectionPool(host='jupyter-client.readthedocs.io', port=443): Max retries exceeded with url: /en/stable/objects.inv (Caused by NewConnectionError('<urllib3.connection.HTTPSConnection object at 0xf329ba50>: Failed to establish a new connection: [Errno -3] Temporary failure in name resolution'))
WARNING: failed to reach any of the inventories with the following issues:
intersphinx inventory 'https://distributed.readthedocs.io/en/stable/objects.inv' not fetchable due to <class 'requests.exceptions.ConnectionError'>: HTTPSConnectionPool(host='distributed.readthedocs.io', port=443): Max retries exceeded with url: /en/stable/objects.inv (Caused by NewConnectionError('<urllib3.connection.HTTPSConnection object at 0xf329b6a8>: Failed to establish a new connection: [Errno -3] Temporary failure in name resolution'))
myst v2.0.0: MdParserConfig(commonmark_only=False, gfm_only=False, enable_extensions={'deflist', 'colon_fence'}, disable_syntax=[], all_links_external=False, url_schemes=('http', 'https', 'mailto', 'ftp'), ref_domains=None, fence_as_directive=set(), number_code_blocks=[], title_to_header=False, heading_anchors=0, heading_slug_func=None, html_meta={}, footnote_transition=True, words_per_minute=200, substitutions={}, linkify_fuzzy_links=True, dmath_allow_labels=True, dmath_allow_space=True, dmath_allow_digits=True, dmath_double_inline=False, update_mathjax=True, mathjax_classes='tex2jax_process|mathjax_process|math|output_area', enable_checkboxes=False, suppress_warnings=[], highlight_code_blocks=True)
The default value for `navigation_with_keys` will change to `False` in the next release. If you wish to preserve the old behavior for your site, set `navigation_with_keys=True` in the `html_theme_options` dict in your `conf.py` file. Be aware that `navigation_with_keys = True` has negative accessibility implications: https://github.com/pydata/pydata-sphinx-theme/issues/1492
building [mo]: targets for 0 po files that are out of date
writing output... 
building [html]: targets for 39 source files that are out of date
updating environment: [new config] 39 added, 0 changed, 0 removed
[IPKernelApp] WARNING | debugpy_stream undefined, debugging will not be enabled
reading sources... [100%] tutorial/task
looking for now-outdated files... none found
pickling environment... /builddir/build/BUILD/ipyparallel-8.6.1/ipyparallel/client/client.py:docstring of ipyparallel.Client.ids:1: WARNING: duplicate object description of ipyparallel.Client.ids, other instance in api/ipyparallel, use :no-index: for one of them
WARNING: nbsphinx_widgets_path not given and ipywidgets module unavailable
done
checking consistency... done
preparing documents... done
copying assets... copying static files... done
copying extra files... done
done
writing output... [100%] tutorial/task
generating indices... /builddir/build/BUILD/ipyparallel-8.6.1/docs/source/changelog.md:243: WARNING: 'myst' cross-reference target not found: '../examples/Cluster API.ipynb' [myst.xref_missing]
/builddir/build/BUILD/ipyparallel-8.6.1/docs/source/changelog.md:250: WARNING: 'myst' cross-reference target not found: '../examples/broadcast/Broadcast view.ipynb' [myst.xref_missing]
/builddir/build/BUILD/ipyparallel-8.6.1/docs/source/reference/launchers.md:20: WARNING: undefined label: '/reference/launchers.md#entrypoints'
/builddir/build/BUILD/ipyparallel-8.6.1/docs/source/reference/messages.md:5: WARNING: undefined label: 'jupyterclient:messaging'
/builddir/build/BUILD/ipyparallel-8.6.1/docs/source/reference/messages.md:88: WARNING: undefined label: 'jupyterclient:messaging'
/builddir/build/BUILD/ipyparallel-8.6.1/docs/source/tutorial/intro.md:76: WARNING: undefined label: 'jupyterclient:messaging'
genindex py-modindex done
copying linked files... 
copying notebooks ... [100%] examples/visualizing-tasks.ipynb
writing additional pages... search done
copying images... [100%] tutorial/figs/wideView.png
dumping search index in English (code: en)... done
dumping object inventory... done
build succeeded, 15 warnings.

The HTML pages are in build/html.

Build finished. The HTML pages are in build/html.
+ rm -f build/html/.buildinfo
~/build/BUILD/ipyparallel-8.6.1
+ popd
+ RPM_EC=0
++ jobs -p
+ exit 0
Executing(%install): /bin/sh -e /var/tmp/rpm-tmp.8H9wPb
+ umask 022
+ cd /builddir/build/BUILD
+ '[' /builddir/build/BUILDROOT/python-ipyparallel-8.6.1-6.fc40.i386 '!=' / ']'
+ rm -rf /builddir/build/BUILDROOT/python-ipyparallel-8.6.1-6.fc40.i386
++ dirname /builddir/build/BUILDROOT/python-ipyparallel-8.6.1-6.fc40.i386
+ mkdir -p /builddir/build/BUILDROOT
+ mkdir /builddir/build/BUILDROOT/python-ipyparallel-8.6.1-6.fc40.i386
+ CFLAGS='-O2 -flto=auto -ffat-lto-objects -fexceptions -g -grecord-gcc-switches -pipe -Wall -Werror=format-security -Wp,-U_FORTIFY_SOURCE,-D_FORTIFY_SOURCE=3 -Wp,-D_GLIBCXX_ASSERTIONS -specs=/usr/lib/rpm/redhat/redhat-hardened-cc1 -fstack-protector-strong -specs=/usr/lib/rpm/redhat/redhat-annobin-cc1  -m32 -march=i686 -mtune=generic -msse2 -mfpmath=sse -mstackrealign -fasynchronous-unwind-tables -fstack-clash-protection '
+ export CFLAGS
+ CXXFLAGS='-O2 -flto=auto -ffat-lto-objects -fexceptions -g -grecord-gcc-switches -pipe -Wall -Werror=format-security -Wp,-U_FORTIFY_SOURCE,-D_FORTIFY_SOURCE=3 -Wp,-D_GLIBCXX_ASSERTIONS -specs=/usr/lib/rpm/redhat/redhat-hardened-cc1 -fstack-protector-strong -specs=/usr/lib/rpm/redhat/redhat-annobin-cc1  -m32 -march=i686 -mtune=generic -msse2 -mfpmath=sse -mstackrealign -fasynchronous-unwind-tables -fstack-clash-protection '
+ export CXXFLAGS
+ FFLAGS='-O2 -flto=auto -ffat-lto-objects -fexceptions -g -grecord-gcc-switches -pipe -Wall -Wp,-U_FORTIFY_SOURCE,-D_FORTIFY_SOURCE=3 -Wp,-D_GLIBCXX_ASSERTIONS -specs=/usr/lib/rpm/redhat/redhat-hardened-cc1 -fstack-protector-strong -specs=/usr/lib/rpm/redhat/redhat-annobin-cc1  -m32 -march=i686 -mtune=generic -msse2 -mfpmath=sse -mstackrealign -fasynchronous-unwind-tables -fstack-clash-protection -I/usr/lib/gfortran/modules '
+ export FFLAGS
+ FCFLAGS='-O2 -flto=auto -ffat-lto-objects -fexceptions -g -grecord-gcc-switches -pipe -Wall -Wp,-U_FORTIFY_SOURCE,-D_FORTIFY_SOURCE=3 -Wp,-D_GLIBCXX_ASSERTIONS -specs=/usr/lib/rpm/redhat/redhat-hardened-cc1 -fstack-protector-strong -specs=/usr/lib/rpm/redhat/redhat-annobin-cc1  -m32 -march=i686 -mtune=generic -msse2 -mfpmath=sse -mstackrealign -fasynchronous-unwind-tables -fstack-clash-protection -I/usr/lib/gfortran/modules '
+ export FCFLAGS
+ VALAFLAGS=-g
+ export VALAFLAGS
+ RUSTFLAGS='-Copt-level=3 -Cdebuginfo=2 -Ccodegen-units=1 -Cstrip=none -Clink-arg=-Wl,-z,relro -Clink-arg=-Wl,-z,now -Clink-arg=-specs=/usr/lib/rpm/redhat/redhat-package-notes --cap-lints=warn'
+ export RUSTFLAGS
+ LDFLAGS='-Wl,-z,relro -Wl,--as-needed  -Wl,-z,pack-relative-relocs -Wl,-z,now -specs=/usr/lib/rpm/redhat/redhat-hardened-ld-errors -specs=/usr/lib/rpm/redhat/redhat-hardened-ld -specs=/usr/lib/rpm/redhat/redhat-annobin-cc1  -Wl,--build-id=sha1 -specs=/usr/lib/rpm/redhat/redhat-package-notes '
+ export LDFLAGS
+ LT_SYS_LIBRARY_PATH=/usr/lib:
+ export LT_SYS_LIBRARY_PATH
+ CC=gcc
+ export CC
+ CXX=g++
+ export CXX
+ cd ipyparallel-8.6.1
++ xargs basename --multiple
++ ls /builddir/build/BUILD/ipyparallel-8.6.1/pyproject-wheeldir/ipyparallel-8.6.1-py3-none-any.whl
++ sed -E 's/([^-]+)-([^-]+)-.+\.whl/\1==\2/'
+ specifier=ipyparallel==8.6.1
+ '[' -z ipyparallel==8.6.1 ']'
+ TMPDIR=/builddir/build/BUILD/ipyparallel-8.6.1/.pyproject-builddir
+ /usr/bin/python3 -m pip install --root /builddir/build/BUILDROOT/python-ipyparallel-8.6.1-6.fc40.i386 --prefix /usr --no-deps --disable-pip-version-check --progress-bar off --verbose --ignore-installed --no-warn-script-location --no-index --no-cache-dir --find-links /builddir/build/BUILD/ipyparallel-8.6.1/pyproject-wheeldir ipyparallel==8.6.1
Using pip 23.3.1 from /usr/lib/python3.12/site-packages/pip (python 3.12)
Looking in links: /builddir/build/BUILD/ipyparallel-8.6.1/pyproject-wheeldir
Processing ./pyproject-wheeldir/ipyparallel-8.6.1-py3-none-any.whl
Installing collected packages: ipyparallel
  Creating /builddir/build/BUILDROOT/python-ipyparallel-8.6.1-6.fc40.i386/usr/bin
  changing mode of /builddir/build/BUILDROOT/python-ipyparallel-8.6.1-6.fc40.i386/usr/bin/ipcluster to 755
  changing mode of /builddir/build/BUILDROOT/python-ipyparallel-8.6.1-6.fc40.i386/usr/bin/ipcontroller to 755
  changing mode of /builddir/build/BUILDROOT/python-ipyparallel-8.6.1-6.fc40.i386/usr/bin/ipengine to 755
Successfully installed ipyparallel-8.6.1
+ '[' -d /builddir/build/BUILDROOT/python-ipyparallel-8.6.1-6.fc40.i386/usr/bin ']'
+ '[' -z sP ']'
+ shebang_flags=-kasP
+ /usr/bin/python3 -B /usr/lib/rpm/redhat/pathfix.py -pni /usr/bin/python3 -kasP /builddir/build/BUILDROOT/python-ipyparallel-8.6.1-6.fc40.i386/usr/bin/ipcluster /builddir/build/BUILDROOT/python-ipyparallel-8.6.1-6.fc40.i386/usr/bin/ipcontroller /builddir/build/BUILDROOT/python-ipyparallel-8.6.1-6.fc40.i386/usr/bin/ipengine
/builddir/build/BUILDROOT/python-ipyparallel-8.6.1-6.fc40.i386/usr/bin/ipcluster: updating
/builddir/build/BUILDROOT/python-ipyparallel-8.6.1-6.fc40.i386/usr/bin/ipcontroller: updating
/builddir/build/BUILDROOT/python-ipyparallel-8.6.1-6.fc40.i386/usr/bin/ipengine: updating
+ rm -rfv /builddir/build/BUILDROOT/python-ipyparallel-8.6.1-6.fc40.i386/usr/bin/__pycache__
+ rm -f /builddir/build/BUILD/python-ipyparallel-8.6.1-6.fc40.i386-pyproject-ghost-distinfo
+ site_dirs=()
+ '[' -d /builddir/build/BUILDROOT/python-ipyparallel-8.6.1-6.fc40.i386/usr/lib/python3.12/site-packages ']'
+ site_dirs+=("/usr/lib/python3.12/site-packages")
+ '[' /builddir/build/BUILDROOT/python-ipyparallel-8.6.1-6.fc40.i386/usr/lib/python3.12/site-packages '!=' /builddir/build/BUILDROOT/python-ipyparallel-8.6.1-6.fc40.i386/usr/lib/python3.12/site-packages ']'
+ for site_dir in ${site_dirs[@]}
+ for distinfo in /builddir/build/BUILDROOT/python-ipyparallel-8.6.1-6.fc40.i386$site_dir/*.dist-info
+ echo '%ghost /usr/lib/python3.12/site-packages/ipyparallel-8.6.1.dist-info'
+ sed -i s/pip/rpm/ /builddir/build/BUILDROOT/python-ipyparallel-8.6.1-6.fc40.i386/usr/lib/python3.12/site-packages/ipyparallel-8.6.1.dist-info/INSTALLER
+ PYTHONPATH=/usr/lib/rpm/redhat
+ /usr/bin/python3 -B /usr/lib/rpm/redhat/pyproject_preprocess_record.py --buildroot /builddir/build/BUILDROOT/python-ipyparallel-8.6.1-6.fc40.i386 --record /builddir/build/BUILDROOT/python-ipyparallel-8.6.1-6.fc40.i386/usr/lib/python3.12/site-packages/ipyparallel-8.6.1.dist-info/RECORD --output /builddir/build/BUILD/python-ipyparallel-8.6.1-6.fc40.i386-pyproject-record
+ rm -fv /builddir/build/BUILDROOT/python-ipyparallel-8.6.1-6.fc40.i386/usr/lib/python3.12/site-packages/ipyparallel-8.6.1.dist-info/RECORD
removed '/builddir/build/BUILDROOT/python-ipyparallel-8.6.1-6.fc40.i386/usr/lib/python3.12/site-packages/ipyparallel-8.6.1.dist-info/RECORD'
+ rm -fv /builddir/build/BUILDROOT/python-ipyparallel-8.6.1-6.fc40.i386/usr/lib/python3.12/site-packages/ipyparallel-8.6.1.dist-info/REQUESTED
removed '/builddir/build/BUILDROOT/python-ipyparallel-8.6.1-6.fc40.i386/usr/lib/python3.12/site-packages/ipyparallel-8.6.1.dist-info/REQUESTED'
++ wc -l /builddir/build/BUILD/python-ipyparallel-8.6.1-6.fc40.i386-pyproject-ghost-distinfo
++ cut -f1 '-d '
+ lines=1
+ '[' 1 -ne 1 ']'
+ for f in apps/iploggerapp.py cluster/app.py controller/app.py controller/heartmonitor.py engine/app.py
+ sed '/\/usr\/bin\/env/d' -i /builddir/build/BUILDROOT/python-ipyparallel-8.6.1-6.fc40.i386/usr/lib/python3.12/site-packages/ipyparallel/apps/iploggerapp.py
+ for f in apps/iploggerapp.py cluster/app.py controller/app.py controller/heartmonitor.py engine/app.py
+ sed '/\/usr\/bin\/env/d' -i /builddir/build/BUILDROOT/python-ipyparallel-8.6.1-6.fc40.i386/usr/lib/python3.12/site-packages/ipyparallel/cluster/app.py
+ for f in apps/iploggerapp.py cluster/app.py controller/app.py controller/heartmonitor.py engine/app.py
+ sed '/\/usr\/bin\/env/d' -i /builddir/build/BUILDROOT/python-ipyparallel-8.6.1-6.fc40.i386/usr/lib/python3.12/site-packages/ipyparallel/controller/app.py
+ for f in apps/iploggerapp.py cluster/app.py controller/app.py controller/heartmonitor.py engine/app.py
+ sed '/\/usr\/bin\/env/d' -i /builddir/build/BUILDROOT/python-ipyparallel-8.6.1-6.fc40.i386/usr/lib/python3.12/site-packages/ipyparallel/controller/heartmonitor.py
+ for f in apps/iploggerapp.py cluster/app.py controller/app.py controller/heartmonitor.py engine/app.py
+ sed '/\/usr\/bin\/env/d' -i /builddir/build/BUILDROOT/python-ipyparallel-8.6.1-6.fc40.i386/usr/lib/python3.12/site-packages/ipyparallel/engine/app.py
+ mv /builddir/build/BUILDROOT/python-ipyparallel-8.6.1-6.fc40.i386/usr/etc /builddir/build/BUILDROOT/python-ipyparallel-8.6.1-6.fc40.i386/etc
+ /usr/bin/find-debuginfo -j2 --strict-build-id -m -i --build-id-seed 8.6.1-6.fc40 --unique-debug-suffix -8.6.1-6.fc40.i386 --unique-debug-src-base python-ipyparallel-8.6.1-6.fc40.i386 --run-dwz --dwz-low-mem-die-limit 10000000 --dwz-max-die-limit 50000000 -S debugsourcefiles.list /builddir/build/BUILD/ipyparallel-8.6.1
find-debuginfo: starting
Extracting debug info from 0 files
Creating .debug symlinks for symlinks to ELF files
find: ‘debug’: No such file or directory
find-debuginfo: done
+ /usr/lib/rpm/check-buildroot
+ /usr/lib/rpm/redhat/brp-ldconfig
+ /usr/lib/rpm/brp-compress
+ /usr/lib/rpm/redhat/brp-strip-lto /usr/bin/strip
+ /usr/lib/rpm/brp-strip-static-archive /usr/bin/strip
+ /usr/lib/rpm/check-rpaths
+ /usr/lib/rpm/redhat/brp-mangle-shebangs
*** WARNING: ./usr/lib/python3.12/site-packages/ipyparallel/engine/app.py is executable but has no shebang, removing executable bit
*** WARNING: ./usr/lib/python3.12/site-packages/ipyparallel/controller/heartmonitor.py is executable but has no shebang, removing executable bit
*** WARNING: ./usr/lib/python3.12/site-packages/ipyparallel/controller/app.py is executable but has no shebang, removing executable bit
*** WARNING: ./usr/lib/python3.12/site-packages/ipyparallel/cluster/app.py is executable but has no shebang, removing executable bit
*** WARNING: ./usr/lib/python3.12/site-packages/ipyparallel/apps/iploggerapp.py is executable but has no shebang, removing executable bit
+ /usr/lib/rpm/brp-remove-la-files
+ env /usr/lib/rpm/redhat/brp-python-bytecompile '' 1 0 -j2
Bytecompiling .py files below /builddir/build/BUILDROOT/python-ipyparallel-8.6.1-6.fc40.i386/usr/lib/python3.12 using python3.12
+ /usr/lib/rpm/redhat/brp-python-hardlink
Executing(%check): /bin/sh -e /var/tmp/rpm-tmp.SNhvmj
+ umask 022
+ cd /builddir/build/BUILD
+ CFLAGS='-O2 -flto=auto -ffat-lto-objects -fexceptions -g -grecord-gcc-switches -pipe -Wall -Werror=format-security -Wp,-U_FORTIFY_SOURCE,-D_FORTIFY_SOURCE=3 -Wp,-D_GLIBCXX_ASSERTIONS -specs=/usr/lib/rpm/redhat/redhat-hardened-cc1 -fstack-protector-strong -specs=/usr/lib/rpm/redhat/redhat-annobin-cc1  -m32 -march=i686 -mtune=generic -msse2 -mfpmath=sse -mstackrealign -fasynchronous-unwind-tables -fstack-clash-protection '
+ export CFLAGS
+ CXXFLAGS='-O2 -flto=auto -ffat-lto-objects -fexceptions -g -grecord-gcc-switches -pipe -Wall -Werror=format-security -Wp,-U_FORTIFY_SOURCE,-D_FORTIFY_SOURCE=3 -Wp,-D_GLIBCXX_ASSERTIONS -specs=/usr/lib/rpm/redhat/redhat-hardened-cc1 -fstack-protector-strong -specs=/usr/lib/rpm/redhat/redhat-annobin-cc1  -m32 -march=i686 -mtune=generic -msse2 -mfpmath=sse -mstackrealign -fasynchronous-unwind-tables -fstack-clash-protection '
+ export CXXFLAGS
+ FFLAGS='-O2 -flto=auto -ffat-lto-objects -fexceptions -g -grecord-gcc-switches -pipe -Wall -Wp,-U_FORTIFY_SOURCE,-D_FORTIFY_SOURCE=3 -Wp,-D_GLIBCXX_ASSERTIONS -specs=/usr/lib/rpm/redhat/redhat-hardened-cc1 -fstack-protector-strong -specs=/usr/lib/rpm/redhat/redhat-annobin-cc1  -m32 -march=i686 -mtune=generic -msse2 -mfpmath=sse -mstackrealign -fasynchronous-unwind-tables -fstack-clash-protection -I/usr/lib/gfortran/modules '
+ export FFLAGS
+ FCFLAGS='-O2 -flto=auto -ffat-lto-objects -fexceptions -g -grecord-gcc-switches -pipe -Wall -Wp,-U_FORTIFY_SOURCE,-D_FORTIFY_SOURCE=3 -Wp,-D_GLIBCXX_ASSERTIONS -specs=/usr/lib/rpm/redhat/redhat-hardened-cc1 -fstack-protector-strong -specs=/usr/lib/rpm/redhat/redhat-annobin-cc1  -m32 -march=i686 -mtune=generic -msse2 -mfpmath=sse -mstackrealign -fasynchronous-unwind-tables -fstack-clash-protection -I/usr/lib/gfortran/modules '
+ export FCFLAGS
+ VALAFLAGS=-g
+ export VALAFLAGS
+ RUSTFLAGS='-Copt-level=3 -Cdebuginfo=2 -Ccodegen-units=1 -Cstrip=none -Clink-arg=-Wl,-z,relro -Clink-arg=-Wl,-z,now -Clink-arg=-specs=/usr/lib/rpm/redhat/redhat-package-notes --cap-lints=warn'
+ export RUSTFLAGS
+ LDFLAGS='-Wl,-z,relro -Wl,--as-needed  -Wl,-z,pack-relative-relocs -Wl,-z,now -specs=/usr/lib/rpm/redhat/redhat-hardened-ld-errors -specs=/usr/lib/rpm/redhat/redhat-hardened-ld -specs=/usr/lib/rpm/redhat/redhat-annobin-cc1  -Wl,--build-id=sha1 -specs=/usr/lib/rpm/redhat/redhat-package-notes '
+ export LDFLAGS
+ LT_SYS_LIBRARY_PATH=/usr/lib:
+ export LT_SYS_LIBRARY_PATH
+ CC=gcc
+ export CC
+ CXX=g++
+ export CXX
+ cd ipyparallel-8.6.1
+ CFLAGS='-O2 -flto=auto -ffat-lto-objects -fexceptions -g -grecord-gcc-switches -pipe -Wall -Werror=format-security -Wp,-U_FORTIFY_SOURCE,-D_FORTIFY_SOURCE=3 -Wp,-D_GLIBCXX_ASSERTIONS -specs=/usr/lib/rpm/redhat/redhat-hardened-cc1 -fstack-protector-strong -specs=/usr/lib/rpm/redhat/redhat-annobin-cc1  -m32 -march=i686 -mtune=generic -msse2 -mfpmath=sse -mstackrealign -fasynchronous-unwind-tables -fstack-clash-protection '
+ LDFLAGS='-Wl,-z,relro -Wl,--as-needed  -Wl,-z,pack-relative-relocs -Wl,-z,now -specs=/usr/lib/rpm/redhat/redhat-hardened-ld-errors -specs=/usr/lib/rpm/redhat/redhat-hardened-ld -specs=/usr/lib/rpm/redhat/redhat-annobin-cc1  -Wl,--build-id=sha1 -specs=/usr/lib/rpm/redhat/redhat-package-notes '
+ PATH=/builddir/build/BUILDROOT/python-ipyparallel-8.6.1-6.fc40.i386/usr/bin:/usr/bin:/bin:/usr/sbin:/sbin:/usr/local/sbin
+ PYTHONPATH=/builddir/build/BUILDROOT/python-ipyparallel-8.6.1-6.fc40.i386/usr/lib/python3.12/site-packages:/builddir/build/BUILDROOT/python-ipyparallel-8.6.1-6.fc40.i386/usr/lib/python3.12/site-packages
+ PYTHONDONTWRITEBYTECODE=1
+ PYTEST_ADDOPTS=' --ignore=/builddir/build/BUILD/ipyparallel-8.6.1/.pyproject-builddir'
+ PYTEST_XDIST_AUTO_NUM_WORKERS=2
+ /usr/bin/pytest -Wdefault -v --color=no
============================= test session starts ==============================
platform linux -- Python 3.12.1, pytest-7.4.3, pluggy-1.3.0 -- /usr/bin/python3
cachedir: .pytest_cache
rootdir: /builddir/build/BUILD/ipyparallel-8.6.1
configfile: pyproject.toml
testpaths: ipyparallel/tests
plugins: asyncio-0.21.0
asyncio: mode=Mode.AUTO
collecting ... collected 496 items

ipyparallel/tests/test_apps.py::test_version[cluster] PASSED             [  0%]
ipyparallel/tests/test_apps.py::test_version[engine] PASSED              [  0%]
ipyparallel/tests/test_apps.py::test_version[controller] PASSED          [  0%]
ipyparallel/tests/test_apps.py::test_help_all[cluster] PASSED            [  0%]
ipyparallel/tests/test_apps.py::test_help_all[engine] PASSED             [  1%]
ipyparallel/tests/test_apps.py::test_help_all[controller] PASSED         [  1%]
ipyparallel/tests/test_apps.py::test_ipcluster_help_all[list] PASSED     [  1%]
ipyparallel/tests/test_apps.py::test_ipcluster_help_all[engines] PASSED  [  1%]
ipyparallel/tests/test_apps.py::test_ipcluster_help_all[start] PASSED    [  1%]
ipyparallel/tests/test_apps.py::test_ipcluster_help_all[stop] PASSED     [  2%]
ipyparallel/tests/test_apps.py::test_ipcluster_help_all[clean] PASSED    [  2%]
ipyparallel/tests/test_apps.py::test_bind_kernel PASSED                  [  2%]
ipyparallel/tests/test_apps.py::test_ipcluster_list PASSED               [  2%]
ipyparallel/tests/test_apps.py::test_ipcluster_start_stop[False] PASSED  [  2%]
ipyparallel/tests/test_apps.py::test_ipcluster_start_stop[True] PASSED   [  3%]
ipyparallel/tests/test_apps.py::test_ipcluster_clean PASSED              [  3%]
ipyparallel/tests/test_async.py::test_async_first_dir PASSED             [  3%]
ipyparallel/tests/test_async.py::test_getattr PASSED                     [  3%]
ipyparallel/tests/test_async.py::test_sync_no_asyncio PASSED             [  3%]
ipyparallel/tests/test_async.py::test_sync_asyncio PASSED                [  4%]
ipyparallel/tests/test_asyncresult.py::TestAsyncResult::test_single_result_view PASSED [  4%]
ipyparallel/tests/test_asyncresult.py::TestAsyncResult::test_get_after_done PASSED [  4%]
ipyparallel/tests/test_asyncresult.py::TestAsyncResult::test_get_before_done PASSED [  4%]
ipyparallel/tests/test_asyncresult.py::TestAsyncResult::test_get_after_error PASSED [  4%]
ipyparallel/tests/test_asyncresult.py::TestAsyncResult::test_get_dict PASSED [  5%]
ipyparallel/tests/test_asyncresult.py::TestAsyncResult::test_get_dict_single PASSED [  5%]
ipyparallel/tests/test_asyncresult.py::TestAsyncResult::test_get_dict_bad PASSED [  5%]
ipyparallel/tests/test_asyncresult.py::TestAsyncResult::test_iter_amr PASSED [  5%]
ipyparallel/tests/test_asyncresult.py::TestAsyncResult::test_iter_multi_result_ar PASSED [  5%]
ipyparallel/tests/test_asyncresult.py::TestAsyncResult::test_iter_error PASSED [  6%]
ipyparallel/tests/test_asyncresult.py::TestAsyncResult::test_getattr PASSED [  6%]
ipyparallel/tests/test_asyncresult.py::TestAsyncResult::test_getitem PASSED [  6%]
ipyparallel/tests/test_asyncresult.py::TestAsyncResult::test_single_result PASSED [  6%]
ipyparallel/tests/test_asyncresult.py::TestAsyncResult::test_abort PASSED [  6%]
ipyparallel/tests/test_asyncresult.py::TestAsyncResult::test_len PASSED  [  7%]
ipyparallel/tests/test_asyncresult.py::TestAsyncResult::test_wall_time_single PASSED [  7%]
ipyparallel/tests/test_asyncresult.py::TestAsyncResult::test_wall_time_multi PASSED [  7%]
ipyparallel/tests/test_asyncresult.py::TestAsyncResult::test_serial_time_single PASSED [  7%]
ipyparallel/tests/test_asyncresult.py::TestAsyncResult::test_serial_time_multi PASSED [  7%]
ipyparallel/tests/test_asyncresult.py::TestAsyncResult::test_elapsed_single PASSED [  8%]
ipyparallel/tests/test_asyncresult.py::TestAsyncResult::test_elapsed_multi PASSED [  8%]
ipyparallel/tests/test_asyncresult.py::TestAsyncResult::test_hubresult_timestamps PASSED [  8%]
ipyparallel/tests/test_asyncresult.py::TestAsyncResult::test_display_empty_streams_single PASSED [  8%]
ipyparallel/tests/test_asyncresult.py::TestAsyncResult::test_display_empty_streams_type PASSED [  8%]
ipyparallel/tests/test_asyncresult.py::TestAsyncResult::test_display_empty_streams_engine PASSED [  9%]
ipyparallel/tests/test_asyncresult.py::TestAsyncResult::test_display_output_error PASSED [  9%]
ipyparallel/tests/test_asyncresult.py::TestAsyncResult::test_await_data PASSED [  9%]
ipyparallel/tests/test_asyncresult.py::TestAsyncResult::test_not_single_result PASSED [  9%]
ipyparallel/tests/test_asyncresult.py::TestAsyncResult::test_owner_pop PASSED [  9%]
ipyparallel/tests/test_asyncresult.py::TestAsyncResult::test_dir PASSED  [ 10%]
ipyparallel/tests/test_asyncresult.py::TestAsyncResult::test_wait_for_send FAILED [ 10%]
ipyparallel/tests/test_asyncresult.py::TestAsyncResult::test_return_exceptions PASSED [ 10%]
ipyparallel/tests/test_asyncresult.py::TestAsyncResult::test_return_exceptions_postmortem PASSED [ 10%]
ipyparallel/tests/test_asyncresult.py::TestAsyncResult::test_split PASSED [ 10%]
ipyparallel/tests/test_asyncresult.py::TestAsyncResult::test_split_map_result PASSED [ 11%]
ipyparallel/tests/test_asyncresult.py::TestAsyncResult::test_wait_first_exception PASSED [ 11%]
ipyparallel/tests/test_asyncresult.py::TestAsyncResult::test_map_wait_first_exception PASSED [ 11%]
ipyparallel/tests/test_asyncresult.py::TestAsyncResult::test_wait_interactive_first_exception PASSED [ 11%]
ipyparallel/tests/test_asyncresult.py::TestAsyncResult::test_progress PASSED [ 11%]
ipyparallel/tests/test_asyncresult.py::TestAsyncResult::test_error_engine_info_apply PASSED [ 12%]
ipyparallel/tests/test_asyncresult.py::TestAsyncResult::test_error_engine_info_execute PASSED [ 12%]
ipyparallel/tests/test_canning.py::test_no_closure PASSED                [ 12%]
ipyparallel/tests/test_canning.py::test_generator_closure PASSED         [ 12%]
ipyparallel/tests/test_canning.py::test_nested_closure PASSED            [ 12%]
ipyparallel/tests/test_canning.py::test_closure PASSED                   [ 13%]
ipyparallel/tests/test_canning.py::test_uncan_bytes_buffer PASSED        [ 13%]
ipyparallel/tests/test_canning.py::test_can_partial PASSED               [ 13%]
ipyparallel/tests/test_canning.py::test_can_partial_buffers PASSED       [ 13%]
ipyparallel/tests/test_canning.py::test_keyword_only_arguments PASSED    [ 13%]
ipyparallel/tests/test_canning.py::test_annotations PASSED               [ 14%]
ipyparallel/tests/test_client.py::TestClient::test_curve PASSED          [ 14%]
ipyparallel/tests/test_client.py::TestClient::test_ids PASSED            [ 14%]
ipyparallel/tests/test_client.py::TestClient::test_iter PASSED           [ 14%]
ipyparallel/tests/test_client.py::TestClient::test_view_indexing PASSED  [ 14%]
ipyparallel/tests/test_client.py::TestClient::test_outstanding PASSED    [ 15%]
ipyparallel/tests/test_client.py::TestClient::test_lbview_targets PASSED [ 15%]
ipyparallel/tests/test_client.py::TestClient::test_dview_targets PASSED  [ 15%]
ipyparallel/tests/test_client.py::TestClient::test_lazy_all_targets PASSED [ 15%]
ipyparallel/tests/test_client.py::TestClient::test_targets PASSED        [ 15%]
ipyparallel/tests/test_client.py::TestClient::test_clear PASSED          [ 16%]
ipyparallel/tests/test_client.py::TestClient::test_get_result PASSED     [ 16%]
ipyparallel/tests/test_client.py::TestClient::test_get_execute_result PASSED [ 16%]
ipyparallel/tests/test_client.py::TestClient::test_ids_list PASSED       [ 16%]
ipyparallel/tests/test_client.py::TestClient::test_queue_status PASSED   [ 16%]
ipyparallel/tests/test_client.py::TestClient::test_shutdown PASSED       [ 17%]
ipyparallel/tests/test_client.py::TestClient::test_result_status PASSED  [ 17%]
ipyparallel/tests/test_client.py::TestClient::test_db_query_dt PASSED    [ 17%]
ipyparallel/tests/test_client.py::TestClient::test_db_query_keys PASSED  [ 17%]
ipyparallel/tests/test_client.py::TestClient::test_db_query_default_keys PASSED [ 17%]
ipyparallel/tests/test_client.py::TestClient::test_db_query_msg_id PASSED [ 18%]
ipyparallel/tests/test_client.py::TestClient::test_db_query_get_result PASSED [ 18%]
ipyparallel/tests/test_client.py::TestClient::test_db_query_in PASSED    [ 18%]
ipyparallel/tests/test_client.py::TestClient::test_hub_history PASSED    [ 18%]
ipyparallel/tests/test_client.py::TestClient::test_resubmit PASSED       [ 18%]
ipyparallel/tests/test_client.py::TestClient::test_resubmit_chain PASSED [ 19%]
ipyparallel/tests/test_client.py::TestClient::test_resubmit_header PASSED [ 19%]
ipyparallel/tests/test_client.py::TestClient::test_resubmit_aborted PASSED [ 19%]
ipyparallel/tests/test_client.py::TestClient::test_resubmit_inflight PASSED [ 19%]
ipyparallel/tests/test_client.py::TestClient::test_resubmit_badkey PASSED [ 19%]
ipyparallel/tests/test_client.py::TestClient::test_purge_hub_results PASSED [ 20%]
ipyparallel/tests/test_client.py::TestClient::test_purge_local_results PASSED [ 20%]
ipyparallel/tests/test_client.py::TestClient::test_purge_local_results_outstanding PASSED [ 20%]
ipyparallel/tests/test_client.py::TestClient::test_purge_all_local_results_outstanding PASSED [ 20%]
ipyparallel/tests/test_client.py::TestClient::test_purge_all_hub_results PASSED [ 20%]
ipyparallel/tests/test_client.py::TestClient::test_purge_all_local_results PASSED [ 21%]
ipyparallel/tests/test_client.py::TestClient::test_purge_all_results PASSED [ 21%]
ipyparallel/tests/test_client.py::TestClient::test_purge_everything PASSED [ 21%]
ipyparallel/tests/test_client.py::TestClient::test_activate_on_init PASSED [ 21%]
ipyparallel/tests/test_client.py::TestClient::test_activate PASSED       [ 21%]
ipyparallel/tests/test_client.py::TestClient::test_wait_interactive PASSED [ 22%]
ipyparallel/tests/test_client.py::TestClient::test_await_future PASSED   [ 22%]
ipyparallel/tests/test_client.py::TestClient::test_become_dask SKIPPED   [ 22%]
ipyparallel/tests/test_client.py::TestClient::test_warning_on_hostname_match PASSED [ 22%]
ipyparallel/tests/test_client.py::TestClient::test_local_ip_true_doesnt_trigger_warning PASSED [ 22%]
ipyparallel/tests/test_client.py::TestClient::test_wait_for_engines PASSED [ 23%]
ipyparallel/tests/test_client.py::TestClient::test_signal_engines PASSED [ 23%]
ipyparallel/tests/test_cluster.py::test_cluster_id PASSED                [ 23%]
ipyparallel/tests/test_cluster.py::test_ipython_log PASSED               [ 23%]
ipyparallel/tests/test_cluster.py::test_start_stop_controller PASSED     [ 23%]
ipyparallel/tests/test_cluster.py::test_start_stop_engines PASSED        [ 24%]
ipyparallel/tests/test_cluster.py::test_start_stop_cluster PASSED        [ 24%]
ipyparallel/tests/test_cluster.py::test_signal_engines PASSED            [ 24%]
ipyparallel/tests/test_cluster.py::test_restart_engines PASSED           [ 24%]
ipyparallel/tests/test_cluster.py::test_get_output PASSED                [ 25%]
ipyparallel/tests/test_cluster.py::test_async_with PASSED                [ 25%]
ipyparallel/tests/test_cluster.py::test_sync_with PASSED                 [ 25%]
ipyparallel/tests/test_cluster.py::test_load_profile PASSED              [ 25%]
ipyparallel/tests/test_cluster.py::test_cluster_abbreviations[MPI-MPIEngineSetLauncher] PASSED [ 25%]
ipyparallel/tests/test_cluster.py::test_cluster_abbreviations[SGE-SGEEngineSetLauncher] PASSED [ 26%]
ipyparallel/tests/test_cluster.py::test_cluster_abbreviations[ipyparallel.cluster.launcher.LocalEngineSetLauncher-LocalEngineSetLauncher] PASSED [ 26%]
ipyparallel/tests/test_cluster.py::test_cluster_repr PASSED              [ 26%]
ipyparallel/tests/test_cluster.py::test_cluster_manager PASSED           [ 26%]
ipyparallel/tests/test_cluster.py::test_to_from_dict PASSED              [ 26%]
ipyparallel/tests/test_cluster.py::test_default_from_file PASSED         [ 27%]
ipyparallel/tests/test_cluster.py::test_cluster_manager_notice_stop PASSED [ 27%]
ipyparallel/tests/test_cluster.py::test_wait_for_engines_crash PASSED    [ 27%]
ipyparallel/tests/test_cluster.py::test_start_and_connect_activate[True] PASSED [ 27%]2024-01-26 05:51:23.913 [IPController] Notifying hub of 1 new hearts
2024-01-26 05:51:23.915 [IPController] monitor traffic: b'heartmonitor'
2024-01-26 05:51:23.915 [IPController] Registering 1 new hearts
2024-01-26 05:51:23.915 [IPController] heartbeat::handle_new_heart(b'98e78d0a-bb295c4200891532f0f829cf')
2024-01-26 05:51:23.915 [IPController] registration::finished registering engine 1:98e78d0a-bb295c4200891532f0f829cf in 975ms
2024-01-26 05:51:23.915 [IPController] engine::Engine Connected: 1

ipyparallel/tests/test_cluster.py::test_start_and_connect_activate[False] PASSED [ 27%]
ipyparallel/tests/test_db.py::TestDictBackend::test_add_record PASSED    [ 28%]
ipyparallel/tests/test_db.py::TestDictBackend::test_cull_count PASSED    [ 28%]
ipyparallel/tests/test_db.py::TestDictBackend::test_cull_size PASSED     [ 28%]
ipyparallel/tests/test_db.py::TestDictBackend::test_cull_size_drop PASSED [ 28%]
ipyparallel/tests/test_db.py::TestDictBackend::test_cull_size_update PASSED [ 28%]
ipyparallel/tests/test_db.py::TestDictBackend::test_datetime PASSED      [ 29%]
ipyparallel/tests/test_db.py::TestDictBackend::test_drop_matching PASSED [ 29%]
ipyparallel/tests/test_db.py::TestDictBackend::test_drop_record PASSED   [ 29%]
ipyparallel/tests/test_db.py::TestDictBackend::test_find_records_dt PASSED [ 29%]
ipyparallel/tests/test_db.py::TestDictBackend::test_find_records_in PASSED [ 29%]
ipyparallel/tests/test_db.py::TestDictBackend::test_find_records_keys PASSED [ 30%]
ipyparallel/tests/test_db.py::TestDictBackend::test_find_records_msg_id PASSED [ 30%]
ipyparallel/tests/test_db.py::TestDictBackend::test_get_history PASSED   [ 30%]
ipyparallel/tests/test_db.py::TestDictBackend::test_null PASSED          [ 30%]
ipyparallel/tests/test_db.py::TestDictBackend::test_pop_safe_find PASSED [ 30%]
ipyparallel/tests/test_db.py::TestDictBackend::test_pop_safe_find_keys PASSED [ 31%]
ipyparallel/tests/test_db.py::TestDictBackend::test_pop_safe_get PASSED  [ 31%]
ipyparallel/tests/test_db.py::TestDictBackend::test_update_record PASSED [ 31%]
ipyparallel/tests/test_db.py::TestSQLiteBackend::test_add_record PASSED  [ 31%]
ipyparallel/tests/test_db.py::TestSQLiteBackend::test_datetime PASSED    [ 31%]
ipyparallel/tests/test_db.py::TestSQLiteBackend::test_drop_matching PASSED [ 32%]
ipyparallel/tests/test_db.py::TestSQLiteBackend::test_drop_record PASSED [ 32%]
ipyparallel/tests/test_db.py::TestSQLiteBackend::test_find_records_dt PASSED [ 32%]
ipyparallel/tests/test_db.py::TestSQLiteBackend::test_find_records_in PASSED [ 32%]
ipyparallel/tests/test_db.py::TestSQLiteBackend::test_find_records_keys PASSED [ 32%]
ipyparallel/tests/test_db.py::TestSQLiteBackend::test_find_records_msg_id PASSED [ 33%]
ipyparallel/tests/test_db.py::TestSQLiteBackend::test_get_history PASSED [ 33%]
ipyparallel/tests/test_db.py::TestSQLiteBackend::test_null PASSED        [ 33%]
ipyparallel/tests/test_db.py::TestSQLiteBackend::test_pop_safe_find PASSED [ 33%]
ipyparallel/tests/test_db.py::TestSQLiteBackend::test_pop_safe_find_keys PASSED [ 33%]
ipyparallel/tests/test_db.py::TestSQLiteBackend::test_pop_safe_get PASSED [ 34%]
ipyparallel/tests/test_db.py::TestSQLiteBackend::test_update_record PASSED [ 34%]
ipyparallel/tests/test_dependency.py::TestDependency::test_require_imports PASSED [ 34%]
ipyparallel/tests/test_dependency.py::TestDependency::test_success_only PASSED [ 34%]
ipyparallel/tests/test_dependency.py::TestDependency::test_failure_only PASSED [ 34%]
ipyparallel/tests/test_dependency.py::TestDependency::test_require_function PASSED [ 35%]
ipyparallel/tests/test_dependency.py::TestDependency::test_require_object PASSED [ 35%]
ipyparallel/tests/test_executor.py::TestExecutor::test_client_executor PASSED [ 35%]
ipyparallel/tests/test_executor.py::TestExecutor::test_view_executor PASSED [ 35%]
ipyparallel/tests/test_executor.py::TestExecutor::test_executor_submit PASSED [ 35%]
ipyparallel/tests/test_executor.py::TestExecutor::test_executor_map PASSED [ 36%]
ipyparallel/tests/test_executor.py::TestExecutor::test_executor_context PASSED [ 36%]
ipyparallel/tests/test_joblib.py::TestJobLib::test_default_backend SKIPPED [ 36%]
ipyparallel/tests/test_joblib.py::TestJobLib::test_register_backend SKIPPED [ 36%]
ipyparallel/tests/test_joblib.py::TestJobLib::test_joblib_backend SKIPPED [ 36%]
ipyparallel/tests/test_launcher.py::test_profile_dir_env[LocalControllerLauncher] PASSED [ 37%]
ipyparallel/tests/test_launcher.py::test_profile_dir_env[LocalEngineLauncher] PASSED [ 37%]
ipyparallel/tests/test_launcher.py::test_profile_dir_env[LocalEngineSetLauncher] PASSED [ 37%]
ipyparallel/tests/test_launcher.py::test_profile_dir_env[MPILauncher] PASSED [ 37%]
ipyparallel/tests/test_launcher.py::test_profile_dir_env[MPIControllerLauncher] PASSED [ 37%]
ipyparallel/tests/test_launcher.py::test_profile_dir_env[MPIEngineSetLauncher] PASSED [ 38%]
ipyparallel/tests/test_launcher.py::test_profile_dir_env[SSHLauncher] PASSED [ 38%]
ipyparallel/tests/test_launcher.py::test_profile_dir_env[SSHControllerLauncher] PASSED [ 38%]
ipyparallel/tests/test_launcher.py::test_profile_dir_env[SSHEngineLauncher] PASSED [ 38%]
ipyparallel/tests/test_launcher.py::test_profile_dir_env[SSHEngineSetLauncher] PASSED [ 38%]
ipyparallel/tests/test_launcher.py::test_profile_dir_env[SSHProxyEngineSetLauncher] PASSED [ 39%]
ipyparallel/tests/test_launcher.py::test_profile_dir_env[WindowsHPCLauncher] PASSED [ 39%]
ipyparallel/tests/test_launcher.py::test_profile_dir_env[WindowsHPCControllerLauncher] PASSED [ 39%]
ipyparallel/tests/test_launcher.py::test_profile_dir_env[WindowsHPCEngineSetLauncher] PASSED [ 39%]
ipyparallel/tests/test_launcher.py::test_profile_dir_env[PBSLauncher] PASSED [ 39%]
ipyparallel/tests/test_launcher.py::test_profile_dir_env[PBSControllerLauncher] PASSED [ 40%]
ipyparallel/tests/test_launcher.py::test_profile_dir_env[PBSEngineSetLauncher] PASSED [ 40%]
ipyparallel/tests/test_launcher.py::test_profile_dir_env[SlurmLauncher] PASSED [ 40%]
ipyparallel/tests/test_launcher.py::test_profile_dir_env[SlurmControllerLauncher] PASSED [ 40%]
ipyparallel/tests/test_launcher.py::test_profile_dir_env[SlurmEngineSetLauncher] PASSED [ 40%]
ipyparallel/tests/test_launcher.py::test_profile_dir_env[SGELauncher] PASSED [ 41%]
ipyparallel/tests/test_launcher.py::test_profile_dir_env[SGEControllerLauncher] PASSED [ 41%]
ipyparallel/tests/test_launcher.py::test_profile_dir_env[SGEEngineSetLauncher] PASSED [ 41%]
ipyparallel/tests/test_launcher.py::test_profile_dir_env[LSFLauncher] PASSED [ 41%]
ipyparallel/tests/test_launcher.py::test_profile_dir_env[LSFControllerLauncher] PASSED [ 41%]
ipyparallel/tests/test_launcher.py::test_profile_dir_env[LSFEngineSetLauncher] PASSED [ 42%]
ipyparallel/tests/test_launcher.py::test_profile_dir_env[HTCondorLauncher] PASSED [ 42%]
ipyparallel/tests/test_launcher.py::test_profile_dir_env[HTCondorControllerLauncher] PASSED [ 42%]
ipyparallel/tests/test_launcher.py::test_profile_dir_env[HTCondorEngineSetLauncher] PASSED [ 42%]
ipyparallel/tests/test_launcher.py::test_cluster_id_env[LocalControllerLauncher] PASSED [ 42%]
ipyparallel/tests/test_launcher.py::test_cluster_id_env[LocalEngineLauncher] PASSED [ 43%]
ipyparallel/tests/test_launcher.py::test_cluster_id_env[LocalEngineSetLauncher] PASSED [ 43%]
ipyparallel/tests/test_launcher.py::test_cluster_id_env[MPILauncher] PASSED [ 43%]
ipyparallel/tests/test_launcher.py::test_cluster_id_env[MPIControllerLauncher] PASSED [ 43%]
ipyparallel/tests/test_launcher.py::test_cluster_id_env[MPIEngineSetLauncher] PASSED [ 43%]
ipyparallel/tests/test_launcher.py::test_cluster_id_env[SSHLauncher] PASSED [ 44%]
ipyparallel/tests/test_launcher.py::test_cluster_id_env[SSHControllerLauncher] PASSED [ 44%]
ipyparallel/tests/test_launcher.py::test_cluster_id_env[SSHEngineLauncher] PASSED [ 44%]
ipyparallel/tests/test_launcher.py::test_cluster_id_env[SSHEngineSetLauncher] PASSED [ 44%]
ipyparallel/tests/test_launcher.py::test_cluster_id_env[SSHProxyEngineSetLauncher] PASSED [ 44%]
ipyparallel/tests/test_launcher.py::test_cluster_id_env[WindowsHPCLauncher] PASSED [ 45%]
ipyparallel/tests/test_launcher.py::test_cluster_id_env[WindowsHPCControllerLauncher] PASSED [ 45%]
ipyparallel/tests/test_launcher.py::test_cluster_id_env[WindowsHPCEngineSetLauncher] PASSED [ 45%]
ipyparallel/tests/test_launcher.py::test_cluster_id_env[PBSLauncher] PASSED [ 45%]
ipyparallel/tests/test_launcher.py::test_cluster_id_env[PBSControllerLauncher] PASSED [ 45%]
ipyparallel/tests/test_launcher.py::test_cluster_id_env[PBSEngineSetLauncher] PASSED [ 46%]
ipyparallel/tests/test_launcher.py::test_cluster_id_env[SlurmLauncher] PASSED [ 46%]
ipyparallel/tests/test_launcher.py::test_cluster_id_env[SlurmControllerLauncher] PASSED [ 46%]
ipyparallel/tests/test_launcher.py::test_cluster_id_env[SlurmEngineSetLauncher] PASSED [ 46%]
ipyparallel/tests/test_launcher.py::test_cluster_id_env[SGELauncher] PASSED [ 46%]
ipyparallel/tests/test_launcher.py::test_cluster_id_env[SGEControllerLauncher] PASSED [ 47%]
ipyparallel/tests/test_launcher.py::test_cluster_id_env[SGEEngineSetLauncher] PASSED [ 47%]
ipyparallel/tests/test_launcher.py::test_cluster_id_env[LSFLauncher] PASSED [ 47%]
ipyparallel/tests/test_launcher.py::test_cluster_id_env[LSFControllerLauncher] PASSED [ 47%]
ipyparallel/tests/test_launcher.py::test_cluster_id_env[LSFEngineSetLauncher] PASSED [ 47%]
ipyparallel/tests/test_launcher.py::test_cluster_id_env[HTCondorLauncher] PASSED [ 48%]
ipyparallel/tests/test_launcher.py::test_cluster_id_env[HTCondorControllerLauncher] PASSED [ 48%]
ipyparallel/tests/test_launcher.py::test_cluster_id_env[HTCondorEngineSetLauncher] PASSED [ 48%]
ipyparallel/tests/test_launcher.py::test_batch_template[PBSControllerLauncher] PASSED [ 48%]
ipyparallel/tests/test_launcher.py::test_batch_template[PBSEngineSetLauncher] PASSED [ 48%]
ipyparallel/tests/test_launcher.py::test_batch_template[SlurmControllerLauncher] PASSED [ 49%]
ipyparallel/tests/test_launcher.py::test_batch_template[SlurmEngineSetLauncher] PASSED [ 49%]
ipyparallel/tests/test_launcher.py::test_batch_template[SGEControllerLauncher] PASSED [ 49%]
ipyparallel/tests/test_launcher.py::test_batch_template[SGEEngineSetLauncher] PASSED [ 49%]
ipyparallel/tests/test_launcher.py::test_batch_template[LSFControllerLauncher] PASSED [ 50%]
ipyparallel/tests/test_launcher.py::test_batch_template[LSFEngineSetLauncher] PASSED [ 50%]
ipyparallel/tests/test_launcher.py::test_batch_template[HTCondorControllerLauncher] PASSED [ 50%]
ipyparallel/tests/test_launcher.py::test_batch_template[HTCondorEngineSetLauncher] PASSED [ 50%]
ipyparallel/tests/test_launcher.py::test_winhpc_template[WindowsHPCControllerLauncher] PASSED [ 50%]
ipyparallel/tests/test_launcher.py::test_winhpc_template[WindowsHPCEngineSetLauncher] PASSED [ 51%]
ipyparallel/tests/test_launcher.py::test_ssh_remote_profile_dir[SSHControllerLauncher] PASSED [ 51%]
ipyparallel/tests/test_launcher.py::test_ssh_remote_profile_dir[SSHEngineLauncher] PASSED [ 51%]
ipyparallel/tests/test_launcher.py::test_ssh_remote_profile_dir[SSHEngineSetLauncher] PASSED [ 51%]
ipyparallel/tests/test_launcher.py::test_ssh_remote_profile_dir[SSHProxyEngineSetLauncher] PASSED [ 51%]
ipyparallel/tests/test_launcher.py::test_ssh_waitpid PASSED              [ 52%]
ipyparallel/tests/test_launcher.py::test_entrypoints[controller] PASSED  [ 52%]
ipyparallel/tests/test_launcher.py::test_entrypoints[engine] PASSED      [ 52%]
ipyparallel/tests/test_lbview.py::TestLoadBalancedView::test_z_crash PASSED [ 52%]
ipyparallel/tests/test_lbview.py::TestLoadBalancedView::test_map PASSED  [ 52%]
ipyparallel/tests/test_lbview.py::TestLoadBalancedView::test_map_generator PASSED [ 53%]
ipyparallel/tests/test_lbview.py::TestLoadBalancedView::test_map_short_first PASSED [ 53%]
ipyparallel/tests/test_lbview.py::TestLoadBalancedView::test_map_short_last PASSED [ 53%]
ipyparallel/tests/test_lbview.py::TestLoadBalancedView::test_map_unordered PASSED [ 53%]
ipyparallel/tests/test_lbview.py::TestLoadBalancedView::test_map_ordered PASSED [ 53%]
ipyparallel/tests/test_lbview.py::TestLoadBalancedView::test_map_iterable PASSED [ 54%]
ipyparallel/tests/test_lbview.py::TestLoadBalancedView::test_imap_max_outstanding PASSED [ 54%]
ipyparallel/tests/test_lbview.py::TestLoadBalancedView::test_imap_infinite PASSED [ 54%]
ipyparallel/tests/test_lbview.py::TestLoadBalancedView::test_imap_unordered PASSED [ 54%]
ipyparallel/tests/test_lbview.py::TestLoadBalancedView::test_imap_return_exceptions PASSED [ 54%]
ipyparallel/tests/test_lbview.py::TestLoadBalancedView::test_abort PASSED [ 55%]
ipyparallel/tests/test_lbview.py::TestLoadBalancedView::test_retries PASSED [ 55%]
ipyparallel/tests/test_lbview.py::TestLoadBalancedView::test_short_timeout PASSED [ 55%]
ipyparallel/tests/test_lbview.py::TestLoadBalancedView::test_invalid_dependency PASSED [ 55%]
ipyparallel/tests/test_lbview.py::TestLoadBalancedView::test_impossible_dependency PASSED [ 55%]
ipyparallel/tests/test_lbview.py::TestLoadBalancedView::test_follow PASSED [ 56%]
ipyparallel/tests/test_lbview.py::TestLoadBalancedView::test_after PASSED [ 56%]
ipyparallel/tests/test_magics.py::TestParallelMagics::test_px_blocking PASSED [ 56%]
ipyparallel/tests/test_magics.py::TestParallelMagics::test_px_var_expand PASSED [ 56%]
ipyparallel/tests/test_magics.py::TestParallelMagics::test_cell_px_var_expand PASSED [ 56%]
ipyparallel/tests/test_magics.py::TestParallelMagics::test_cellpx_block_args PASSED [ 57%]
ipyparallel/tests/test_magics.py::TestParallelMagics::test_cellpx_groupby_engine PASSED [ 57%]
ipyparallel/tests/test_magics.py::TestParallelMagics::test_cellpx_groupby_order PASSED [ 57%]
ipyparallel/tests/test_magics.py::TestParallelMagics::test_cellpx_groupby_type PASSED [ 57%]
ipyparallel/tests/test_magics.py::TestParallelMagics::test_cellpx_error_stream PASSED [ 57%]
ipyparallel/tests/test_magics.py::TestParallelMagics::test_cellpx_error_no_stream PASSED [ 58%]
ipyparallel/tests/test_magics.py::TestParallelMagics::test_cellpx_stream PASSED [ 58%]
ipyparallel/tests/test_magics.py::TestParallelMagics::test_px_nonblocking PASSED [ 58%]
ipyparallel/tests/test_magics.py::TestParallelMagics::test_autopx_blocking PASSED [ 58%]
ipyparallel/tests/test_magics.py::TestParallelMagics::test_autopx_nonblocking PASSED [ 58%]
ipyparallel/tests/test_magics.py::TestParallelMagics::test_result PASSED [ 59%]
ipyparallel/tests/test_magics.py::TestParallelMagics::test_px_pylab PASSED [ 59%]
ipyparallel/tests/test_magics.py::TestParallelMagics::test_pxconfig PASSED [ 59%]
ipyparallel/tests/test_magics.py::TestParallelMagics::test_cellpx_targets PASSED [ 59%]
ipyparallel/tests/test_magics.py::TestParallelMagics::test_cellpx_block PASSED [ 59%]
ipyparallel/tests/test_magics.py::TestParallelMagics::test_cellpx_keyboard_interrupt_default PASSED [ 60%]
ipyparallel/tests/test_magics.py::TestParallelMagics::test_cellpx_keyboard_interrupt_SIGINT PASSED [ 60%]
ipyparallel/tests/test_magics.py::TestParallelMagics::test_cellpx_keyboard_interrupt_signal_2 PASSED [ 60%]
ipyparallel/tests/test_magics.py::TestParallelMagics::test_cellpx_keyboard_interrupt_signal_0 PASSED [ 60%]
ipyparallel/tests/test_magics.py::TestParallelMagics::test_cellpx_keyboard_interrupt_SIGKILL PASSED [ 60%]
ipyparallel/tests/test_magics.py::TestParallelMagics::test_cellpx_keyboard_interrupt_signal_9 PASSED [ 61%]
ipyparallel/tests/test_mongodb.py::TestMongoBackend::test_add_record SKIPPED [ 61%]
ipyparallel/tests/test_mongodb.py::TestMongoBackend::test_datetime SKIPPED [ 61%]
ipyparallel/tests/test_mongodb.py::TestMongoBackend::test_drop_matching SKIPPED [ 61%]
ipyparallel/tests/test_mongodb.py::TestMongoBackend::test_drop_record SKIPPED [ 61%]
ipyparallel/tests/test_mongodb.py::TestMongoBackend::test_find_records_dt SKIPPED [ 62%]
ipyparallel/tests/test_mongodb.py::TestMongoBackend::test_find_records_in SKIPPED [ 62%]
ipyparallel/tests/test_mongodb.py::TestMongoBackend::test_find_records_keys SKIPPED [ 62%]
ipyparallel/tests/test_mongodb.py::TestMongoBackend::test_find_records_msg_id SKIPPED [ 62%]
ipyparallel/tests/test_mongodb.py::TestMongoBackend::test_get_history SKIPPED [ 62%]
ipyparallel/tests/test_mongodb.py::TestMongoBackend::test_null SKIPPED   [ 63%]
ipyparallel/tests/test_mongodb.py::TestMongoBackend::test_pop_safe_find SKIPPED [ 63%]
ipyparallel/tests/test_mongodb.py::TestMongoBackend::test_pop_safe_find_keys SKIPPED [ 63%]
ipyparallel/tests/test_mongodb.py::TestMongoBackend::test_pop_safe_get SKIPPED [ 63%]
ipyparallel/tests/test_mongodb.py::TestMongoBackend::test_update_record SKIPPED [ 63%]
ipyparallel/tests/test_mpi.py::test_get_output SKIPPED (Requires mpi...) [ 64%]
ipyparallel/tests/test_mpi.py::test_restart_engines SKIPPED (Require...) [ 64%]
ipyparallel/tests/test_mpi.py::test_signal_engines SKIPPED (Requires...) [ 64%]
ipyparallel/tests/test_mpi.py::test_start_stop_cluster SKIPPED (Requ...) [ 64%]
ipyparallel/tests/test_mpi.py::test_to_from_dict SKIPPED (Requires m...) [ 64%]
ipyparallel/tests/test_remotefunction.py::TestRemoteFunctions::test_remote PASSED [ 65%]
ipyparallel/tests/test_remotefunction.py::TestRemoteFunctions::test_parallel PASSED [ 65%]
ipyparallel/tests/test_remotefunction.py::TestRemoteFunctions::test_parallel_map PASSED [ 65%]
ipyparallel/tests/test_serialize.py::test_roundtrip_simple PASSED        [ 65%]
ipyparallel/tests/test_serialize.py::test_roundtrip_nested PASSED        [ 65%]
ipyparallel/tests/test_serialize.py::test_roundtrip_buffered PASSED      [ 66%]
ipyparallel/tests/test_serialize.py::test_roundtrip_memoryview PASSED    [ 66%]
ipyparallel/tests/test_serialize.py::test_numpy PASSED                   [ 66%]
ipyparallel/tests/test_serialize.py::test_recarray PASSED                [ 66%]
ipyparallel/tests/test_serialize.py::test_numpy_in_seq PASSED            [ 66%]
ipyparallel/tests/test_serialize.py::test_numpy_in_dict PASSED           [ 67%]
ipyparallel/tests/test_serialize.py::test_class PASSED                   [ 67%]
ipyparallel/tests/test_serialize.py::test_class_oldstyle PASSED          [ 67%]
ipyparallel/tests/test_serialize.py::test_tuple PASSED                   [ 67%]
ipyparallel/tests/test_serialize.py::test_namedtuple PASSED              [ 67%]
ipyparallel/tests/test_serialize.py::test_list PASSED                    [ 68%]
ipyparallel/tests/test_serialize.py::test_class_inheritance PASSED       [ 68%]
ipyparallel/tests/test_serialize.py::test_pickle_threshold PASSED        [ 68%]
ipyparallel/tests/test_slurm.py::test_get_output SKIPPED (Requires s...) [ 68%]
ipyparallel/tests/test_slurm.py::test_restart_engines SKIPPED (Requi...) [ 68%]
ipyparallel/tests/test_slurm.py::test_signal_engines SKIPPED (Requir...) [ 69%]
ipyparallel/tests/test_slurm.py::test_start_stop_cluster SKIPPED (Re...) [ 69%]
ipyparallel/tests/test_slurm.py::test_to_from_dict SKIPPED (Requires...) [ 69%]
ipyparallel/tests/test_ssh.py::test_get_output[SSH] SKIPPED (Needs d...) [ 69%]
ipyparallel/tests/test_ssh.py::test_get_output[SSHProxy] SKIPPED (Ne...) [ 69%]
ipyparallel/tests/test_ssh.py::test_restart_engines[SSH] SKIPPED (Ne...) [ 70%]
ipyparallel/tests/test_ssh.py::test_restart_engines[SSHProxy] SKIPPED    [ 70%]
ipyparallel/tests/test_ssh.py::test_signal_engines[SSH] SKIPPED (Nee...) [ 70%]
ipyparallel/tests/test_ssh.py::test_signal_engines[SSHProxy] SKIPPED     [ 70%]
ipyparallel/tests/test_ssh.py::test_start_stop_cluster[SSH] SKIPPED      [ 70%]
ipyparallel/tests/test_ssh.py::test_start_stop_cluster[SSHProxy] SKIPPED [ 71%]
ipyparallel/tests/test_ssh.py::test_to_from_dict[SSH] SKIPPED (Needs...) [ 71%]
ipyparallel/tests/test_ssh.py::test_to_from_dict[SSHProxy] SKIPPED (...) [ 71%]
ipyparallel/tests/test_util.py::test_disambiguate_ip PASSED              [ 71%]
ipyparallel/tests/test_view.py::TestView::test_z_crash_mux PASSED        [ 71%]
ipyparallel/tests/test_view.py::TestView::test_push_pull PASSED          [ 72%]
ipyparallel/tests/test_view.py::TestView::test_push_pull_function PASSED [ 72%]
ipyparallel/tests/test_view.py::TestView::test_push_function_globals PASSED [ 72%]
ipyparallel/tests/test_view.py::TestView::test_push_function_defaults PASSED [ 72%]
ipyparallel/tests/test_view.py::TestView::test_get_result PASSED         [ 72%]
ipyparallel/tests/test_view.py::TestView::test_run_newline PASSED        [ 73%]
ipyparallel/tests/test_view.py::TestView::test_apply_f_kwarg PASSED      [ 73%]
ipyparallel/tests/test_view.py::TestView::test_apply_tracked PASSED      [ 73%]
ipyparallel/tests/test_view.py::TestView::test_push_tracked PASSED       [ 73%]
ipyparallel/tests/test_view.py::TestView::test_scatter_tracked PASSED    [ 73%]
ipyparallel/tests/test_view.py::TestView::test_remote_reference PASSED   [ 74%]
ipyparallel/tests/test_view.py::TestView::test_scatter_gather PASSED     [ 74%]
ipyparallel/tests/test_view.py::TestView::test_scatter_gather_numpy PASSED [ 74%]
ipyparallel/tests/test_view.py::TestView::test_scatter_gather_lazy PASSED [ 74%]
ipyparallel/tests/test_view.py::TestView::test_apply_numpy PASSED        [ 75%]
ipyparallel/tests/test_view.py::TestView::test_apply_numpy_object_dtype PASSED [ 75%]
ipyparallel/tests/test_view.py::TestView::test_push_pull_recarray PASSED [ 75%]
ipyparallel/tests/test_view.py::TestView::test_push_pull_timeseries SKIPPED [ 75%]
ipyparallel/tests/test_view.py::TestView::test_map PASSED                [ 75%]
ipyparallel/tests/test_view.py::TestView::test_map_empty_sequence PASSED [ 76%]
ipyparallel/tests/test_view.py::TestView::test_map_iterable PASSED       [ 76%]
ipyparallel/tests/test_view.py::TestView::test_map_numpy PASSED          [ 76%]
ipyparallel/tests/test_view.py::TestView::test_scatter_gather_nonblocking PASSED [ 76%]
ipyparallel/tests/test_view.py::TestView::test_scatter_gather_numpy_nonblocking PASSED [ 76%]
ipyparallel/tests/test_view.py::TestView::test_execute PASSED            [ 77%]
ipyparallel/tests/test_view.py::TestView::test_abort PASSED              [ 77%]
ipyparallel/tests/test_view.py::TestView::test_abort_all PASSED          [ 77%]
ipyparallel/tests/test_view.py::TestView::test_temp_flags PASSED         [ 77%]
ipyparallel/tests/test_view.py::TestView::test_importer PASSED           [ 77%]
ipyparallel/tests/test_view.py::TestView::test_unicode_execute PASSED    [ 78%]
ipyparallel/tests/test_view.py::TestView::test_unicode_apply_result PASSED [ 78%]
ipyparallel/tests/test_view.py::TestView::test_unicode_apply_arg PASSED  [ 78%]
ipyparallel/tests/test_view.py::TestView::test_map_reference PASSED      [ 78%]
ipyparallel/tests/test_view.py::TestView::test_apply_reference PASSED    [ 78%]
ipyparallel/tests/test_view.py::TestView::test_eval_reference PASSED     [ 79%]
ipyparallel/tests/test_view.py::TestView::test_reference_nameerror PASSED [ 79%]
ipyparallel/tests/test_view.py::TestView::test_single_engine_map PASSED  [ 79%]
ipyparallel/tests/test_view.py::TestView::test_len PASSED                [ 79%]
ipyparallel/tests/test_view.py::TestView::test_execute_reply PASSED      [ 79%]
ipyparallel/tests/test_view.py::TestView::test_execute_reply_rich PASSED [ 80%]
ipyparallel/tests/test_view.py::TestView::test_execute_reply_stdout PASSED [ 80%]
ipyparallel/tests/test_view.py::TestView::test_execute_result PASSED     [ 80%]
ipyparallel/tests/test_view.py::TestView::test_execute_silent PASSED     [ 80%]
ipyparallel/tests/test_view.py::TestView::test_execute_magic PASSED      [ 80%]
ipyparallel/tests/test_view.py::TestView::test_execute_displaypub PASSED [ 81%]
ipyparallel/tests/test_view.py::TestView::test_apply_displaypub PASSED   [ 81%]
ipyparallel/tests/test_view.py::TestView::test_execute_raises PASSED     [ 81%]
ipyparallel/tests/test_view.py::TestView::test_remoteerror_render_exception PASSED [ 81%]
ipyparallel/tests/test_view.py::TestView::test_compositeerror_render_exception PASSED [ 81%]
ipyparallel/tests/test_view.py::TestView::test_compositeerror_truncate PASSED [ 82%]
ipyparallel/tests/test_view.py::TestView::test_magic_pylab PASSED        [ 82%]
ipyparallel/tests/test_view.py::TestView::test_func_default_func PASSED  [ 82%]
ipyparallel/tests/test_view.py::TestView::test_data_pub_single PASSED    [ 82%]
ipyparallel/tests/test_view.py::TestView::test_data_pub PASSED           [ 82%]
ipyparallel/tests/test_view.py::TestView::test_can_list_arg PASSED       [ 83%]
ipyparallel/tests/test_view.py::TestView::test_can_dict_arg PASSED       [ 83%]
ipyparallel/tests/test_view.py::TestView::test_can_list_kwarg PASSED     [ 83%]
ipyparallel/tests/test_view.py::TestView::test_can_dict_kwarg PASSED     [ 83%]
ipyparallel/tests/test_view.py::TestView::test_map_ref PASSED            [ 83%]
ipyparallel/tests/test_view.py::TestView::test_nested_getitem_setitem PASSED [ 84%]
ipyparallel/tests/test_view.py::TestView::test_return_namedtuple PASSED  [ 84%]
ipyparallel/tests/test_view.py::TestView::test_apply_namedtuple PASSED   [ 84%]
ipyparallel/tests/test_view.py::TestView::test_sync_imports PASSED       [ 84%]
ipyparallel/tests/test_view.py::TestView::test_sync_imports_quiet PASSED [ 84%]
ipyparallel/tests/test_view.py::TestView::test_use_cloudpickle SKIPPED   [ 85%]
ipyparallel/tests/test_view.py::TestView::test_cloudpickle_push_pull SKIPPED [ 85%]
ipyparallel/tests/test_view.py::TestView::test_cloudpickle_require SKIPPED [ 85%]
ipyparallel/tests/test_view.py::TestView::test_block_kwarg PASSED        [ 85%]
ipyparallel/tests/test_view_broadcast.py::TestBroadcastViewCoalescing::test_z_crash_mux PASSED [ 85%]
ipyparallel/tests/test_view_broadcast.py::TestBroadcastViewCoalescing::test_push_pull PASSED [ 86%]
ipyparallel/tests/test_view_broadcast.py::TestBroadcastViewCoalescing::test_push_pull_function PASSED [ 86%]
ipyparallel/tests/test_view_broadcast.py::TestBroadcastViewCoalescing::test_push_function_globals PASSED [ 86%]
ipyparallel/tests/test_view_broadcast.py::TestBroadcastViewCoalescing::test_push_function_defaults PASSED [ 86%]
ipyparallel/tests/test_view_broadcast.py::TestBroadcastViewCoalescing::test_get_result PASSED [ 86%]
ipyparallel/tests/test_view_broadcast.py::TestBroadcastViewCoalescing::test_run_newline PASSED [ 87%]
ipyparallel/tests/test_view_broadcast.py::TestBroadcastViewCoalescing::test_apply_f_kwarg PASSED [ 87%]
ipyparallel/tests/test_view_broadcast.py::TestBroadcastViewCoalescing::test_apply_tracked PASSED [ 87%]
ipyparallel/tests/test_view_broadcast.py::TestBroadcastViewCoalescing::test_push_tracked PASSED [ 87%]
ipyparallel/tests/test_view_broadcast.py::TestBroadcastViewCoalescing::test_remote_reference PASSED [ 87%]
ipyparallel/tests/test_view_broadcast.py::TestBroadcastViewCoalescing::test_scatter_gather PASSED [ 88%]
ipyparallel/tests/test_view_broadcast.py::TestBroadcastViewCoalescing::test_scatter_gather_numpy PASSED [ 88%]
ipyparallel/tests/test_view_broadcast.py::TestBroadcastViewCoalescing::test_scatter_gather_lazy PASSED [ 88%]
ipyparallel/tests/test_view_broadcast.py::TestBroadcastViewCoalescing::test_apply_numpy PASSED [ 88%]
ipyparallel/tests/test_view_broadcast.py::TestBroadcastViewCoalescing::test_apply_numpy_object_dtype PASSED [ 88%]
ipyparallel/tests/test_view_broadcast.py::TestBroadcastViewCoalescing::test_push_pull_recarray PASSED [ 89%]
ipyparallel/tests/test_view_broadcast.py::TestBroadcastViewCoalescing::test_push_pull_timeseries SKIPPED [ 89%]
ipyparallel/tests/test_view_broadcast.py::TestBroadcastViewCoalescing::test_scatter_gather_nonblocking PASSED [ 89%]
ipyparallel/tests/test_view_broadcast.py::TestBroadcastViewCoalescing::test_scatter_gather_numpy_nonblocking PASSED [ 89%]
ipyparallel/tests/test_view_broadcast.py::TestBroadcastViewCoalescing::test_execute PASSED [ 89%]
ipyparallel/tests/test_view_broadcast.py::TestBroadcastViewCoalescing::test_abort PASSED [ 90%]
ipyparallel/tests/test_view_broadcast.py::TestBroadcastViewCoalescing::test_abort_all PASSED [ 90%]
ipyparallel/tests/test_view_broadcast.py::TestBroadcastViewCoalescing::test_temp_flags PASSED [ 90%]
ipyparallel/tests/test_view_broadcast.py::TestBroadcastViewCoalescing::test_importer PASSED [ 90%]
ipyparallel/tests/test_view_broadcast.py::TestBroadcastViewCoalescing::test_unicode_execute PASSED [ 90%]
ipyparallel/tests/test_view_broadcast.py::TestBroadcastViewCoalescing::test_unicode_apply_result PASSED [ 91%]
ipyparallel/tests/test_view_broadcast.py::TestBroadcastViewCoalescing::test_unicode_apply_arg PASSED [ 91%]
ipyparallel/tests/test_view_broadcast.py::TestBroadcastViewCoalescing::test_apply_reference PASSED [ 91%]
ipyparallel/tests/test_view_broadcast.py::TestBroadcastViewCoalescing::test_eval_reference PASSED [ 91%]
ipyparallel/tests/test_view_broadcast.py::TestBroadcastViewCoalescing::test_reference_nameerror PASSED [ 91%]
ipyparallel/tests/test_view_broadcast.py::TestBroadcastViewCoalescing::test_single_engine_map PASSED [ 92%]
ipyparallel/tests/test_view_broadcast.py::TestBroadcastViewCoalescing::test_len PASSED [ 92%]
ipyparallel/tests/test_view_broadcast.py::TestBroadcastViewCoalescing::test_execute_reply PASSED [ 92%]
ipyparallel/tests/test_view_broadcast.py::TestBroadcastViewCoalescing::test_execute_reply_rich PASSED [ 92%]
ipyparallel/tests/test_view_broadcast.py::TestBroadcastViewCoalescing::test_execute_reply_stdout PASSED [ 92%]
ipyparallel/tests/test_view_broadcast.py::TestBroadcastViewCoalescing::test_execute_result PASSED [ 93%]
ipyparallel/tests/test_view_broadcast.py::TestBroadcastViewCoalescing::test_execute_silent PASSED [ 93%]
ipyparallel/tests/test_view_broadcast.py::TestBroadcastViewCoalescing::test_execute_magic PASSED [ 93%]
ipyparallel/tests/test_view_broadcast.py::TestBroadcastViewCoalescing::test_execute_displaypub PASSED [ 93%]
ipyparallel/tests/test_view_broadcast.py::TestBroadcastViewCoalescing::test_execute_raises PASSED [ 93%]
ipyparallel/tests/test_view_broadcast.py::TestBroadcastViewCoalescing::test_remoteerror_render_exception PASSED [ 94%]
ipyparallel/tests/test_view_broadcast.py::TestBroadcastViewCoalescing::test_compositeerror_render_exception PASSED [ 94%]
ipyparallel/tests/test_view_broadcast.py::TestBroadcastViewCoalescing::test_compositeerror_truncate PASSED [ 94%]
ipyparallel/tests/test_view_broadcast.py::TestBroadcastViewCoalescing::test_magic_pylab PASSED [ 94%]
ipyparallel/tests/test_view_broadcast.py::TestBroadcastViewCoalescing::test_func_default_func PASSED [ 94%]
ipyparallel/tests/test_view_broadcast.py::TestBroadcastViewCoalescing::test_data_pub_single PASSED [ 95%]
ipyparallel/tests/test_view_broadcast.py::TestBroadcastViewCoalescing::test_data_pub PASSED [ 95%]
ipyparallel/tests/test_view_broadcast.py::TestBroadcastViewCoalescing::test_can_list_arg PASSED [ 95%]
ipyparallel/tests/test_view_broadcast.py::TestBroadcastViewCoalescing::test_can_dict_arg PASSED [ 95%]
ipyparallel/tests/test_view_broadcast.py::TestBroadcastViewCoalescing::test_can_list_kwarg PASSED [ 95%]
ipyparallel/tests/test_view_broadcast.py::TestBroadcastViewCoalescing::test_can_dict_kwarg PASSED [ 96%]
ipyparallel/tests/test_view_broadcast.py::TestBroadcastViewCoalescing::test_nested_getitem_setitem PASSED [ 96%]
ipyparallel/tests/test_view_broadcast.py::TestBroadcastViewCoalescing::test_return_namedtuple PASSED [ 96%]
ipyparallel/tests/test_view_broadcast.py::TestBroadcastViewCoalescing::test_apply_namedtuple PASSED [ 96%]
ipyparallel/tests/test_view_broadcast.py::TestBroadcastViewCoalescing::test_sync_imports PASSED [ 96%]
ipyparallel/tests/test_view_broadcast.py::TestBroadcastViewCoalescing::test_sync_imports_quiet PASSED [ 97%]
ipyparallel/tests/test_view_broadcast.py::TestBroadcastViewCoalescing::test_use_cloudpickle SKIPPED [ 97%]
ipyparallel/tests/test_view_broadcast.py::TestBroadcastViewCoalescing::test_cloudpickle_push_pull SKIPPED [ 97%]
ipyparallel/tests/test_view_broadcast.py::TestBroadcastViewCoalescing::test_cloudpickle_require SKIPPED [ 97%]
ipyparallel/tests/test_view_broadcast.py::TestBroadcastViewCoalescing::test_block_kwarg PASSED [ 97%]
ipyparallel/tests/test_view_broadcast.py::TestBroadcastViewCoalescing::test_map XPASS [ 98%]
ipyparallel/tests/test_view_broadcast.py::TestBroadcastViewCoalescing::test_map_ref XPASS [ 98%]
ipyparallel/tests/test_view_broadcast.py::TestBroadcastViewCoalescing::test_map_reference XPASS [ 98%]
ipyparallel/tests/test_view_broadcast.py::TestBroadcastViewCoalescing::test_map_iterable XPASS [ 98%]
ipyparallel/tests/test_view_broadcast.py::TestBroadcastViewCoalescing::test_map_empty_sequence XPASS [ 98%]
ipyparallel/tests/test_view_broadcast.py::TestBroadcastViewCoalescing::test_map_numpy XPASS [ 99%]
ipyparallel/tests/test_view_broadcast.py::TestBroadcastViewCoalescing::test_scatter_tracked XPASS [ 99%]
ipyparallel/tests/test_view_broadcast.py::TestBroadcastViewCoalescing::test_target_ordering XFAIL [ 99%]
ipyparallel/tests/test_view_broadcast.py::TestBroadcastViewCoalescing::test_engine_metadata PASSED [ 99%]
ipyparallel/tests/test_view_broadcast.py::TestBroadcastViewCoalescing::test_apply_displaypub XPASS [100%]

=================================== FAILURES ===================================
______________________ TestAsyncResult.test_wait_for_send ______________________

self = <ipyparallel.tests.test_asyncresult.TestAsyncResult object at 0xf4d74f78>

    def test_wait_for_send(self):
        view = self.client[-1]
        view.track = True
>       with pytest.raises(TimeoutError):
E       Failed: DID NOT RAISE <class 'TimeoutError'>

ipyparallel/tests/test_asyncresult.py:398: Failed
---------------------------- Captured stderr setup -----------------------------
2024-01-26 05:49:52.708 [IPController] client::client b'\x00k\x8bE\xb2' requested 'connection_request'
2024-01-26 05:49:52.708 [IPController] client::client [b'\x00k\x8bE\xb2'] connected
2024-01-26 05:49:52.713 [IPController] client::client b'\x00k\x8bE\xb3' requested 'connection_request'
2024-01-26 05:49:52.713 [IPController] client::client [b'\x00k\x8bE\xb3'] connected
2024-01-26 05:49:52.716 [IPController] monitor traffic: b'incontrol'
2024-01-26 05:49:52.717 [IPEngine] Control received: {'header': {'msg_id': 'bbaaaf7d-f10f0f31944a0d8701e51063_3398_1', 'msg_type': 'clear_request', 'username': 'mockbuild', 'session': 'bbaaaf7d-f10f0f31944a0d8701e51063', 'date': '2024-01-26T05:49:52.715847Z', 'version': '5.3'}, 'msg_id': 'bbaaaf7d-f10f0f31944a0d8701e51063_3398_1', 'msg_type': 'clear_request', 'parent_header': {}, 'metadata': {}, 'content': {}, 'buffers': []}
2024-01-26 05:49:52.720 [IPController] monitor traffic: b'incontrol'
2024-01-26 05:49:52.720 [IPController] monitor traffic: b'incontrol'
2024-01-26 05:49:52.720 [IPEngine] Control received: {'header': {'msg_id': 'bbaaaf7d-f10f0f31944a0d8701e51063_3398_2', 'msg_type': 'clear_request', 'username': 'mockbuild', 'session': 'bbaaaf7d-f10f0f31944a0d8701e51063', 'date': '2024-01-26T05:49:52.715943Z', 'version': '5.3'}, 'msg_id': 'bbaaaf7d-f10f0f31944a0d8701e51063_3398_2', 'msg_type': 'clear_request', 'parent_header': {}, 'metadata': {}, 'content': {}, 'buffers': []}
2024-01-26 05:49:52.720 [IPController] monitor traffic: b'incontrol'
2024-01-26 05:49:52.723 [IPEngine] Control received: {'header': {'msg_id': 'bbaaaf7d-f10f0f31944a0d8701e51063_3398_4', 'msg_type': 'clear_request', 'username': 'mockbuild', 'session': 'bbaaaf7d-f10f0f31944a0d8701e51063', 'date': '2024-01-26T05:49:52.716042Z', 'version': '5.3'}, 'msg_id': 'bbaaaf7d-f10f0f31944a0d8701e51063_3398_4', 'msg_type': 'clear_request', 'parent_header': {}, 'metadata': {}, 'content': {}, 'buffers': []}
2024-01-26 05:49:52.727 [IPEngine] Control received: {'header': {'msg_id': 'bbaaaf7d-f10f0f31944a0d8701e51063_3398_3', 'msg_type': 'clear_request', 'username': 'mockbuild', 'session': 'bbaaaf7d-f10f0f31944a0d8701e51063', 'date': '2024-01-26T05:49:52.715994Z', 'version': '5.3'}, 'msg_id': 'bbaaaf7d-f10f0f31944a0d8701e51063_3398_3', 'msg_type': 'clear_request', 'parent_header': {}, 'metadata': {}, 'content': {}, 'buffers': []}
2024-01-26 05:49:52.772 [IPController] monitor traffic: b'iopub'
2024-01-26 05:49:52.776 [IPController] monitor traffic: b'iopub'
2024-01-26 05:49:52.777 [IPController] monitor traffic: b'iopub'
2024-01-26 05:49:52.778 [IPController] monitor traffic: b'iopub'
2024-01-26 05:49:52.779 [IPController] monitor traffic: b'outcontrol'
2024-01-26 05:49:52.779 [IPController] monitor traffic: b'iopub'
2024-01-26 05:49:52.780 [IPController] monitor traffic: b'outcontrol'
2024-01-26 05:49:52.785 [IPController] monitor traffic: b'iopub'
2024-01-26 05:49:52.786 [IPController] monitor traffic: b'outcontrol'
2024-01-26 05:49:52.789 [IPController] monitor traffic: b'iopub'
2024-01-26 05:49:52.791 [IPController] monitor traffic: b'iopub'
2024-01-26 05:49:52.792 [IPController] monitor traffic: b'outcontrol'
----------------------------- Captured stdout call -----------------------------
Retrying test_wait_for_send
Retrying test_wait_for_send
Retrying test_wait_for_send
Retrying test_wait_for_send
Retrying test_wait_for_send
Retrying test_wait_for_send
Retrying test_wait_for_send
Retrying test_wait_for_send
Retrying test_wait_for_send
----------------------------- Captured stderr call -----------------------------
2024-01-26 05:49:52.846 [IPEngine] 
*** MESSAGE TYPE:apply_request***
2024-01-26 05:49:52.846 [IPEngine]    Content: {}
   --->
   
2024-01-26 05:49:52.846 [IPEngine] Handling apply_request: bbaaaf7d-f10f0f31944a0d8701e51063_3398_5
2024-01-26 05:49:52.846 [IPEngine] apply_request: {'header': {'msg_id': 'bbaaaf7d-f10f0f31944a0d8701e51063_3398_5', 'msg_type': 'apply_request', 'username': 'mockbuild', 'session': 'bbaaaf7d-f10f0f31944a0d8701e51063', 'date': '2024-01-26T05:49:52.824966Z', 'version': '5.3'}, 'msg_id': 'bbaaaf7d-f10f0f31944a0d8701e51063_3398_5', 'msg_type': 'apply_request', 'parent_header': {}, 'metadata': {}, 'content': {}, 'buffers': [<memory at 0xec900b68>, <memory at 0xec900b08>, <memory at 0xec4cfbc8>, <memory at 0xec4cf868>]}
2024-01-26 05:49:52.854 [IPController] monitor traffic: b'in'
2024-01-26 05:49:52.854 [IPController] queue::client b'\x00\xf4\xb0\xdc\x99' submitted request 'bbaaaf7d-f10f0f31944a0d8701e51063_3398_5' to 3
2024-01-26 05:49:52.855 [IPController] monitor traffic: b'iopub'
2024-01-26 05:49:52.856 [IPEngine] Sending apply_reply: bbaaaf7d-f10f0f31944a0d8701e51063_3398_5
2024-01-26 05:49:52.857 [IPController] monitor traffic: b'iopub'
2024-01-26 05:49:52.898 [IPController] monitor traffic: b'out'
2024-01-26 05:49:52.899 [IPController] queue::request 'bbaaaf7d-f10f0f31944a0d8701e51063_3398_5' completed on 3
2024-01-26 05:49:52.921 [IPController] monitor traffic: b'in'
2024-01-26 05:49:52.922 [IPController] queue::client b'\x00\xf4\xb0\xdc\x99' submitted request 'bbaaaf7d-f10f0f31944a0d8701e51063_3398_6' to 3
2024-01-26 05:49:52.924 [IPEngine] 
*** MESSAGE TYPE:apply_request***
2024-01-26 05:49:52.925 [IPEngine]    Content: {}
   --->
   
2024-01-26 05:49:52.925 [IPEngine] Handling apply_request: bbaaaf7d-f10f0f31944a0d8701e51063_3398_6
2024-01-26 05:49:52.925 [IPEngine] apply_request: {'header': {'msg_id': 'bbaaaf7d-f10f0f31944a0d8701e51063_3398_6', 'msg_type': 'apply_request', 'username': 'mockbuild', 'session': 'bbaaaf7d-f10f0f31944a0d8701e51063', 'date': '2024-01-26T05:49:52.888045Z', 'version': '5.3'}, 'msg_id': 'bbaaaf7d-f10f0f31944a0d8701e51063_3398_6', 'msg_type': 'apply_request', 'parent_header': {}, 'metadata': {}, 'content': {}, 'buffers': [<memory at 0xec4cfec8>, <memory at 0xec4cfe68>, <memory at 0xec4cfda8>, <memory at 0xec4cff28>]}
2024-01-26 05:49:52.929 [IPController] monitor traffic: b'iopub'
2024-01-26 05:49:52.930 [IPEngine] Sending apply_reply: bbaaaf7d-f10f0f31944a0d8701e51063_3398_6
2024-01-26 05:49:52.935 [IPController] monitor traffic: b'iopub'
2024-01-26 05:49:52.966 [IPController] monitor traffic: b'in'
2024-01-26 05:49:52.966 [IPController] queue::client b'\x00\xf4\xb0\xdc\x99' submitted request 'bbaaaf7d-f10f0f31944a0d8701e51063_3398_7' to 3
2024-01-26 05:49:52.967 [IPEngine] 
*** MESSAGE TYPE:apply_request***
2024-01-26 05:49:52.967 [IPEngine]    Content: {}
   --->
   
2024-01-26 05:49:52.967 [IPEngine] Handling apply_request: bbaaaf7d-f10f0f31944a0d8701e51063_3398_7
2024-01-26 05:49:52.967 [IPEngine] apply_request: {'header': {'msg_id': 'bbaaaf7d-f10f0f31944a0d8701e51063_3398_7', 'msg_type': 'apply_request', 'username': 'mockbuild', 'session': 'bbaaaf7d-f10f0f31944a0d8701e51063', 'date': '2024-01-26T05:49:52.931258Z', 'version': '5.3'}, 'msg_id': 'bbaaaf7d-f10f0f31944a0d8701e51063_3398_7', 'msg_type': 'apply_request', 'parent_header': {}, 'metadata': {}, 'content': {}, 'buffers': [<memory at 0xec900b08>, <memory at 0xec900b68>, <memory at 0xec4cfbc8>, <memory at 0xec4cf868>]}
2024-01-26 05:49:52.972 [IPController] monitor traffic: b'iopub'
2024-01-26 05:49:52.978 [IPEngine] Sending apply_reply: bbaaaf7d-f10f0f31944a0d8701e51063_3398_7
2024-01-26 05:49:52.982 [IPController] monitor traffic: b'iopub'
2024-01-26 05:49:52.999 [IPController] monitor traffic: b'out'
2024-01-26 05:49:52.999 [IPController] queue::request 'bbaaaf7d-f10f0f31944a0d8701e51063_3398_6' completed on 3
2024-01-26 05:49:53.035 [IPController] monitor traffic: b'out'
2024-01-26 05:49:53.036 [IPController] queue::request 'bbaaaf7d-f10f0f31944a0d8701e51063_3398_7' completed on 3
2024-01-26 05:49:53.037 [IPEngine] 
*** MESSAGE TYPE:apply_request***
2024-01-26 05:49:53.037 [IPEngine]    Content: {}
   --->
   
2024-01-26 05:49:53.037 [IPEngine] Handling apply_request: bbaaaf7d-f10f0f31944a0d8701e51063_3398_8
2024-01-26 05:49:53.037 [IPEngine] apply_request: {'header': {'msg_id': 'bbaaaf7d-f10f0f31944a0d8701e51063_3398_8', 'msg_type': 'apply_request', 'username': 'mockbuild', 'session': 'bbaaaf7d-f10f0f31944a0d8701e51063', 'date': '2024-01-26T05:49:52.978450Z', 'version': '5.3'}, 'msg_id': 'bbaaaf7d-f10f0f31944a0d8701e51063_3398_8', 'msg_type': 'apply_request', 'parent_header': {}, 'metadata': {}, 'content': {}, 'buffers': [<memory at 0xec4cfe68>, <memory at 0xec4cfec8>, <memory at 0xec4cfda8>, <memory at 0xec4cff28>]}
2024-01-26 05:49:53.046 [IPEngine] Sending apply_reply: bbaaaf7d-f10f0f31944a0d8701e51063_3398_8
2024-01-26 05:49:53.058 [IPController] monitor traffic: b'in'
2024-01-26 05:49:53.058 [IPController] queue::client b'\x00\xf4\xb0\xdc\x99' submitted request 'bbaaaf7d-f10f0f31944a0d8701e51063_3398_8' to 3
2024-01-26 05:49:53.059 [IPController] monitor traffic: b'iopub'
2024-01-26 05:49:53.059 [IPController] monitor traffic: b'iopub'
2024-01-26 05:49:53.075 [IPEngine] 
*** MESSAGE TYPE:apply_request***
2024-01-26 05:49:53.075 [IPEngine]    Content: {}
   --->
   
2024-01-26 05:49:53.075 [IPEngine] Handling apply_request: bbaaaf7d-f10f0f31944a0d8701e51063_3398_9
2024-01-26 05:49:53.075 [IPEngine] apply_request: {'header': {'msg_id': 'bbaaaf7d-f10f0f31944a0d8701e51063_3398_9', 'msg_type': 'apply_request', 'username': 'mockbuild', 'session': 'bbaaaf7d-f10f0f31944a0d8701e51063', 'date': '2024-01-26T05:49:53.048551Z', 'version': '5.3'}, 'msg_id': 'bbaaaf7d-f10f0f31944a0d8701e51063_3398_9', 'msg_type': 'apply_request', 'parent_header': {}, 'metadata': {}, 'content': {}, 'buffers': [<memory at 0xec900b68>, <memory at 0xec900b08>, <memory at 0xec4cfbc8>, <memory at 0xec4cf868>]}
2024-01-26 05:49:53.087 [IPController] monitor traffic: b'iopub'
2024-01-26 05:49:53.087 [IPEngine] Sending apply_reply: bbaaaf7d-f10f0f31944a0d8701e51063_3398_9
2024-01-26 05:49:53.091 [IPController] monitor traffic: b'iopub'
2024-01-26 05:49:53.101 [IPController] monitor traffic: b'in'
2024-01-26 05:49:53.101 [IPController] queue::client b'\x00\xf4\xb0\xdc\x99' submitted request 'bbaaaf7d-f10f0f31944a0d8701e51063_3398_9' to 3
2024-01-26 05:49:53.129 [IPController] monitor traffic: b'out'
2024-01-26 05:49:53.129 [IPController] queue::request 'bbaaaf7d-f10f0f31944a0d8701e51063_3398_8' completed on 3
2024-01-26 05:49:53.155 [IPController] monitor traffic: b'out'
2024-01-26 05:49:53.156 [IPController] queue::request 'bbaaaf7d-f10f0f31944a0d8701e51063_3398_9' completed on 3
2024-01-26 05:49:53.162 [IPEngine] 
*** MESSAGE TYPE:apply_request***
2024-01-26 05:49:53.162 [IPEngine]    Content: {}
   --->
   
2024-01-26 05:49:53.162 [IPEngine] Handling apply_request: bbaaaf7d-f10f0f31944a0d8701e51063_3398_10
2024-01-26 05:49:53.162 [IPEngine] apply_request: {'header': {'msg_id': 'bbaaaf7d-f10f0f31944a0d8701e51063_3398_10', 'msg_type': 'apply_request', 'username': 'mockbuild', 'session': 'bbaaaf7d-f10f0f31944a0d8701e51063', 'date': '2024-01-26T05:49:53.083226Z', 'version': '5.3'}, 'msg_id': 'bbaaaf7d-f10f0f31944a0d8701e51063_3398_10', 'msg_type': 'apply_request', 'parent_header': {}, 'metadata': {}, 'content': {}, 'buffers': [<memory at 0xec4cfec8>, <memory at 0xec4cfe68>, <memory at 0xec4cfda8>, <memory at 0xec4cff28>]}
2024-01-26 05:49:53.169 [IPEngine] Sending apply_reply: bbaaaf7d-f10f0f31944a0d8701e51063_3398_10
2024-01-26 05:49:53.169 [IPController] monitor traffic: b'iopub'
2024-01-26 05:49:53.171 [IPController] monitor traffic: b'iopub'
2024-01-26 05:49:53.189 [IPController] monitor traffic: b'in'
2024-01-26 05:49:53.190 [IPController] queue::client b'\x00\xf4\xb0\xdc\x99' submitted request 'bbaaaf7d-f10f0f31944a0d8701e51063_3398_10' to 3
2024-01-26 05:49:53.205 [IPController] monitor traffic: b'in'
2024-01-26 05:49:53.205 [IPController] queue::client b'\x00\xf4\xb0\xdc\x99' submitted request 'bbaaaf7d-f10f0f31944a0d8701e51063_3398_11' to 3
2024-01-26 05:49:53.215 [IPEngine] 
*** MESSAGE TYPE:apply_request***
2024-01-26 05:49:53.215 [IPEngine]    Content: {}
   --->
   
2024-01-26 05:49:53.215 [IPEngine] Handling apply_request: bbaaaf7d-f10f0f31944a0d8701e51063_3398_11
2024-01-26 05:49:53.215 [IPEngine] apply_request: {'header': {'msg_id': 'bbaaaf7d-f10f0f31944a0d8701e51063_3398_11', 'msg_type': 'apply_request', 'username': 'mockbuild', 'session': 'bbaaaf7d-f10f0f31944a0d8701e51063', 'date': '2024-01-26T05:49:53.134534Z', 'version': '5.3'}, 'msg_id': 'bbaaaf7d-f10f0f31944a0d8701e51063_3398_11', 'msg_type': 'apply_request', 'parent_header': {}, 'metadata': {}, 'content': {}, 'buffers': [<memory at 0xec900b08>, <memory at 0xec900b68>, <memory at 0xec4cfbc8>, <memory at 0xec4cf868>]}
2024-01-26 05:49:53.223 [IPController] monitor traffic: b'iopub'
2024-01-26 05:49:53.223 [IPEngine] Sending apply_reply: bbaaaf7d-f10f0f31944a0d8701e51063_3398_11
2024-01-26 05:49:53.226 [IPController] monitor traffic: b'iopub'
2024-01-26 05:49:53.258 [IPController] monitor traffic: b'out'
2024-01-26 05:49:53.258 [IPController] queue::request 'bbaaaf7d-f10f0f31944a0d8701e51063_3398_10' completed on 3
--------------------------- Captured stderr teardown ---------------------------
2024-01-26 05:49:53.269 [IPEngine] 
*** MESSAGE TYPE:apply_request***
2024-01-26 05:49:53.269 [IPEngine]    Content: {}
   --->
   
2024-01-26 05:49:53.269 [IPEngine] Handling apply_request: bbaaaf7d-f10f0f31944a0d8701e51063_3398_12
2024-01-26 05:49:53.269 [IPEngine] apply_request: {'header': {'msg_id': 'bbaaaf7d-f10f0f31944a0d8701e51063_3398_12', 'msg_type': 'apply_request', 'username': 'mockbuild', 'session': 'bbaaaf7d-f10f0f31944a0d8701e51063', 'date': '2024-01-26T05:49:53.179009Z', 'version': '5.3'}, 'msg_id': 'bbaaaf7d-f10f0f31944a0d8701e51063_3398_12', 'msg_type': 'apply_request', 'parent_header': {}, 'metadata': {}, 'content': {}, 'buffers': [<memory at 0xec4cfe68>, <memory at 0xec4cfec8>, <memory at 0xec4cfda8>, <memory at 0xec4cff28>]}
2024-01-26 05:49:53.277 [IPController] monitor traffic: b'iopub'
2024-01-26 05:49:53.277 [IPEngine] Sending apply_reply: bbaaaf7d-f10f0f31944a0d8701e51063_3398_12
2024-01-26 05:49:53.280 [IPController] monitor traffic: b'iopub'
2024-01-26 05:49:53.294 [IPController] monitor traffic: b'in'
2024-01-26 05:49:53.294 [IPController] queue::client b'\x00\xf4\xb0\xdc\x99' submitted request 'bbaaaf7d-f10f0f31944a0d8701e51063_3398_12' to 3
2024-01-26 05:49:53.314 [IPEngine] 
*** MESSAGE TYPE:apply_request***
2024-01-26 05:49:53.314 [IPEngine]    Content: {}
   --->
   
2024-01-26 05:49:53.314 [IPEngine] Handling apply_request: bbaaaf7d-f10f0f31944a0d8701e51063_3398_13
2024-01-26 05:49:53.314 [IPEngine] apply_request: {'header': {'msg_id': 'bbaaaf7d-f10f0f31944a0d8701e51063_3398_13', 'msg_type': 'apply_request', 'username': 'mockbuild', 'session': 'bbaaaf7d-f10f0f31944a0d8701e51063', 'date': '2024-01-26T05:49:53.221800Z', 'version': '5.3'}, 'msg_id': 'bbaaaf7d-f10f0f31944a0d8701e51063_3398_13', 'msg_type': 'apply_request', 'parent_header': {}, 'metadata': {}, 'content': {}, 'buffers': [<memory at 0xec900b68>, <memory at 0xec900b08>, <memory at 0xec4cfbc8>, <memory at 0xec4cf868>]}
2024-01-26 05:49:53.321 [IPController] monitor traffic: b'iopub'
2024-01-26 05:49:53.321 [IPEngine] Sending apply_reply: bbaaaf7d-f10f0f31944a0d8701e51063_3398_13
2024-01-26 05:49:53.324 [IPController] monitor traffic: b'iopub'
2024-01-26 05:49:53.341 [IPController] monitor traffic: b'out'
2024-01-26 05:49:53.341 [IPController] queue::request 'bbaaaf7d-f10f0f31944a0d8701e51063_3398_11' completed on 3
2024-01-26 05:49:53.365 [IPEngine] 
*** MESSAGE TYPE:apply_request***
2024-01-26 05:49:53.365 [IPEngine]    Content: {}
   --->
   
2024-01-26 05:49:53.365 [IPEngine] Handling apply_request: bbaaaf7d-f10f0f31944a0d8701e51063_3398_15
2024-01-26 05:49:53.365 [IPEngine] apply_request: {'header': {'msg_id': 'bbaaaf7d-f10f0f31944a0d8701e51063_3398_15', 'msg_type': 'apply_request', 'username': 'mockbuild', 'session': 'bbaaaf7d-f10f0f31944a0d8701e51063', 'date': '2024-01-26T05:49:53.350152Z', 'version': '5.3'}, 'msg_id': 'bbaaaf7d-f10f0f31944a0d8701e51063_3398_15', 'msg_type': 'apply_request', 'parent_header': {}, 'metadata': {}, 'content': {}, 'buffers': [<memory at 0xec67c388>, <memory at 0xec67c448>]}
2024-01-26 05:49:53.369 [IPEngine] 
*** MESSAGE TYPE:apply_request***
2024-01-26 05:49:53.369 [IPEngine]    Content: {}
   --->
   
2024-01-26 05:49:53.369 [IPEngine] Handling apply_request: bbaaaf7d-f10f0f31944a0d8701e51063_3398_16
2024-01-26 05:49:53.369 [IPEngine] apply_request: {'header': {'msg_id': 'bbaaaf7d-f10f0f31944a0d8701e51063_3398_16', 'msg_type': 'apply_request', 'username': 'mockbuild', 'session': 'bbaaaf7d-f10f0f31944a0d8701e51063', 'date': '2024-01-26T05:49:53.350597Z', 'version': '5.3'}, 'msg_id': 'bbaaaf7d-f10f0f31944a0d8701e51063_3398_16', 'msg_type': 'apply_request', 'parent_header': {}, 'metadata': {}, 'content': {}, 'buffers': [<memory at 0xec7efc28>, <memory at 0xf51bd1a8>]}
2024-01-26 05:49:53.369 [IPEngine] 
*** MESSAGE TYPE:apply_request***
2024-01-26 05:49:53.369 [IPEngine]    Content: {}
   --->
   
2024-01-26 05:49:53.369 [IPEngine] Handling apply_request: bbaaaf7d-f10f0f31944a0d8701e51063_3398_17
2024-01-26 05:49:53.370 [IPEngine] apply_request: {'header': {'msg_id': 'bbaaaf7d-f10f0f31944a0d8701e51063_3398_17', 'msg_type': 'apply_request', 'username': 'mockbuild', 'session': 'bbaaaf7d-f10f0f31944a0d8701e51063', 'date': '2024-01-26T05:49:53.350887Z', 'version': '5.3'}, 'msg_id': 'bbaaaf7d-f10f0f31944a0d8701e51063_3398_17', 'msg_type': 'apply_request', 'parent_header': {}, 'metadata': {}, 'content': {}, 'buffers': [<memory at 0xf511ada8>, <memory at 0xf511aec8>]}
2024-01-26 05:49:53.371 [IPEngine] Sending apply_reply: bbaaaf7d-f10f0f31944a0d8701e51063_3398_16
2024-01-26 05:49:53.371 [IPEngine] Sending apply_reply: bbaaaf7d-f10f0f31944a0d8701e51063_3398_15
2024-01-26 05:49:53.373 [IPEngine] Sending apply_reply: bbaaaf7d-f10f0f31944a0d8701e51063_3398_17
2024-01-26 05:49:53.374 [IPController] monitor traffic: b'in'
2024-01-26 05:49:53.375 [IPController] queue::client b'\x00\xf4\xb0\xdc\x99' submitted request 'bbaaaf7d-f10f0f31944a0d8701e51063_3398_13' to 3
2024-01-26 05:49:53.375 [IPController] monitor traffic: b'iopub'
2024-01-26 05:49:53.375 [IPController] monitor traffic: b'iopub'
2024-01-26 05:49:53.375 [IPController] monitor traffic: b'iopub'
2024-01-26 05:49:53.377 [IPController] monitor traffic: b'iopub'
2024-01-26 05:49:53.377 [IPController] monitor traffic: b'iopub'
2024-01-26 05:49:53.377 [IPController] monitor traffic: b'iopub'
2024-01-26 05:49:53.384 [IPEngine] 
*** MESSAGE TYPE:apply_request***
2024-01-26 05:49:53.384 [IPEngine]    Content: {}
   --->
   
2024-01-26 05:49:53.384 [IPEngine] Handling apply_request: bbaaaf7d-f10f0f31944a0d8701e51063_3398_14
2024-01-26 05:49:53.384 [IPEngine] apply_request: {'header': {'msg_id': 'bbaaaf7d-f10f0f31944a0d8701e51063_3398_14', 'msg_type': 'apply_request', 'username': 'mockbuild', 'session': 'bbaaaf7d-f10f0f31944a0d8701e51063', 'date': '2024-01-26T05:49:53.266060Z', 'version': '5.3'}, 'msg_id': 'bbaaaf7d-f10f0f31944a0d8701e51063_3398_14', 'msg_type': 'apply_request', 'parent_header': {}, 'metadata': {}, 'content': {}, 'buffers': [<memory at 0xec4cfec8>, <memory at 0xec4cfe68>, <memory at 0xec4cfda8>, <memory at 0xec4cff28>]}
2024-01-26 05:49:53.389 [IPController] monitor traffic: b'iopub'
2024-01-26 05:49:53.393 [IPEngine] Sending apply_reply: bbaaaf7d-f10f0f31944a0d8701e51063_3398_14
2024-01-26 05:49:53.395 [IPController] monitor traffic: b'iopub'
2024-01-26 05:49:53.397 [IPEngine] 
*** MESSAGE TYPE:apply_request***
2024-01-26 05:49:53.397 [IPEngine]    Content: {}
   --->
   
2024-01-26 05:49:53.397 [IPEngine] Handling apply_request: bbaaaf7d-f10f0f31944a0d8701e51063_3398_18
2024-01-26 05:49:53.397 [IPEngine] apply_request: {'header': {'msg_id': 'bbaaaf7d-f10f0f31944a0d8701e51063_3398_18', 'msg_type': 'apply_request', 'username': 'mockbuild', 'session': 'bbaaaf7d-f10f0f31944a0d8701e51063', 'date': '2024-01-26T05:49:53.351181Z', 'version': '5.3'}, 'msg_id': 'bbaaaf7d-f10f0f31944a0d8701e51063_3398_18', 'msg_type': 'apply_request', 'parent_header': {}, 'metadata': {}, 'content': {}, 'buffers': [<memory at 0xec900b08>, <memory at 0xec900b68>]}
2024-01-26 05:49:53.398 [IPController] monitor traffic: b'iopub'
2024-01-26 05:49:53.398 [IPEngine] Sending apply_reply: bbaaaf7d-f10f0f31944a0d8701e51063_3398_18
2024-01-26 05:49:53.400 [IPController] monitor traffic: b'iopub'
2024-01-26 05:49:53.422 [IPController] monitor traffic: b'out'
2024-01-26 05:49:53.422 [IPController] queue::request 'bbaaaf7d-f10f0f31944a0d8701e51063_3398_12' completed on 3
2024-01-26 05:49:53.442 [IPController] monitor traffic: b'in'
2024-01-26 05:49:53.443 [IPController] queue::client b'\x00\xf4\xb0\xdc\x99' submitted request 'bbaaaf7d-f10f0f31944a0d8701e51063_3398_14' to 3
2024-01-26 05:49:53.443 [IPController] monitor traffic: b'in'
2024-01-26 05:49:53.443 [IPController] queue::client b'\x00\xf4\xb0\xdc\x99' submitted request 'bbaaaf7d-f10f0f31944a0d8701e51063_3398_15' to 0
=============================== warnings summary ===============================
../../../../usr/lib/python3.12/site-packages/jupyter_client/connect.py:27
  /usr/lib/python3.12/site-packages/jupyter_client/connect.py:27: DeprecationWarning: Jupyter is migrating its paths to use standard platformdirs
  given by the platformdirs library.  To remove this warning and
  see the appropriate new directories, set the environment variable
  `JUPYTER_PLATFORM_DIRS=1` and then run `jupyter --paths`.
  The use of platformdirs will be the default in `jupyter_core` v6
    from jupyter_core.paths import jupyter_data_dir

ipyparallel/tests/test_apps.py: 5 warnings
ipyparallel/tests/test_asyncresult.py: 42 warnings
ipyparallel/tests/test_client.py: 50 warnings
ipyparallel/tests/test_cluster.py: 13 warnings
ipyparallel/tests/test_db.py: 32 warnings
ipyparallel/tests/test_dependency.py: 5 warnings
ipyparallel/tests/test_executor.py: 5 warnings
ipyparallel/tests/test_joblib.py: 1 warning
ipyparallel/tests/test_lbview.py: 19 warnings
ipyparallel/tests/test_magics.py: 25 warnings
ipyparallel/tests/test_remotefunction.py: 3 warnings
ipyparallel/tests/test_view.py: 70 warnings
ipyparallel/tests/test_view_broadcast.py: 73 warnings
  /usr/lib/python3.12/site-packages/jupyter_client/session.py:203: DeprecationWarning: datetime.datetime.utcnow() is deprecated and scheduled for removal in a future version. Use timezone-aware objects to represent datetimes in UTC: datetime.datetime.now(datetime.UTC).
    return datetime.utcnow().replace(tzinfo=utc)

ipyparallel/tests/test_apps.py::test_bind_kernel
  /usr/lib/python3.12/unittest/mock.py:803: ResourceWarning: Unclosed socket <zmq.Socket(zmq.ROUTER) at 0xf47ccf10>
    return object.__setattr__(self, name, value)
  Enable tracemalloc to get traceback where the object was allocated.
  See https://docs.pytest.org/en/stable/how-to/capture-warnings.html#resource-warnings for more info.

ipyparallel/tests/test_apps.py::test_ipcluster_start_stop[False]
  /usr/lib/python3.12/site-packages/tornado/ioloop.py:262: DeprecationWarning: There is no current event loop
    loop = asyncio.get_event_loop()

ipyparallel/tests/test_apps.py: 2 warnings
ipyparallel/tests/test_asyncresult.py: 42 warnings
ipyparallel/tests/test_client.py: 46 warnings
ipyparallel/tests/test_cluster.py: 5 warnings
ipyparallel/tests/test_db.py: 4 warnings
ipyparallel/tests/test_dependency.py: 5 warnings
ipyparallel/tests/test_executor.py: 5 warnings
ipyparallel/tests/test_lbview.py: 19 warnings
ipyparallel/tests/test_magics.py: 24 warnings
ipyparallel/tests/test_remotefunction.py: 3 warnings
ipyparallel/tests/test_view.py: 69 warnings
ipyparallel/tests/test_view_broadcast.py: 72 warnings
  /builddir/build/BUILD/ipyparallel-8.6.1/ipyparallel/util.py:594: DeprecationWarning: datetime.datetime.utcnow() is deprecated and scheduled for removal in a future version. Use timezone-aware objects to represent datetimes in UTC: datetime.datetime.now(datetime.UTC).
    return datetime.utcnow().replace(tzinfo=utc)

ipyparallel/tests/test_asyncresult.py: 2 warnings
ipyparallel/tests/test_client.py: 2 warnings
ipyparallel/tests/test_cluster.py: 12 warnings
ipyparallel/tests/test_magics.py: 2 warnings
  /usr/lib/python3.12/site-packages/tqdm/std.py:580: DeprecationWarning: datetime.datetime.utcfromtimestamp() is deprecated and scheduled for removal in a future version. Use timezone-aware objects to represent datetimes in UTC: datetime.datetime.fromtimestamp(timestamp, datetime.UTC).
    if rate and total else datetime.utcfromtimestamp(0))

ipyparallel/tests/test_client.py::TestClient::test_ids
ipyparallel/tests/test_view_broadcast.py::TestBroadcastViewCoalescing::test_scatter_gather
  /usr/lib/python3.12/asyncio/base_events.py:723: ResourceWarning: unclosed event loop <_UnixSelectorEventLoop running=False closed=False debug=False>
    _warn(f"unclosed event loop {self!r}", ResourceWarning, source=self)
  Enable tracemalloc to get traceback where the object was allocated.
  See https://docs.pytest.org/en/stable/how-to/capture-warnings.html#resource-warnings for more info.

ipyparallel/tests/test_cluster.py::test_wait_for_engines_crash
  /usr/lib/python3.12/site-packages/zmq/eventloop/zmqstream.py:576: UserWarning: Unregistering FD 49 after closing socket. This could result in unregistering handlers for the wrong socket. Please use stream.close() instead of closing the socket directly.
    self.close()

ipyparallel/tests/test_cluster.py::test_wait_for_engines_crash
  /usr/lib/python3.12/site-packages/zmq/eventloop/zmqstream.py:576: UserWarning: Unregistering FD 51 after closing socket. This could result in unregistering handlers for the wrong socket. Please use stream.close() instead of closing the socket directly.
    self.close()

ipyparallel/tests/test_cluster.py::test_wait_for_engines_crash
  /usr/lib/python3.12/site-packages/zmq/eventloop/zmqstream.py:576: UserWarning: Unregistering FD 52 after closing socket. This could result in unregistering handlers for the wrong socket. Please use stream.close() instead of closing the socket directly.
    self.close()

ipyparallel/tests/test_cluster.py::test_wait_for_engines_crash
  /usr/lib/python3.12/site-packages/zmq/eventloop/zmqstream.py:576: UserWarning: Unregistering FD 54 after closing socket. This could result in unregistering handlers for the wrong socket. Please use stream.close() instead of closing the socket directly.
    self.close()

ipyparallel/tests/test_cluster.py::test_wait_for_engines_crash
  /usr/lib/python3.12/site-packages/zmq/eventloop/zmqstream.py:576: UserWarning: Unregistering FD 55 after closing socket. This could result in unregistering handlers for the wrong socket. Please use stream.close() instead of closing the socket directly.
    self.close()

ipyparallel/tests/test_cluster.py::test_wait_for_engines_crash
  /usr/lib/python3.12/site-packages/zmq/eventloop/zmqstream.py:576: UserWarning: Unregistering FD 56 after closing socket. This could result in unregistering handlers for the wrong socket. Please use stream.close() instead of closing the socket directly.
    self.close()

ipyparallel/tests/test_cluster.py::test_wait_for_engines_crash
  /usr/lib/python3.12/site-packages/zmq/eventloop/zmqstream.py:576: UserWarning: Unregistering FD 57 after closing socket. This could result in unregistering handlers for the wrong socket. Please use stream.close() instead of closing the socket directly.
    self.close()

ipyparallel/tests/test_launcher.py::test_ssh_waitpid
  /usr/lib/python3.12/subprocess.py:1127: ResourceWarning: subprocess 5526 is still running
    _warn("subprocess %s is still running" % self.pid,
  Enable tracemalloc to get traceback where the object was allocated.
  See https://docs.pytest.org/en/stable/how-to/capture-warnings.html#resource-warnings for more info.

ipyparallel/tests/test_view_broadcast.py::TestBroadcastViewCoalescing::test_apply_displaypub
  /usr/lib/python3.12/subprocess.py:1127: ResourceWarning: subprocess 6440 is still running
    _warn("subprocess %s is still running" % self.pid,
  Enable tracemalloc to get traceback where the object was allocated.
  See https://docs.pytest.org/en/stable/how-to/capture-warnings.html#resource-warnings for more info.

-- Docs: https://docs.pytest.org/en/stable/how-to/capture-warnings.html
============================= slowest 10 durations =============================
8.66s call     ipyparallel/tests/test_magics.py::TestParallelMagics::test_cellpx_error_stream
6.63s call     ipyparallel/tests/test_lbview.py::TestLoadBalancedView::test_z_crash
6.37s call     ipyparallel/tests/test_apps.py::test_ipcluster_list
5.59s call     ipyparallel/tests/test_apps.py::test_ipcluster_start_stop[True]
5.48s call     ipyparallel/tests/test_cluster.py::test_sync_with
5.40s call     ipyparallel/tests/test_cluster.py::test_restart_engines
5.29s call     ipyparallel/tests/test_cluster.py::test_async_with
5.05s call     ipyparallel/tests/test_magics.py::TestParallelMagics::test_cellpx_error_no_stream
4.89s call     ipyparallel/tests/test_apps.py::test_ipcluster_start_stop[False]
4.76s call     ipyparallel/tests/test_cluster.py::test_signal_engines
=========================== short test summary info ============================
SKIPPED [1] ipyparallel/tests/clienttest.py:83: Test requires distributed
SKIPPED [3] ipyparallel/tests/test_joblib.py:29: Requires joblib >= 0.10
SKIPPED [1] ipyparallel/tests/test_db.py:44: Requires mongodb
SKIPPED [1] ipyparallel/tests/test_db.py:143: Requires mongodb
SKIPPED [1] ipyparallel/tests/test_db.py:152: Requires mongodb
SKIPPED [1] ipyparallel/tests/test_db.py:51: Requires mongodb
SKIPPED [1] ipyparallel/tests/test_db.py:82: Requires mongodb
SKIPPED [1] ipyparallel/tests/test_db.py:120: Requires mongodb
SKIPPED [1] ipyparallel/tests/test_db.py:98: Requires mongodb
SKIPPED [1] ipyparallel/tests/test_db.py:106: Requires mongodb
SKIPPED [1] ipyparallel/tests/test_db.py:132: Requires mongodb
SKIPPED [1] ipyparallel/tests/test_db.py:159: Requires mongodb
SKIPPED [1] ipyparallel/tests/test_db.py:183: Requires mongodb
SKIPPED [1] ipyparallel/tests/test_db.py:195: Requires mongodb
SKIPPED [1] ipyparallel/tests/test_db.py:171: Requires mongodb
SKIPPED [1] ipyparallel/tests/test_db.py:64: Requires mongodb
SKIPPED [1] ipyparallel/tests/test_cluster.py:174: Requires mpiexec
SKIPPED [1] ipyparallel/tests/test_cluster.py:156: Requires mpiexec
SKIPPED [1] ipyparallel/tests/test_cluster.py:121: Requires mpiexec
SKIPPED [1] ipyparallel/tests/test_cluster.py:106: Requires mpiexec
SKIPPED [1] ipyparallel/tests/test_cluster.py:280: Requires mpiexec
SKIPPED [1] ipyparallel/tests/test_cluster.py:174: Requires slurm
SKIPPED [1] ipyparallel/tests/test_cluster.py:156: Requires slurm
SKIPPED [1] ipyparallel/tests/test_cluster.py:121: Requires slurm
SKIPPED [1] ipyparallel/tests/test_cluster.py:106: Requires slurm
SKIPPED [1] ipyparallel/tests/test_cluster.py:280: Requires slurm
SKIPPED [2] ipyparallel/tests/test_cluster.py:174: Needs docker compose
SKIPPED [2] ipyparallel/tests/test_cluster.py:156: Needs docker compose
SKIPPED [2] ipyparallel/tests/test_cluster.py:121: Needs docker compose
SKIPPED [2] ipyparallel/tests/test_cluster.py:106: Needs docker compose
SKIPPED [2] ipyparallel/tests/test_cluster.py:280: Needs docker compose
SKIPPED [2] ipyparallel/tests/clienttest.py:83: Test requires pandas
SKIPPED [6] ipyparallel/tests/clienttest.py:83: Test requires cloudpickle
XFAIL ipyparallel/tests/test_view_broadcast.py::TestBroadcastViewCoalescing::test_target_ordering - coalescing view doesn't preserve target order
XPASS ipyparallel/tests/test_view_broadcast.py::TestBroadcastViewCoalescing::test_map map not yet implemented
XPASS ipyparallel/tests/test_view_broadcast.py::TestBroadcastViewCoalescing::test_map_ref map not yet implemented
XPASS ipyparallel/tests/test_view_broadcast.py::TestBroadcastViewCoalescing::test_map_reference map not yet implemented
XPASS ipyparallel/tests/test_view_broadcast.py::TestBroadcastViewCoalescing::test_map_iterable map not yet implemented
XPASS ipyparallel/tests/test_view_broadcast.py::TestBroadcastViewCoalescing::test_map_empty_sequence map not yet implemented
XPASS ipyparallel/tests/test_view_broadcast.py::TestBroadcastViewCoalescing::test_map_numpy map not yet implemented
XPASS ipyparallel/tests/test_view_broadcast.py::TestBroadcastViewCoalescing::test_scatter_tracked Tracking gets disconnected from original message
XPASS ipyparallel/tests/test_view_broadcast.py::TestBroadcastViewCoalescing::test_apply_displaypub displaypub ordering not preserved
FAILED ipyparallel/tests/test_asyncresult.py::TestAsyncResult::test_wait_for_send
= 1 failed, 440 passed, 46 skipped, 1 xfailed, 8 xpassed, 671 warnings in 302.83s (0:05:02) =
error: Bad exit status from /var/tmp/rpm-tmp.SNhvmj (%check)
    %patchN is deprecated (3 usages found), use %patch N (or %patch -P N)
    Bad exit status from /var/tmp/rpm-tmp.SNhvmj (%check)

RPM build warnings:

RPM build errors:
Finish: rpmbuild python-ipyparallel-8.6.1-6.fc40.src.rpm
Finish: build phase for python-ipyparallel-8.6.1-6.fc40.src.rpm
INFO: chroot_scan: 3 files copied to /var/lib/copr-rpmbuild/results/chroot_scan
INFO: /var/lib/mock/fedora-39-i686-1706248002.521398/root/var/log/dnf.rpm.log
/var/lib/mock/fedora-39-i686-1706248002.521398/root/var/log/dnf.librepo.log
/var/lib/mock/fedora-39-i686-1706248002.521398/root/var/log/dnf.log
ERROR: Exception(/var/lib/copr-rpmbuild/results/python-ipyparallel-8.6.1-6.fc40.src.rpm) Config(fedora-39-i686) 5 minutes 49 seconds
INFO: Results and/or logs in: /var/lib/copr-rpmbuild/results
INFO: Cleaning up build root ('cleanup_on_failure=True')
Start: clean chroot
INFO: unmounting tmpfs.
Finish: clean chroot
ERROR: Command failed: 
 # /usr/bin/systemd-nspawn -q -M 410bdbd4d7354433afc1a74c8a56e1fe -D /var/lib/mock/fedora-39-i686-1706248002.521398/root -a -u mockbuild --capability=cap_ipc_lock --rlimit=RLIMIT_NOFILE=10240 --capability=cap_ipc_lock --bind=/tmp/mock-resolv.qn7adoso:/etc/resolv.conf --bind=/dev/btrfs-control --bind=/dev/mapper/control --bind=/dev/fuse --bind=/dev/loop-control --bind=/dev/loop0 --bind=/dev/loop1 --bind=/dev/loop2 --bind=/dev/loop3 --bind=/dev/loop4 --bind=/dev/loop5 --bind=/dev/loop6 --bind=/dev/loop7 --bind=/dev/loop8 --bind=/dev/loop9 --bind=/dev/loop10 --bind=/dev/loop11 --console=pipe --setenv=TERM=vt100 --setenv=SHELL=/bin/bash --setenv=HOME=/builddir --setenv=HOSTNAME=mock --setenv=PATH=/usr/bin:/bin:/usr/sbin:/sbin '--setenv=PROMPT_COMMAND=printf "\033]0;<mock-chroot>\007"' '--setenv=PS1=<mock-chroot> \s-\v\$ ' --setenv=LANG=C.UTF-8 --resolv-conf=off bash --login -c '/usr/bin/rpmbuild -bb  --target i686 --nodeps /builddir/build/originals/python-ipyparallel.spec'

Copr build error: Build failed
