INFO buildroot.py:665:  Mock Version: 6.0
DEBUG file_util.py:18:  ensuring that dir exists: /var/lib/mock/f40-build-58054473-6561875/root
DEBUG file_util.py:21:  created dir: /var/lib/mock/f40-build-58054473-6561875/root
DEBUG file_util.py:18:  ensuring that dir exists: /var/lib/mock/f40-build-58054473-6561875-bootstrap
DEBUG file_util.py:21:  created dir: /var/lib/mock/f40-build-58054473-6561875-bootstrap
DEBUG file_util.py:18:  ensuring that dir exists: /var/lib/mock/f40-build-58054473-6561875-bootstrap
DEBUG file_util.py:18:  ensuring that dir exists: /var/lib/mock/f40-build-58054473-6561875-bootstrap/root
DEBUG file_util.py:21:  created dir: /var/lib/mock/f40-build-58054473-6561875-bootstrap/root
DEBUG file_util.py:18:  ensuring that dir exists: /var/lib/mock/f40-build-58054473-6561875-bootstrap/results
DEBUG file_util.py:21:  created dir: /var/lib/mock/f40-build-58054473-6561875-bootstrap/results
INFO buildroot.py:316:  calling preinit hooks
DEBUG buildroot.py:721:  create skeleton dirs
DEBUG file_util.py:18:  ensuring that dir exists: /var/lib/mock/f40-build-58054473-6561875-bootstrap/root/var/lib/rpm
DEBUG file_util.py:21:  created dir: /var/lib/mock/f40-build-58054473-6561875-bootstrap/root/var/lib/rpm
DEBUG file_util.py:18:  ensuring that dir exists: /var/lib/mock/f40-build-58054473-6561875-bootstrap/root/var/lib/yum
DEBUG file_util.py:21:  created dir: /var/lib/mock/f40-build-58054473-6561875-bootstrap/root/var/lib/yum
DEBUG file_util.py:18:  ensuring that dir exists: /var/lib/mock/f40-build-58054473-6561875-bootstrap/root/var/lib/dbus
DEBUG file_util.py:21:  created dir: /var/lib/mock/f40-build-58054473-6561875-bootstrap/root/var/lib/dbus
DEBUG file_util.py:18:  ensuring that dir exists: /var/lib/mock/f40-build-58054473-6561875-bootstrap/root/var/log
DEBUG file_util.py:21:  created dir: /var/lib/mock/f40-build-58054473-6561875-bootstrap/root/var/log
DEBUG file_util.py:18:  ensuring that dir exists: /var/lib/mock/f40-build-58054473-6561875-bootstrap/root/var/cache/dnf
DEBUG file_util.py:21:  created dir: /var/lib/mock/f40-build-58054473-6561875-bootstrap/root/var/cache/dnf
DEBUG file_util.py:18:  ensuring that dir exists: /var/lib/mock/f40-build-58054473-6561875-bootstrap/root/var/cache/yum
DEBUG file_util.py:21:  created dir: /var/lib/mock/f40-build-58054473-6561875-bootstrap/root/var/cache/yum
DEBUG file_util.py:18:  ensuring that dir exists: /var/lib/mock/f40-build-58054473-6561875-bootstrap/root/etc/rpm
DEBUG file_util.py:21:  created dir: /var/lib/mock/f40-build-58054473-6561875-bootstrap/root/etc/rpm
DEBUG file_util.py:18:  ensuring that dir exists: /var/lib/mock/f40-build-58054473-6561875-bootstrap/root/tmp
DEBUG file_util.py:21:  created dir: /var/lib/mock/f40-build-58054473-6561875-bootstrap/root/tmp
DEBUG file_util.py:18:  ensuring that dir exists: /var/lib/mock/f40-build-58054473-6561875-bootstrap/root/tmp/ccache
DEBUG file_util.py:21:  created dir: /var/lib/mock/f40-build-58054473-6561875-bootstrap/root/tmp/ccache
DEBUG file_util.py:18:  ensuring that dir exists: /var/lib/mock/f40-build-58054473-6561875-bootstrap/root/var/tmp
DEBUG file_util.py:21:  created dir: /var/lib/mock/f40-build-58054473-6561875-bootstrap/root/var/tmp
DEBUG file_util.py:18:  ensuring that dir exists: /var/lib/mock/f40-build-58054473-6561875-bootstrap/root/etc/dnf
DEBUG file_util.py:21:  created dir: /var/lib/mock/f40-build-58054473-6561875-bootstrap/root/etc/dnf
DEBUG file_util.py:18:  ensuring that dir exists: /var/lib/mock/f40-build-58054473-6561875-bootstrap/root/etc/dnf/vars
DEBUG file_util.py:21:  created dir: /var/lib/mock/f40-build-58054473-6561875-bootstrap/root/etc/dnf/vars
DEBUG file_util.py:18:  ensuring that dir exists: /var/lib/mock/f40-build-58054473-6561875-bootstrap/root/etc/yum.repos.d
DEBUG file_util.py:21:  created dir: /var/lib/mock/f40-build-58054473-6561875-bootstrap/root/etc/yum.repos.d
DEBUG file_util.py:18:  ensuring that dir exists: /var/lib/mock/f40-build-58054473-6561875-bootstrap/root/etc/yum
DEBUG file_util.py:21:  created dir: /var/lib/mock/f40-build-58054473-6561875-bootstrap/root/etc/yum
DEBUG file_util.py:18:  ensuring that dir exists: /var/lib/mock/f40-build-58054473-6561875-bootstrap/root/proc
DEBUG file_util.py:21:  created dir: /var/lib/mock/f40-build-58054473-6561875-bootstrap/root/proc
DEBUG file_util.py:18:  ensuring that dir exists: /var/lib/mock/f40-build-58054473-6561875-bootstrap/root/sys
DEBUG file_util.py:21:  created dir: /var/lib/mock/f40-build-58054473-6561875-bootstrap/root/sys
DEBUG file_util.py:18:  ensuring that dir exists: /var/lib/mock/f40-build-58054473-6561875-bootstrap/root/dev/pts
DEBUG file_util.py:21:  created dir: /var/lib/mock/f40-build-58054473-6561875-bootstrap/root/dev/pts
DEBUG file_util.py:18:  ensuring that dir exists: /var/lib/mock/f40-build-58054473-6561875-bootstrap/root/dev/shm
DEBUG file_util.py:21:  created dir: /var/lib/mock/f40-build-58054473-6561875-bootstrap/root/dev/shm
DEBUG file_util.py:18:  ensuring that dir exists: /var/lib/mock/f40-build-58054473-6561875-bootstrap/root/dev/mapper
DEBUG file_util.py:21:  created dir: /var/lib/mock/f40-build-58054473-6561875-bootstrap/root/dev/mapper
DEBUG buildroot.py:865:  kernel version == 6.12.10-200.fc41.x86_64
DEBUG file_util.py:30:  touching file: /var/lib/mock/f40-build-58054473-6561875-bootstrap/root/etc/fstab
DEBUG file_util.py:30:  touching file: /var/lib/mock/f40-build-58054473-6561875-bootstrap/root/etc/yum/yum.conf
DEBUG file_util.py:30:  touching file: /var/lib/mock/f40-build-58054473-6561875-bootstrap/root/etc/dnf/dnf.conf
DEBUG file_util.py:30:  touching file: /var/lib/mock/f40-build-58054473-6561875-bootstrap/root/var/log/yum.log
DEBUG buildroot.py:330:  rootdir = /var/lib/mock/f40-build-58054473-6561875-bootstrap/root
DEBUG buildroot.py:331:  resultdir = /var/lib/mock/f40-build-58054473-6561875-bootstrap/results
DEBUG package_manager.py:63:  searching for 'dnf5' package manager or alternatives
INFO buildroot.py:179:  Package manager dnf5 detected and used (fallback)
DEBUG file_util.py:18:  ensuring that dir exists: /var/lib/mock/f40-build-58054473-6561875-bootstrap/root/etc/pki/mock
DEBUG file_util.py:21:  created dir: /var/lib/mock/f40-build-58054473-6561875-bootstrap/root/etc/pki/mock
DEBUG file_util.py:158:  Updating files in /var/lib/mock/f40-build-58054473-6561875-bootstrap/root/etc/pki/ca-trust with files from /etc/pki/ca-trust
DEBUG file_util.py:18:  ensuring that dir exists: /var/lib/mock/f40-build-58054473-6561875-bootstrap/root/etc/pki/ca-trust
DEBUG file_util.py:21:  created dir: /var/lib/mock/f40-build-58054473-6561875-bootstrap/root/etc/pki/ca-trust
DEBUG file_util.py:18:  ensuring that dir exists: /var/lib/mock/f40-build-58054473-6561875-bootstrap/root/etc/pki/ca-trust/./extracted
DEBUG file_util.py:21:  created dir: /var/lib/mock/f40-build-58054473-6561875-bootstrap/root/etc/pki/ca-trust/./extracted
DEBUG file_util.py:18:  ensuring that dir exists: /var/lib/mock/f40-build-58054473-6561875-bootstrap/root/etc/pki/ca-trust/./source
DEBUG file_util.py:21:  created dir: /var/lib/mock/f40-build-58054473-6561875-bootstrap/root/etc/pki/ca-trust/./source
DEBUG file_util.py:18:  ensuring that dir exists: /var/lib/mock/f40-build-58054473-6561875-bootstrap/root/etc/pki/ca-trust/extracted/edk2
DEBUG file_util.py:21:  created dir: /var/lib/mock/f40-build-58054473-6561875-bootstrap/root/etc/pki/ca-trust/extracted/edk2
DEBUG file_util.py:18:  ensuring that dir exists: /var/lib/mock/f40-build-58054473-6561875-bootstrap/root/etc/pki/ca-trust/extracted/java
DEBUG file_util.py:21:  created dir: /var/lib/mock/f40-build-58054473-6561875-bootstrap/root/etc/pki/ca-trust/extracted/java
DEBUG file_util.py:18:  ensuring that dir exists: /var/lib/mock/f40-build-58054473-6561875-bootstrap/root/etc/pki/ca-trust/extracted/openssl
DEBUG file_util.py:21:  created dir: /var/lib/mock/f40-build-58054473-6561875-bootstrap/root/etc/pki/ca-trust/extracted/openssl
DEBUG file_util.py:18:  ensuring that dir exists: /var/lib/mock/f40-build-58054473-6561875-bootstrap/root/etc/pki/ca-trust/extracted/pem
DEBUG file_util.py:21:  created dir: /var/lib/mock/f40-build-58054473-6561875-bootstrap/root/etc/pki/ca-trust/extracted/pem
DEBUG file_util.py:18:  ensuring that dir exists: /var/lib/mock/f40-build-58054473-6561875-bootstrap/root/etc/pki/ca-trust/extracted/pem/directory-hash
DEBUG file_util.py:21:  created dir: /var/lib/mock/f40-build-58054473-6561875-bootstrap/root/etc/pki/ca-trust/extracted/pem/directory-hash
DEBUG file_util.py:18:  ensuring that dir exists: /var/lib/mock/f40-build-58054473-6561875-bootstrap/root/etc/pki/ca-trust/source/anchors
DEBUG file_util.py:21:  created dir: /var/lib/mock/f40-build-58054473-6561875-bootstrap/root/etc/pki/ca-trust/source/anchors
DEBUG file_util.py:18:  ensuring that dir exists: /var/lib/mock/f40-build-58054473-6561875-bootstrap/root/etc/pki/ca-trust/source/blocklist
DEBUG file_util.py:21:  created dir: /var/lib/mock/f40-build-58054473-6561875-bootstrap/root/etc/pki/ca-trust/source/blocklist
DEBUG file_util.py:158:  Updating files in /var/lib/mock/f40-build-58054473-6561875-bootstrap/root/usr/share/pki/ca-trust-source with files from /usr/share/pki/ca-trust-source
DEBUG file_util.py:18:  ensuring that dir exists: /var/lib/mock/f40-build-58054473-6561875-bootstrap/root/usr/share/pki/ca-trust-source
DEBUG file_util.py:21:  created dir: /var/lib/mock/f40-build-58054473-6561875-bootstrap/root/usr/share/pki/ca-trust-source
DEBUG file_util.py:18:  ensuring that dir exists: /var/lib/mock/f40-build-58054473-6561875-bootstrap/root/usr/share/pki/ca-trust-source/./anchors
DEBUG file_util.py:21:  created dir: /var/lib/mock/f40-build-58054473-6561875-bootstrap/root/usr/share/pki/ca-trust-source/./anchors
DEBUG file_util.py:18:  ensuring that dir exists: /var/lib/mock/f40-build-58054473-6561875-bootstrap/root/usr/share/pki/ca-trust-source/./blocklist
DEBUG file_util.py:21:  created dir: /var/lib/mock/f40-build-58054473-6561875-bootstrap/root/usr/share/pki/ca-trust-source/./blocklist
DEBUG file_util.py:18:  ensuring that dir exists: /var/lib/mock/f40-build-58054473-6561875-bootstrap/root/usr/share
DEBUG package_manager.py:388:  Copying /usr/share/distribution-gpg-keys to the bootstrap chroot
DEBUG util.py:634:  child environment: None
DEBUG util.py:556:  Executing command: ['cp', '-a', '/usr/share/distribution-gpg-keys', '/var/lib/mock/f40-build-58054473-6561875-bootstrap/root/usr/share'] with env {'TERM': 'vt100', 'SHELL': '/bin/sh', 'HOME': '/builddir', 'HOSTNAME': 'mock', 'PATH': '/usr/bin:/bin:/usr/sbin:/sbin', 'LANG': 'C.UTF-8'} and shell False
DEBUG util.py:608:  Child return code was: 0
DEBUG file_util.py:18:  ensuring that dir exists: /var/lib/mock/f40-build-58054473-6561875-bootstrap/root/etc/dnf
DEBUG package_manager.py:689:  configure DNF vars
DEBUG file_util.py:18:  ensuring that dir exists: /var/lib/mock/f40-build-58054473-6561875-bootstrap/root/etc
DEBUG file_util.py:18:  ensuring that dir exists: /var/lib/mock/f40-build-58054473-6561875-bootstrap/root/etc
DEBUG file_util.py:18:  ensuring that dir exists: /var/lib/mock/f40-build-58054473-6561875-bootstrap/root/proc
DEBUG util.py:634:  child environment: None
DEBUG util.py:556:  Executing command: ['/bin/mount', '-n', '-t', 'tmpfs', '-o', 'rprivate,mode=0755', 'tmpfs', '/var/lib/mock/f40-build-58054473-6561875-bootstrap/root/proc'] with env {'TERM': 'vt100', 'SHELL': '/bin/sh', 'HOME': '/builddir', 'HOSTNAME': 'mock', 'PATH': '/usr/bin:/bin:/usr/sbin:/sbin', 'LANG': 'C.UTF-8'} and shell False
DEBUG util.py:608:  Child return code was: 0
DEBUG file_util.py:18:  ensuring that dir exists: /var/lib/mock/f40-build-58054473-6561875-bootstrap/root/proc
DEBUG util.py:634:  child environment: None
DEBUG util.py:556:  Executing command: ['/bin/mount', '-n', '-o', 'rbind', '/proc', '/var/lib/mock/f40-build-58054473-6561875-bootstrap/root/proc'] with env {'TERM': 'vt100', 'SHELL': '/bin/sh', 'HOME': '/builddir', 'HOSTNAME': 'mock', 'PATH': '/usr/bin:/bin:/usr/sbin:/sbin', 'LANG': 'C.UTF-8'} and shell False
DEBUG util.py:608:  Child return code was: 0
DEBUG util.py:634:  child environment: None
DEBUG util.py:556:  Executing command: ['/bin/mount', '-n', '-o', 'remount,nodev,noexec,nosuid,readonly,rprivate,rbind', '--target', '/var/lib/mock/f40-build-58054473-6561875-bootstrap/root/proc'] with env {'TERM': 'vt100', 'SHELL': '/bin/sh', 'HOME': '/builddir', 'HOSTNAME': 'mock', 'PATH': '/usr/bin:/bin:/usr/sbin:/sbin', 'LANG': 'C.UTF-8'} and shell False
DEBUG util.py:608:  Child return code was: 0
DEBUG file_util.py:18:  ensuring that dir exists: /var/lib/mock/f40-build-58054473-6561875-bootstrap/root/sys
DEBUG util.py:634:  child environment: None
DEBUG util.py:556:  Executing command: ['/bin/mount', '-n', '-t', 'tmpfs', '-o', 'rprivate,mode=0755', 'tmpfs', '/var/lib/mock/f40-build-58054473-6561875-bootstrap/root/sys'] with env {'TERM': 'vt100', 'SHELL': '/bin/sh', 'HOME': '/builddir', 'HOSTNAME': 'mock', 'PATH': '/usr/bin:/bin:/usr/sbin:/sbin', 'LANG': 'C.UTF-8'} and shell False
DEBUG util.py:608:  Child return code was: 0
DEBUG file_util.py:18:  ensuring that dir exists: /var/lib/mock/f40-build-58054473-6561875-bootstrap/root/sys
DEBUG util.py:634:  child environment: None
DEBUG util.py:556:  Executing command: ['/bin/mount', '-n', '-o', 'rbind', '/sys', '/var/lib/mock/f40-build-58054473-6561875-bootstrap/root/sys'] with env {'TERM': 'vt100', 'SHELL': '/bin/sh', 'HOME': '/builddir', 'HOSTNAME': 'mock', 'PATH': '/usr/bin:/bin:/usr/sbin:/sbin', 'LANG': 'C.UTF-8'} and shell False
DEBUG util.py:608:  Child return code was: 0
DEBUG util.py:634:  child environment: None
DEBUG util.py:556:  Executing command: ['/bin/mount', '-n', '-o', 'remount,nodev,noexec,nosuid,readonly,rprivate,rbind', '--target', '/var/lib/mock/f40-build-58054473-6561875-bootstrap/root/sys'] with env {'TERM': 'vt100', 'SHELL': '/bin/sh', 'HOME': '/builddir', 'HOSTNAME': 'mock', 'PATH': '/usr/bin:/bin:/usr/sbin:/sbin', 'LANG': 'C.UTF-8'} and shell False
DEBUG util.py:608:  Child return code was: 0
DEBUG file_util.py:18:  ensuring that dir exists: /var/lib/mock/f40-build-58054473-6561875-bootstrap/root/dev/shm
DEBUG util.py:634:  child environment: None
DEBUG util.py:556:  Executing command: ['/bin/mount', '-n', '-t', 'tmpfs', 'tmpfs', '/var/lib/mock/f40-build-58054473-6561875-bootstrap/root/dev/shm'] with env {'TERM': 'vt100', 'SHELL': '/bin/sh', 'HOME': '/builddir', 'HOSTNAME': 'mock', 'PATH': '/usr/bin:/bin:/usr/sbin:/sbin', 'LANG': 'C.UTF-8'} and shell False
DEBUG util.py:608:  Child return code was: 0
DEBUG file_util.py:18:  ensuring that dir exists: /var/lib/mock/f40-build-58054473-6561875-bootstrap/root/dev/pts
DEBUG util.py:634:  child environment: None
DEBUG util.py:556:  Executing command: ['/bin/mount', '-n', '-t', 'devpts', '-o', 'gid=5,mode=0620,ptmxmode=0666,newinstance', 'devpts', '/var/lib/mock/f40-build-58054473-6561875-bootstrap/root/dev/pts'] with env {'TERM': 'vt100', 'SHELL': '/bin/sh', 'HOME': '/builddir', 'HOSTNAME': 'mock', 'PATH': '/usr/bin:/bin:/usr/sbin:/sbin', 'LANG': 'C.UTF-8'} and shell False
DEBUG util.py:608:  Child return code was: 0
DEBUG util.py:634:  child environment: None
DEBUG util.py:556:  Executing command: ['/bin/mount', '-n', '-o', 'bind', '/tmp/mock-selinux-plugin.179cnkd8', '/var/lib/mock/f40-build-58054473-6561875-bootstrap/root/proc/filesystems'] with env {'TERM': 'vt100', 'SHELL': '/bin/sh', 'HOME': '/builddir', 'HOSTNAME': 'mock', 'PATH': '/usr/bin:/bin:/usr/sbin:/sbin', 'LANG': 'C.UTF-8'} and shell False
DEBUG util.py:608:  Child return code was: 0
DEBUG file_util.py:18:  ensuring that dir exists: /var/lib/mock/f40-build-58054473-6561875-bootstrap/root/sys/fs/selinux
DEBUG util.py:634:  child environment: None
DEBUG util.py:556:  Executing command: ['/bin/mount', '-n', '-t', 'tmpfs', 'tmpfs', '/var/lib/mock/f40-build-58054473-6561875-bootstrap/root/sys/fs/selinux'] with env {'TERM': 'vt100', 'SHELL': '/bin/sh', 'HOME': '/builddir', 'HOSTNAME': 'mock', 'PATH': '/usr/bin:/bin:/usr/sbin:/sbin', 'LANG': 'C.UTF-8'} and shell False
DEBUG util.py:608:  Child return code was: 0
DEBUG file_util.py:18:  ensuring that dir exists: /var/lib/mock/f40-build-58054473-6561875-bootstrap/root/installation-homedir
DEBUG file_util.py:21:  created dir: /var/lib/mock/f40-build-58054473-6561875-bootstrap/root/installation-homedir
DEBUG package_manager.py:295:  ['/usr/bin/dnf5', '--installroot', '/var/lib/mock/f40-build-58054473-6561875-bootstrap/root/', 'install', 'dnf5', 'dnf5-plugins', '--setopt=deltarpm=False', '--setopt=allow_vendor_change=yes', '--allowerasing']
DEBUG util.py:634:  child environment: None
DEBUG util.py:556:  Executing command: ['/usr/bin/dnf5', '--installroot', '/var/lib/mock/f40-build-58054473-6561875-bootstrap/root/', 'install', 'dnf5', 'dnf5-plugins', '--setopt=deltarpm=False', '--setopt=allow_vendor_change=yes', '--allowerasing', '--setopt=tsflags=nocontexts'] with env {'TERM': 'vt100', 'SHELL': '/bin/bash', 'HOME': '/var/lib/mock/f40-build-58054473-6561875-bootstrap/root/installation-homedir', 'HOSTNAME': 'mock', 'PATH': '/usr/bin:/bin:/usr/sbin:/sbin', 'PROMPT_COMMAND': 'printf "\\033]0;<mock-chroot>\\007"', 'PS1': '<mock-chroot> \\s-\\v\\$ ', 'LANG': 'C.UTF-8', 'LC_MESSAGES': 'C.UTF-8'} and shell False
DEBUG util.py:459:  Updating and loading repositories:
DEBUG util.py:459:   build                                  100% |  81.3 MiB/s |  15.0 MiB |  00m00s
DEBUG util.py:459:  Repositories loaded.
DEBUG util.py:461:  Package                        Arch   Version                     Repository      Size
DEBUG util.py:461:  Installing:
DEBUG util.py:461:   dnf5                          x86_64 5.1.17-4.fc40               build        1.7 MiB
DEBUG util.py:461:   dnf5-plugins                  x86_64 5.1.17-4.fc40               build        1.1 MiB
DEBUG util.py:461:  Installing dependencies:
DEBUG util.py:461:   alternatives                  x86_64 1.27-1.fc40                 build       66.3 KiB
DEBUG util.py:461:   audit-libs                    x86_64 4.0.3-1.fc40                build      347.4 KiB
DEBUG util.py:461:   basesystem                    noarch 11-20.fc40                  build        0.0   B
DEBUG util.py:461:   bash                          x86_64 5.2.26-3.fc40               build        8.1 MiB
DEBUG util.py:461:   bzip2-libs                    x86_64 1.0.8-18.fc40               build       80.7 KiB
DEBUG util.py:461:   ca-certificates               noarch 2024.2.69_v8.0.401-1.0.fc40 build        2.4 MiB
DEBUG util.py:461:   coreutils                     x86_64 9.4-9.fc40                  build        5.8 MiB
DEBUG util.py:461:   coreutils-common              x86_64 9.4-9.fc40                  build       11.4 MiB
DEBUG util.py:461:   crypto-policies               noarch 20241011-1.git5930b9a.fc40  build      158.0 KiB
DEBUG util.py:461:   curl                          x86_64 8.6.0-10.fc40               build      738.6 KiB
DEBUG util.py:461:   cyrus-sasl-lib                x86_64 2.1.28-19.fc40              build        2.3 MiB
DEBUG util.py:461:   dnf-data                      noarch 4.23.0-1.fc40               build       39.5 KiB
DEBUG util.py:461:   elfutils-default-yama-scope   noarch 0.192-9.fc40                build        1.8 KiB
DEBUG util.py:461:   elfutils-libelf               x86_64 0.192-9.fc40                build        1.2 MiB
DEBUG util.py:461:   elfutils-libs                 x86_64 0.192-9.fc40                build      670.3 KiB
DEBUG util.py:461:   fedora-gpg-keys               noarch 40-2                        build      124.7 KiB
DEBUG util.py:461:   fedora-release                noarch 40-40                       build        0.0   B
DEBUG util.py:461:   fedora-release-common         noarch 40-40                       build       19.2 KiB
DEBUG util.py:461:   fedora-release-identity-basic noarch 40-40                       build      654.0   B
DEBUG util.py:461:   fedora-repos                  noarch 40-2                        build        4.9 KiB
DEBUG util.py:461:   file-libs                     x86_64 5.45-4.fc40                 build        9.9 MiB
DEBUG util.py:461:   filesystem                    x86_64 3.18-8.fc40                 build      106.0   B
DEBUG util.py:461:   findutils                     x86_64 1:4.9.0-9.fc40              build        1.5 MiB
DEBUG util.py:461:   fmt                           x86_64 10.2.1-5.fc40               build      371.4 KiB
DEBUG util.py:461:   gawk                          x86_64 5.3.0-3.fc40                build        1.7 MiB
DEBUG util.py:461:   gdbm-libs                     x86_64 1:1.23-6.fc40               build      121.9 KiB
DEBUG util.py:461:   glib2                         x86_64 2.80.3-1.fc40               build       14.6 MiB
DEBUG util.py:461:   glibc                         x86_64 2.39-37.fc40                build        6.6 MiB
DEBUG util.py:461:   glibc-common                  x86_64 2.39-37.fc40                build        1.0 MiB
DEBUG util.py:461:   glibc-minimal-langpack        x86_64 2.39-37.fc40                build        0.0   B
DEBUG util.py:461:   gmp                           x86_64 1:6.2.1-8.fc40              build      794.6 KiB
DEBUG util.py:461:   gnutls                        x86_64 3.8.9-1.fc40                build        3.2 MiB
DEBUG util.py:461:   grep                          x86_64 3.11-7.fc40                 build        1.0 MiB
DEBUG util.py:461:   json-c                        x86_64 0.17-3.fc40                 build       82.4 KiB
DEBUG util.py:461:   keyutils-libs                 x86_64 1.6.3-3.fc40                build       54.4 KiB
DEBUG util.py:461:   krb5-libs                     x86_64 1.21.3-3.fc40               build        2.3 MiB
DEBUG util.py:461:   libacl                        x86_64 2.3.2-1.fc40                build       40.0 KiB
DEBUG util.py:461:   libarchive                    x86_64 3.7.2-7.fc40                build      922.6 KiB
DEBUG util.py:461:   libattr                       x86_64 2.5.2-3.fc40                build       28.5 KiB
DEBUG util.py:461:   libblkid                      x86_64 2.40.2-1.fc40               build      258.6 KiB
DEBUG util.py:461:   libbrotli                     x86_64 1.1.0-3.fc40                build      829.5 KiB
DEBUG util.py:461:   libcap                        x86_64 2.69-8.fc40                 build      219.8 KiB
DEBUG util.py:461:   libcap-ng                     x86_64 0.8.4-4.fc40                build       73.1 KiB
DEBUG util.py:461:   libcom_err                    x86_64 1.47.0-5.fc40               build       67.2 KiB
DEBUG util.py:461:   libcurl                       x86_64 8.6.0-10.fc40               build      776.8 KiB
DEBUG util.py:461:   libdnf5                       x86_64 5.1.17-4.fc40               build        2.9 MiB
DEBUG util.py:461:   libdnf5-cli                   x86_64 5.1.17-4.fc40               build      559.1 KiB
DEBUG util.py:461:   libeconf                      x86_64 0.6.2-2.fc40                build       58.0 KiB
DEBUG util.py:461:   libevent                      x86_64 2.1.12-12.fc40              build      895.6 KiB
DEBUG util.py:461:   libffi                        x86_64 3.4.4-7.fc40                build       81.6 KiB
DEBUG util.py:461:   libgcc                        x86_64 14.2.1-3.fc40               build      274.6 KiB
DEBUG util.py:461:   libgomp                       x86_64 14.2.1-3.fc40               build      523.6 KiB
DEBUG util.py:461:   libidn2                       x86_64 2.3.7-1.fc40                build      329.1 KiB
DEBUG util.py:461:   libmodulemd                   x86_64 2.15.0-12.fc40              build      717.2 KiB
DEBUG util.py:461:   libmount                      x86_64 2.40.2-1.fc40               build      355.8 KiB
DEBUG util.py:461:   libnghttp2                    x86_64 1.59.0-3.fc40               build      166.1 KiB
DEBUG util.py:461:   libpsl                        x86_64 0.21.5-3.fc40               build       80.5 KiB
DEBUG util.py:461:   librepo                       x86_64 1.19.0-1.fc40               build      244.5 KiB
DEBUG util.py:461:   libselinux                    x86_64 3.7-5.fc40                  build      177.0 KiB
DEBUG util.py:461:   libsepol                      x86_64 3.7-2.fc40                  build      817.9 KiB
DEBUG util.py:461:   libsmartcols                  x86_64 2.40.2-1.fc40               build      180.4 KiB
DEBUG util.py:461:   libsolv                       x86_64 0.7.31-1.fc40               build      940.3 KiB
DEBUG util.py:461:   libssh                        x86_64 0.10.6-5.fc40               build      509.3 KiB
DEBUG util.py:461:   libssh-config                 noarch 0.10.6-5.fc40               build      277.0   B
DEBUG util.py:461:   libstdc++                     x86_64 14.2.1-3.fc40               build        2.8 MiB
DEBUG util.py:461:   libtasn1                      x86_64 4.20.0-1.fc40               build      176.4 KiB
DEBUG util.py:461:   libtool-ltdl                  x86_64 2.4.7-10.fc40               build       66.2 KiB
DEBUG util.py:461:   libunistring                  x86_64 1.1-7.fc40                  build        1.7 MiB
DEBUG util.py:461:   libuuid                       x86_64 2.40.2-1.fc40               build       37.5 KiB
DEBUG util.py:461:   libverto                      x86_64 0.3.2-8.fc40                build       29.5 KiB
DEBUG util.py:461:   libxcrypt                     x86_64 4.4.38-6.fc40               build      288.5 KiB
DEBUG util.py:461:   libxml2                       x86_64 2.12.9-1.fc40               build        1.7 MiB
DEBUG util.py:461:   libyaml                       x86_64 0.2.5-14.fc40               build      130.4 KiB
DEBUG util.py:461:   libzstd                       x86_64 1.5.7-1.fc40                build      804.0 KiB
DEBUG util.py:461:   lua-libs                      x86_64 5.4.6-5.fc40                build      281.1 KiB
DEBUG util.py:461:   lz4-libs                      x86_64 1.9.4-6.fc40                build      129.4 KiB
DEBUG util.py:461:   mpfr                          x86_64 4.2.1-4.fc40                build      832.0 KiB
DEBUG util.py:461:   ncurses-base                  noarch 6.4-12.20240127.fc40        build      326.2 KiB
DEBUG util.py:461:   ncurses-libs                  x86_64 6.4-12.20240127.fc40        build      963.2 KiB
DEBUG util.py:461:   nettle                        x86_64 3.9.1-6.fc40                build      790.1 KiB
DEBUG util.py:461:   openldap                      x86_64 2.6.8-2.fc40                build      640.3 KiB
DEBUG util.py:461:   openssl-libs                  x86_64 1:3.2.4-1.fc40              build        7.8 MiB
DEBUG util.py:461:   p11-kit                       x86_64 0.25.5-1.fc40               build        2.2 MiB
DEBUG util.py:461:   p11-kit-trust                 x86_64 0.25.5-1.fc40               build      391.4 KiB
DEBUG util.py:461:   pam-libs                      x86_64 1.6.1-5.fc40                build      135.0 KiB
DEBUG util.py:461:   pcre2                         x86_64 10.44-1.fc40                build      653.5 KiB
DEBUG util.py:461:   pcre2-syntax                  noarch 10.44-1.fc40                build      251.6 KiB
DEBUG util.py:461:   popt                          x86_64 1.19-6.fc40                 build      136.9 KiB
DEBUG util.py:461:   publicsuffix-list-dafsa       noarch 20250116-1.fc40             build       68.5 KiB
DEBUG util.py:461:   readline                      x86_64 8.2-8.fc40                  build      489.2 KiB
DEBUG util.py:461:   rpm                           x86_64 4.19.1.1-1.fc40             build        3.0 MiB
DEBUG util.py:461:   rpm-build-libs                x86_64 4.19.1.1-1.fc40             build      198.4 KiB
DEBUG util.py:461:   rpm-libs                      x86_64 4.19.1.1-1.fc40             build      709.9 KiB
DEBUG util.py:461:   rpm-sequoia                   x86_64 1.7.0-5.fc40                build        2.4 MiB
DEBUG util.py:461:   sdbus-cpp                     x86_64 1.4.0-2.fc40                build      308.0 KiB
DEBUG util.py:461:   sed                           x86_64 4.9-1.fc40                  build      861.5 KiB
DEBUG util.py:461:   setup                         noarch 2.14.5-2.fc40               build      720.4 KiB
DEBUG util.py:461:   sqlite-libs                   x86_64 3.45.1-3.fc40               build        1.5 MiB
DEBUG util.py:461:   systemd-libs                  x86_64 255.18-1.fc40               build        1.9 MiB
DEBUG util.py:461:   xz-libs                       x86_64 1:5.4.6-3.fc40              build      209.8 KiB
DEBUG util.py:461:   zchunk-libs                   x86_64 1.5.1-1.fc40                build      101.1 KiB
DEBUG util.py:461:   zlib-ng-compat                x86_64 2.1.7-2.fc40                build      134.0 KiB
DEBUG util.py:461:  Transaction Summary:
DEBUG util.py:461:   Installing:       104 packages
DEBUG util.py:459:  Total size of inbound packages is 38 MiB. Need to download 38 MiB.
DEBUG util.py:459:  After this operation, 128 MiB extra will be used (install 128 MiB, remove 0 B).
DEBUG util.py:459:  [  1/104] dnf-data-0:4.23.0-1.fc40.noar 100% |   1.5 MiB/s |  40.1 KiB |  00m00s
DEBUG util.py:459:  [  2/104] dnf5-0:5.1.17-4.fc40.x86_64   100% |  17.2 MiB/s | 687.5 KiB |  00m00s
DEBUG util.py:459:  [  3/104] dnf5-plugins-0:5.1.17-4.fc40. 100% |   7.9 MiB/s | 348.1 KiB |  00m00s
DEBUG util.py:459:  [  4/104] fmt-0:10.2.1-5.fc40.x86_64    100% |   6.4 MiB/s | 124.7 KiB |  00m00s
DEBUG util.py:459:  [  5/104] glibc-0:2.39-37.fc40.x86_64   100% |  66.2 MiB/s |   2.2 MiB |  00m00s
DEBUG util.py:459:  [  6/104] libdnf5-cli-0:5.1.17-4.fc40.x 100% |   7.2 MiB/s | 228.3 KiB |  00m00s
DEBUG util.py:459:  [  7/104] libgcc-0:14.2.1-3.fc40.x86_64 100% |  18.6 MiB/s | 133.3 KiB |  00m00s
DEBUG util.py:459:  [  8/104] libsmartcols-0:2.40.2-1.fc40. 100% |   9.0 MiB/s |  83.2 KiB |  00m00s
DEBUG util.py:459:  [  9/104] libdnf5-0:5.1.17-4.fc40.x86_6 100% |  18.3 MiB/s | 995.5 KiB |  00m00s
DEBUG util.py:459:  [ 10/104] libstdc++-0:14.2.1-3.fc40.x86 100% |  37.6 MiB/s | 886.5 KiB |  00m00s
DEBUG util.py:459:  [ 11/104] sdbus-cpp-0:1.4.0-2.fc40.x86_ 100% |  10.7 MiB/s | 110.0 KiB |  00m00s
DEBUG util.py:459:  [ 12/104] systemd-libs-0:255.18-1.fc40. 100% |  57.3 MiB/s | 704.3 KiB |  00m00s
DEBUG util.py:459:  [ 13/104] json-c-0:0.17-3.fc40.x86_64   100% |   4.3 MiB/s |  44.0 KiB |  00m00s
DEBUG util.py:459:  [ 14/104] rpm-build-libs-0:4.19.1.1-1.f 100% |  18.6 MiB/s |  95.0 KiB |  00m00s
DEBUG util.py:459:  [ 15/104] basesystem-0:11-20.fc40.noarc 100% |   1.8 MiB/s |   7.2 KiB |  00m00s
DEBUG util.py:459:  [ 16/104] rpm-libs-0:4.19.1.1-1.fc40.x8 100% |   7.9 MiB/s | 308.9 KiB |  00m00s
DEBUG util.py:459:  [ 17/104] glibc-common-0:2.39-37.fc40.x 100% |  44.4 MiB/s | 364.0 KiB |  00m00s
DEBUG util.py:459:  [ 18/104] librepo-0:1.19.0-1.fc40.x86_6 100% |  16.2 MiB/s |  99.6 KiB |  00m00s
DEBUG util.py:459:  [ 19/104] libmodulemd-0:2.15.0-12.fc40. 100% |  15.1 MiB/s | 232.3 KiB |  00m00s
DEBUG util.py:459:  [ 20/104] libsolv-0:0.7.31-1.fc40.x86_6 100% |  46.7 MiB/s | 430.7 KiB |  00m00s
DEBUG util.py:459:  [ 21/104] sqlite-libs-0:3.45.1-3.fc40.x 100% |  55.2 MiB/s | 735.2 KiB |  00m00s
DEBUG util.py:459:  [ 22/104] bzip2-libs-0:1.0.8-18.fc40.x8 100% |  10.0 MiB/s |  40.9 KiB |  00m00s
DEBUG util.py:459:  [ 23/104] libacl-0:2.3.2-1.fc40.x86_64  100% |   6.0 MiB/s |  24.4 KiB |  00m00s
DEBUG util.py:459:  [ 24/104] libxml2-0:2.12.9-1.fc40.x86_6 100% |  18.7 MiB/s | 688.0 KiB |  00m00s
DEBUG util.py:459:  [ 25/104] libcap-0:2.69-8.fc40.x86_64   100% |  10.5 MiB/s |  85.7 KiB |  00m00s
DEBUG util.py:459:  [ 26/104] lua-libs-0:5.4.6-5.fc40.x86_6 100% |  25.8 MiB/s | 131.9 KiB |  00m00s
DEBUG util.py:459:  [ 27/104] popt-0:1.19-6.fc40.x86_64     100% |  14.5 MiB/s |  59.6 KiB |  00m00s
DEBUG util.py:459:  [ 28/104] libzstd-0:1.5.7-1.fc40.x86_64 100% |  19.2 MiB/s | 314.9 KiB |  00m00s
DEBUG util.py:459:  [ 29/104] rpm-0:4.19.1.1-1.fc40.x86_64  100% |  41.7 MiB/s | 511.8 KiB |  00m00s
DEBUG util.py:459:  [ 30/104] xz-libs-1:5.4.6-3.fc40.x86_64 100% |  21.5 MiB/s | 110.0 KiB |  00m00s
DEBUG util.py:459:  [ 31/104] zlib-ng-compat-0:2.1.7-2.fc40 100% |  19.0 MiB/s |  77.7 KiB |  00m00s
DEBUG util.py:459:  [ 32/104] glib2-0:2.80.3-1.fc40.x86_64  100% |  26.8 MiB/s |   3.0 MiB |  00m00s
DEBUG util.py:459:  [ 33/104] lz4-libs-0:1.9.4-6.fc40.x86_6 100% |   3.0 MiB/s |  67.2 KiB |  00m00s
DEBUG util.py:459:  [ 34/104] elfutils-libs-0:0.192-9.fc40. 100% |  42.9 MiB/s | 263.5 KiB |  00m00s
DEBUG util.py:459:  [ 35/104] elfutils-libelf-0:0.192-9.fc4 100% |  18.5 MiB/s | 208.4 KiB |  00m00s
DEBUG util.py:459:  [ 36/104] file-libs-0:5.45-4.fc40.x86_6 100% |  57.3 MiB/s | 762.7 KiB |  00m00s
DEBUG util.py:459:  [ 37/104] rpm-sequoia-0:1.7.0-5.fc40.x8 100% |  12.6 MiB/s | 912.5 KiB |  00m00s
DEBUG util.py:459:  [ 38/104] libgomp-0:14.2.1-3.fc40.x86_6 100% |  13.8 MiB/s | 353.9 KiB |  00m00s
DEBUG util.py:459:  [ 39/104] filesystem-0:3.18-8.fc40.x86_ 100% |  44.5 MiB/s |   1.1 MiB |  00m00s
DEBUG util.py:459:  [ 40/104] setup-0:2.14.5-2.fc40.noarch  100% |   8.0 MiB/s | 148.1 KiB |  00m00s
DEBUG util.py:459:  [ 41/104] libffi-0:3.4.4-7.fc40.x86_64  100% |   5.5 MiB/s |  39.4 KiB |  00m00s
DEBUG util.py:459:  [ 42/104] gnutls-0:3.8.9-1.fc40.x86_64  100% |  62.1 MiB/s |   1.1 MiB |  00m00s
DEBUG util.py:459:  [ 43/104] libmount-0:2.40.2-1.fc40.x86_ 100% |  13.8 MiB/s | 155.2 KiB |  00m00s
DEBUG util.py:459:  [ 44/104] libselinux-0:3.7-5.fc40.x86_6 100% |  14.3 MiB/s |  88.0 KiB |  00m00s
DEBUG util.py:459:  [ 45/104] pcre2-0:10.44-1.fc40.x86_64   100% |  33.9 MiB/s | 242.9 KiB |  00m00s
DEBUG util.py:459:  [ 46/104] libyaml-0:0.2.5-14.fc40.x86_6 100% |   9.6 MiB/s |  59.2 KiB |  00m00s
DEBUG util.py:459:  [ 47/104] zchunk-libs-0:1.5.1-1.fc40.x8 100% |   7.3 MiB/s |  52.1 KiB |  00m00s
DEBUG util.py:459:  [ 48/104] libattr-0:2.5.2-3.fc40.x86_64 100% |   4.4 MiB/s |  18.0 KiB |  00m00s
DEBUG util.py:459:  [ 49/104] openssl-libs-1:3.2.4-1.fc40.x 100% |  72.2 MiB/s |   2.3 MiB |  00m00s
DEBUG util.py:459:  [ 50/104] pam-libs-0:1.6.1-5.fc40.x86_6 100% |   2.9 MiB/s |  57.2 KiB |  00m00s
DEBUG util.py:459:  [ 51/104] curl-0:8.6.0-10.fc40.x86_64   100% |  41.7 MiB/s | 299.2 KiB |  00m00s
DEBUG util.py:459:  [ 52/104] bash-0:5.2.26-3.fc40.x86_64   100% |  19.4 MiB/s |   1.8 MiB |  00m00s
DEBUG util.py:459:  [ 53/104] libarchive-0:3.7.2-7.fc40.x86 100% |  22.2 MiB/s | 408.5 KiB |  00m00s
DEBUG util.py:459:  [ 54/104] elfutils-default-yama-scope-0 100% |   6.0 MiB/s |  12.4 KiB |  00m00s
DEBUG util.py:459:  [ 55/104] sed-0:4.9-1.fc40.x86_64       100% |  27.5 MiB/s | 309.2 KiB |  00m00s
DEBUG util.py:459:  [ 56/104] ncurses-libs-0:6.4-12.2024012 100% |  40.6 MiB/s | 332.5 KiB |  00m00s
DEBUG util.py:459:  [ 57/104] crypto-policies-0:20241011-1. 100% |   9.5 MiB/s |  68.4 KiB |  00m00s
DEBUG util.py:459:  [ 58/104] gmp-1:6.2.1-8.fc40.x86_64     100% |  43.6 MiB/s | 312.5 KiB |  00m00s
DEBUG util.py:459:  [ 59/104] libidn2-0:2.3.7-1.fc40.x86_64 100% |  15.7 MiB/s | 112.4 KiB |  00m00s
DEBUG util.py:459:  [ 60/104] findutils-1:4.9.0-9.fc40.x86_ 100% |   9.2 MiB/s | 482.5 KiB |  00m00s
DEBUG util.py:459:  [ 61/104] libtasn1-0:4.20.0-1.fc40.x86_ 100% |   8.0 MiB/s |  74.2 KiB |  00m00s
DEBUG util.py:459:  [ 62/104] libunistring-0:1.1-7.fc40.x86 100% |  41.0 MiB/s | 545.5 KiB |  00m00s
DEBUG util.py:459:  [ 63/104] p11-kit-0:0.25.5-1.fc40.x86_6 100% |  42.4 MiB/s | 477.5 KiB |  00m00s
DEBUG util.py:459:  [ 64/104] p11-kit-trust-0:0.25.5-1.fc40 100% |  16.1 MiB/s | 132.0 KiB |  00m00s
DEBUG util.py:459:  [ 65/104] libblkid-0:2.40.2-1.fc40.x86_ 100% |  24.2 MiB/s | 124.1 KiB |  00m00s
DEBUG util.py:459:  [ 66/104] libuuid-0:2.40.2-1.fc40.x86_6 100% |   7.0 MiB/s |  28.6 KiB |  00m00s
DEBUG util.py:459:  [ 67/104] pcre2-syntax-0:10.44-1.fc40.n 100% |  36.6 MiB/s | 149.8 KiB |  00m00s
DEBUG util.py:459:  [ 68/104] libsepol-0:3.7-2.fc40.x86_64  100% |  33.4 MiB/s | 342.2 KiB |  00m00s
DEBUG util.py:459:  [ 69/104] nettle-0:3.9.1-6.fc40.x86_64  100% |  11.5 MiB/s | 424.9 KiB |  00m00s
DEBUG util.py:459:  [ 70/104] audit-libs-0:4.0.3-1.fc40.x86 100% |  15.7 MiB/s | 128.9 KiB |  00m00s
DEBUG util.py:459:  [ 71/104] ca-certificates-0:2024.2.69_v 100% |  42.5 MiB/s | 871.2 KiB |  00m00s
DEBUG util.py:459:  [ 72/104] ncurses-base-0:6.4-12.2024012 100% |   7.8 MiB/s |  63.8 KiB |  00m00s
DEBUG util.py:459:  [ 73/104] libeconf-0:0.6.2-2.fc40.x86_6 100% |   2.6 MiB/s |  32.0 KiB |  00m00s
DEBUG util.py:459:  [ 74/104] alternatives-0:1.27-1.fc40.x8 100% |   9.9 MiB/s |  40.7 KiB |  00m00s
DEBUG util.py:459:  [ 75/104] grep-0:3.11-7.fc40.x86_64     100% |  40.4 MiB/s | 289.7 KiB |  00m00s
DEBUG util.py:459:  [ 76/104] fedora-release-0:40-40.noarch 100% |   2.1 MiB/s |  11.0 KiB |  00m00s
DEBUG util.py:459:  [ 77/104] libcap-ng-0:0.8.4-4.fc40.x86_ 100% |   3.5 MiB/s |  32.6 KiB |  00m00s
DEBUG util.py:459:  [ 78/104] fedora-release-common-0:40-40 100% |   5.2 MiB/s |  21.5 KiB |  00m00s
DEBUG util.py:459:  [ 79/104] fedora-repos-0:40-2.noarch    100% |   2.3 MiB/s |   9.5 KiB |  00m00s
DEBUG util.py:459:  [ 80/104] fedora-gpg-keys-0:40-2.noarch 100% |  39.7 MiB/s | 122.0 KiB |  00m00s
DEBUG util.py:459:  [ 81/104] libcurl-0:8.6.0-10.fc40.x86_6 100% |  42.1 MiB/s | 344.8 KiB |  00m00s
DEBUG util.py:459:  [ 82/104] coreutils-0:9.4-9.fc40.x86_64 100% |  51.1 MiB/s |   1.1 MiB |  00m00s
DEBUG util.py:459:  [ 83/104] krb5-libs-0:1.21.3-3.fc40.x86 100% |  40.9 MiB/s | 754.2 KiB |  00m00s
DEBUG util.py:459:  [ 84/104] libbrotli-0:1.1.0-3.fc40.x86_ 100% |  25.4 MiB/s | 338.4 KiB |  00m00s
DEBUG util.py:459:  [ 85/104] libnghttp2-0:1.59.0-3.fc40.x8 100% |  12.3 MiB/s |  75.3 KiB |  00m00s
DEBUG util.py:459:  [ 86/104] libpsl-0:0.21.5-3.fc40.x86_64 100% |  15.6 MiB/s |  63.9 KiB |  00m00s
DEBUG util.py:459:  [ 87/104] libssh-0:0.10.6-5.fc40.x86_64 100% |  29.4 MiB/s | 210.6 KiB |  00m00s
DEBUG util.py:459:  [ 88/104] openldap-0:2.6.8-2.fc40.x86_6 100% |  35.6 MiB/s | 255.4 KiB |  00m00s
DEBUG util.py:459:  [ 89/104] gawk-0:5.3.0-3.fc40.x86_64    100% |  70.6 MiB/s |   1.1 MiB |  00m00s
DEBUG util.py:459:  [ 90/104] keyutils-libs-0:1.6.3-3.fc40. 100% |   2.6 MiB/s |  31.5 KiB |  00m00s
DEBUG util.py:459:  [ 91/104] libcom_err-0:1.47.0-5.fc40.x8 100% |   5.0 MiB/s |  25.4 KiB |  00m00s
DEBUG util.py:459:  [ 92/104] libverto-0:0.3.2-8.fc40.x86_6 100% |   3.3 MiB/s |  20.5 KiB |  00m00s
DEBUG util.py:459:  [ 93/104] publicsuffix-list-dafsa-0:202 100% |  19.1 MiB/s |  58.8 KiB |  00m00s
DEBUG util.py:459:  [ 94/104] libssh-config-0:0.10.6-5.fc40 100% |   2.9 MiB/s |   9.0 KiB |  00m00s
DEBUG util.py:459:  [ 95/104] libevent-0:2.1.12-12.fc40.x86 100% |  35.9 MiB/s | 257.2 KiB |  00m00s
DEBUG util.py:459:  [ 96/104] cyrus-sasl-lib-0:2.1.28-19.fc 100% |  45.3 MiB/s | 789.3 KiB |  00m00s
DEBUG util.py:459:  [ 97/104] libtool-ltdl-0:2.4.7-10.fc40. 100% |   3.9 MiB/s |  36.2 KiB |  00m00s
DEBUG util.py:459:  [ 98/104] mpfr-0:4.2.1-4.fc40.x86_64    100% |  42.6 MiB/s | 348.9 KiB |  00m00s
DEBUG util.py:459:  [ 99/104] readline-0:8.2-8.fc40.x86_64  100% |  20.8 MiB/s | 213.3 KiB |  00m00s
DEBUG util.py:459:  [100/104] gdbm-libs-1:1.23-6.fc40.x86_6 100% |  13.7 MiB/s |  56.2 KiB |  00m00s
DEBUG util.py:459:  [101/104] libxcrypt-0:4.4.38-6.fc40.x86 100% |  24.9 MiB/s | 127.6 KiB |  00m00s
DEBUG util.py:459:  [102/104] glibc-minimal-langpack-0:2.39 100% |  13.7 MiB/s |  84.1 KiB |  00m00s
DEBUG util.py:459:  [103/104] fedora-release-identity-basic 100% |   3.8 MiB/s |  11.7 KiB |  00m00s
DEBUG util.py:459:  [104/104] coreutils-common-0:9.4-9.fc40 100% |  15.8 MiB/s |   2.1 MiB |  00m00s
DEBUG util.py:459:  --------------------------------------------------------------------------------
DEBUG util.py:459:  [104/104] Total                         100% |  62.5 MiB/s |  37.8 MiB |  00m01s
DEBUG util.py:459:  Running transaction
DEBUG util.py:459:  [  1/106] Verify package files          100% | 293.0   B/s | 104.0   B |  00m00s
DEBUG util.py:459:  [  2/106] Prepare transaction           100% |   1.7 KiB/s | 104.0   B |  00m00s
DEBUG util.py:459:  [  3/106] Installing libgcc-0:14.2.1-3. 100% |  45.0 MiB/s | 276.3 KiB |  00m00s
DEBUG util.py:459:  [  4/106] Installing crypto-policies-0: 100% |   8.5 MiB/s | 190.6 KiB |  00m00s
DEBUG util.py:459:  [  5/106] Installing fedora-release-ide 100% | 445.3 KiB/s | 912.0   B |  00m00s
DEBUG util.py:459:  [  6/106] Installing fedora-gpg-keys-0: 100% |   7.5 MiB/s | 169.7 KiB |  00m00s
DEBUG util.py:459:  [  7/106] Installing fedora-repos-0:40- 100% |   2.8 MiB/s |   5.7 KiB |  00m00s
DEBUG util.py:459:  [  8/106] Installing fedora-release-com 100% |   4.6 MiB/s |  23.4 KiB |  00m00s
DEBUG util.py:459:  [  9/106] Installing fedora-release-0:4 100% |  60.5 KiB/s | 124.0   B |  00m00s
DEBUG util.py:459:  [ 10/106] Installing setup-0:2.14.5-2.f 100% |  26.3 MiB/s | 725.8 KiB |  00m00s
DEBUG util.py:459:  >>> [RPM] /etc/hosts created as /etc/hosts.rpmnew
DEBUG util.py:459:  [ 11/106] Installing filesystem-0:3.18- 100% |   1.2 MiB/s | 212.4 KiB |  00m00s
DEBUG util.py:459:  [ 12/106] Installing basesystem-0:11-20 100% | 121.1 KiB/s | 124.0   B |  00m00s
DEBUG util.py:459:  [ 13/106] Installing libssh-config-0:0. 100% | 398.4 KiB/s | 816.0   B |  00m00s
DEBUG util.py:459:  [ 14/106] Installing publicsuffix-list- 100% |  22.5 MiB/s |  69.2 KiB |  00m00s
DEBUG util.py:459:  [ 15/106] Installing coreutils-common-0 100% | 122.0 MiB/s |  11.5 MiB |  00m00s
DEBUG util.py:459:  [ 16/106] Installing ncurses-base-0:6.4 100% |  16.4 MiB/s | 351.6 KiB |  00m00s
DEBUG util.py:459:  [ 17/106] Installing glibc-common-0:2.3 100% |  74.0 MiB/s |   1.0 MiB |  00m00s
DEBUG util.py:459:  [ 18/106] Installing bash-0:5.2.26-3.fc 100% | 133.8 MiB/s |   8.2 MiB |  00m00s
DEBUG util.py:459:  [ 19/106] Installing ncurses-libs-0:6.4 100% |  78.9 MiB/s | 969.7 KiB |  00m00s
DEBUG util.py:459:  [ 20/106] Installing glibc-minimal-lang 100% |  40.4 KiB/s | 124.0   B |  00m00s
DEBUG util.py:459:  warning: posix.fork(): .fork(), .exec(), .wait() and .redirect2null() are deprecated, use rpm.spawn() or rpm.execute() instead
DEBUG util.py:459:  warning: posix.wait(): .fork(), .exec(), .wait() and .redirect2null() are deprecated, use rpm.spawn() or rpm.execute() instead
DEBUG util.py:459:  warning: posix.exec(): .fork(), .exec(), .wait() and .redirect2null() are deprecated, use rpm.spawn() or rpm.execute() instead
DEBUG util.py:459:  warning: posix.fork(): .fork(), .exec(), .wait() and .redirect2null() are deprecated, use rpm.spawn() or rpm.execute() instead
DEBUG util.py:459:  warning: posix.wait(): .fork(), .exec(), .wait() and .redirect2null() are deprecated, use rpm.spawn() or rpm.execute() instead
DEBUG util.py:459:  warning: posix.exec(): .fork(), .exec(), .wait() and .redirect2null() are deprecated, use rpm.spawn() or rpm.execute() instead
DEBUG util.py:459:  [ 21/106] Installing glibc-0:2.39-37.fc 100% |  93.7 MiB/s |   6.6 MiB |  00m00s
DEBUG util.py:459:  [ 22/106] Installing zlib-ng-compat-0:2 100% |  43.9 MiB/s | 134.8 KiB |  00m00s
DEBUG util.py:459:  [ 23/106] Installing libzstd-0:1.5.7-1. 100% |  98.3 MiB/s | 805.2 KiB |  00m00s
DEBUG util.py:459:  [ 24/106] Installing libstdc++-0:14.2.1 100% | 125.7 MiB/s |   2.8 MiB |  00m00s
DEBUG util.py:459:  [ 25/106] Installing xz-libs-1:5.4.6-3. 100% |  51.5 MiB/s | 210.9 KiB |  00m00s
DEBUG util.py:459:  [ 26/106] Installing gmp-1:6.2.1-8.fc40 100% |  97.3 MiB/s | 796.8 KiB |  00m00s
DEBUG util.py:459:  [ 27/106] Installing libxml2-0:2.12.9-1 100% | 114.1 MiB/s |   1.7 MiB |  00m00s
DEBUG util.py:459:  [ 28/106] Installing fmt-0:10.2.1-5.fc4 100% |  72.8 MiB/s | 372.9 KiB |  00m00s
DEBUG util.py:459:  [ 29/106] Installing bzip2-libs-0:1.0.8 100% |  26.6 MiB/s |  81.8 KiB |  00m00s
DEBUG util.py:459:  [ 30/106] Installing popt-0:1.19-6.fc40 100% |  15.6 MiB/s | 143.5 KiB |  00m00s
DEBUG util.py:459:  [ 31/106] Installing libffi-0:3.4.4-7.f 100% |  27.0 MiB/s |  83.0 KiB |  00m00s
DEBUG util.py:459:  [ 32/106] Installing libtasn1-0:4.20.0- 100% |  43.5 MiB/s | 178.2 KiB |  00m00s
DEBUG util.py:459:  [ 33/106] Installing p11-kit-0:0.25.5-1 100% |  78.8 MiB/s |   2.2 MiB |  00m00s
DEBUG util.py:459:  [ 34/106] Installing libunistring-0:1.1 100% | 123.6 MiB/s |   1.7 MiB |  00m00s
DEBUG util.py:459:  [ 35/106] Installing libidn2-0:2.3.7-1. 100% |  36.4 MiB/s | 335.0 KiB |  00m00s
DEBUG util.py:459:  [ 36/106] Installing elfutils-libelf-0: 100% | 117.0 MiB/s |   1.2 MiB |  00m00s
DEBUG util.py:459:  [ 37/106] Installing sqlite-libs-0:3.45 100% | 123.7 MiB/s |   1.5 MiB |  00m00s
DEBUG util.py:459:  [ 38/106] Installing libsmartcols-0:2.4 100% |  44.3 MiB/s | 181.5 KiB |  00m00s
DEBUG util.py:459:  [ 39/106] Installing json-c-0:0.17-3.fc 100% |  27.2 MiB/s |  83.6 KiB |  00m00s
DEBUG util.py:459:  [ 40/106] Installing lua-libs-0:5.4.6-5 100% |  68.9 MiB/s | 282.3 KiB |  00m00s
DEBUG util.py:459:  [ 41/106] Installing lz4-libs-0:1.9.4-6 100% |  42.5 MiB/s | 130.5 KiB |  00m00s
DEBUG util.py:459:  [ 42/106] Installing libattr-0:2.5.2-3. 100% |   9.6 MiB/s |  29.5 KiB |  00m00s
DEBUG util.py:459:  [ 43/106] Installing libacl-0:2.3.2-1.f 100% |  19.9 MiB/s |  40.8 KiB |  00m00s
DEBUG util.py:459:  [ 44/106] Installing libuuid-0:2.40.2-1 100% |  12.6 MiB/s |  38.6 KiB |  00m00s
DEBUG util.py:459:  [ 45/106] Installing libblkid-0:2.40.2- 100% |  63.4 MiB/s | 259.7 KiB |  00m00s
DEBUG util.py:459:  [ 46/106] Installing libpsl-0:0.21.5-3. 100% |  26.6 MiB/s |  81.6 KiB |  00m00s
DEBUG util.py:459:  [ 47/106] Installing nettle-0:3.9.1-6.f 100% |  86.1 MiB/s | 793.3 KiB |  00m00s
DEBUG util.py:459:  [ 48/106] Installing mpfr-0:4.2.1-4.fc4 100% | 101.8 MiB/s | 833.7 KiB |  00m00s
DEBUG util.py:459:  [ 49/106] Installing file-libs-0:5.45-4 100% | 177.3 MiB/s |   9.9 MiB |  00m00s
DEBUG util.py:459:  [ 50/106] Installing libgomp-0:14.2.1-3 100% |  85.4 MiB/s | 525.0 KiB |  00m00s
DEBUG util.py:459:  [ 51/106] Installing libyaml-0:0.2.5-14 100% |  42.9 MiB/s | 131.8 KiB |  00m00s
DEBUG util.py:459:  [ 52/106] Installing libsepol-0:3.7-2.f 100% | 100.0 MiB/s | 818.8 KiB |  00m00s
DEBUG util.py:459:  [ 53/106] Installing libeconf-0:0.6.2-2 100% |  19.4 MiB/s |  59.6 KiB |  00m00s
DEBUG util.py:459:  [ 54/106] Installing alternatives-0:1.2 100% |  22.1 MiB/s |  68.0 KiB |  00m00s
DEBUG util.py:459:  [ 55/106] Installing p11-kit-trust-0:0. 100% |  24.0 MiB/s | 393.1 KiB |  00m00s
DEBUG util.py:459:  [ 56/106] Installing gnutls-0:3.8.9-1.f 100% | 116.1 MiB/s |   3.3 MiB |  00m00s
DEBUG util.py:459:  [ 57/106] Installing libcap-ng-0:0.8.4- 100% |  24.4 MiB/s |  75.0 KiB |  00m00s
DEBUG util.py:459:  [ 58/106] Installing audit-libs-0:4.0.3 100% |  56.9 MiB/s | 349.5 KiB |  00m00s
DEBUG util.py:459:  [ 59/106] Installing pam-libs-0:1.6.1-5 100% |  33.5 MiB/s | 137.4 KiB |  00m00s
DEBUG util.py:459:  [ 60/106] Installing libcap-0:2.69-8.fc 100% |  31.4 MiB/s | 224.8 KiB |  00m00s
DEBUG util.py:459:  [ 61/106] Installing systemd-libs-0:255 100% | 114.0 MiB/s |   1.9 MiB |  00m00s
DEBUG util.py:459:  [ 62/106] Installing sdbus-cpp-0:1.4.0- 100% |  60.5 MiB/s | 309.7 KiB |  00m00s
DEBUG util.py:459:  [ 63/106] Installing libbrotli-0:1.1.0- 100% |  90.3 MiB/s | 831.8 KiB |  00m00s
DEBUG util.py:459:  [ 64/106] Installing libnghttp2-0:1.59. 100% |  40.8 MiB/s | 167.2 KiB |  00m00s
DEBUG util.py:459:  [ 65/106] Installing keyutils-libs-0:1. 100% |  18.2 MiB/s |  55.8 KiB |  00m00s
DEBUG util.py:459:  [ 66/106] Installing libcom_err-0:1.47. 100% |  22.2 MiB/s |  68.3 KiB |  00m00s
DEBUG util.py:459:  [ 67/106] Installing libverto-0:0.3.2-8 100% |  10.2 MiB/s |  31.3 KiB |  00m00s
DEBUG util.py:459:  [ 68/106] Installing libtool-ltdl-0:2.4 100% |  21.9 MiB/s |  67.3 KiB |  00m00s
DEBUG util.py:459:  [ 69/106] Installing readline-0:8.2-8.f 100% |  80.0 MiB/s | 491.4 KiB |  00m00s
DEBUG util.py:459:  [ 70/106] Installing gawk-0:5.3.0-3.fc4 100% |  78.5 MiB/s |   1.7 MiB |  00m00s
DEBUG util.py:459:  [ 71/106] Installing gdbm-libs-1:1.23-6 100% |  30.2 MiB/s | 123.6 KiB |  00m00s
DEBUG util.py:459:  [ 72/106] Installing libxcrypt-0:4.4.38 100% |  47.4 MiB/s | 291.2 KiB |  00m00s
DEBUG util.py:459:  [ 73/106] Installing cyrus-sasl-lib-0:2 100% | 120.2 MiB/s |   2.3 MiB |  00m00s
DEBUG util.py:459:  [ 74/106] Installing elfutils-default-y 100% | 185.7 KiB/s |   2.0 KiB |  00m00s
DEBUG util.py:459:  [ 75/106] Installing elfutils-libs-0:0. 100% |  82.1 MiB/s | 672.2 KiB |  00m00s
DEBUG util.py:459:  [ 76/106] Installing pcre2-syntax-0:10. 100% |  49.6 MiB/s | 254.1 KiB |  00m00s
DEBUG util.py:459:  [ 77/106] Installing pcre2-0:10.44-1.fc 100% |  91.4 MiB/s | 654.9 KiB |  00m00s
DEBUG util.py:459:  [ 78/106] Installing libselinux-0:3.7-5 100% |  43.5 MiB/s | 178.3 KiB |  00m00s
DEBUG util.py:459:  [ 79/106] Installing sed-0:4.9-1.fc40.x 100% |  56.6 MiB/s | 869.7 KiB |  00m00s
DEBUG util.py:459:  [ 80/106] Installing libmount-0:2.40.2- 100% |  69.7 MiB/s | 356.9 KiB |  00m00s
DEBUG util.py:459:  [ 81/106] Installing glib2-0:2.80.3-1.f 100% | 131.7 MiB/s |  14.6 MiB |  00m00s
DEBUG util.py:459:  [ 82/106] Installing findutils-1:4.9.0- 100% |  77.2 MiB/s |   1.5 MiB |  00m00s
DEBUG util.py:459:  [ 83/106] Installing grep-0:3.11-7.fc40 100% |  59.0 MiB/s |   1.0 MiB |  00m00s
DEBUG util.py:459:  [ 84/106] Installing openssl-libs-1:3.2 100% | 153.4 MiB/s |   7.8 MiB |  00m00s
DEBUG util.py:459:  [ 85/106] Installing coreutils-0:9.4-9. 100% |  88.3 MiB/s |   5.8 MiB |  00m00s
DEBUG util.py:459:  [ 86/106] Installing ca-certificates-0: 100% |   1.6 MiB/s |   2.4 MiB |  00m01s
DEBUG util.py:459:  [ 87/106] Installing krb5-libs-0:1.21.3 100% |  92.3 MiB/s |   2.3 MiB |  00m00s
DEBUG util.py:459:  [ 88/106] Installing zchunk-libs-0:1.5. 100% |  25.0 MiB/s | 102.5 KiB |  00m00s
DEBUG util.py:459:  [ 89/106] Installing libssh-0:0.10.6-5. 100% |  71.3 MiB/s | 511.4 KiB |  00m00s
DEBUG util.py:459:  [ 90/106] Installing rpm-sequoia-0:1.7. 100% | 134.2 MiB/s |   2.4 MiB |  00m00s
DEBUG util.py:459:  [ 91/106] Installing rpm-libs-0:4.19.1. 100% |  86.8 MiB/s | 711.4 KiB |  00m00s
DEBUG util.py:459:  [ 92/106] Installing rpm-build-libs-0:4 100% |  48.6 MiB/s | 199.2 KiB |  00m00s
DEBUG util.py:459:  [ 93/106] Installing libmodulemd-0:2.15 100% |  87.9 MiB/s | 719.7 KiB |  00m00s
DEBUG util.py:459:  [ 94/106] Installing libsolv-0:0.7.31-1 100% | 102.2 MiB/s | 942.0 KiB |  00m00s
DEBUG util.py:459:  [ 95/106] Installing libarchive-0:3.7.2 100% |  90.3 MiB/s | 924.5 KiB |  00m00s
DEBUG util.py:459:  [ 96/106] Installing libevent-0:2.1.12- 100% |  87.8 MiB/s | 899.4 KiB |  00m00s
DEBUG util.py:459:  [ 97/106] Installing openldap-0:2.6.8-2 100% |  69.9 MiB/s | 644.1 KiB |  00m00s
DEBUG util.py:459:  [ 98/106] Installing libcurl-0:8.6.0-10 100% |  95.0 MiB/s | 777.9 KiB |  00m00s
DEBUG util.py:459:  [ 99/106] Installing librepo-0:1.19.0-1 100% |  48.0 MiB/s | 245.8 KiB |  00m00s
DEBUG util.py:459:  [100/106] Installing libdnf5-0:5.1.17-4 100% | 125.0 MiB/s |   2.9 MiB |  00m00s
DEBUG util.py:459:  [101/106] Installing libdnf5-cli-0:5.1. 100% |  78.3 MiB/s | 561.0 KiB |  00m00s
DEBUG util.py:459:  [102/106] Installing curl-0:8.6.0-10.fc 100% |  90.4 MiB/s | 740.9 KiB |  00m00s
DEBUG util.py:459:  [103/106] Installing dnf-data-0:4.23.0- 100% |  10.3 MiB/s |  42.0 KiB |  00m00s
DEBUG util.py:459:  >>> [RPM] /etc/dnf/dnf.conf created as /etc/dnf/dnf.conf.rpmnew
DEBUG util.py:459:  [104/106] Installing dnf5-0:5.1.17-4.fc 100% |  82.3 MiB/s |   1.7 MiB |  00m00s
DEBUG util.py:459:  [105/106] Installing dnf5-plugins-0:5.1 100% |  35.5 MiB/s |   1.1 MiB |  00m00s
DEBUG util.py:459:  warning: posix.fork(): .fork(), .exec(), .wait() and .redirect2null() are deprecated, use rpm.spawn() or rpm.execute() instead
DEBUG util.py:459:  warning: posix.wait(): .fork(), .exec(), .wait() and .redirect2null() are deprecated, use rpm.spawn() or rpm.execute() instead
DEBUG util.py:459:  warning: posix.exec(): .fork(), .exec(), .wait() and .redirect2null() are deprecated, use rpm.spawn() or rpm.execute() instead
DEBUG util.py:459:  [106/106] Installing rpm-0:4.19.1.1-1.f 100% | 810.5 KiB/s |   2.4 MiB |  00m03s
DEBUG util.py:459:  Warning: skipped OpenPGP checks for 104 packages from repository: build
DEBUG util.py:459:  Complete!
DEBUG util.py:608:  Child return code was: 0
DEBUG util.py:183:  kill orphans in chroot /var/lib/mock/f40-build-58054473-6561875-bootstrap/root
DEBUG util.py:634:  child environment: None
DEBUG util.py:556:  Executing command: ['/bin/umount', '-n', '-l', '/var/lib/mock/f40-build-58054473-6561875-bootstrap/root/sys/fs/selinux'] with env {'TERM': 'vt100', 'SHELL': '/bin/sh', 'HOME': '/builddir', 'HOSTNAME': 'mock', 'PATH': '/usr/bin:/bin:/usr/sbin:/sbin', 'LANG': 'C.UTF-8'} and shell False
DEBUG util.py:608:  Child return code was: 0
DEBUG util.py:634:  child environment: None
DEBUG util.py:556:  Executing command: ['/bin/umount', '-n', '/var/lib/mock/f40-build-58054473-6561875-bootstrap/root/proc/filesystems'] with env {'TERM': 'vt100', 'SHELL': '/bin/sh', 'HOME': '/builddir', 'HOSTNAME': 'mock', 'PATH': '/usr/bin:/bin:/usr/sbin:/sbin', 'LANG': 'C.UTF-8'} and shell False
DEBUG util.py:608:  Child return code was: 0
DEBUG util.py:634:  child environment: None
DEBUG util.py:556:  Executing command: ['/bin/umount', '-n', '-l', '/var/lib/mock/f40-build-58054473-6561875-bootstrap/root/dev/pts'] with env {'TERM': 'vt100', 'SHELL': '/bin/sh', 'HOME': '/builddir', 'HOSTNAME': 'mock', 'PATH': '/usr/bin:/bin:/usr/sbin:/sbin', 'LANG': 'C.UTF-8'} and shell False
DEBUG util.py:608:  Child return code was: 0
DEBUG util.py:634:  child environment: None
DEBUG util.py:556:  Executing command: ['/bin/umount', '-n', '-l', '/var/lib/mock/f40-build-58054473-6561875-bootstrap/root/dev/shm'] with env {'TERM': 'vt100', 'SHELL': '/bin/sh', 'HOME': '/builddir', 'HOSTNAME': 'mock', 'PATH': '/usr/bin:/bin:/usr/sbin:/sbin', 'LANG': 'C.UTF-8'} and shell False
DEBUG util.py:608:  Child return code was: 0
DEBUG util.py:634:  child environment: None
DEBUG util.py:556:  Executing command: ['/bin/umount', '-n', '-l', '/var/lib/mock/f40-build-58054473-6561875-bootstrap/root/sys'] with env {'TERM': 'vt100', 'SHELL': '/bin/sh', 'HOME': '/builddir', 'HOSTNAME': 'mock', 'PATH': '/usr/bin:/bin:/usr/sbin:/sbin', 'LANG': 'C.UTF-8'} and shell False
DEBUG util.py:608:  Child return code was: 0
DEBUG util.py:634:  child environment: None
DEBUG util.py:556:  Executing command: ['/bin/umount', '-n', '-l', '/var/lib/mock/f40-build-58054473-6561875-bootstrap/root/sys'] with env {'TERM': 'vt100', 'SHELL': '/bin/sh', 'HOME': '/builddir', 'HOSTNAME': 'mock', 'PATH': '/usr/bin:/bin:/usr/sbin:/sbin', 'LANG': 'C.UTF-8'} and shell False
DEBUG util.py:608:  Child return code was: 0
DEBUG util.py:634:  child environment: None
DEBUG util.py:556:  Executing command: ['/bin/umount', '-n', '-l', '/var/lib/mock/f40-build-58054473-6561875-bootstrap/root/proc'] with env {'TERM': 'vt100', 'SHELL': '/bin/sh', 'HOME': '/builddir', 'HOSTNAME': 'mock', 'PATH': '/usr/bin:/bin:/usr/sbin:/sbin', 'LANG': 'C.UTF-8'} and shell False
DEBUG util.py:608:  Child return code was: 0
DEBUG util.py:634:  child environment: None
DEBUG util.py:556:  Executing command: ['/bin/umount', '-n', '-l', '/var/lib/mock/f40-build-58054473-6561875-bootstrap/root/proc'] with env {'TERM': 'vt100', 'SHELL': '/bin/sh', 'HOME': '/builddir', 'HOSTNAME': 'mock', 'PATH': '/usr/bin:/bin:/usr/sbin:/sbin', 'LANG': 'C.UTF-8'} and shell False
DEBUG util.py:608:  Child return code was: 0
DEBUG file_util.py:30:  touching file: /var/lib/mock/f40-build-58054473-6561875-bootstrap/root/etc/os-release
DEBUG buildroot.py:38:  method _setup_build_dirs skipped in bootstrap
DEBUG buildroot.py:38:  method _make_users skipped in bootstrap
DEBUG file_util.py:30:  touching file: /var/lib/mock/f40-build-58054473-6561875-bootstrap/root/.initialized
DEBUG file_util.py:18:  ensuring that dir exists: /var/lib/mock/f40-build-58054473-6561875
DEBUG file_util.py:18:  ensuring that dir exists: /var/lib/mock/f40-build-58054473-6561875/root
DEBUG file_util.py:18:  ensuring that dir exists: /var/lib/mock/f40-build-58054473-6561875/result
INFO buildroot.py:316:  calling preinit hooks
DEBUG util.py:634:  child environment: None
DEBUG util.py:556:  Executing command: ['/usr/bin/lscpu'] with env {'TERM': 'vt100', 'SHELL': '/bin/sh', 'HOME': '/builddir', 'HOSTNAME': 'mock', 'PATH': '/usr/bin:/bin:/usr/sbin:/sbin', 'LANG': 'C.UTF-8'} and shell False
DEBUG util.py:461:  Architecture:                         x86_64
DEBUG util.py:461:  CPU op-mode(s):                       32-bit, 64-bit
DEBUG util.py:461:  Address sizes:                        46 bits physical, 48 bits virtual
DEBUG util.py:461:  Byte Order:                           Little Endian
DEBUG util.py:461:  CPU(s):                               48
DEBUG util.py:461:  On-line CPU(s) list:                  0-47
DEBUG util.py:461:  Vendor ID:                            GenuineIntel
DEBUG util.py:461:  Model name:                           Intel(R) Xeon(R) CPU E5-2670 v3 @ 2.30GHz
DEBUG util.py:461:  CPU family:                           6
DEBUG util.py:461:  Model:                                63
DEBUG util.py:461:  Thread(s) per core:                   2
DEBUG util.py:461:  Core(s) per socket:                   12
DEBUG util.py:461:  Socket(s):                            2
DEBUG util.py:461:  Stepping:                             2
DEBUG util.py:461:  CPU(s) scaling MHz:                   41%
DEBUG util.py:461:  CPU max MHz:                          3100.0000
DEBUG util.py:461:  CPU min MHz:                          1200.0000
DEBUG util.py:461:  BogoMIPS:                             4599.93
DEBUG util.py:461:  Flags:                                fpu vme de pse tsc msr pae mce cx8 apic sep mtrr pge mca cmov pat pse36 clflush dts acpi mmx fxsr sse sse2 ss ht tm pbe syscall nx pdpe1gb rdtscp lm constant_tsc arch_perfmon pebs bts rep_good nopl xtopology nonstop_tsc cpuid aperfmperf pni pclmulqdq dtes64 monitor ds_cpl vmx smx est tm2 ssse3 sdbg fma cx16 xtpr pdcm pcid dca sse4_1 sse4_2 x2apic movbe popcnt tsc_deadline_timer aes xsave avx f16c rdrand lahf_lm abm cpuid_fault epb pti ssbd ibrs ibpb stibp tpr_shadow flexpriority ept vpid ept_ad fsgsbase tsc_adjust bmi1 avx2 smep bmi2 erms invpcid cqm xsaveopt cqm_llc cqm_occup_llc dtherm ida arat pln pts vnmi md_clear flush_l1d
DEBUG util.py:461:  Virtualization:                       VT-x
DEBUG util.py:461:  L1d cache:                            768 KiB (24 instances)
DEBUG util.py:461:  L1i cache:                            768 KiB (24 instances)
DEBUG util.py:461:  L2 cache:                             6 MiB (24 instances)
DEBUG util.py:461:  L3 cache:                             60 MiB (2 instances)
DEBUG util.py:461:  NUMA node(s):                         2
DEBUG util.py:461:  NUMA node0 CPU(s):                    0,2,4,6,8,10,12,14,16,18,20,22,24,26,28,30,32,34,36,38,40,42,44,46
DEBUG util.py:461:  NUMA node1 CPU(s):                    1,3,5,7,9,11,13,15,17,19,21,23,25,27,29,31,33,35,37,39,41,43,45,47
DEBUG util.py:461:  Vulnerability Gather data sampling:   Not affected
DEBUG util.py:461:  Vulnerability Itlb multihit:          KVM: Mitigation: Split huge pages
DEBUG util.py:461:  Vulnerability L1tf:                   Mitigation; PTE Inversion; VMX conditional cache flushes, SMT vulnerable
DEBUG util.py:461:  Vulnerability Mds:                    Mitigation; Clear CPU buffers; SMT vulnerable
DEBUG util.py:461:  Vulnerability Meltdown:               Mitigation; PTI
DEBUG util.py:461:  Vulnerability Mmio stale data:        Mitigation; Clear CPU buffers; SMT vulnerable
DEBUG util.py:461:  Vulnerability Reg file data sampling: Not affected
DEBUG util.py:461:  Vulnerability Retbleed:               Not affected
DEBUG util.py:461:  Vulnerability Spec rstack overflow:   Not affected
DEBUG util.py:461:  Vulnerability Spec store bypass:      Mitigation; Speculative Store Bypass disabled via prctl
DEBUG util.py:461:  Vulnerability Spectre v1:             Mitigation; usercopy/swapgs barriers and __user pointer sanitization
DEBUG util.py:461:  Vulnerability Spectre v2:             Mitigation; Retpolines; IBPB conditional; IBRS_FW; STIBP conditional; RSB filling; PBRSB-eIBRS Not affected; BHI Not affected
DEBUG util.py:461:  Vulnerability Srbds:                  Not affected
DEBUG util.py:461:  Vulnerability Tsx async abort:        Not affected
DEBUG util.py:608:  Child return code was: 0
DEBUG util.py:634:  child environment: None
DEBUG util.py:556:  Executing command: ['/bin/free'] with env {'TERM': 'vt100', 'SHELL': '/bin/sh', 'HOME': '/builddir', 'HOSTNAME': 'mock', 'PATH': '/usr/bin:/bin:/usr/sbin:/sbin', 'LANG': 'C.UTF-8'} and shell False
DEBUG util.py:461:                 total        used        free      shared  buff/cache   available
DEBUG util.py:461:  Mem:       131877680     4325324    89722248        5508    39794404   127552356
DEBUG util.py:461:  Swap:        8388604      115412     8273192
DEBUG util.py:608:  Child return code was: 0
DEBUG util.py:634:  child environment: None
DEBUG util.py:556:  Executing command: ['/bin/df', '-H', '-T', '/var/lib/mock/f40-build-58054473-6561875/root', '/var/cache/mock'] with env {'TERM': 'vt100', 'SHELL': '/bin/sh', 'HOME': '/builddir', 'HOSTNAME': 'mock', 'PATH': '/usr/bin:/bin:/usr/sbin:/sbin', 'LANG': 'C.UTF-8'} and shell False
DEBUG util.py:461:  Filesystem                                            Type   Size  Used Avail Use% Mounted on
DEBUG util.py:461:  /dev/mapper/luks-7bbad2a3-b243-4b67-8656-b2c6c8ee94a7 btrfs  399G   25G  365G   7% /
DEBUG util.py:461:  /dev/mapper/luks-7bbad2a3-b243-4b67-8656-b2c6c8ee94a7 btrfs  399G   25G  365G   7% /
DEBUG util.py:608:  Child return code was: 0
DEBUG buildroot.py:721:  create skeleton dirs
DEBUG file_util.py:18:  ensuring that dir exists: /var/lib/mock/f40-build-58054473-6561875/root/var/lib/rpm
DEBUG file_util.py:21:  created dir: /var/lib/mock/f40-build-58054473-6561875/root/var/lib/rpm
DEBUG file_util.py:18:  ensuring that dir exists: /var/lib/mock/f40-build-58054473-6561875/root/var/lib/yum
DEBUG file_util.py:21:  created dir: /var/lib/mock/f40-build-58054473-6561875/root/var/lib/yum
DEBUG file_util.py:18:  ensuring that dir exists: /var/lib/mock/f40-build-58054473-6561875/root/var/lib/dbus
DEBUG file_util.py:21:  created dir: /var/lib/mock/f40-build-58054473-6561875/root/var/lib/dbus
DEBUG file_util.py:18:  ensuring that dir exists: /var/lib/mock/f40-build-58054473-6561875/root/var/log
DEBUG file_util.py:21:  created dir: /var/lib/mock/f40-build-58054473-6561875/root/var/log
DEBUG file_util.py:18:  ensuring that dir exists: /var/lib/mock/f40-build-58054473-6561875/root/var/cache/dnf
DEBUG file_util.py:21:  created dir: /var/lib/mock/f40-build-58054473-6561875/root/var/cache/dnf
DEBUG file_util.py:18:  ensuring that dir exists: /var/lib/mock/f40-build-58054473-6561875/root/var/cache/yum
DEBUG file_util.py:21:  created dir: /var/lib/mock/f40-build-58054473-6561875/root/var/cache/yum
DEBUG file_util.py:18:  ensuring that dir exists: /var/lib/mock/f40-build-58054473-6561875/root/etc/rpm
DEBUG file_util.py:21:  created dir: /var/lib/mock/f40-build-58054473-6561875/root/etc/rpm
DEBUG file_util.py:18:  ensuring that dir exists: /var/lib/mock/f40-build-58054473-6561875/root/tmp
DEBUG file_util.py:21:  created dir: /var/lib/mock/f40-build-58054473-6561875/root/tmp
DEBUG file_util.py:18:  ensuring that dir exists: /var/lib/mock/f40-build-58054473-6561875/root/tmp/ccache
DEBUG file_util.py:21:  created dir: /var/lib/mock/f40-build-58054473-6561875/root/tmp/ccache
DEBUG file_util.py:18:  ensuring that dir exists: /var/lib/mock/f40-build-58054473-6561875/root/var/tmp
DEBUG file_util.py:21:  created dir: /var/lib/mock/f40-build-58054473-6561875/root/var/tmp
DEBUG file_util.py:18:  ensuring that dir exists: /var/lib/mock/f40-build-58054473-6561875/root/etc/dnf
DEBUG file_util.py:21:  created dir: /var/lib/mock/f40-build-58054473-6561875/root/etc/dnf
DEBUG file_util.py:18:  ensuring that dir exists: /var/lib/mock/f40-build-58054473-6561875/root/etc/dnf/vars
DEBUG file_util.py:21:  created dir: /var/lib/mock/f40-build-58054473-6561875/root/etc/dnf/vars
DEBUG file_util.py:18:  ensuring that dir exists: /var/lib/mock/f40-build-58054473-6561875/root/etc/yum.repos.d
DEBUG file_util.py:21:  created dir: /var/lib/mock/f40-build-58054473-6561875/root/etc/yum.repos.d
DEBUG file_util.py:18:  ensuring that dir exists: /var/lib/mock/f40-build-58054473-6561875/root/etc/yum
DEBUG file_util.py:21:  created dir: /var/lib/mock/f40-build-58054473-6561875/root/etc/yum
DEBUG file_util.py:18:  ensuring that dir exists: /var/lib/mock/f40-build-58054473-6561875/root/proc
DEBUG file_util.py:21:  created dir: /var/lib/mock/f40-build-58054473-6561875/root/proc
DEBUG file_util.py:18:  ensuring that dir exists: /var/lib/mock/f40-build-58054473-6561875/root/sys
DEBUG file_util.py:21:  created dir: /var/lib/mock/f40-build-58054473-6561875/root/sys
DEBUG file_util.py:18:  ensuring that dir exists: /var/lib/mock/f40-build-58054473-6561875/root/dev/pts
DEBUG file_util.py:21:  created dir: /var/lib/mock/f40-build-58054473-6561875/root/dev/pts
DEBUG file_util.py:18:  ensuring that dir exists: /var/lib/mock/f40-build-58054473-6561875/root/dev/shm
DEBUG file_util.py:21:  created dir: /var/lib/mock/f40-build-58054473-6561875/root/dev/shm
DEBUG file_util.py:18:  ensuring that dir exists: /var/lib/mock/f40-build-58054473-6561875/root/dev/mapper
DEBUG file_util.py:21:  created dir: /var/lib/mock/f40-build-58054473-6561875/root/dev/mapper
DEBUG buildroot.py:865:  kernel version == 6.12.10-200.fc41.x86_64
DEBUG file_util.py:30:  touching file: /var/lib/mock/f40-build-58054473-6561875/root/etc/fstab
DEBUG file_util.py:30:  touching file: /var/lib/mock/f40-build-58054473-6561875/root/etc/yum/yum.conf
DEBUG file_util.py:30:  touching file: /var/lib/mock/f40-build-58054473-6561875/root/etc/dnf/dnf.conf
DEBUG file_util.py:30:  touching file: /var/lib/mock/f40-build-58054473-6561875/root/var/log/yum.log
DEBUG buildroot.py:330:  rootdir = /var/lib/mock/f40-build-58054473-6561875/root
DEBUG buildroot.py:331:  resultdir = /var/lib/mock/f40-build-58054473-6561875/result
INFO buildroot.py:179:  Package manager dnf5 detected and used (direct choice)
DEBUG file_util.py:18:  ensuring that dir exists: /var/lib/mock/f40-build-58054473-6561875/root/etc/pki/mock
DEBUG file_util.py:21:  created dir: /var/lib/mock/f40-build-58054473-6561875/root/etc/pki/mock
DEBUG file_util.py:158:  Updating files in /var/lib/mock/f40-build-58054473-6561875/root/etc/pki/ca-trust with files from /etc/pki/ca-trust
DEBUG file_util.py:18:  ensuring that dir exists: /var/lib/mock/f40-build-58054473-6561875/root/etc/pki/ca-trust
DEBUG file_util.py:21:  created dir: /var/lib/mock/f40-build-58054473-6561875/root/etc/pki/ca-trust
DEBUG file_util.py:18:  ensuring that dir exists: /var/lib/mock/f40-build-58054473-6561875/root/etc/pki/ca-trust/./extracted
DEBUG file_util.py:21:  created dir: /var/lib/mock/f40-build-58054473-6561875/root/etc/pki/ca-trust/./extracted
DEBUG file_util.py:18:  ensuring that dir exists: /var/lib/mock/f40-build-58054473-6561875/root/etc/pki/ca-trust/./source
DEBUG file_util.py:21:  created dir: /var/lib/mock/f40-build-58054473-6561875/root/etc/pki/ca-trust/./source
DEBUG file_util.py:18:  ensuring that dir exists: /var/lib/mock/f40-build-58054473-6561875/root/etc/pki/ca-trust/extracted/edk2
DEBUG file_util.py:21:  created dir: /var/lib/mock/f40-build-58054473-6561875/root/etc/pki/ca-trust/extracted/edk2
DEBUG file_util.py:18:  ensuring that dir exists: /var/lib/mock/f40-build-58054473-6561875/root/etc/pki/ca-trust/extracted/java
DEBUG file_util.py:21:  created dir: /var/lib/mock/f40-build-58054473-6561875/root/etc/pki/ca-trust/extracted/java
DEBUG file_util.py:18:  ensuring that dir exists: /var/lib/mock/f40-build-58054473-6561875/root/etc/pki/ca-trust/extracted/openssl
DEBUG file_util.py:21:  created dir: /var/lib/mock/f40-build-58054473-6561875/root/etc/pki/ca-trust/extracted/openssl
DEBUG file_util.py:18:  ensuring that dir exists: /var/lib/mock/f40-build-58054473-6561875/root/etc/pki/ca-trust/extracted/pem
DEBUG file_util.py:21:  created dir: /var/lib/mock/f40-build-58054473-6561875/root/etc/pki/ca-trust/extracted/pem
DEBUG file_util.py:18:  ensuring that dir exists: /var/lib/mock/f40-build-58054473-6561875/root/etc/pki/ca-trust/extracted/pem/directory-hash
DEBUG file_util.py:21:  created dir: /var/lib/mock/f40-build-58054473-6561875/root/etc/pki/ca-trust/extracted/pem/directory-hash
DEBUG file_util.py:18:  ensuring that dir exists: /var/lib/mock/f40-build-58054473-6561875/root/etc/pki/ca-trust/source/anchors
DEBUG file_util.py:21:  created dir: /var/lib/mock/f40-build-58054473-6561875/root/etc/pki/ca-trust/source/anchors
DEBUG file_util.py:18:  ensuring that dir exists: /var/lib/mock/f40-build-58054473-6561875/root/etc/pki/ca-trust/source/blocklist
DEBUG file_util.py:21:  created dir: /var/lib/mock/f40-build-58054473-6561875/root/etc/pki/ca-trust/source/blocklist
DEBUG file_util.py:158:  Updating files in /var/lib/mock/f40-build-58054473-6561875/root/usr/share/pki/ca-trust-source with files from /usr/share/pki/ca-trust-source
DEBUG file_util.py:18:  ensuring that dir exists: /var/lib/mock/f40-build-58054473-6561875/root/usr/share/pki/ca-trust-source
DEBUG file_util.py:21:  created dir: /var/lib/mock/f40-build-58054473-6561875/root/usr/share/pki/ca-trust-source
DEBUG file_util.py:18:  ensuring that dir exists: /var/lib/mock/f40-build-58054473-6561875/root/usr/share/pki/ca-trust-source/./anchors
DEBUG file_util.py:21:  created dir: /var/lib/mock/f40-build-58054473-6561875/root/usr/share/pki/ca-trust-source/./anchors
DEBUG file_util.py:18:  ensuring that dir exists: /var/lib/mock/f40-build-58054473-6561875/root/usr/share/pki/ca-trust-source/./blocklist
DEBUG file_util.py:21:  created dir: /var/lib/mock/f40-build-58054473-6561875/root/usr/share/pki/ca-trust-source/./blocklist
DEBUG file_util.py:18:  ensuring that dir exists: /var/lib/mock/f40-build-58054473-6561875/root/etc/dnf
DEBUG package_manager.py:689:  configure DNF vars
DEBUG file_util.py:18:  ensuring that dir exists: /var/lib/mock/f40-build-58054473-6561875/root/etc
DEBUG file_util.py:18:  ensuring that dir exists: /var/lib/mock/f40-build-58054473-6561875/root/proc
DEBUG util.py:634:  child environment: None
DEBUG util.py:556:  Executing command: ['/bin/mount', '-n', '-t', 'tmpfs', '-o', 'rprivate,mode=0755', 'tmpfs', '/var/lib/mock/f40-build-58054473-6561875/root/proc'] with env {'TERM': 'vt100', 'SHELL': '/bin/sh', 'HOME': '/builddir', 'HOSTNAME': 'mock', 'PATH': '/usr/bin:/bin:/usr/sbin:/sbin', 'LANG': 'C.UTF-8'} and shell False
DEBUG util.py:608:  Child return code was: 0
DEBUG file_util.py:18:  ensuring that dir exists: /var/lib/mock/f40-build-58054473-6561875/root/proc
DEBUG util.py:634:  child environment: None
DEBUG util.py:556:  Executing command: ['/bin/mount', '-n', '-o', 'rbind', '/proc', '/var/lib/mock/f40-build-58054473-6561875/root/proc'] with env {'TERM': 'vt100', 'SHELL': '/bin/sh', 'HOME': '/builddir', 'HOSTNAME': 'mock', 'PATH': '/usr/bin:/bin:/usr/sbin:/sbin', 'LANG': 'C.UTF-8'} and shell False
DEBUG util.py:608:  Child return code was: 0
DEBUG util.py:634:  child environment: None
DEBUG util.py:556:  Executing command: ['/bin/mount', '-n', '-o', 'remount,nodev,noexec,nosuid,readonly,rprivate,rbind', '--target', '/var/lib/mock/f40-build-58054473-6561875/root/proc'] with env {'TERM': 'vt100', 'SHELL': '/bin/sh', 'HOME': '/builddir', 'HOSTNAME': 'mock', 'PATH': '/usr/bin:/bin:/usr/sbin:/sbin', 'LANG': 'C.UTF-8'} and shell False
DEBUG util.py:608:  Child return code was: 0
DEBUG file_util.py:18:  ensuring that dir exists: /var/lib/mock/f40-build-58054473-6561875/root/sys
DEBUG util.py:634:  child environment: None
DEBUG util.py:556:  Executing command: ['/bin/mount', '-n', '-t', 'tmpfs', '-o', 'rprivate,mode=0755', 'tmpfs', '/var/lib/mock/f40-build-58054473-6561875/root/sys'] with env {'TERM': 'vt100', 'SHELL': '/bin/sh', 'HOME': '/builddir', 'HOSTNAME': 'mock', 'PATH': '/usr/bin:/bin:/usr/sbin:/sbin', 'LANG': 'C.UTF-8'} and shell False
DEBUG util.py:608:  Child return code was: 0
DEBUG file_util.py:18:  ensuring that dir exists: /var/lib/mock/f40-build-58054473-6561875/root/sys
DEBUG util.py:634:  child environment: None
DEBUG util.py:556:  Executing command: ['/bin/mount', '-n', '-o', 'rbind', '/sys', '/var/lib/mock/f40-build-58054473-6561875/root/sys'] with env {'TERM': 'vt100', 'SHELL': '/bin/sh', 'HOME': '/builddir', 'HOSTNAME': 'mock', 'PATH': '/usr/bin:/bin:/usr/sbin:/sbin', 'LANG': 'C.UTF-8'} and shell False
DEBUG util.py:608:  Child return code was: 0
DEBUG util.py:634:  child environment: None
DEBUG util.py:556:  Executing command: ['/bin/mount', '-n', '-o', 'remount,nodev,noexec,nosuid,readonly,rprivate,rbind', '--target', '/var/lib/mock/f40-build-58054473-6561875/root/sys'] with env {'TERM': 'vt100', 'SHELL': '/bin/sh', 'HOME': '/builddir', 'HOSTNAME': 'mock', 'PATH': '/usr/bin:/bin:/usr/sbin:/sbin', 'LANG': 'C.UTF-8'} and shell False
DEBUG util.py:608:  Child return code was: 0
DEBUG file_util.py:18:  ensuring that dir exists: /var/lib/mock/f40-build-58054473-6561875/root/dev/shm
DEBUG util.py:634:  child environment: None
DEBUG util.py:556:  Executing command: ['/bin/mount', '-n', '-t', 'tmpfs', 'tmpfs', '/var/lib/mock/f40-build-58054473-6561875/root/dev/shm'] with env {'TERM': 'vt100', 'SHELL': '/bin/sh', 'HOME': '/builddir', 'HOSTNAME': 'mock', 'PATH': '/usr/bin:/bin:/usr/sbin:/sbin', 'LANG': 'C.UTF-8'} and shell False
DEBUG util.py:608:  Child return code was: 0
DEBUG file_util.py:18:  ensuring that dir exists: /var/lib/mock/f40-build-58054473-6561875/root/dev/pts
DEBUG util.py:634:  child environment: None
DEBUG util.py:556:  Executing command: ['/bin/mount', '-n', '-t', 'devpts', '-o', 'gid=5,mode=0620,ptmxmode=0666,newinstance', 'devpts', '/var/lib/mock/f40-build-58054473-6561875/root/dev/pts'] with env {'TERM': 'vt100', 'SHELL': '/bin/sh', 'HOME': '/builddir', 'HOSTNAME': 'mock', 'PATH': '/usr/bin:/bin:/usr/sbin:/sbin', 'LANG': 'C.UTF-8'} and shell False
DEBUG util.py:608:  Child return code was: 0
DEBUG util.py:634:  child environment: None
DEBUG util.py:556:  Executing command: ['/bin/mount', '-n', '-o', 'bind', '/tmp/mock-selinux-plugin.qzg5pxhz', '/var/lib/mock/f40-build-58054473-6561875/root/proc/filesystems'] with env {'TERM': 'vt100', 'SHELL': '/bin/sh', 'HOME': '/builddir', 'HOSTNAME': 'mock', 'PATH': '/usr/bin:/bin:/usr/sbin:/sbin', 'LANG': 'C.UTF-8'} and shell False
DEBUG util.py:608:  Child return code was: 0
DEBUG file_util.py:18:  ensuring that dir exists: /var/lib/mock/f40-build-58054473-6561875/root/sys/fs/selinux
DEBUG util.py:634:  child environment: None
DEBUG util.py:556:  Executing command: ['/bin/mount', '-n', '-t', 'tmpfs', 'tmpfs', '/var/lib/mock/f40-build-58054473-6561875/root/sys/fs/selinux'] with env {'TERM': 'vt100', 'SHELL': '/bin/sh', 'HOME': '/builddir', 'HOSTNAME': 'mock', 'PATH': '/usr/bin:/bin:/usr/sbin:/sbin', 'LANG': 'C.UTF-8'} and shell False
DEBUG util.py:608:  Child return code was: 0
DEBUG file_util.py:18:  ensuring that dir exists: /var/lib/mock/f40-build-58054473-6561875-bootstrap/root/var/lib/mock/f40-build-58054473-6561875/root
DEBUG file_util.py:21:  created dir: /var/lib/mock/f40-build-58054473-6561875-bootstrap/root/var/lib/mock/f40-build-58054473-6561875/root
DEBUG util.py:634:  child environment: None
DEBUG util.py:556:  Executing command: ['/bin/mount', '-n', '-t', 'tmpfs', '-o', 'private,mode=0755', 'tmpfs', '/var/lib/mock/f40-build-58054473-6561875-bootstrap/root/var/lib/mock/f40-build-58054473-6561875/root'] with env {'TERM': 'vt100', 'SHELL': '/bin/sh', 'HOME': '/builddir', 'HOSTNAME': 'mock', 'PATH': '/usr/bin:/bin:/usr/sbin:/sbin', 'LANG': 'C.UTF-8'} and shell False
DEBUG util.py:608:  Child return code was: 0
DEBUG file_util.py:18:  ensuring that dir exists: /var/lib/mock/f40-build-58054473-6561875-bootstrap/root/var/lib/mock/f40-build-58054473-6561875/root
DEBUG util.py:634:  child environment: None
DEBUG util.py:556:  Executing command: ['/bin/mount', '-n', '-o', 'rbind', '/var/lib/mock/f40-build-58054473-6561875/root', '/var/lib/mock/f40-build-58054473-6561875-bootstrap/root/var/lib/mock/f40-build-58054473-6561875/root'] with env {'TERM': 'vt100', 'SHELL': '/bin/sh', 'HOME': '/builddir', 'HOSTNAME': 'mock', 'PATH': '/usr/bin:/bin:/usr/sbin:/sbin', 'LANG': 'C.UTF-8'} and shell False
DEBUG util.py:608:  Child return code was: 0
DEBUG util.py:634:  child environment: None
DEBUG util.py:556:  Executing command: ['/bin/mount', '-n', '-o', 'remount,private,rbind', '--target', '/var/lib/mock/f40-build-58054473-6561875-bootstrap/root/var/lib/mock/f40-build-58054473-6561875/root'] with env {'TERM': 'vt100', 'SHELL': '/bin/sh', 'HOME': '/builddir', 'HOSTNAME': 'mock', 'PATH': '/usr/bin:/bin:/usr/sbin:/sbin', 'LANG': 'C.UTF-8'} and shell False
DEBUG util.py:608:  Child return code was: 0
DEBUG file_util.py:18:  ensuring that dir exists: /var/lib/mock/f40-build-58054473-6561875/root/installation-homedir
DEBUG file_util.py:21:  created dir: /var/lib/mock/f40-build-58054473-6561875/root/installation-homedir
DEBUG package_manager.py:295:  ['/usr/bin/dnf5', '--installroot', '/var/lib/mock/f40-build-58054473-6561875/root/', 'install', '@build', '--setopt=deltarpm=False', '--setopt=allow_vendor_change=yes', '--allowerasing']
DEBUG util.py:634:  child environment: None
DEBUG util.py:551:  Using nspawn with args ['--capability=cap_ipc_lock', '--bind=/tmp/mock-resolv.j8l4kcbb:/etc/resolv.conf']
DEBUG util.py:556:  Executing command: ['/usr/bin/systemd-nspawn', '-q', '-M', '25aa70d334fd418e961f2c2ded87a372', '-D', '/var/lib/mock/f40-build-58054473-6561875-bootstrap/root', '-a', '--capability=cap_ipc_lock', '--bind=/tmp/mock-resolv.j8l4kcbb:/etc/resolv.conf', '--console=pipe', '--setenv=TERM=vt100', '--setenv=SHELL=/bin/bash', '--setenv=HOME=/var/lib/mock/f40-build-58054473-6561875/root/installation-homedir', '--setenv=HOSTNAME=mock', '--setenv=PATH=/usr/bin:/bin:/usr/sbin:/sbin', '--setenv=PROMPT_COMMAND=printf "\\033]0;<mock-chroot>\\007"', '--setenv=PS1=<mock-chroot> \\s-\\v\\$ ', '--setenv=LANG=C.UTF-8', '--setenv=LC_MESSAGES=C.UTF-8', '--resolv-conf=off', '/usr/bin/dnf5', '--installroot', '/var/lib/mock/f40-build-58054473-6561875/root/', 'install', '@build', '--setopt=deltarpm=False', '--setopt=allow_vendor_change=yes', '--allowerasing', '--setopt=tsflags=nocontexts'] with env {'TERM': 'vt100', 'SHELL': '/bin/bash', 'HOME': '/var/lib/mock/f40-build-58054473-6561875/root/installation-homedir', 'HOSTNAME': 'mock', 'PATH': '/usr/bin:/bin:/usr/sbin:/sbin', 'PROMPT_COMMAND': 'printf "\\033]0;<mock-chroot>\\007"', 'PS1': '<mock-chroot> \\s-\\v\\$ ', 'LANG': 'C.UTF-8', 'LC_MESSAGES': 'C.UTF-8', 'SYSTEMD_NSPAWN_TMPFS_TMP': '0', 'SYSTEMD_SECCOMP': '0'} and shell False
DEBUG util.py:461:  Updating and loading repositories:
DEBUG util.py:461:   build                                  100% |  29.7 MiB/s |  14.6 MiB |  00m00s
DEBUG util.py:461:  Repositories loaded.
DEBUG util.py:461:  Package                           Arch   Version                     Repository      Size
DEBUG util.py:461:  Installing group/module packages:                                                        
DEBUG util.py:461:   bash                             x86_64 5.2.26-3.fc40               build        8.1 MiB
DEBUG util.py:461:   bzip2                            x86_64 1.0.8-18.fc40               build       91.7 KiB
DEBUG util.py:461:   coreutils                        x86_64 9.4-9.fc40                  build        5.8 MiB
DEBUG util.py:461:   cpio                             x86_64 2.15-1.fc40                 build        1.1 MiB
DEBUG util.py:461:   diffutils                        x86_64 3.10-5.fc40                 build        1.6 MiB
DEBUG util.py:461:   fedora-release                   noarch 40-40                       build        0.0   B
DEBUG util.py:461:   findutils                        x86_64 1:4.9.0-9.fc40              build        1.5 MiB
DEBUG util.py:461:   gawk                             x86_64 5.3.0-3.fc40                build        1.7 MiB
DEBUG util.py:461:   glibc-minimal-langpack           x86_64 2.39-37.fc40                build        0.0   B
DEBUG util.py:461:   grep                             x86_64 3.11-7.fc40                 build        1.0 MiB
DEBUG util.py:461:   gzip                             x86_64 1.13-1.fc40                 build      385.0 KiB
DEBUG util.py:461:   info                             x86_64 7.1-2.fc40                  build      357.8 KiB
DEBUG util.py:461:   patch                            x86_64 2.7.6-24.fc40               build      262.8 KiB
DEBUG util.py:461:   redhat-rpm-config                noarch 288-1.fc40                  build      185.2 KiB
DEBUG util.py:461:   rpm-build                        x86_64 4.19.1.1-1.fc40             build      173.7 KiB
DEBUG util.py:461:   sed                              x86_64 4.9-1.fc40                  build      861.5 KiB
DEBUG util.py:461:   shadow-utils                     x86_64 2:4.15.1-4.fc40             build        4.1 MiB
DEBUG util.py:461:   tar                              x86_64 2:1.35-3.fc40               build        2.9 MiB
DEBUG util.py:461:   unzip                            x86_64 6.0-63.fc40                 build      382.8 KiB
DEBUG util.py:461:   util-linux                       x86_64 2.40.2-1.fc40               build        3.7 MiB
DEBUG util.py:461:   which                            x86_64 2.21-41.fc40                build       80.2 KiB
DEBUG util.py:461:   xz                               x86_64 1:5.4.6-3.fc40              build        2.0 MiB
DEBUG util.py:461:  Installing dependencies:                                                                 
DEBUG util.py:461:   alternatives                     x86_64 1.27-1.fc40                 build       66.3 KiB
DEBUG util.py:461:   ansible-srpm-macros              noarch 1-16.fc40                   build       35.7 KiB
DEBUG util.py:461:   audit-libs                       x86_64 4.0.3-1.fc40                build      347.4 KiB
DEBUG util.py:461:   authselect                       x86_64 1.5.0-6.fc40                build      153.6 KiB
DEBUG util.py:461:   authselect-libs                  x86_64 1.5.0-6.fc40                build      818.2 KiB
DEBUG util.py:461:   basesystem                       noarch 11-20.fc40                  build        0.0   B
DEBUG util.py:461:   binutils                         x86_64 2.41-38.fc40                build       26.4 MiB
DEBUG util.py:461:   binutils-gold                    x86_64 2.41-38.fc40                build        2.0 MiB
DEBUG util.py:461:   bzip2-libs                       x86_64 1.0.8-18.fc40               build       80.7 KiB
DEBUG util.py:461:   ca-certificates                  noarch 2024.2.69_v8.0.401-1.0.fc40 build        2.4 MiB
DEBUG util.py:461:   coreutils-common                 x86_64 9.4-9.fc40                  build       11.4 MiB
DEBUG util.py:461:   cracklib                         x86_64 2.9.11-5.fc40               build      238.9 KiB
DEBUG util.py:461:   crypto-policies                  noarch 20241011-1.git5930b9a.fc40  build      158.0 KiB
DEBUG util.py:461:   curl                             x86_64 8.6.0-10.fc40               build      738.6 KiB
DEBUG util.py:461:   cyrus-sasl-lib                   x86_64 2.1.28-19.fc40              build        2.3 MiB
DEBUG util.py:461:   debugedit                        x86_64 5.0-18.fc40                 build      199.3 KiB
DEBUG util.py:461:   dwz                              x86_64 0.15-8.fc40                 build      294.9 KiB
DEBUG util.py:461:   ed                               x86_64 1.20.2-1.fc40               build      146.9 KiB
DEBUG util.py:461:   efi-srpm-macros                  noarch 5-11.fc40                   build       40.1 KiB
DEBUG util.py:461:   elfutils                         x86_64 0.192-9.fc40                build        2.7 MiB
DEBUG util.py:461:   elfutils-debuginfod-client       x86_64 0.192-9.fc40                build       80.2 KiB
DEBUG util.py:461:   elfutils-default-yama-scope      noarch 0.192-9.fc40                build        1.8 KiB
DEBUG util.py:461:   elfutils-libelf                  x86_64 0.192-9.fc40                build        1.2 MiB
DEBUG util.py:461:   elfutils-libs                    x86_64 0.192-9.fc40                build      670.3 KiB
DEBUG util.py:461:   fedora-gpg-keys                  noarch 40-2                        build      124.7 KiB
DEBUG util.py:461:   fedora-release-common            noarch 40-40                       build       19.2 KiB
DEBUG util.py:461:   fedora-release-identity-basic    noarch 40-40                       build      654.0   B
DEBUG util.py:461:   fedora-repos                     noarch 40-2                        build        4.9 KiB
DEBUG util.py:461:   file                             x86_64 5.45-4.fc40                 build      103.5 KiB
DEBUG util.py:461:   file-libs                        x86_64 5.45-4.fc40                 build        9.9 MiB
DEBUG util.py:461:   filesystem                       x86_64 3.18-8.fc40                 build      106.0   B
DEBUG util.py:461:   fonts-srpm-macros                noarch 1:2.0.5-14.fc40             build       55.3 KiB
DEBUG util.py:461:   forge-srpm-macros                noarch 0.4.0-1.fc40                build       38.9 KiB
DEBUG util.py:461:   fpc-srpm-macros                  noarch 1.3-12.fc40                 build      144.0   B
DEBUG util.py:461:   gdb-minimal                      x86_64 16.2-1.fc40                 build       13.3 MiB
DEBUG util.py:461:   gdbm                             x86_64 1:1.23-6.fc40               build      460.9 KiB
DEBUG util.py:461:   gdbm-libs                        x86_64 1:1.23-6.fc40               build      121.9 KiB
DEBUG util.py:461:   ghc-srpm-macros                  noarch 1.9.1-1.fc40                build      747.0   B
DEBUG util.py:461:   glibc                            x86_64 2.39-37.fc40                build        6.6 MiB
DEBUG util.py:461:   glibc-common                     x86_64 2.39-37.fc40                build        1.0 MiB
DEBUG util.py:461:   glibc-gconv-extra                x86_64 2.39-37.fc40                build        7.8 MiB
DEBUG util.py:461:   gmp                              x86_64 1:6.2.1-8.fc40              build      794.6 KiB
DEBUG util.py:461:   gnat-srpm-macros                 noarch 6-5.fc40                    build        1.0 KiB
DEBUG util.py:461:   go-srpm-macros                   noarch 3.5.0-1.fc40                build       60.6 KiB
DEBUG util.py:461:   jansson                          x86_64 2.13.1-9.fc40               build       88.3 KiB
DEBUG util.py:461:   json-c                           x86_64 0.17-3.fc40                 build       82.4 KiB
DEBUG util.py:461:   kernel-srpm-macros               noarch 1.0-23.fc40                 build        1.9 KiB
DEBUG util.py:461:   keyutils-libs                    x86_64 1.6.3-3.fc40                build       54.4 KiB
DEBUG util.py:461:   krb5-libs                        x86_64 1.21.3-3.fc40               build        2.3 MiB
DEBUG util.py:461:   libacl                           x86_64 2.3.2-1.fc40                build       40.0 KiB
DEBUG util.py:461:   libarchive                       x86_64 3.7.2-7.fc40                build      922.6 KiB
DEBUG util.py:461:   libattr                          x86_64 2.5.2-3.fc40                build       28.5 KiB
DEBUG util.py:461:   libblkid                         x86_64 2.40.2-1.fc40               build      258.6 KiB
DEBUG util.py:461:   libbrotli                        x86_64 1.1.0-3.fc40                build      829.5 KiB
DEBUG util.py:461:   libcap                           x86_64 2.69-8.fc40                 build      219.8 KiB
DEBUG util.py:461:   libcap-ng                        x86_64 0.8.4-4.fc40                build       73.1 KiB
DEBUG util.py:461:   libcom_err                       x86_64 1.47.0-5.fc40               build       67.2 KiB
DEBUG util.py:461:   libcurl                          x86_64 8.6.0-10.fc40               build      776.8 KiB
DEBUG util.py:461:   libeconf                         x86_64 0.6.2-2.fc40                build       58.0 KiB
DEBUG util.py:461:   libevent                         x86_64 2.1.12-12.fc40              build      895.6 KiB
DEBUG util.py:461:   libfdisk                         x86_64 2.40.2-1.fc40               build      362.9 KiB
DEBUG util.py:461:   libffi                           x86_64 3.4.4-7.fc40                build       81.6 KiB
DEBUG util.py:461:   libgcc                           x86_64 14.2.1-3.fc40               build      274.6 KiB
DEBUG util.py:461:   libgomp                          x86_64 14.2.1-3.fc40               build      523.6 KiB
DEBUG util.py:461:   libidn2                          x86_64 2.3.7-1.fc40                build      329.1 KiB
DEBUG util.py:461:   libmount                         x86_64 2.40.2-1.fc40               build      355.8 KiB
DEBUG util.py:461:   libnghttp2                       x86_64 1.59.0-3.fc40               build      166.1 KiB
DEBUG util.py:461:   libnsl2                          x86_64 2.0.1-1.fc40                build       57.9 KiB
DEBUG util.py:461:   libpkgconf                       x86_64 2.1.1-2.fc40                build       74.2 KiB
DEBUG util.py:461:   libpsl                           x86_64 0.21.5-3.fc40               build       80.5 KiB
DEBUG util.py:461:   libpwquality                     x86_64 1.4.5-9.fc40                build      417.8 KiB
DEBUG util.py:461:   libselinux                       x86_64 3.7-5.fc40                  build      177.0 KiB
DEBUG util.py:461:   libsemanage                      x86_64 3.7-2.fc40                  build      293.5 KiB
DEBUG util.py:461:   libsepol                         x86_64 3.7-2.fc40                  build      817.9 KiB
DEBUG util.py:461:   libsmartcols                     x86_64 2.40.2-1.fc40               build      180.4 KiB
DEBUG util.py:461:   libssh                           x86_64 0.10.6-5.fc40               build      509.3 KiB
DEBUG util.py:461:   libssh-config                    noarch 0.10.6-5.fc40               build      277.0   B
DEBUG util.py:461:   libstdc++                        x86_64 14.2.1-3.fc40               build        2.8 MiB
DEBUG util.py:461:   libtasn1                         x86_64 4.20.0-1.fc40               build      176.4 KiB
DEBUG util.py:461:   libtirpc                         x86_64 1.3.6-1.rc3.fc40            build      202.7 KiB
DEBUG util.py:461:   libtool-ltdl                     x86_64 2.4.7-10.fc40               build       66.2 KiB
DEBUG util.py:461:   libunistring                     x86_64 1.1-7.fc40                  build        1.7 MiB
DEBUG util.py:461:   libutempter                      x86_64 1.2.1-13.fc40               build       57.7 KiB
DEBUG util.py:461:   libuuid                          x86_64 2.40.2-1.fc40               build       37.5 KiB
DEBUG util.py:461:   libverto                         x86_64 0.3.2-8.fc40                build       29.5 KiB
DEBUG util.py:461:   libxcrypt                        x86_64 4.4.38-6.fc40               build      288.5 KiB
DEBUG util.py:461:   libxml2                          x86_64 2.12.9-1.fc40               build        1.7 MiB
DEBUG util.py:461:   libzstd                          x86_64 1.5.7-1.fc40                build      804.0 KiB
DEBUG util.py:461:   lua-libs                         x86_64 5.4.6-5.fc40                build      281.1 KiB
DEBUG util.py:461:   lua-srpm-macros                  noarch 1-13.fc40                   build        1.3 KiB
DEBUG util.py:461:   lz4-libs                         x86_64 1.9.4-6.fc40                build      129.4 KiB
DEBUG util.py:461:   mpfr                             x86_64 4.2.1-4.fc40                build      832.0 KiB
DEBUG util.py:461:   ncurses-base                     noarch 6.4-12.20240127.fc40        build      326.2 KiB
DEBUG util.py:461:   ncurses-libs                     x86_64 6.4-12.20240127.fc40        build      963.2 KiB
DEBUG util.py:461:   ocaml-srpm-macros                noarch 9-3.fc40                    build        1.9 KiB
DEBUG util.py:461:   openblas-srpm-macros             noarch 2-16.fc40                   build      104.0   B
DEBUG util.py:461:   openldap                         x86_64 2.6.8-2.fc40                build      640.3 KiB
DEBUG util.py:461:   openssl-libs                     x86_64 1:3.2.4-1.fc40              build        7.8 MiB
DEBUG util.py:461:   p11-kit                          x86_64 0.25.5-1.fc40               build        2.2 MiB
DEBUG util.py:461:   p11-kit-trust                    x86_64 0.25.5-1.fc40               build      391.4 KiB
DEBUG util.py:461:   package-notes-srpm-macros        noarch 0.5-11.fc40                 build        1.6 KiB
DEBUG util.py:461:   pam                              x86_64 1.6.1-5.fc40                build        1.8 MiB
DEBUG util.py:461:   pam-libs                         x86_64 1.6.1-5.fc40                build      135.0 KiB
DEBUG util.py:461:   pcre2                            x86_64 10.44-1.fc40                build      653.5 KiB
DEBUG util.py:461:   pcre2-syntax                     noarch 10.44-1.fc40                build      251.6 KiB
DEBUG util.py:461:   perl-srpm-macros                 noarch 1-53.fc40                   build      861.0   B
DEBUG util.py:461:   pkgconf                          x86_64 2.1.1-2.fc40                build       82.9 KiB
DEBUG util.py:461:   pkgconf-m4                       noarch 2.1.1-2.fc40                build       13.9 KiB
DEBUG util.py:461:   pkgconf-pkg-config               x86_64 2.1.1-2.fc40                build      989.0   B
DEBUG util.py:461:   popt                             x86_64 1.19-6.fc40                 build      136.9 KiB
DEBUG util.py:461:   publicsuffix-list-dafsa          noarch 20250116-1.fc40             build       68.5 KiB
DEBUG util.py:461:   pyproject-srpm-macros            noarch 1.17.0-1.fc40               build        1.9 KiB
DEBUG util.py:461:   python-srpm-macros               noarch 3.12-8.fc40                 build       50.6 KiB
DEBUG util.py:461:   qt5-srpm-macros                  noarch 5.15.15-1.fc40              build      500.0   B
DEBUG util.py:461:   qt6-srpm-macros                  noarch 6.8.2-1.fc40                build      456.0   B
DEBUG util.py:461:   readline                         x86_64 8.2-8.fc40                  build      489.2 KiB
DEBUG util.py:461:   rpm                              x86_64 4.19.1.1-1.fc40             build        3.0 MiB
DEBUG util.py:461:   rpm-build-libs                   x86_64 4.19.1.1-1.fc40             build      198.4 KiB
DEBUG util.py:461:   rpm-libs                         x86_64 4.19.1.1-1.fc40             build      709.9 KiB
DEBUG util.py:461:   rpm-sequoia                      x86_64 1.7.0-5.fc40                build        2.4 MiB
DEBUG util.py:461:   rust-srpm-macros                 noarch 26.3-1.fc40                 build        4.8 KiB
DEBUG util.py:461:   setup                            noarch 2.14.5-2.fc40               build      720.4 KiB
DEBUG util.py:461:   sqlite-libs                      x86_64 3.45.1-3.fc40               build        1.5 MiB
DEBUG util.py:461:   systemd-libs                     x86_64 255.18-1.fc40               build        1.9 MiB
DEBUG util.py:461:   util-linux-core                  x86_64 2.40.2-1.fc40               build        1.5 MiB
DEBUG util.py:461:   xxhash-libs                      x86_64 0.8.3-1.fc40                build       90.2 KiB
DEBUG util.py:461:   xz-libs                          x86_64 1:5.4.6-3.fc40              build      209.8 KiB
DEBUG util.py:461:   zig-srpm-macros                  noarch 1-2.fc40                    build        1.1 KiB
DEBUG util.py:461:   zip                              x86_64 3.0-40.fc40                 build      703.2 KiB
DEBUG util.py:461:   zlib-ng-compat                   x86_64 2.1.7-2.fc40                build      134.0 KiB
DEBUG util.py:461:   zstd                             x86_64 1.5.7-1.fc40                build        1.7 MiB
DEBUG util.py:461:  Installing groups:                                                                       
DEBUG util.py:461:   build                                                                                   
DEBUG util.py:461:  Transaction Summary:
DEBUG util.py:461:   Installing:      153 packages
DEBUG util.py:461:  Total size of inbound packages is 52 MiB. Need to download 52 MiB.
DEBUG util.py:461:  After this operation 180 MiB will be used (install 180 MiB, remove 0 B).
DEBUG util.py:461:  [  1/153] bzip2-0:1.0.8-18.fc40.x86_64  100% |   2.0 MiB/s |  52.4 KiB |  00m00s
DEBUG util.py:461:  [  2/153] coreutils-0:9.4-9.fc40.x86_64 100% |  28.1 MiB/s |   1.1 MiB |  00m00s
DEBUG util.py:461:  [  3/153] cpio-0:2.15-1.fc40.x86_64     100% |  12.7 MiB/s | 285.1 KiB |  00m00s
DEBUG util.py:461:  [  4/153] diffutils-0:3.10-5.fc40.x86_6 100% |  27.7 MiB/s | 396.8 KiB |  00m00s
DEBUG util.py:461:  [  5/153] fedora-release-0:40-40.noarch 100% |   3.6 MiB/s |  11.0 KiB |  00m00s
DEBUG util.py:461:  [  6/153] findutils-1:4.9.0-9.fc40.x86_ 100% |  52.4 MiB/s | 482.5 KiB |  00m00s
DEBUG util.py:461:  [  7/153] glibc-minimal-langpack-0:2.39 100% |  16.4 MiB/s |  84.1 KiB |  00m00s
DEBUG util.py:461:  [  8/153] grep-0:3.11-7.fc40.x86_64     100% |  47.1 MiB/s | 289.7 KiB |  00m00s
DEBUG util.py:461:  [  9/153] gzip-0:1.13-1.fc40.x86_64     100% |  26.7 MiB/s | 164.0 KiB |  00m00s
DEBUG util.py:461:  [ 10/153] info-0:7.1-2.fc40.x86_64      100% |  29.7 MiB/s | 182.3 KiB |  00m00s
DEBUG util.py:461:  [ 11/153] patch-0:2.7.6-24.fc40.x86_64  100% |  21.3 MiB/s | 130.7 KiB |  00m00s
DEBUG util.py:461:  [ 12/153] redhat-rpm-config-0:288-1.fc4 100% |  24.5 MiB/s |  75.4 KiB |  00m00s
DEBUG util.py:461:  [ 13/153] rpm-build-0:4.19.1.1-1.fc40.x 100% |  13.7 MiB/s |  70.3 KiB |  00m00s
DEBUG util.py:461:  [ 14/153] gawk-0:5.3.0-3.fc40.x86_64    100% |  19.3 MiB/s |   1.1 MiB |  00m00s
DEBUG util.py:461:  [ 15/153] sed-0:4.9-1.fc40.x86_64       100% |  23.2 MiB/s | 309.2 KiB |  00m00s
DEBUG util.py:461:  [ 16/153] bash-0:5.2.26-3.fc40.x86_64   100% |  12.8 MiB/s |   1.8 MiB |  00m00s
DEBUG util.py:461:  [ 17/153] tar-2:1.35-3.fc40.x86_64      100% |  30.7 MiB/s | 847.4 KiB |  00m00s
DEBUG util.py:461:  [ 18/153] unzip-0:6.0-63.fc40.x86_64    100% |  12.0 MiB/s | 184.5 KiB |  00m00s
DEBUG util.py:461:  [ 19/153] util-linux-0:2.40.2-1.fc40.x8 100% |  55.2 MiB/s |   1.2 MiB |  00m00s
DEBUG util.py:461:  [ 20/153] which-0:2.21-41.fc40.x86_64   100% |   2.7 MiB/s |  41.4 KiB |  00m00s
DEBUG util.py:461:  [ 21/153] filesystem-0:3.18-8.fc40.x86_ 100% |  76.3 MiB/s |   1.1 MiB |  00m00s
DEBUG util.py:461:  [ 22/153] xz-1:5.4.6-3.fc40.x86_64      100% |  14.8 MiB/s | 531.8 KiB |  00m00s
DEBUG util.py:461:  [ 23/153] glibc-0:2.39-37.fc40.x86_64   100% |  64.3 MiB/s |   2.2 MiB |  00m00s
DEBUG util.py:461:  [ 24/153] bzip2-libs-0:1.0.8-18.fc40.x8 100% |  13.3 MiB/s |  40.9 KiB |  00m00s
DEBUG util.py:461:  [ 25/153] shadow-utils-2:4.15.1-4.fc40. 100% |  10.6 MiB/s |   1.3 MiB |  00m00s
DEBUG util.py:461:  [ 26/153] coreutils-common-0:9.4-9.fc40 100% |  64.4 MiB/s |   2.1 MiB |  00m00s
DEBUG util.py:461:  [ 27/153] ncurses-libs-0:6.4-12.2024012 100% |   7.9 MiB/s | 332.5 KiB |  00m00s
DEBUG util.py:461:  [ 28/153] libacl-0:2.3.2-1.fc40.x86_64  100% |   4.8 MiB/s |  24.4 KiB |  00m00s
DEBUG util.py:461:  [ 29/153] libattr-0:2.5.2-3.fc40.x86_64 100% |   5.9 MiB/s |  18.0 KiB |  00m00s
DEBUG util.py:461:  [ 30/153] libcap-0:2.69-8.fc40.x86_64   100% |  27.9 MiB/s |  85.7 KiB |  00m00s
DEBUG util.py:461:  [ 31/153] gmp-1:6.2.1-8.fc40.x86_64     100% |   8.2 MiB/s | 312.5 KiB |  00m00s
DEBUG util.py:461:  [ 32/153] libselinux-0:3.7-5.fc40.x86_6 100% |   8.6 MiB/s |  88.0 KiB |  00m00s
DEBUG util.py:461:  [ 33/153] fedora-release-common-0:40-40 100% |   4.2 MiB/s |  21.5 KiB |  00m00s
DEBUG util.py:461:  [ 34/153] openssl-libs-1:3.2.4-1.fc40.x 100% |  70.0 MiB/s |   2.3 MiB |  00m00s
DEBUG util.py:461:  [ 35/153] glibc-common-0:2.39-37.fc40.x 100% |  50.8 MiB/s | 364.0 KiB |  00m00s
DEBUG util.py:461:  [ 36/153] readline-0:8.2-8.fc40.x86_64  100% |   6.3 MiB/s | 213.3 KiB |  00m00s
DEBUG util.py:461:  [ 37/153] pcre2-0:10.44-1.fc40.x86_64   100% |  39.5 MiB/s | 242.9 KiB |  00m00s
DEBUG util.py:461:  [ 38/153] ed-0:1.20.2-1.fc40.x86_64     100% |  11.4 MiB/s |  81.9 KiB |  00m00s
DEBUG util.py:461:  [ 39/153] ansible-srpm-macros-0:1-16.fc 100% |   5.1 MiB/s |  20.7 KiB |  00m00s
DEBUG util.py:461:  [ 40/153] mpfr-0:4.2.1-4.fc40.x86_64    100% |   7.1 MiB/s | 348.9 KiB |  00m00s
DEBUG util.py:461:  [ 41/153] efi-srpm-macros-0:5-11.fc40.n 100% |   4.4 MiB/s |  22.3 KiB |  00m00s
DEBUG util.py:461:  [ 42/153] fonts-srpm-macros-1:2.0.5-14. 100% |  12.9 MiB/s |  26.5 KiB |  00m00s
DEBUG util.py:461:  [ 43/153] file-0:5.45-4.fc40.x86_64     100% |   8.0 MiB/s |  49.0 KiB |  00m00s
DEBUG util.py:461:  [ 44/153] dwz-0:0.15-8.fc40.x86_64      100% |  11.3 MiB/s | 138.7 KiB |  00m00s
DEBUG util.py:461:  [ 45/153] forge-srpm-macros-0:0.4.0-1.f 100% |   3.9 MiB/s |  19.8 KiB |  00m00s
DEBUG util.py:461:  [ 46/153] fpc-srpm-macros-0:1.3-12.fc40 100% |   1.9 MiB/s |   7.8 KiB |  00m00s
DEBUG util.py:461:  [ 47/153] ghc-srpm-macros-0:1.9.1-1.fc4 100% |   4.4 MiB/s |   8.9 KiB |  00m00s
DEBUG util.py:461:  [ 48/153] gnat-srpm-macros-0:6-5.fc40.n 100% |   2.9 MiB/s |   8.8 KiB |  00m00s
DEBUG util.py:461:  [ 49/153] go-srpm-macros-0:3.5.0-1.fc40 100% |   6.7 MiB/s |  27.5 KiB |  00m00s
DEBUG util.py:461:  [ 50/153] kernel-srpm-macros-0:1.0-23.f 100% |   4.8 MiB/s |   9.7 KiB |  00m00s
DEBUG util.py:461:  [ 51/153] lua-srpm-macros-0:1-13.fc40.n 100% |   2.1 MiB/s |   8.7 KiB |  00m00s
DEBUG util.py:461:  [ 52/153] ocaml-srpm-macros-0:9-3.fc40. 100% |   3.0 MiB/s |   9.1 KiB |  00m00s
DEBUG util.py:461:  [ 53/153] openblas-srpm-macros-0:2-16.f 100% |   2.4 MiB/s |   7.5 KiB |  00m00s
DEBUG util.py:461:  [ 54/153] package-notes-srpm-macros-0:0 100% |   3.2 MiB/s |   9.9 KiB |  00m00s
DEBUG util.py:461:  [ 55/153] perl-srpm-macros-0:1-53.fc40. 100% |   2.7 MiB/s |   8.4 KiB |  00m00s
DEBUG util.py:461:  [ 56/153] pyproject-srpm-macros-0:1.17. 100% |   4.5 MiB/s |  13.9 KiB |  00m00s
DEBUG util.py:461:  [ 57/153] qt5-srpm-macros-0:5.15.15-1.f 100% |   4.3 MiB/s |   8.9 KiB |  00m00s
DEBUG util.py:461:  [ 58/153] python-srpm-macros-0:3.12-8.f 100% |   4.6 MiB/s |  23.4 KiB |  00m00s
DEBUG util.py:461:  [ 59/153] qt6-srpm-macros-0:6.8.2-1.fc4 100% |   3.0 MiB/s |   9.2 KiB |  00m00s
DEBUG util.py:461:  [ 60/153] rust-srpm-macros-0:26.3-1.fc4 100% |   6.1 MiB/s |  12.5 KiB |  00m00s
DEBUG util.py:461:  [ 61/153] zig-srpm-macros-0:1-2.fc40.no 100% |   2.6 MiB/s |   8.0 KiB |  00m00s
DEBUG util.py:461:  [ 62/153] zip-0:3.0-40.fc40.x86_64      100% |  16.2 MiB/s | 264.8 KiB |  00m00s
DEBUG util.py:461:  [ 63/153] rpm-0:4.19.1.1-1.fc40.x86_64  100% |  15.1 MiB/s | 511.8 KiB |  00m00s
DEBUG util.py:461:  [ 64/153] debugedit-0:5.0-18.fc40.x86_6 100% |   6.0 MiB/s |  80.0 KiB |  00m00s
DEBUG util.py:461:  [ 65/153] elfutils-libelf-0:0.192-9.fc4 100% |  20.4 MiB/s | 208.4 KiB |  00m00s
DEBUG util.py:461:  [ 66/153] pkgconf-pkg-config-0:2.1.1-2. 100% |   3.2 MiB/s |   9.8 KiB |  00m00s
DEBUG util.py:461:  [ 67/153] popt-0:1.19-6.fc40.x86_64     100% |  14.5 MiB/s |  59.6 KiB |  00m00s
DEBUG util.py:461:  [ 68/153] rpm-build-libs-0:4.19.1.1-1.f 100% |  15.5 MiB/s |  95.0 KiB |  00m00s
DEBUG util.py:461:  [ 69/153] binutils-0:2.41-38.fc40.x86_6 100% |  62.8 MiB/s |   6.2 MiB |  00m00s
DEBUG util.py:461:  [ 70/153] elfutils-0:0.192-9.fc40.x86_6 100% |   7.0 MiB/s | 540.9 KiB |  00m00s
DEBUG util.py:461:  [ 71/153] zstd-0:1.5.7-1.fc40.x86_64    100% |  43.4 MiB/s | 488.8 KiB |  00m00s
DEBUG util.py:461:  [ 72/153] libeconf-0:0.6.2-2.fc40.x86_6 100% |  15.6 MiB/s |  32.0 KiB |  00m00s
DEBUG util.py:461:  [ 73/153] audit-libs-0:4.0.3-1.fc40.x86 100% |  10.5 MiB/s | 128.9 KiB |  00m00s
DEBUG util.py:461:  [ 74/153] libsemanage-0:3.7-2.fc40.x86_ 100% |  22.7 MiB/s | 116.1 KiB |  00m00s
DEBUG util.py:461:  [ 75/153] rpm-libs-0:4.19.1.1-1.fc40.x8 100% |   4.6 MiB/s | 308.9 KiB |  00m00s
DEBUG util.py:461:  [ 76/153] pam-libs-0:1.6.1-5.fc40.x86_6 100% |  11.2 MiB/s |  57.2 KiB |  00m00s
DEBUG util.py:461:  [ 77/153] libxcrypt-0:4.4.38-6.fc40.x86 100% |  10.4 MiB/s | 127.6 KiB |  00m00s
DEBUG util.py:461:  [ 78/153] authselect-libs-0:1.5.0-6.fc4 100% |  28.6 MiB/s | 204.6 KiB |  00m00s
DEBUG util.py:461:  [ 79/153] setup-0:2.14.5-2.fc40.noarch  100% |  12.1 MiB/s | 148.1 KiB |  00m00s
DEBUG util.py:461:  [ 80/153] libcap-ng-0:0.8.4-4.fc40.x86_ 100% |   8.0 MiB/s |  32.6 KiB |  00m00s
DEBUG util.py:461:  [ 81/153] libblkid-0:2.40.2-1.fc40.x86_ 100% |   9.3 MiB/s | 124.1 KiB |  00m00s
DEBUG util.py:461:  [ 82/153] libmount-0:2.40.2-1.fc40.x86_ 100% |  25.3 MiB/s | 155.2 KiB |  00m00s
DEBUG util.py:461:  [ 83/153] libfdisk-0:2.40.2-1.fc40.x86_ 100% |  12.0 MiB/s | 159.3 KiB |  00m00s
DEBUG util.py:461:  [ 84/153] libutempter-0:1.2.1-13.fc40.x 100% |   4.3 MiB/s |  26.4 KiB |  00m00s
DEBUG util.py:461:  [ 85/153] libuuid-0:2.40.2-1.fc40.x86_6 100% |  13.9 MiB/s |  28.6 KiB |  00m00s
DEBUG util.py:461:  [ 86/153] libsmartcols-0:2.40.2-1.fc40. 100% |   8.1 MiB/s |  83.2 KiB |  00m00s
DEBUG util.py:461:  [ 87/153] pam-0:1.6.1-5.fc40.x86_64     100% |  50.6 MiB/s | 518.2 KiB |  00m00s
DEBUG util.py:461:  [ 88/153] zlib-ng-compat-0:2.1.7-2.fc40 100% |  19.0 MiB/s |  77.7 KiB |  00m00s
DEBUG util.py:461:  [ 89/153] xz-libs-1:5.4.6-3.fc40.x86_64 100% |  26.9 MiB/s | 110.0 KiB |  00m00s
DEBUG util.py:461:  [ 90/153] systemd-libs-0:255.18-1.fc40. 100% |  20.8 MiB/s | 704.3 KiB |  00m00s
DEBUG util.py:461:  [ 91/153] util-linux-core-0:2.40.2-1.fc 100% |  13.7 MiB/s | 520.9 KiB |  00m00s
DEBUG util.py:461:  [ 92/153] basesystem-0:11-20.fc40.noarc 100% |   1.2 MiB/s |   7.2 KiB |  00m00s
DEBUG util.py:461:  [ 93/153] glibc-gconv-extra-0:2.39-37.f 100% |  43.7 MiB/s |   1.6 MiB |  00m00s
DEBUG util.py:461:  [ 94/153] ncurses-base-0:6.4-12.2024012 100% |   3.7 MiB/s |  63.8 KiB |  00m00s
DEBUG util.py:461:  [ 95/153] libgcc-0:14.2.1-3.fc40.x86_64 100% |   6.5 MiB/s | 133.3 KiB |  00m00s
DEBUG util.py:461:  [ 96/153] libsepol-0:3.7-2.fc40.x86_64  100% |  37.1 MiB/s | 342.2 KiB |  00m00s
DEBUG util.py:461:  [ 97/153] fedora-repos-0:40-2.noarch    100% |   4.6 MiB/s |   9.5 KiB |  00m00s
DEBUG util.py:461:  [ 98/153] crypto-policies-0:20241011-1. 100% |   7.4 MiB/s |  68.4 KiB |  00m00s
DEBUG util.py:461:  [ 99/153] pcre2-syntax-0:10.44-1.fc40.n 100% |  14.6 MiB/s | 149.8 KiB |  00m00s
DEBUG util.py:461:  [100/153] file-libs-0:5.45-4.fc40.x86_6 100% |  53.2 MiB/s | 762.7 KiB |  00m00s
DEBUG util.py:461:  [101/153] libarchive-0:3.7.2-7.fc40.x86 100% |  57.0 MiB/s | 408.5 KiB |  00m00s
DEBUG util.py:461:  [102/153] alternatives-0:1.27-1.fc40.x8 100% |  13.3 MiB/s |  40.7 KiB |  00m00s
DEBUG util.py:461:  [103/153] curl-0:8.6.0-10.fc40.x86_64   100% |  13.3 MiB/s | 299.2 KiB |  00m00s
DEBUG util.py:461:  [104/153] binutils-gold-0:2.41-38.fc40. 100% |  50.9 MiB/s | 782.0 KiB |  00m00s
DEBUG util.py:461:  [105/153] elfutils-debuginfod-client-0: 100% |   4.1 MiB/s |  46.4 KiB |  00m00s
DEBUG util.py:461:  [106/153] jansson-0:2.13.1-9.fc40.x86_6 100% |   7.2 MiB/s |  44.2 KiB |  00m00s
DEBUG util.py:461:  [107/153] elfutils-libs-0:0.192-9.fc40. 100% |  32.2 MiB/s | 263.5 KiB |  00m00s
DEBUG util.py:461:  [108/153] ca-certificates-0:2024.2.69_v 100% |  11.0 MiB/s | 871.2 KiB |  00m00s
DEBUG util.py:461:  [109/153] libzstd-0:1.5.7-1.fc40.x86_64 100% |  28.0 MiB/s | 314.9 KiB |  00m00s
DEBUG util.py:461:  [110/153] pkgconf-0:2.1.1-2.fc40.x86_64 100% |   7.1 MiB/s |  43.7 KiB |  00m00s
DEBUG util.py:461:  [111/153] pkgconf-m4-0:2.1.1-2.fc40.noa 100% |   4.6 MiB/s |  14.0 KiB |  00m00s
DEBUG util.py:461:  [112/153] lua-libs-0:5.4.6-5.fc40.x86_6 100% |  32.2 MiB/s | 131.9 KiB |  00m00s
DEBUG util.py:461:  [113/153] rpm-sequoia-0:1.7.0-5.fc40.x8 100% |  63.6 MiB/s | 912.5 KiB |  00m00s
DEBUG util.py:461:  [114/153] libstdc++-0:14.2.1-3.fc40.x86 100% |  15.2 MiB/s | 886.5 KiB |  00m00s
DEBUG util.py:461:  [115/153] libgomp-0:14.2.1-3.fc40.x86_6 100% |  11.1 MiB/s | 353.9 KiB |  00m00s
DEBUG util.py:461:  [116/153] lz4-libs-0:1.9.4-6.fc40.x86_6 100% |  13.1 MiB/s |  67.2 KiB |  00m00s
DEBUG util.py:461:  [117/153] gdbm-1:1.23-6.fc40.x86_64     100% |  28.8 MiB/s | 147.4 KiB |  00m00s
DEBUG util.py:461:  [118/153] authselect-0:1.5.0-6.fc40.x86 100% |  13.8 MiB/s | 140.9 KiB |  00m00s
DEBUG util.py:461:  [119/153] gdbm-libs-1:1.23-6.fc40.x86_6 100% |  13.7 MiB/s |  56.2 KiB |  00m00s
DEBUG util.py:461:  [120/153] libnsl2-0:2.0.1-1.fc40.x86_64 100% |   7.2 MiB/s |  29.6 KiB |  00m00s
DEBUG util.py:461:  [121/153] libpwquality-0:1.4.5-9.fc40.x 100% |  21.1 MiB/s | 108.3 KiB |  00m00s
DEBUG util.py:461:  [122/153] libffi-0:3.4.4-7.fc40.x86_64  100% |  19.2 MiB/s |  39.4 KiB |  00m00s
DEBUG util.py:461:  [123/153] libtirpc-0:1.3.6-1.rc3.fc40.x 100% |  13.1 MiB/s |  94.2 KiB |  00m00s
DEBUG util.py:461:  [124/153] p11-kit-0:0.25.5-1.fc40.x86_6 100% |  58.3 MiB/s | 477.5 KiB |  00m00s
DEBUG util.py:461:  [125/153] sqlite-libs-0:3.45.1-3.fc40.x 100% |  14.7 MiB/s | 735.2 KiB |  00m00s
DEBUG util.py:461:  [126/153] fedora-gpg-keys-0:40-2.noarch 100% |  13.2 MiB/s | 122.0 KiB |  00m00s
DEBUG util.py:461:  [127/153] p11-kit-trust-0:0.25.5-1.fc40 100% |   7.2 MiB/s | 132.0 KiB |  00m00s
DEBUG util.py:461:  [128/153] json-c-0:0.17-3.fc40.x86_64   100% |  14.3 MiB/s |  44.0 KiB |  00m00s
DEBUG util.py:461:  [129/153] elfutils-default-yama-scope-0 100% |   6.0 MiB/s |  12.4 KiB |  00m00s
DEBUG util.py:461:  [130/153] libpkgconf-0:2.1.1-2.fc40.x86 100% |   9.3 MiB/s |  37.9 KiB |  00m00s
DEBUG util.py:461:  [131/153] cracklib-0:2.9.11-5.fc40.x86_ 100% |  13.3 MiB/s |  81.6 KiB |  00m00s
DEBUG util.py:461:  [132/153] libcom_err-0:1.47.0-5.fc40.x8 100% |   8.3 MiB/s |  25.4 KiB |  00m00s
DEBUG util.py:461:  [133/153] krb5-libs-0:1.21.3-3.fc40.x86 100% |  52.6 MiB/s | 754.2 KiB |  00m00s
DEBUG util.py:461:  [134/153] keyutils-libs-0:1.6.3-3.fc40. 100% |  15.4 MiB/s |  31.5 KiB |  00m00s
DEBUG util.py:461:  [135/153] libtasn1-0:4.20.0-1.fc40.x86_ 100% |   6.6 MiB/s |  74.2 KiB |  00m00s
DEBUG util.py:461:  [136/153] libverto-0:0.3.2-8.fc40.x86_6 100% |   6.7 MiB/s |  20.5 KiB |  00m00s
DEBUG util.py:461:  [137/153] fedora-release-identity-basic 100% |   5.7 MiB/s |  11.7 KiB |  00m00s
DEBUG util.py:461:  [138/153] libxml2-0:2.12.9-1.fc40.x86_6 100% |  17.7 MiB/s | 688.0 KiB |  00m00s
DEBUG util.py:461:  [139/153] xxhash-libs-0:0.8.3-1.fc40.x8 100% |   3.4 MiB/s |  37.8 KiB |  00m00s
DEBUG util.py:461:  [140/153] libbrotli-0:1.1.0-3.fc40.x86_ 100% |  47.2 MiB/s | 338.4 KiB |  00m00s
DEBUG util.py:461:  [141/153] libidn2-0:2.3.7-1.fc40.x86_64 100% |  36.6 MiB/s | 112.4 KiB |  00m00s
DEBUG util.py:461:  [142/153] libnghttp2-0:1.59.0-3.fc40.x8 100% |  24.5 MiB/s |  75.3 KiB |  00m00s
DEBUG util.py:461:  [143/153] libcurl-0:8.6.0-10.fc40.x86_6 100% |  14.6 MiB/s | 344.8 KiB |  00m00s
DEBUG util.py:461:  [144/153] libpsl-0:0.21.5-3.fc40.x86_64 100% |  12.5 MiB/s |  63.9 KiB |  00m00s
DEBUG util.py:461:  [145/153] openldap-0:2.6.8-2.fc40.x86_6 100% |  49.9 MiB/s | 255.4 KiB |  00m00s
DEBUG util.py:461:  [146/153] libssh-0:0.10.6-5.fc40.x86_64 100% |  14.7 MiB/s | 210.6 KiB |  00m00s
DEBUG util.py:461:  [147/153] libunistring-0:1.1-7.fc40.x86 100% |  48.4 MiB/s | 545.5 KiB |  00m00s
DEBUG util.py:461:  [148/153] publicsuffix-list-dafsa-0:202 100% |   8.2 MiB/s |  58.8 KiB |  00m00s
DEBUG util.py:461:  [149/153] libssh-config-0:0.10.6-5.fc40 100% |   2.9 MiB/s |   9.0 KiB |  00m00s
DEBUG util.py:461:  [150/153] libevent-0:2.1.12-12.fc40.x86 100% |  41.9 MiB/s | 257.2 KiB |  00m00s
DEBUG util.py:461:  [151/153] libtool-ltdl-0:2.4.7-10.fc40. 100% |  11.8 MiB/s |  36.2 KiB |  00m00s
DEBUG util.py:461:  [152/153] cyrus-sasl-lib-0:2.1.28-19.fc 100% |  28.5 MiB/s | 789.3 KiB |  00m00s
DEBUG util.py:461:  [153/153] gdb-minimal-0:16.2-1.fc40.x86 100% |  22.6 MiB/s |   4.4 MiB |  00m00s
DEBUG util.py:461:  --------------------------------------------------------------------------------
DEBUG util.py:461:  [153/153] Total                         100% |  54.3 MiB/s |  52.4 MiB |  00m01s
DEBUG util.py:461:  Running transaction
DEBUG util.py:461:  [  1/155] Verify package files          100% | 317.0   B/s | 153.0   B |  00m00s
DEBUG util.py:461:  >>> Running pre-transaction scriptlet: filesystem-0:3.18-8.fc40.x86_64
DEBUG util.py:461:  >>> Stop pre-transaction scriptlet: filesystem-0:3.18-8.fc40.x86_64
DEBUG util.py:461:  [  2/155] Prepare transaction           100% |   1.9 KiB/s | 153.0   B |  00m00s
DEBUG util.py:461:  [  3/155] Installing libgcc-0:14.2.1-3. 100% |  45.0 MiB/s | 276.3 KiB |  00m00s
DEBUG util.py:461:  >>> Running post-install scriptlet: libgcc-0:14.2.1-3.fc40.x86_64
DEBUG util.py:461:  >>> Stop post-install scriptlet: libgcc-0:14.2.1-3.fc40.x86_64
DEBUG util.py:461:  [  4/155] Installing crypto-policies-0: 100% |   8.1 MiB/s | 190.6 KiB |  00m00s
DEBUG util.py:461:  >>> Running post-install scriptlet: crypto-policies-0:20241011-1.git5930b9a.fc40
DEBUG util.py:461:  >>> Stop post-install scriptlet: crypto-policies-0:20241011-1.git5930b9a.fc40.no
DEBUG util.py:461:  [  5/155] Installing fedora-release-ide 100% | 445.3 KiB/s | 912.0   B |  00m00s
DEBUG util.py:461:  [  6/155] Installing fedora-gpg-keys-0: 100% |   7.9 MiB/s | 169.7 KiB |  00m00s
DEBUG util.py:461:  [  7/155] Installing fedora-repos-0:40- 100% |   2.8 MiB/s |   5.7 KiB |  00m00s
DEBUG util.py:461:  [  8/155] Installing fedora-release-com 100% |   4.6 MiB/s |  23.4 KiB |  00m00s
DEBUG util.py:461:  [  9/155] Installing fedora-release-0:4 100% |  60.5 KiB/s | 124.0   B |  00m00s
DEBUG util.py:461:  [ 10/155] Installing setup-0:2.14.5-2.f 100% |  27.3 MiB/s | 725.8 KiB |  00m00s
DEBUG util.py:461:  >>> Running post-install scriptlet: setup-0:2.14.5-2.fc40.noarch
DEBUG util.py:461:  >>> Stop post-install scriptlet: setup-0:2.14.5-2.fc40.noarch
DEBUG util.py:461:  [ 11/155] Installing filesystem-0:3.18- 100% |   1.2 MiB/s | 212.4 KiB |  00m00s
DEBUG util.py:461:  [ 12/155] Installing basesystem-0:11-20 100% | 121.1 KiB/s | 124.0   B |  00m00s
DEBUG util.py:461:  [ 13/155] Installing libssh-config-0:0. 100% | 398.4 KiB/s | 816.0   B |  00m00s
DEBUG util.py:461:  [ 14/155] Installing publicsuffix-list- 100% |  33.8 MiB/s |  69.2 KiB |  00m00s
DEBUG util.py:461:  [ 15/155] Installing pkgconf-m4-0:2.1.1 100% |   7.0 MiB/s |  14.3 KiB |  00m00s
DEBUG util.py:461:  [ 16/155] Installing pcre2-syntax-0:10. 100% |  49.6 MiB/s | 254.1 KiB |  00m00s
DEBUG util.py:461:  [ 17/155] Installing ncurses-base-0:6.4 100% |  17.2 MiB/s | 351.6 KiB |  00m00s
DEBUG util.py:461:  [ 18/155] Installing glibc-minimal-lang 100% |  60.5 KiB/s | 124.0   B |  00m00s
DEBUG util.py:461:  [ 19/155] Installing ncurses-libs-0:6.4 100% |  72.8 MiB/s | 969.7 KiB |  00m00s
DEBUG util.py:461:  >>> Running pre-install scriptlet: glibc-0:2.39-37.fc40.x86_64
DEBUG util.py:461:  >>> Stop pre-install scriptlet: glibc-0:2.39-37.fc40.x86_64
DEBUG util.py:461:  [ 20/155] Installing glibc-0:2.39-37.fc 100% |  92.4 MiB/s |   6.6 MiB |  00m00s
DEBUG util.py:461:  >>> Running post-install scriptlet: glibc-0:2.39-37.fc40.x86_64
DEBUG util.py:461:  >>> Stop post-install scriptlet: glibc-0:2.39-37.fc40.x86_64
DEBUG util.py:461:  [ 21/155] Installing bash-0:5.2.26-3.fc 100% | 127.5 MiB/s |   8.2 MiB |  00m00s
DEBUG util.py:461:  >>> Running post-install scriptlet: bash-0:5.2.26-3.fc40.x86_64
DEBUG util.py:461:  >>> Stop post-install scriptlet: bash-0:5.2.26-3.fc40.x86_64
DEBUG util.py:461:  [ 22/155] Installing glibc-common-0:2.3 100% |  64.8 MiB/s |   1.0 MiB |  00m00s
DEBUG util.py:461:  [ 23/155] Installing glibc-gconv-extra- 100% |  72.5 MiB/s |   7.9 MiB |  00m00s
DEBUG util.py:461:  >>> Running post-install scriptlet: glibc-gconv-extra-0:2.39-37.fc40.x86_64
DEBUG util.py:461:  >>> Stop post-install scriptlet: glibc-gconv-extra-0:2.39-37.fc40.x86_64
DEBUG util.py:461:  [ 24/155] Installing zlib-ng-compat-0:2 100% |  43.9 MiB/s | 134.8 KiB |  00m00s
DEBUG util.py:461:  [ 25/155] Installing xz-libs-1:5.4.6-3. 100% |  51.5 MiB/s | 210.9 KiB |  00m00s
DEBUG util.py:461:  [ 26/155] Installing bzip2-libs-0:1.0.8 100% |  26.6 MiB/s |  81.8 KiB |  00m00s
DEBUG util.py:461:  [ 27/155] Installing readline-0:8.2-8.f 100% |  80.0 MiB/s | 491.4 KiB |  00m00s
DEBUG util.py:461:  [ 28/155] Installing popt-0:1.19-6.fc40 100% |  17.5 MiB/s | 143.5 KiB |  00m00s
DEBUG util.py:461:  [ 29/155] Installing libuuid-0:2.40.2-1 100% |  12.6 MiB/s |  38.6 KiB |  00m00s
DEBUG util.py:461:  [ 30/155] Installing libstdc++-0:14.2.1 100% | 125.7 MiB/s |   2.8 MiB |  00m00s
DEBUG util.py:461:  [ 31/155] Installing libzstd-0:1.5.7-1. 100% | 112.3 MiB/s | 805.2 KiB |  00m00s
DEBUG util.py:461:  [ 32/155] Installing elfutils-libelf-0: 100% | 117.0 MiB/s |   1.2 MiB |  00m00s
DEBUG util.py:461:  [ 33/155] Installing libblkid-0:2.40.2- 100% |  63.4 MiB/s | 259.7 KiB |  00m00s
DEBUG util.py:461:  [ 34/155] Installing gmp-1:6.2.1-8.fc40 100% |  97.3 MiB/s | 796.8 KiB |  00m00s
DEBUG util.py:461:  [ 35/155] Installing libattr-0:2.5.2-3. 100% |   9.6 MiB/s |  29.5 KiB |  00m00s
DEBUG util.py:461:  [ 36/155] Installing libacl-0:2.3.2-1.f 100% |  19.9 MiB/s |  40.8 KiB |  00m00s
DEBUG util.py:461:  [ 37/155] Installing libxcrypt-0:4.4.38 100% |  47.4 MiB/s | 291.2 KiB |  00m00s
DEBUG util.py:461:  [ 38/155] Installing libeconf-0:0.6.2-2 100% |  19.4 MiB/s |  59.6 KiB |  00m00s
DEBUG util.py:461:  [ 39/155] Installing lz4-libs-0:1.9.4-6 100% |  42.5 MiB/s | 130.5 KiB |  00m00s
DEBUG util.py:461:  [ 40/155] Installing gdbm-libs-1:1.23-6 100% |  30.2 MiB/s | 123.6 KiB |  00m00s
DEBUG util.py:461:  [ 41/155] Installing mpfr-0:4.2.1-4.fc4 100% | 101.8 MiB/s | 833.7 KiB |  00m00s
DEBUG util.py:461:  [ 42/155] Installing gawk-0:5.3.0-3.fc4 100% |  78.5 MiB/s |   1.7 MiB |  00m00s
DEBUG util.py:461:  [ 43/155] Installing dwz-0:0.15-8.fc40. 100% |  57.9 MiB/s | 296.3 KiB |  00m00s
DEBUG util.py:461:  [ 44/155] Installing unzip-0:6.0-63.fc4 100% |  62.9 MiB/s | 386.3 KiB |  00m00s
DEBUG util.py:461:  [ 45/155] Installing file-libs-0:5.45-4 100% | 198.6 MiB/s |   9.9 MiB |  00m00s
DEBUG util.py:461:  [ 46/155] Installing file-0:5.45-4.fc40 100% |  25.6 MiB/s | 105.0 KiB |  00m00s
DEBUG util.py:461:  [ 47/155] Installing pcre2-0:10.44-1.fc 100% |  91.4 MiB/s | 654.9 KiB |  00m00s
DEBUG util.py:461:  [ 48/155] Installing grep-0:3.11-7.fc40 100% |  55.7 MiB/s |   1.0 MiB |  00m00s
DEBUG util.py:461:  [ 49/155] Installing xz-1:5.4.6-3.fc40. 100% |  62.6 MiB/s |   2.0 MiB |  00m00s
DEBUG util.py:461:  [ 50/155] Installing libcap-ng-0:0.8.4- 100% |  24.4 MiB/s |  75.0 KiB |  00m00s
DEBUG util.py:461:  [ 51/155] Installing audit-libs-0:4.0.3 100% |  68.3 MiB/s | 349.5 KiB |  00m00s
DEBUG util.py:461:  [ 52/155] Installing pam-libs-0:1.6.1-5 100% |  33.5 MiB/s | 137.4 KiB |  00m00s
DEBUG util.py:461:  [ 53/155] Installing libcap-0:2.69-8.fc 100% |  31.4 MiB/s | 224.8 KiB |  00m00s
DEBUG util.py:461:  [ 54/155] Installing systemd-libs-0:255 100% | 121.1 MiB/s |   1.9 MiB |  00m00s
DEBUG util.py:461:  [ 55/155] Installing libsmartcols-0:2.4 100% |  44.3 MiB/s | 181.5 KiB |  00m00s
DEBUG util.py:461:  [ 56/155] Installing libsepol-0:3.7-2.f 100% | 114.2 MiB/s | 818.8 KiB |  00m00s
DEBUG util.py:461:  [ 57/155] Installing libselinux-0:3.7-5 100% |  43.5 MiB/s | 178.3 KiB |  00m00s
DEBUG util.py:461:  [ 58/155] Installing sed-0:4.9-1.fc40.x 100% |  60.7 MiB/s | 869.7 KiB |  00m00s
DEBUG util.py:461:  [ 59/155] Installing findutils-1:4.9.0- 100% |  77.2 MiB/s |   1.5 MiB |  00m00s
DEBUG util.py:461:  [ 60/155] Installing libmount-0:2.40.2- 100% |  69.7 MiB/s | 356.9 KiB |  00m00s
DEBUG util.py:461:  [ 61/155] Installing alternatives-0:1.2 100% |  22.1 MiB/s |  68.0 KiB |  00m00s
DEBUG util.py:461:  [ 62/155] Installing jansson-0:2.13.1-9 100% |  29.2 MiB/s |  89.7 KiB |  00m00s
DEBUG util.py:461:  [ 63/155] Installing lua-libs-0:5.4.6-5 100% |  68.9 MiB/s | 282.3 KiB |  00m00s
DEBUG util.py:461:  [ 64/155] Installing libffi-0:3.4.4-7.f 100% |  27.0 MiB/s |  83.0 KiB |  00m00s
DEBUG util.py:461:  [ 65/155] Installing libcom_err-0:1.47. 100% |  22.2 MiB/s |  68.3 KiB |  00m00s
DEBUG util.py:461:  [ 66/155] Installing libtasn1-0:4.20.0- 100% |  43.5 MiB/s | 178.2 KiB |  00m00s
DEBUG util.py:461:  [ 67/155] Installing p11-kit-0:0.25.5-1 100% |  78.8 MiB/s |   2.2 MiB |  00m00s
DEBUG util.py:461:  [ 68/155] Installing libunistring-0:1.1 100% | 123.6 MiB/s |   1.7 MiB |  00m00s
DEBUG util.py:461:  [ 69/155] Installing libidn2-0:2.3.7-1. 100% |  36.4 MiB/s | 335.0 KiB |  00m00s
DEBUG util.py:461:  [ 70/155] Installing libpsl-0:0.21.5-3. 100% |  26.6 MiB/s |  81.6 KiB |  00m00s
DEBUG util.py:461:  [ 71/155] Installing p11-kit-trust-0:0. 100% |  22.6 MiB/s | 393.1 KiB |  00m00s
DEBUG util.py:461:  >>> Running post-install scriptlet: p11-kit-trust-0:0.25.5-1.fc40.x86_64
DEBUG util.py:461:  >>> Stop post-install scriptlet: p11-kit-trust-0:0.25.5-1.fc40.x86_64
DEBUG util.py:461:  [ 72/155] Installing util-linux-core-0: 100% |  59.4 MiB/s |   1.5 MiB |  00m00s
DEBUG util.py:461:  [ 73/155] Installing tar-2:1.35-3.fc40. 100% | 109.3 MiB/s |   3.0 MiB |  00m00s
DEBUG util.py:461:  [ 74/155] Installing libsemanage-0:3.7- 100% |  48.1 MiB/s | 295.2 KiB |  00m00s
DEBUG util.py:461:  [ 75/155] Installing shadow-utils-2:4.1 100% |  42.6 MiB/s |   4.2 MiB |  00m00s
DEBUG util.py:461:  >>> Running pre-install scriptlet: libutempter-0:1.2.1-13.fc40.x86_64
DEBUG util.py:461:  >>> Stop pre-install scriptlet: libutempter-0:1.2.1-13.fc40.x86_64
DEBUG util.py:461:  [ 76/155] Installing libutempter-0:1.2. 100% |  14.6 MiB/s |  59.7 KiB |  00m00s
DEBUG util.py:461:  [ 77/155] Installing zip-0:3.0-40.fc40. 100% |  76.7 MiB/s | 707.1 KiB |  00m00s
DEBUG util.py:461:  [ 78/155] Installing gdbm-1:1.23-6.fc40 100% |  50.5 MiB/s | 465.8 KiB |  00m00s
DEBUG util.py:461:  [ 79/155] Installing cyrus-sasl-lib-0:2 100% | 108.7 MiB/s |   2.3 MiB |  00m00s
DEBUG util.py:461:  [ 80/155] Installing zstd-0:1.5.7-1.fc4 100% | 122.1 MiB/s |   1.7 MiB |  00m00s
DEBUG util.py:461:  [ 81/155] Installing libfdisk-0:2.40.2- 100% |  71.1 MiB/s | 364.0 KiB |  00m00s
DEBUG util.py:461:  [ 82/155] Installing bzip2-0:1.0.8-18.f 100% |  18.8 MiB/s |  96.2 KiB |  00m00s
DEBUG util.py:461:  [ 83/155] Installing libxml2-0:2.12.9-1 100% | 114.1 MiB/s |   1.7 MiB |  00m00s
DEBUG util.py:461:  [ 84/155] Installing sqlite-libs-0:3.45 100% | 114.2 MiB/s |   1.5 MiB |  00m00s
DEBUG util.py:461:  [ 85/155] Installing ed-0:1.20.2-1.fc40 100% |  29.1 MiB/s | 149.2 KiB |  00m00s
DEBUG util.py:461:  [ 86/155] Installing patch-0:2.7.6-24.f 100% |  51.6 MiB/s | 264.3 KiB |  00m00s
DEBUG util.py:461:  [ 87/155] Installing elfutils-default-y 100% | 185.7 KiB/s |   2.0 KiB |  00m00s
DEBUG util.py:461:  >>> Running post-install scriptlet: elfutils-default-yama-scope-0:0.192-9.fc40.n
DEBUG util.py:461:  >>> Stop post-install scriptlet: elfutils-default-yama-scope-0:0.192-9.fc40.noar
DEBUG util.py:461:  [ 88/155] Installing cpio-0:2.15-1.fc40 100% |  73.3 MiB/s |   1.1 MiB |  00m00s
DEBUG util.py:461:  [ 89/155] Installing diffutils-0:3.10-5 100% |  79.3 MiB/s |   1.6 MiB |  00m00s
DEBUG util.py:461:  [ 90/155] Installing libgomp-0:14.2.1-3 100% |  85.4 MiB/s | 525.0 KiB |  00m00s
DEBUG util.py:461:  [ 91/155] Installing json-c-0:0.17-3.fc 100% |  27.2 MiB/s |  83.6 KiB |  00m00s
DEBUG util.py:461:  [ 92/155] Installing libpkgconf-0:2.1.1 100% |  24.5 MiB/s |  75.3 KiB |  00m00s
DEBUG util.py:461:  [ 93/155] Installing pkgconf-0:2.1.1-2. 100% |  16.7 MiB/s |  85.4 KiB |  00m00s
DEBUG util.py:461:  [ 94/155] Installing pkgconf-pkg-config 100% | 886.7 KiB/s |   1.8 KiB |  00m00s
DEBUG util.py:461:  [ 95/155] Installing keyutils-libs-0:1. 100% |  13.6 MiB/s |  55.8 KiB |  00m00s
DEBUG util.py:461:  [ 96/155] Installing libverto-0:0.3.2-8 100% |  10.2 MiB/s |  31.3 KiB |  00m00s
DEBUG util.py:461:  [ 97/155] Installing xxhash-libs-0:0.8. 100% |  29.8 MiB/s |  91.6 KiB |  00m00s
DEBUG util.py:461:  [ 98/155] Installing libbrotli-0:1.1.0- 100% |  90.3 MiB/s | 831.8 KiB |  00m00s
DEBUG util.py:461:  [ 99/155] Installing libnghttp2-0:1.59. 100% |  40.8 MiB/s | 167.2 KiB |  00m00s
DEBUG util.py:461:  [100/155] Installing libtool-ltdl-0:2.4 100% |  21.9 MiB/s |  67.3 KiB |  00m00s
DEBUG util.py:461:  [101/155] Installing rust-srpm-macros-0 100% |   2.7 MiB/s |   5.6 KiB |  00m00s
DEBUG util.py:461:  [102/155] Installing qt6-srpm-macros-0: 100% | 357.4 KiB/s | 732.0   B |  00m00s
DEBUG util.py:461:  [103/155] Installing qt5-srpm-macros-0: 100% | 378.9 KiB/s | 776.0   B |  00m00s
DEBUG util.py:461:  [104/155] Installing perl-srpm-macros-0 100% | 556.6 KiB/s |   1.1 KiB |  00m00s
DEBUG util.py:461:  [105/155] Installing package-notes-srpm 100% |   1.0 MiB/s |   2.0 KiB |  00m00s
DEBUG util.py:461:  [106/155] Installing openblas-srpm-macr 100% |  93.8 KiB/s | 384.0   B |  00m00s
DEBUG util.py:461:  [107/155] Installing ocaml-srpm-macros- 100% | 721.4 KiB/s |   2.2 KiB |  00m00s
DEBUG util.py:461:  [108/155] Installing kernel-srpm-macros 100% | 582.0 KiB/s |   2.3 KiB |  00m00s
DEBUG util.py:461:  [109/155] Installing gnat-srpm-macros-0 100% | 632.8 KiB/s |   1.3 KiB |  00m00s
DEBUG util.py:461:  [110/155] Installing ghc-srpm-macros-0: 100% | 500.0 KiB/s |   1.0 KiB |  00m00s
DEBUG util.py:461:  [111/155] Installing fpc-srpm-macros-0: 100% | 205.1 KiB/s | 420.0   B |  00m00s
DEBUG util.py:461:  [112/155] Installing ansible-srpm-macro 100% |  11.8 MiB/s |  36.2 KiB |  00m00s
DEBUG util.py:461:  [113/155] Installing coreutils-common-0 100% | 123.3 MiB/s |  11.5 MiB |  00m00s
DEBUG util.py:461:  [114/155] Installing openssl-libs-1:3.2 100% | 153.4 MiB/s |   7.8 MiB |  00m00s
DEBUG util.py:461:  [115/155] Installing coreutils-0:9.4-9. 100% |  80.9 MiB/s |   5.8 MiB |  00m00s
DEBUG util.py:461:  >>> Running pre-install scriptlet: ca-certificates-0:2024.2.69_v8.0.401-1.0.fc40
DEBUG util.py:461:  >>> Stop pre-install scriptlet: ca-certificates-0:2024.2.69_v8.0.401-1.0.fc40.no
DEBUG util.py:461:  [116/155] Installing ca-certificates-0: 100% |   1.6 MiB/s |   2.4 MiB |  00m01s
DEBUG util.py:461:  >>> Running post-install scriptlet: ca-certificates-0:2024.2.69_v8.0.401-1.0.fc4
DEBUG util.py:461:  >>> Stop post-install scriptlet: ca-certificates-0:2024.2.69_v8.0.401-1.0.fc40.n
DEBUG util.py:461:  [117/155] Installing krb5-libs-0:1.21.3 100% |  88.7 MiB/s |   2.3 MiB |  00m00s
DEBUG util.py:461:  [118/155] Installing libtirpc-0:1.3.6-1 100% |  28.5 MiB/s | 204.5 KiB |  00m00s
DEBUG util.py:461:  [119/155] Installing gzip-0:1.13-1.fc40 100% |  42.4 MiB/s | 390.6 KiB |  00m00s
DEBUG util.py:461:  [120/155] Installing authselect-libs-0: 100% |  42.8 MiB/s | 833.2 KiB |  00m00s
DEBUG util.py:461:  [121/155] Installing libarchive-0:3.7.2 100% | 100.3 MiB/s | 924.5 KiB |  00m00s
DEBUG util.py:461:  [122/155] Installing authselect-0:1.5.0 100% |  22.0 MiB/s | 157.9 KiB |  00m00s
DEBUG util.py:461:  [123/155] Installing cracklib-0:2.9.11- 100% |  17.5 MiB/s | 250.3 KiB |  00m00s
DEBUG util.py:461:  [124/155] Installing libpwquality-0:1.4 100% |  26.3 MiB/s | 430.1 KiB |  00m00s
DEBUG util.py:461:  [125/155] Installing libnsl2-0:2.0.1-1. 100% |  14.4 MiB/s |  59.0 KiB |  00m00s
DEBUG util.py:461:  [126/155] Installing pam-0:1.6.1-5.fc40 100% |  38.7 MiB/s |   1.8 MiB |  00m00s
DEBUG util.py:461:  [127/155] Installing libssh-0:0.10.6-5. 100% |  71.3 MiB/s | 511.4 KiB |  00m00s
DEBUG util.py:461:  [128/155] Installing rpm-sequoia-0:1.7. 100% | 127.1 MiB/s |   2.4 MiB |  00m00s
DEBUG util.py:461:  [129/155] Installing rpm-libs-0:4.19.1. 100% |  86.8 MiB/s | 711.4 KiB |  00m00s
DEBUG util.py:461:  [130/155] Installing libevent-0:2.1.12- 100% |  87.8 MiB/s | 899.4 KiB |  00m00s
DEBUG util.py:461:  [131/155] Installing openldap-0:2.6.8-2 100% |  62.9 MiB/s | 644.1 KiB |  00m00s
DEBUG util.py:461:  [132/155] Installing libcurl-0:8.6.0-10 100% |  95.0 MiB/s | 777.9 KiB |  00m00s
DEBUG util.py:461:  [133/155] Installing elfutils-debuginfo 100% |  16.1 MiB/s |  82.5 KiB |  00m00s
DEBUG util.py:461:  [134/155] Installing elfutils-libs-0:0. 100% |  82.1 MiB/s | 672.2 KiB |  00m00s
DEBUG util.py:461:  [135/155] Installing binutils-gold-0:2. 100% |  75.8 MiB/s |   2.0 MiB |  00m00s
DEBUG util.py:461:  >>> Running post-install scriptlet: binutils-gold-0:2.41-38.fc40.x86_64
DEBUG util.py:461:  >>> Stop post-install scriptlet: binutils-gold-0:2.41-38.fc40.x86_64
DEBUG util.py:461:  [136/155] Installing binutils-0:2.41-38 100% | 131.1 MiB/s |  26.5 MiB |  00m00s
DEBUG util.py:461:  >>> Running post-install scriptlet: binutils-0:2.41-38.fc40.x86_64
DEBUG util.py:461:  >>> Stop post-install scriptlet: binutils-0:2.41-38.fc40.x86_64
DEBUG util.py:461:  [137/155] Installing elfutils-0:0.192-9 100% | 110.8 MiB/s |   2.7 MiB |  00m00s
DEBUG util.py:461:  [138/155] Installing gdb-minimal-0:16.2 100% | 152.4 MiB/s |  13.3 MiB |  00m00s
DEBUG util.py:461:  [139/155] Installing debugedit-0:5.0-18 100% |  32.9 MiB/s | 202.0 KiB |  00m00s
DEBUG util.py:461:  [140/155] Installing rpm-build-libs-0:4 100% |  48.6 MiB/s | 199.2 KiB |  00m00s
DEBUG util.py:461:  [141/155] Installing curl-0:8.6.0-10.fc 100% |  28.9 MiB/s | 740.9 KiB |  00m00s
DEBUG util.py:461:  >>> Running pre-install scriptlet: rpm-0:4.19.1.1-1.fc40.x86_64
DEBUG util.py:461:  >>> Stop pre-install scriptlet: rpm-0:4.19.1.1-1.fc40.x86_64
DEBUG util.py:461:  [142/155] Installing rpm-0:4.19.1.1-1.f 100% |  48.9 MiB/s |   2.4 MiB |  00m00s
DEBUG util.py:461:  [143/155] Installing efi-srpm-macros-0: 100% |  13.4 MiB/s |  41.2 KiB |  00m00s
DEBUG util.py:461:  [144/155] Installing lua-srpm-macros-0: 100% | 951.2 KiB/s |   1.9 KiB |  00m00s
DEBUG util.py:461:  [145/155] Installing zig-srpm-macros-0: 100% | 832.0 KiB/s |   1.7 KiB |  00m00s
DEBUG util.py:461:  [146/155] Installing fonts-srpm-macros- 100% |  18.4 MiB/s |  56.5 KiB |  00m00s
DEBUG util.py:461:  [147/155] Installing forge-srpm-macros- 100% |  13.1 MiB/s |  40.3 KiB |  00m00s
DEBUG util.py:461:  [148/155] Installing go-srpm-macros-0:3 100% |  20.1 MiB/s |  61.6 KiB |  00m00s
DEBUG util.py:461:  [149/155] Installing python-srpm-macros 100% |  16.9 MiB/s |  51.8 KiB |  00m00s
DEBUG util.py:461:  [150/155] Installing redhat-rpm-config- 100% |  23.4 MiB/s | 191.9 KiB |  00m00s
DEBUG util.py:461:  [151/155] Installing rpm-build-0:4.19.1 100% |  19.7 MiB/s | 182.0 KiB |  00m00s
DEBUG util.py:461:  [152/155] Installing pyproject-srpm-mac 100% | 626.0 KiB/s |   2.5 KiB |  00m00s
DEBUG util.py:461:  [153/155] Installing util-linux-0:2.40. 100% |  50.0 MiB/s |   3.7 MiB |  00m00s
DEBUG util.py:461:  >>> Running post-install scriptlet: util-linux-0:2.40.2-1.fc40.x86_64
DEBUG util.py:461:  >>> Stop post-install scriptlet: util-linux-0:2.40.2-1.fc40.x86_64
DEBUG util.py:461:  [154/155] Installing which-0:2.21-41.fc 100% |  16.1 MiB/s |  82.4 KiB |  00m00s
DEBUG util.py:461:  [155/155] Installing info-0:7.1-2.fc40. 100% |  91.1 KiB/s | 358.2 KiB |  00m04s
DEBUG util.py:461:  >>> Running post-transaction scriptlet: filesystem-0:3.18-8.fc40.x86_64
DEBUG util.py:461:  >>> Stop post-transaction scriptlet: filesystem-0:3.18-8.fc40.x86_64
DEBUG util.py:461:  >>> Running post-transaction scriptlet: ca-certificates-0:2024.2.69_v8.0.401-1.0
DEBUG util.py:461:  >>> Stop post-transaction scriptlet: ca-certificates-0:2024.2.69_v8.0.401-1.0.fc
DEBUG util.py:461:  >>> Running post-transaction scriptlet: authselect-libs-0:1.5.0-6.fc40.x86_64
DEBUG util.py:461:  >>> Stop post-transaction scriptlet: authselect-libs-0:1.5.0-6.fc40.x86_64
DEBUG util.py:461:  >>> Running post-transaction scriptlet: rpm-0:4.19.1.1-1.fc40.x86_64
DEBUG util.py:461:  >>> Stop post-transaction scriptlet: rpm-0:4.19.1.1-1.fc40.x86_64
DEBUG util.py:461:  >>> Running trigger-install scriptlet: glibc-common-0:2.39-37.fc40.x86_64
DEBUG util.py:461:  >>> Stop trigger-install scriptlet: glibc-common-0:2.39-37.fc40.x86_64
DEBUG util.py:461:  >>> Running trigger-install scriptlet: info-0:7.1-2.fc40.x86_64
DEBUG util.py:461:  >>> Stop trigger-install scriptlet: info-0:7.1-2.fc40.x86_64
DEBUG util.py:459:  Warning: skipped PGP checks for 153 package(s).
DEBUG util.py:608:  Child return code was: 0
DEBUG util.py:183:  kill orphans in chroot /var/lib/mock/f40-build-58054473-6561875/root
DEBUG util.py:183:  kill orphans in chroot /var/lib/mock/f40-build-58054473-6561875-bootstrap/root/var/lib/mock/f40-build-58054473-6561875/root
DEBUG util.py:634:  child environment: None
DEBUG util.py:556:  Executing command: ['/bin/umount', '-n', '-l', '/var/lib/mock/f40-build-58054473-6561875-bootstrap/root/var/lib/mock/f40-build-58054473-6561875/root'] with env {'TERM': 'vt100', 'SHELL': '/bin/sh', 'HOME': '/builddir', 'HOSTNAME': 'mock', 'PATH': '/usr/bin:/bin:/usr/sbin:/sbin', 'LANG': 'C.UTF-8'} and shell False
DEBUG util.py:608:  Child return code was: 0
DEBUG util.py:634:  child environment: None
DEBUG util.py:556:  Executing command: ['/bin/umount', '-n', '-l', '/var/lib/mock/f40-build-58054473-6561875-bootstrap/root/var/lib/mock/f40-build-58054473-6561875/root'] with env {'TERM': 'vt100', 'SHELL': '/bin/sh', 'HOME': '/builddir', 'HOSTNAME': 'mock', 'PATH': '/usr/bin:/bin:/usr/sbin:/sbin', 'LANG': 'C.UTF-8'} and shell False
DEBUG util.py:608:  Child return code was: 0
DEBUG util.py:634:  child environment: None
DEBUG util.py:556:  Executing command: ['/bin/umount', '-n', '-l', '/var/lib/mock/f40-build-58054473-6561875/root/sys/fs/selinux'] with env {'TERM': 'vt100', 'SHELL': '/bin/sh', 'HOME': '/builddir', 'HOSTNAME': 'mock', 'PATH': '/usr/bin:/bin:/usr/sbin:/sbin', 'LANG': 'C.UTF-8'} and shell False
DEBUG util.py:608:  Child return code was: 0
DEBUG util.py:634:  child environment: None
DEBUG util.py:556:  Executing command: ['/bin/umount', '-n', '/var/lib/mock/f40-build-58054473-6561875/root/proc/filesystems'] with env {'TERM': 'vt100', 'SHELL': '/bin/sh', 'HOME': '/builddir', 'HOSTNAME': 'mock', 'PATH': '/usr/bin:/bin:/usr/sbin:/sbin', 'LANG': 'C.UTF-8'} and shell False
DEBUG util.py:608:  Child return code was: 0
DEBUG util.py:634:  child environment: None
DEBUG util.py:556:  Executing command: ['/bin/umount', '-n', '-l', '/var/lib/mock/f40-build-58054473-6561875/root/dev/pts'] with env {'TERM': 'vt100', 'SHELL': '/bin/sh', 'HOME': '/builddir', 'HOSTNAME': 'mock', 'PATH': '/usr/bin:/bin:/usr/sbin:/sbin', 'LANG': 'C.UTF-8'} and shell False
DEBUG util.py:608:  Child return code was: 0
DEBUG util.py:634:  child environment: None
DEBUG util.py:556:  Executing command: ['/bin/umount', '-n', '-l', '/var/lib/mock/f40-build-58054473-6561875/root/dev/shm'] with env {'TERM': 'vt100', 'SHELL': '/bin/sh', 'HOME': '/builddir', 'HOSTNAME': 'mock', 'PATH': '/usr/bin:/bin:/usr/sbin:/sbin', 'LANG': 'C.UTF-8'} and shell False
DEBUG util.py:608:  Child return code was: 0
DEBUG util.py:634:  child environment: None
DEBUG util.py:556:  Executing command: ['/bin/umount', '-n', '-l', '/var/lib/mock/f40-build-58054473-6561875/root/sys'] with env {'TERM': 'vt100', 'SHELL': '/bin/sh', 'HOME': '/builddir', 'HOSTNAME': 'mock', 'PATH': '/usr/bin:/bin:/usr/sbin:/sbin', 'LANG': 'C.UTF-8'} and shell False
DEBUG util.py:608:  Child return code was: 0
DEBUG util.py:634:  child environment: None
DEBUG util.py:556:  Executing command: ['/bin/umount', '-n', '-l', '/var/lib/mock/f40-build-58054473-6561875/root/sys'] with env {'TERM': 'vt100', 'SHELL': '/bin/sh', 'HOME': '/builddir', 'HOSTNAME': 'mock', 'PATH': '/usr/bin:/bin:/usr/sbin:/sbin', 'LANG': 'C.UTF-8'} and shell False
DEBUG util.py:608:  Child return code was: 0
DEBUG util.py:634:  child environment: None
DEBUG util.py:556:  Executing command: ['/bin/umount', '-n', '-l', '/var/lib/mock/f40-build-58054473-6561875/root/proc'] with env {'TERM': 'vt100', 'SHELL': '/bin/sh', 'HOME': '/builddir', 'HOSTNAME': 'mock', 'PATH': '/usr/bin:/bin:/usr/sbin:/sbin', 'LANG': 'C.UTF-8'} and shell False
DEBUG util.py:608:  Child return code was: 0
DEBUG util.py:634:  child environment: None
DEBUG util.py:556:  Executing command: ['/bin/umount', '-n', '-l', '/var/lib/mock/f40-build-58054473-6561875/root/proc'] with env {'TERM': 'vt100', 'SHELL': '/bin/sh', 'HOME': '/builddir', 'HOSTNAME': 'mock', 'PATH': '/usr/bin:/bin:/usr/sbin:/sbin', 'LANG': 'C.UTF-8'} and shell False
DEBUG util.py:608:  Child return code was: 0
DEBUG file_util.py:30:  touching file: /var/lib/mock/f40-build-58054473-6561875/root/etc/os-release
DEBUG file_util.py:18:  ensuring that dir exists: /var/lib/mock/f40-build-58054473-6561875/root/builddir/build
DEBUG file_util.py:21:  created dir: /var/lib/mock/f40-build-58054473-6561875/root/builddir/build
DEBUG file_util.py:18:  ensuring that dir exists: /var/lib/mock/f40-build-58054473-6561875/root/builddir/build/RPMS
DEBUG file_util.py:21:  created dir: /var/lib/mock/f40-build-58054473-6561875/root/builddir/build/RPMS
DEBUG file_util.py:18:  ensuring that dir exists: /var/lib/mock/f40-build-58054473-6561875/root/builddir/build/SPECS
DEBUG file_util.py:21:  created dir: /var/lib/mock/f40-build-58054473-6561875/root/builddir/build/SPECS
DEBUG file_util.py:18:  ensuring that dir exists: /var/lib/mock/f40-build-58054473-6561875/root/builddir/build/SRPMS
DEBUG file_util.py:21:  created dir: /var/lib/mock/f40-build-58054473-6561875/root/builddir/build/SRPMS
DEBUG file_util.py:18:  ensuring that dir exists: /var/lib/mock/f40-build-58054473-6561875/root/builddir/build/SOURCES
DEBUG file_util.py:21:  created dir: /var/lib/mock/f40-build-58054473-6561875/root/builddir/build/SOURCES
DEBUG file_util.py:18:  ensuring that dir exists: /var/lib/mock/f40-build-58054473-6561875/root/builddir/build/BUILD
DEBUG file_util.py:21:  created dir: /var/lib/mock/f40-build-58054473-6561875/root/builddir/build/BUILD
DEBUG file_util.py:18:  ensuring that dir exists: /var/lib/mock/f40-build-58054473-6561875/root/builddir/build/BUILDROOT
DEBUG file_util.py:21:  created dir: /var/lib/mock/f40-build-58054473-6561875/root/builddir/build/BUILDROOT
DEBUG file_util.py:18:  ensuring that dir exists: /var/lib/mock/f40-build-58054473-6561875/root/builddir/build/originals
DEBUG file_util.py:21:  created dir: /var/lib/mock/f40-build-58054473-6561875/root/builddir/build/originals
DEBUG file_util.py:18:  ensuring that dir exists: /var/lib/mock/f40-build-58054473-6561875/root/builddir
DEBUG util.py:634:  child environment: None
DEBUG util.py:556:  Executing command: ['userdel', '-f', 'mockbuild', '--prefix', '/var/lib/mock/f40-build-58054473-6561875/root'] with env {'TERM': 'vt100', 'SHELL': '/bin/sh', 'HOME': '/builddir', 'HOSTNAME': 'mock', 'PATH': '/usr/bin:/bin:/usr/sbin:/sbin', 'LANG': 'C.UTF-8'} and shell False
DEBUG util.py:459:  userdel: user 'mockbuild' does not exist
DEBUG util.py:608:  Child return code was: 6
DEBUG util.py:634:  child environment: None
DEBUG util.py:556:  Executing command: ['groupdel', 'mock', '--prefix', '/var/lib/mock/f40-build-58054473-6561875/root'] with env {'TERM': 'vt100', 'SHELL': '/bin/sh', 'HOME': '/builddir', 'HOSTNAME': 'mock', 'PATH': '/usr/bin:/bin:/usr/sbin:/sbin', 'LANG': 'C.UTF-8'} and shell False
DEBUG util.py:459:  groupdel: group 'mock' does not exist
DEBUG util.py:608:  Child return code was: 6
DEBUG util.py:634:  child environment: None
DEBUG util.py:556:  Executing command: ['groupadd', 'mock', '-g', '425', '--prefix', '/var/lib/mock/f40-build-58054473-6561875/root'] with env {'TERM': 'vt100', 'SHELL': '/bin/sh', 'HOME': '/builddir', 'HOSTNAME': 'mock', 'PATH': '/usr/bin:/bin:/usr/sbin:/sbin', 'LANG': 'C.UTF-8'} and shell False
DEBUG util.py:608:  Child return code was: 0
DEBUG util.py:634:  child environment: None
DEBUG util.py:556:  Executing command: ['useradd', 'mockbuild', '-o', '-u', '1000', '-g', '425', '-N', '-d', '/builddir', '--prefix', '/var/lib/mock/f40-build-58054473-6561875/root'] with env {'TERM': 'vt100', 'SHELL': '/bin/sh', 'HOME': '/builddir', 'HOSTNAME': 'mock', 'PATH': '/usr/bin:/bin:/usr/sbin:/sbin', 'LANG': 'C.UTF-8'} and shell False
DEBUG util.py:459:  useradd: warning: the home directory /builddir already exists.
DEBUG util.py:459:  useradd: Not copying any file from skel directory into it.
DEBUG util.py:608:  Child return code was: 0
DEBUG file_util.py:30:  touching file: /var/lib/mock/f40-build-58054473-6561875/root/.initialized
DEBUG file_util.py:18:  ensuring that dir exists: /var/lib/mock/f40-build-58054473-6561875-bootstrap/root/var/lib/mock/f40-build-58054473-6561875/root
DEBUG util.py:634:  child environment: None
DEBUG util.py:556:  Executing command: ['/bin/mount', '-n', '-t', 'tmpfs', '-o', 'private,mode=0755', 'tmpfs', '/var/lib/mock/f40-build-58054473-6561875-bootstrap/root/var/lib/mock/f40-build-58054473-6561875/root'] with env {'TERM': 'vt100', 'SHELL': '/bin/sh', 'HOME': '/builddir', 'HOSTNAME': 'mock', 'PATH': '/usr/bin:/bin:/usr/sbin:/sbin', 'LANG': 'C.UTF-8'} and shell False
DEBUG util.py:608:  Child return code was: 0
DEBUG file_util.py:18:  ensuring that dir exists: /var/lib/mock/f40-build-58054473-6561875-bootstrap/root/var/lib/mock/f40-build-58054473-6561875/root
DEBUG util.py:634:  child environment: None
DEBUG util.py:556:  Executing command: ['/bin/mount', '-n', '-o', 'rbind', '/var/lib/mock/f40-build-58054473-6561875/root', '/var/lib/mock/f40-build-58054473-6561875-bootstrap/root/var/lib/mock/f40-build-58054473-6561875/root'] with env {'TERM': 'vt100', 'SHELL': '/bin/sh', 'HOME': '/builddir', 'HOSTNAME': 'mock', 'PATH': '/usr/bin:/bin:/usr/sbin:/sbin', 'LANG': 'C.UTF-8'} and shell False
DEBUG util.py:608:  Child return code was: 0
DEBUG util.py:634:  child environment: None
DEBUG util.py:556:  Executing command: ['/bin/mount', '-n', '-o', 'remount,private,rbind', '--target', '/var/lib/mock/f40-build-58054473-6561875-bootstrap/root/var/lib/mock/f40-build-58054473-6561875/root'] with env {'TERM': 'vt100', 'SHELL': '/bin/sh', 'HOME': '/builddir', 'HOSTNAME': 'mock', 'PATH': '/usr/bin:/bin:/usr/sbin:/sbin', 'LANG': 'C.UTF-8'} and shell False
DEBUG util.py:608:  Child return code was: 0
DEBUG util.py:634:  child environment: None
DEBUG util.py:551:  Using nspawn with args ['--capability=cap_ipc_lock', '--bind=/tmp/mock-resolv.j8l4kcbb:/etc/resolv.conf']
DEBUG util.py:556:  Executing command: ['/usr/bin/systemd-nspawn', '-q', '-M', 'd980f03c89af459eb63d0be1afbfe480', '-D', '/var/lib/mock/f40-build-58054473-6561875-bootstrap/root', '-a', '--capability=cap_ipc_lock', '--bind=/tmp/mock-resolv.j8l4kcbb:/etc/resolv.conf', '--console=pipe', '--setenv=TERM=vt100', '--setenv=SHELL=/bin/bash', '--setenv=HOME=/builddir', '--setenv=HOSTNAME=mock', '--setenv=PATH=/usr/bin:/bin:/usr/sbin:/sbin', '--setenv=PROMPT_COMMAND=printf "\\033]0;<mock-chroot>\\007"', '--setenv=PS1=<mock-chroot> \\s-\\v\\$ ', '--setenv=LANG=C.UTF-8', '--resolv-conf=off', '/bin/rpm', '-qa', '--root', '/var/lib/mock/f40-build-58054473-6561875/root'] with env {'TERM': 'vt100', 'SHELL': '/bin/bash', 'HOME': '/builddir', 'HOSTNAME': 'mock', 'PATH': '/usr/bin:/bin:/usr/sbin:/sbin', 'PROMPT_COMMAND': 'printf "\\033]0;<mock-chroot>\\007"', 'PS1': '<mock-chroot> \\s-\\v\\$ ', 'LANG': 'C.UTF-8', 'SYSTEMD_NSPAWN_TMPFS_TMP': '0', 'SYSTEMD_SECCOMP': '0'} and shell False
DEBUG util.py:461:  libgcc-14.2.1-3.fc40.x86_64
DEBUG util.py:461:  crypto-policies-20241011-1.git5930b9a.fc40.noarch
DEBUG util.py:461:  fedora-release-identity-basic-40-40.noarch
DEBUG util.py:461:  fedora-gpg-keys-40-2.noarch
DEBUG util.py:461:  fedora-repos-40-2.noarch
DEBUG util.py:461:  fedora-release-common-40-40.noarch
DEBUG util.py:461:  fedora-release-40-40.noarch
DEBUG util.py:461:  setup-2.14.5-2.fc40.noarch
DEBUG util.py:461:  filesystem-3.18-8.fc40.x86_64
DEBUG util.py:461:  basesystem-11-20.fc40.noarch
DEBUG util.py:461:  libssh-config-0.10.6-5.fc40.noarch
DEBUG util.py:461:  publicsuffix-list-dafsa-20250116-1.fc40.noarch
DEBUG util.py:461:  pkgconf-m4-2.1.1-2.fc40.noarch
DEBUG util.py:461:  pcre2-syntax-10.44-1.fc40.noarch
DEBUG util.py:461:  ncurses-base-6.4-12.20240127.fc40.noarch
DEBUG util.py:461:  glibc-minimal-langpack-2.39-37.fc40.x86_64
DEBUG util.py:461:  ncurses-libs-6.4-12.20240127.fc40.x86_64
DEBUG util.py:461:  glibc-2.39-37.fc40.x86_64
DEBUG util.py:461:  bash-5.2.26-3.fc40.x86_64
DEBUG util.py:461:  glibc-common-2.39-37.fc40.x86_64
DEBUG util.py:461:  glibc-gconv-extra-2.39-37.fc40.x86_64
DEBUG util.py:461:  zlib-ng-compat-2.1.7-2.fc40.x86_64
DEBUG util.py:461:  xz-libs-5.4.6-3.fc40.x86_64
DEBUG util.py:461:  bzip2-libs-1.0.8-18.fc40.x86_64
DEBUG util.py:461:  readline-8.2-8.fc40.x86_64
DEBUG util.py:461:  popt-1.19-6.fc40.x86_64
DEBUG util.py:461:  libuuid-2.40.2-1.fc40.x86_64
DEBUG util.py:461:  libstdc++-14.2.1-3.fc40.x86_64
DEBUG util.py:461:  libzstd-1.5.7-1.fc40.x86_64
DEBUG util.py:461:  elfutils-libelf-0.192-9.fc40.x86_64
DEBUG util.py:461:  libblkid-2.40.2-1.fc40.x86_64
DEBUG util.py:461:  gmp-6.2.1-8.fc40.x86_64
DEBUG util.py:461:  libattr-2.5.2-3.fc40.x86_64
DEBUG util.py:461:  libacl-2.3.2-1.fc40.x86_64
DEBUG util.py:461:  libxcrypt-4.4.38-6.fc40.x86_64
DEBUG util.py:461:  libeconf-0.6.2-2.fc40.x86_64
DEBUG util.py:461:  lz4-libs-1.9.4-6.fc40.x86_64
DEBUG util.py:461:  gdbm-libs-1.23-6.fc40.x86_64
DEBUG util.py:461:  mpfr-4.2.1-4.fc40.x86_64
DEBUG util.py:461:  gawk-5.3.0-3.fc40.x86_64
DEBUG util.py:461:  dwz-0.15-8.fc40.x86_64
DEBUG util.py:461:  unzip-6.0-63.fc40.x86_64
DEBUG util.py:461:  file-libs-5.45-4.fc40.x86_64
DEBUG util.py:461:  file-5.45-4.fc40.x86_64
DEBUG util.py:461:  pcre2-10.44-1.fc40.x86_64
DEBUG util.py:461:  grep-3.11-7.fc40.x86_64
DEBUG util.py:461:  xz-5.4.6-3.fc40.x86_64
DEBUG util.py:461:  libcap-ng-0.8.4-4.fc40.x86_64
DEBUG util.py:461:  audit-libs-4.0.3-1.fc40.x86_64
DEBUG util.py:461:  pam-libs-1.6.1-5.fc40.x86_64
DEBUG util.py:461:  libcap-2.69-8.fc40.x86_64
DEBUG util.py:461:  systemd-libs-255.18-1.fc40.x86_64
DEBUG util.py:461:  libsmartcols-2.40.2-1.fc40.x86_64
DEBUG util.py:461:  libsepol-3.7-2.fc40.x86_64
DEBUG util.py:461:  libselinux-3.7-5.fc40.x86_64
DEBUG util.py:461:  sed-4.9-1.fc40.x86_64
DEBUG util.py:461:  findutils-4.9.0-9.fc40.x86_64
DEBUG util.py:461:  libmount-2.40.2-1.fc40.x86_64
DEBUG util.py:461:  alternatives-1.27-1.fc40.x86_64
DEBUG util.py:461:  jansson-2.13.1-9.fc40.x86_64
DEBUG util.py:461:  lua-libs-5.4.6-5.fc40.x86_64
DEBUG util.py:461:  libffi-3.4.4-7.fc40.x86_64
DEBUG util.py:461:  libcom_err-1.47.0-5.fc40.x86_64
DEBUG util.py:461:  libtasn1-4.20.0-1.fc40.x86_64
DEBUG util.py:461:  p11-kit-0.25.5-1.fc40.x86_64
DEBUG util.py:461:  libunistring-1.1-7.fc40.x86_64
DEBUG util.py:461:  libidn2-2.3.7-1.fc40.x86_64
DEBUG util.py:461:  libpsl-0.21.5-3.fc40.x86_64
DEBUG util.py:461:  p11-kit-trust-0.25.5-1.fc40.x86_64
DEBUG util.py:461:  util-linux-core-2.40.2-1.fc40.x86_64
DEBUG util.py:461:  tar-1.35-3.fc40.x86_64
DEBUG util.py:461:  libsemanage-3.7-2.fc40.x86_64
DEBUG util.py:461:  shadow-utils-4.15.1-4.fc40.x86_64
DEBUG util.py:461:  libutempter-1.2.1-13.fc40.x86_64
DEBUG util.py:461:  zip-3.0-40.fc40.x86_64
DEBUG util.py:461:  gdbm-1.23-6.fc40.x86_64
DEBUG util.py:461:  cyrus-sasl-lib-2.1.28-19.fc40.x86_64
DEBUG util.py:461:  zstd-1.5.7-1.fc40.x86_64
DEBUG util.py:461:  libfdisk-2.40.2-1.fc40.x86_64
DEBUG util.py:461:  bzip2-1.0.8-18.fc40.x86_64
DEBUG util.py:461:  libxml2-2.12.9-1.fc40.x86_64
DEBUG util.py:461:  sqlite-libs-3.45.1-3.fc40.x86_64
DEBUG util.py:461:  ed-1.20.2-1.fc40.x86_64
DEBUG util.py:461:  patch-2.7.6-24.fc40.x86_64
DEBUG util.py:461:  elfutils-default-yama-scope-0.192-9.fc40.noarch
DEBUG util.py:461:  cpio-2.15-1.fc40.x86_64
DEBUG util.py:461:  diffutils-3.10-5.fc40.x86_64
DEBUG util.py:461:  libgomp-14.2.1-3.fc40.x86_64
DEBUG util.py:461:  json-c-0.17-3.fc40.x86_64
DEBUG util.py:461:  libpkgconf-2.1.1-2.fc40.x86_64
DEBUG util.py:461:  pkgconf-2.1.1-2.fc40.x86_64
DEBUG util.py:461:  pkgconf-pkg-config-2.1.1-2.fc40.x86_64
DEBUG util.py:461:  keyutils-libs-1.6.3-3.fc40.x86_64
DEBUG util.py:461:  libverto-0.3.2-8.fc40.x86_64
DEBUG util.py:461:  xxhash-libs-0.8.3-1.fc40.x86_64
DEBUG util.py:461:  libbrotli-1.1.0-3.fc40.x86_64
DEBUG util.py:461:  libnghttp2-1.59.0-3.fc40.x86_64
DEBUG util.py:461:  libtool-ltdl-2.4.7-10.fc40.x86_64
DEBUG util.py:461:  rust-srpm-macros-26.3-1.fc40.noarch
DEBUG util.py:461:  qt6-srpm-macros-6.8.2-1.fc40.noarch
DEBUG util.py:461:  qt5-srpm-macros-5.15.15-1.fc40.noarch
DEBUG util.py:461:  perl-srpm-macros-1-53.fc40.noarch
DEBUG util.py:461:  package-notes-srpm-macros-0.5-11.fc40.noarch
DEBUG util.py:461:  openblas-srpm-macros-2-16.fc40.noarch
DEBUG util.py:461:  ocaml-srpm-macros-9-3.fc40.noarch
DEBUG util.py:461:  kernel-srpm-macros-1.0-23.fc40.noarch
DEBUG util.py:461:  gnat-srpm-macros-6-5.fc40.noarch
DEBUG util.py:461:  ghc-srpm-macros-1.9.1-1.fc40.noarch
DEBUG util.py:461:  fpc-srpm-macros-1.3-12.fc40.noarch
DEBUG util.py:461:  ansible-srpm-macros-1-16.fc40.noarch
DEBUG util.py:461:  coreutils-common-9.4-9.fc40.x86_64
DEBUG util.py:461:  openssl-libs-3.2.4-1.fc40.x86_64
DEBUG util.py:461:  coreutils-9.4-9.fc40.x86_64
DEBUG util.py:461:  ca-certificates-2024.2.69_v8.0.401-1.0.fc40.noarch
DEBUG util.py:461:  krb5-libs-1.21.3-3.fc40.x86_64
DEBUG util.py:461:  libtirpc-1.3.6-1.rc3.fc40.x86_64
DEBUG util.py:461:  gzip-1.13-1.fc40.x86_64
DEBUG util.py:461:  authselect-libs-1.5.0-6.fc40.x86_64
DEBUG util.py:461:  libarchive-3.7.2-7.fc40.x86_64
DEBUG util.py:461:  authselect-1.5.0-6.fc40.x86_64
DEBUG util.py:461:  cracklib-2.9.11-5.fc40.x86_64
DEBUG util.py:461:  libpwquality-1.4.5-9.fc40.x86_64
DEBUG util.py:461:  libnsl2-2.0.1-1.fc40.x86_64
DEBUG util.py:461:  pam-1.6.1-5.fc40.x86_64
DEBUG util.py:461:  libssh-0.10.6-5.fc40.x86_64
DEBUG util.py:461:  rpm-sequoia-1.7.0-5.fc40.x86_64
DEBUG util.py:461:  rpm-libs-4.19.1.1-1.fc40.x86_64
DEBUG util.py:461:  libevent-2.1.12-12.fc40.x86_64
DEBUG util.py:461:  openldap-2.6.8-2.fc40.x86_64
DEBUG util.py:461:  libcurl-8.6.0-10.fc40.x86_64
DEBUG util.py:461:  elfutils-debuginfod-client-0.192-9.fc40.x86_64
DEBUG util.py:461:  elfutils-libs-0.192-9.fc40.x86_64
DEBUG util.py:461:  binutils-gold-2.41-38.fc40.x86_64
DEBUG util.py:461:  binutils-2.41-38.fc40.x86_64
DEBUG util.py:461:  elfutils-0.192-9.fc40.x86_64
DEBUG util.py:461:  gdb-minimal-16.2-1.fc40.x86_64
DEBUG util.py:461:  debugedit-5.0-18.fc40.x86_64
DEBUG util.py:461:  rpm-build-libs-4.19.1.1-1.fc40.x86_64
DEBUG util.py:461:  curl-8.6.0-10.fc40.x86_64
DEBUG util.py:461:  rpm-4.19.1.1-1.fc40.x86_64
DEBUG util.py:461:  efi-srpm-macros-5-11.fc40.noarch
DEBUG util.py:461:  lua-srpm-macros-1-13.fc40.noarch
DEBUG util.py:461:  zig-srpm-macros-1-2.fc40.noarch
DEBUG util.py:461:  fonts-srpm-macros-2.0.5-14.fc40.noarch
DEBUG util.py:461:  forge-srpm-macros-0.4.0-1.fc40.noarch
DEBUG util.py:461:  go-srpm-macros-3.5.0-1.fc40.noarch
DEBUG util.py:461:  python-srpm-macros-3.12-8.fc40.noarch
DEBUG util.py:461:  redhat-rpm-config-288-1.fc40.noarch
DEBUG util.py:461:  rpm-build-4.19.1.1-1.fc40.x86_64
DEBUG util.py:461:  pyproject-srpm-macros-1.17.0-1.fc40.noarch
DEBUG util.py:461:  util-linux-2.40.2-1.fc40.x86_64
DEBUG util.py:461:  which-2.21-41.fc40.x86_64
DEBUG util.py:461:  info-7.1-2.fc40.x86_64
DEBUG util.py:608:  Child return code was: 0
DEBUG util.py:183:  kill orphans in chroot /var/lib/mock/f40-build-58054473-6561875/root
DEBUG util.py:183:  kill orphans in chroot /var/lib/mock/f40-build-58054473-6561875-bootstrap/root/var/lib/mock/f40-build-58054473-6561875/root
DEBUG util.py:634:  child environment: None
DEBUG util.py:556:  Executing command: ['/bin/umount', '-n', '-l', '/var/lib/mock/f40-build-58054473-6561875-bootstrap/root/var/lib/mock/f40-build-58054473-6561875/root'] with env {'TERM': 'vt100', 'SHELL': '/bin/sh', 'HOME': '/builddir', 'HOSTNAME': 'mock', 'PATH': '/usr/bin:/bin:/usr/sbin:/sbin', 'LANG': 'C.UTF-8'} and shell False
DEBUG util.py:608:  Child return code was: 0
DEBUG util.py:634:  child environment: None
DEBUG util.py:556:  Executing command: ['/bin/umount', '-n', '-l', '/var/lib/mock/f40-build-58054473-6561875-bootstrap/root/var/lib/mock/f40-build-58054473-6561875/root'] with env {'TERM': 'vt100', 'SHELL': '/bin/sh', 'HOME': '/builddir', 'HOSTNAME': 'mock', 'PATH': '/usr/bin:/bin:/usr/sbin:/sbin', 'LANG': 'C.UTF-8'} and shell False
DEBUG util.py:608:  Child return code was: 0
INFO backend.py:228:  Installed packages:
INFO backend.py:229:  alternatives-1.27-1.fc40.x86_64
ansible-srpm-macros-1-16.fc40.noarch
audit-libs-4.0.3-1.fc40.x86_64
authselect-1.5.0-6.fc40.x86_64
authselect-libs-1.5.0-6.fc40.x86_64
basesystem-11-20.fc40.noarch
bash-5.2.26-3.fc40.x86_64
binutils-2.41-38.fc40.x86_64
binutils-gold-2.41-38.fc40.x86_64
bzip2-1.0.8-18.fc40.x86_64
bzip2-libs-1.0.8-18.fc40.x86_64
ca-certificates-2024.2.69_v8.0.401-1.0.fc40.noarch
coreutils-9.4-9.fc40.x86_64
coreutils-common-9.4-9.fc40.x86_64
cpio-2.15-1.fc40.x86_64
cracklib-2.9.11-5.fc40.x86_64
crypto-policies-20241011-1.git5930b9a.fc40.noarch
curl-8.6.0-10.fc40.x86_64
cyrus-sasl-lib-2.1.28-19.fc40.x86_64
debugedit-5.0-18.fc40.x86_64
diffutils-3.10-5.fc40.x86_64
dwz-0.15-8.fc40.x86_64
ed-1.20.2-1.fc40.x86_64
efi-srpm-macros-5-11.fc40.noarch
elfutils-0.192-9.fc40.x86_64
elfutils-debuginfod-client-0.192-9.fc40.x86_64
elfutils-default-yama-scope-0.192-9.fc40.noarch
elfutils-libelf-0.192-9.fc40.x86_64
elfutils-libs-0.192-9.fc40.x86_64
fedora-gpg-keys-40-2.noarch
fedora-release-40-40.noarch
fedora-release-common-40-40.noarch
fedora-release-identity-basic-40-40.noarch
fedora-repos-40-2.noarch
file-5.45-4.fc40.x86_64
file-libs-5.45-4.fc40.x86_64
filesystem-3.18-8.fc40.x86_64
findutils-4.9.0-9.fc40.x86_64
fonts-srpm-macros-2.0.5-14.fc40.noarch
forge-srpm-macros-0.4.0-1.fc40.noarch
fpc-srpm-macros-1.3-12.fc40.noarch
gawk-5.3.0-3.fc40.x86_64
gdb-minimal-16.2-1.fc40.x86_64
gdbm-1.23-6.fc40.x86_64
gdbm-libs-1.23-6.fc40.x86_64
ghc-srpm-macros-1.9.1-1.fc40.noarch
glibc-2.39-37.fc40.x86_64
glibc-common-2.39-37.fc40.x86_64
glibc-gconv-extra-2.39-37.fc40.x86_64
glibc-minimal-langpack-2.39-37.fc40.x86_64
gmp-6.2.1-8.fc40.x86_64
gnat-srpm-macros-6-5.fc40.noarch
go-srpm-macros-3.5.0-1.fc40.noarch
grep-3.11-7.fc40.x86_64
gzip-1.13-1.fc40.x86_64
info-7.1-2.fc40.x86_64
jansson-2.13.1-9.fc40.x86_64
json-c-0.17-3.fc40.x86_64
kernel-srpm-macros-1.0-23.fc40.noarch
keyutils-libs-1.6.3-3.fc40.x86_64
krb5-libs-1.21.3-3.fc40.x86_64
libacl-2.3.2-1.fc40.x86_64
libarchive-3.7.2-7.fc40.x86_64
libattr-2.5.2-3.fc40.x86_64
libblkid-2.40.2-1.fc40.x86_64
libbrotli-1.1.0-3.fc40.x86_64
libcap-2.69-8.fc40.x86_64
libcap-ng-0.8.4-4.fc40.x86_64
libcom_err-1.47.0-5.fc40.x86_64
libcurl-8.6.0-10.fc40.x86_64
libeconf-0.6.2-2.fc40.x86_64
libevent-2.1.12-12.fc40.x86_64
libfdisk-2.40.2-1.fc40.x86_64
libffi-3.4.4-7.fc40.x86_64
libgcc-14.2.1-3.fc40.x86_64
libgomp-14.2.1-3.fc40.x86_64
libidn2-2.3.7-1.fc40.x86_64
libmount-2.40.2-1.fc40.x86_64
libnghttp2-1.59.0-3.fc40.x86_64
libnsl2-2.0.1-1.fc40.x86_64
libpkgconf-2.1.1-2.fc40.x86_64
libpsl-0.21.5-3.fc40.x86_64
libpwquality-1.4.5-9.fc40.x86_64
libselinux-3.7-5.fc40.x86_64
libsemanage-3.7-2.fc40.x86_64
libsepol-3.7-2.fc40.x86_64
libsmartcols-2.40.2-1.fc40.x86_64
libssh-0.10.6-5.fc40.x86_64
libssh-config-0.10.6-5.fc40.noarch
libstdc++-14.2.1-3.fc40.x86_64
libtasn1-4.20.0-1.fc40.x86_64
libtirpc-1.3.6-1.rc3.fc40.x86_64
libtool-ltdl-2.4.7-10.fc40.x86_64
libunistring-1.1-7.fc40.x86_64
libutempter-1.2.1-13.fc40.x86_64
libuuid-2.40.2-1.fc40.x86_64
libverto-0.3.2-8.fc40.x86_64
libxcrypt-4.4.38-6.fc40.x86_64
libxml2-2.12.9-1.fc40.x86_64
libzstd-1.5.7-1.fc40.x86_64
lua-libs-5.4.6-5.fc40.x86_64
lua-srpm-macros-1-13.fc40.noarch
lz4-libs-1.9.4-6.fc40.x86_64
mpfr-4.2.1-4.fc40.x86_64
ncurses-base-6.4-12.20240127.fc40.noarch
ncurses-libs-6.4-12.20240127.fc40.x86_64
ocaml-srpm-macros-9-3.fc40.noarch
openblas-srpm-macros-2-16.fc40.noarch
openldap-2.6.8-2.fc40.x86_64
openssl-libs-3.2.4-1.fc40.x86_64
p11-kit-0.25.5-1.fc40.x86_64
p11-kit-trust-0.25.5-1.fc40.x86_64
package-notes-srpm-macros-0.5-11.fc40.noarch
pam-1.6.1-5.fc40.x86_64
pam-libs-1.6.1-5.fc40.x86_64
patch-2.7.6-24.fc40.x86_64
pcre2-10.44-1.fc40.x86_64
pcre2-syntax-10.44-1.fc40.noarch
perl-srpm-macros-1-53.fc40.noarch
pkgconf-2.1.1-2.fc40.x86_64
pkgconf-m4-2.1.1-2.fc40.noarch
pkgconf-pkg-config-2.1.1-2.fc40.x86_64
popt-1.19-6.fc40.x86_64
publicsuffix-list-dafsa-20250116-1.fc40.noarch
pyproject-srpm-macros-1.17.0-1.fc40.noarch
python-srpm-macros-3.12-8.fc40.noarch
qt5-srpm-macros-5.15.15-1.fc40.noarch
qt6-srpm-macros-6.8.2-1.fc40.noarch
readline-8.2-8.fc40.x86_64
redhat-rpm-config-288-1.fc40.noarch
rpm-4.19.1.1-1.fc40.x86_64
rpm-build-4.19.1.1-1.fc40.x86_64
rpm-build-libs-4.19.1.1-1.fc40.x86_64
rpm-libs-4.19.1.1-1.fc40.x86_64
rpm-sequoia-1.7.0-5.fc40.x86_64
rust-srpm-macros-26.3-1.fc40.noarch
sed-4.9-1.fc40.x86_64
setup-2.14.5-2.fc40.noarch
shadow-utils-4.15.1-4.fc40.x86_64
sqlite-libs-3.45.1-3.fc40.x86_64
systemd-libs-255.18-1.fc40.x86_64
tar-1.35-3.fc40.x86_64
unzip-6.0-63.fc40.x86_64
util-linux-2.40.2-1.fc40.x86_64
util-linux-core-2.40.2-1.fc40.x86_64
which-2.21-41.fc40.x86_64
xxhash-libs-0.8.3-1.fc40.x86_64
xz-5.4.6-3.fc40.x86_64
xz-libs-5.4.6-3.fc40.x86_64
zig-srpm-macros-1-2.fc40.noarch
zip-3.0-40.fc40.x86_64
zlib-ng-compat-2.1.7-2.fc40.x86_64
zstd-1.5.7-1.fc40.x86_64
DEBUG util.py:183:  kill orphans in chroot /var/lib/mock/f40-build-58054473-6561875/root
DEBUG util.py:183:  kill orphans in chroot /var/lib/mock/f40-build-58054473-6561875-bootstrap/root
INFO buildroot.py:665:  Mock Version: 6.0
DEBUG file_util.py:18:  ensuring that dir exists: /var/lib/mock/f40-build-58054473-6561875/root
DEBUG file_util.py:18:  ensuring that dir exists: /var/lib/mock/f40-build-58054473-6561875-bootstrap
DEBUG file_util.py:18:  ensuring that dir exists: /var/lib/mock/f40-build-58054473-6561875-bootstrap
DEBUG file_util.py:18:  ensuring that dir exists: /var/lib/mock/f40-build-58054473-6561875-bootstrap/root
DEBUG file_util.py:18:  ensuring that dir exists: /var/lib/mock/f40-build-58054473-6561875-bootstrap/results
INFO buildroot.py:316:  calling preinit hooks
DEBUG buildroot.py:721:  create skeleton dirs
DEBUG file_util.py:18:  ensuring that dir exists: /var/lib/mock/f40-build-58054473-6561875-bootstrap/root/var/lib/rpm
DEBUG file_util.py:18:  ensuring that dir exists: /var/lib/mock/f40-build-58054473-6561875-bootstrap/root/var/lib/yum
DEBUG file_util.py:18:  ensuring that dir exists: /var/lib/mock/f40-build-58054473-6561875-bootstrap/root/var/lib/dbus
DEBUG file_util.py:18:  ensuring that dir exists: /var/lib/mock/f40-build-58054473-6561875-bootstrap/root/var/log
DEBUG file_util.py:18:  ensuring that dir exists: /var/lib/mock/f40-build-58054473-6561875-bootstrap/root/var/cache/dnf
DEBUG file_util.py:18:  ensuring that dir exists: /var/lib/mock/f40-build-58054473-6561875-bootstrap/root/var/cache/yum
DEBUG file_util.py:18:  ensuring that dir exists: /var/lib/mock/f40-build-58054473-6561875-bootstrap/root/etc/rpm
DEBUG file_util.py:18:  ensuring that dir exists: /var/lib/mock/f40-build-58054473-6561875-bootstrap/root/tmp
DEBUG file_util.py:18:  ensuring that dir exists: /var/lib/mock/f40-build-58054473-6561875-bootstrap/root/tmp/ccache
DEBUG file_util.py:18:  ensuring that dir exists: /var/lib/mock/f40-build-58054473-6561875-bootstrap/root/var/tmp
DEBUG file_util.py:18:  ensuring that dir exists: /var/lib/mock/f40-build-58054473-6561875-bootstrap/root/etc/dnf
DEBUG file_util.py:18:  ensuring that dir exists: /var/lib/mock/f40-build-58054473-6561875-bootstrap/root/etc/dnf/vars
DEBUG file_util.py:18:  ensuring that dir exists: /var/lib/mock/f40-build-58054473-6561875-bootstrap/root/etc/yum.repos.d
DEBUG file_util.py:18:  ensuring that dir exists: /var/lib/mock/f40-build-58054473-6561875-bootstrap/root/etc/yum
DEBUG file_util.py:18:  ensuring that dir exists: /var/lib/mock/f40-build-58054473-6561875-bootstrap/root/proc
DEBUG file_util.py:18:  ensuring that dir exists: /var/lib/mock/f40-build-58054473-6561875-bootstrap/root/sys
DEBUG file_util.py:18:  ensuring that dir exists: /var/lib/mock/f40-build-58054473-6561875-bootstrap/root/dev/pts
DEBUG file_util.py:18:  ensuring that dir exists: /var/lib/mock/f40-build-58054473-6561875-bootstrap/root/dev/shm
DEBUG file_util.py:18:  ensuring that dir exists: /var/lib/mock/f40-build-58054473-6561875-bootstrap/root/dev/mapper
DEBUG file_util.py:21:  created dir: /var/lib/mock/f40-build-58054473-6561875-bootstrap/root/dev/mapper
DEBUG buildroot.py:865:  kernel version == 6.12.10-200.fc41.x86_64
DEBUG file_util.py:30:  touching file: /var/lib/mock/f40-build-58054473-6561875-bootstrap/root/etc/fstab
DEBUG file_util.py:30:  touching file: /var/lib/mock/f40-build-58054473-6561875-bootstrap/root/etc/yum/yum.conf
DEBUG file_util.py:30:  touching file: /var/lib/mock/f40-build-58054473-6561875-bootstrap/root/etc/dnf/dnf.conf
DEBUG file_util.py:30:  touching file: /var/lib/mock/f40-build-58054473-6561875-bootstrap/root/var/log/yum.log
DEBUG buildroot.py:330:  rootdir = /var/lib/mock/f40-build-58054473-6561875-bootstrap/root
DEBUG buildroot.py:331:  resultdir = /var/lib/mock/f40-build-58054473-6561875-bootstrap/results
DEBUG package_manager.py:63:  searching for 'dnf5' package manager or alternatives
INFO buildroot.py:179:  Package manager dnf5 detected and used (fallback)
DEBUG file_util.py:18:  ensuring that dir exists: /var/lib/mock/f40-build-58054473-6561875-bootstrap/root/etc/pki/mock
DEBUG file_util.py:158:  Updating files in /var/lib/mock/f40-build-58054473-6561875-bootstrap/root/etc/pki/ca-trust with files from /etc/pki/ca-trust
DEBUG file_util.py:18:  ensuring that dir exists: /var/lib/mock/f40-build-58054473-6561875-bootstrap/root/etc/pki/ca-trust
DEBUG file_util.py:18:  ensuring that dir exists: /var/lib/mock/f40-build-58054473-6561875-bootstrap/root/etc/pki/ca-trust/./extracted
DEBUG file_util.py:18:  ensuring that dir exists: /var/lib/mock/f40-build-58054473-6561875-bootstrap/root/etc/pki/ca-trust/./source
DEBUG file_util.py:18:  ensuring that dir exists: /var/lib/mock/f40-build-58054473-6561875-bootstrap/root/etc/pki/ca-trust/extracted/edk2
DEBUG file_util.py:18:  ensuring that dir exists: /var/lib/mock/f40-build-58054473-6561875-bootstrap/root/etc/pki/ca-trust/extracted/java
DEBUG file_util.py:18:  ensuring that dir exists: /var/lib/mock/f40-build-58054473-6561875-bootstrap/root/etc/pki/ca-trust/extracted/openssl
DEBUG file_util.py:18:  ensuring that dir exists: /var/lib/mock/f40-build-58054473-6561875-bootstrap/root/etc/pki/ca-trust/extracted/pem
DEBUG file_util.py:18:  ensuring that dir exists: /var/lib/mock/f40-build-58054473-6561875-bootstrap/root/etc/pki/ca-trust/extracted/pem/directory-hash
DEBUG file_util.py:18:  ensuring that dir exists: /var/lib/mock/f40-build-58054473-6561875-bootstrap/root/etc/pki/ca-trust/source/anchors
DEBUG file_util.py:18:  ensuring that dir exists: /var/lib/mock/f40-build-58054473-6561875-bootstrap/root/etc/pki/ca-trust/source/blocklist
DEBUG file_util.py:158:  Updating files in /var/lib/mock/f40-build-58054473-6561875-bootstrap/root/usr/share/pki/ca-trust-source with files from /usr/share/pki/ca-trust-source
DEBUG file_util.py:18:  ensuring that dir exists: /var/lib/mock/f40-build-58054473-6561875-bootstrap/root/usr/share/pki/ca-trust-source
DEBUG file_util.py:18:  ensuring that dir exists: /var/lib/mock/f40-build-58054473-6561875-bootstrap/root/usr/share/pki/ca-trust-source/./anchors
DEBUG file_util.py:18:  ensuring that dir exists: /var/lib/mock/f40-build-58054473-6561875-bootstrap/root/usr/share/pki/ca-trust-source/./blocklist
DEBUG file_util.py:18:  ensuring that dir exists: /var/lib/mock/f40-build-58054473-6561875-bootstrap/root/usr/share
DEBUG package_manager.py:388:  Copying /usr/share/distribution-gpg-keys to the bootstrap chroot
DEBUG util.py:634:  child environment: None
DEBUG util.py:556:  Executing command: ['cp', '-a', '/usr/share/distribution-gpg-keys', '/var/lib/mock/f40-build-58054473-6561875-bootstrap/root/usr/share'] with env {'TERM': 'vt100', 'SHELL': '/bin/sh', 'HOME': '/builddir', 'HOSTNAME': 'mock', 'PATH': '/usr/bin:/bin:/usr/sbin:/sbin', 'LANG': 'C.UTF-8'} and shell False
DEBUG util.py:608:  Child return code was: 0
DEBUG file_util.py:18:  ensuring that dir exists: /var/lib/mock/f40-build-58054473-6561875-bootstrap/root/etc/dnf
DEBUG package_manager.py:689:  configure DNF vars
DEBUG file_util.py:18:  ensuring that dir exists: /var/lib/mock/f40-build-58054473-6561875-bootstrap/root/etc
DEBUG file_util.py:18:  ensuring that dir exists: /var/lib/mock/f40-build-58054473-6561875-bootstrap/root/etc
DEBUG buildroot.py:38:  method _make_users skipped in bootstrap
DEBUG file_util.py:30:  touching file: /var/lib/mock/f40-build-58054473-6561875-bootstrap/root/.initialized
DEBUG file_util.py:18:  ensuring that dir exists: /var/lib/mock/f40-build-58054473-6561875
DEBUG file_util.py:18:  ensuring that dir exists: /var/lib/mock/f40-build-58054473-6561875/root
DEBUG file_util.py:18:  ensuring that dir exists: /var/lib/mock/f40-build-58054473-6561875/result
INFO buildroot.py:316:  calling preinit hooks
DEBUG util.py:634:  child environment: None
DEBUG util.py:556:  Executing command: ['/usr/bin/lscpu'] with env {'TERM': 'vt100', 'SHELL': '/bin/sh', 'HOME': '/builddir', 'HOSTNAME': 'mock', 'PATH': '/usr/bin:/bin:/usr/sbin:/sbin', 'LANG': 'C.UTF-8'} and shell False
DEBUG util.py:461:  Architecture:                         x86_64
DEBUG util.py:461:  CPU op-mode(s):                       32-bit, 64-bit
DEBUG util.py:461:  Address sizes:                        46 bits physical, 48 bits virtual
DEBUG util.py:461:  Byte Order:                           Little Endian
DEBUG util.py:461:  CPU(s):                               48
DEBUG util.py:461:  On-line CPU(s) list:                  0-47
DEBUG util.py:461:  Vendor ID:                            GenuineIntel
DEBUG util.py:461:  Model name:                           Intel(R) Xeon(R) CPU E5-2670 v3 @ 2.30GHz
DEBUG util.py:461:  CPU family:                           6
DEBUG util.py:461:  Model:                                63
DEBUG util.py:461:  Thread(s) per core:                   2
DEBUG util.py:461:  Core(s) per socket:                   12
DEBUG util.py:461:  Socket(s):                            2
DEBUG util.py:461:  Stepping:                             2
DEBUG util.py:461:  CPU(s) scaling MHz:                   43%
DEBUG util.py:461:  CPU max MHz:                          3100.0000
DEBUG util.py:461:  CPU min MHz:                          1200.0000
DEBUG util.py:461:  BogoMIPS:                             4599.93
DEBUG util.py:461:  Flags:                                fpu vme de pse tsc msr pae mce cx8 apic sep mtrr pge mca cmov pat pse36 clflush dts acpi mmx fxsr sse sse2 ss ht tm pbe syscall nx pdpe1gb rdtscp lm constant_tsc arch_perfmon pebs bts rep_good nopl xtopology nonstop_tsc cpuid aperfmperf pni pclmulqdq dtes64 monitor ds_cpl vmx smx est tm2 ssse3 sdbg fma cx16 xtpr pdcm pcid dca sse4_1 sse4_2 x2apic movbe popcnt tsc_deadline_timer aes xsave avx f16c rdrand lahf_lm abm cpuid_fault epb pti ssbd ibrs ibpb stibp tpr_shadow flexpriority ept vpid ept_ad fsgsbase tsc_adjust bmi1 avx2 smep bmi2 erms invpcid cqm xsaveopt cqm_llc cqm_occup_llc dtherm ida arat pln pts vnmi md_clear flush_l1d
DEBUG util.py:461:  Virtualization:                       VT-x
DEBUG util.py:461:  L1d cache:                            768 KiB (24 instances)
DEBUG util.py:461:  L1i cache:                            768 KiB (24 instances)
DEBUG util.py:461:  L2 cache:                             6 MiB (24 instances)
DEBUG util.py:461:  L3 cache:                             60 MiB (2 instances)
DEBUG util.py:461:  NUMA node(s):                         2
DEBUG util.py:461:  NUMA node0 CPU(s):                    0,2,4,6,8,10,12,14,16,18,20,22,24,26,28,30,32,34,36,38,40,42,44,46
DEBUG util.py:461:  NUMA node1 CPU(s):                    1,3,5,7,9,11,13,15,17,19,21,23,25,27,29,31,33,35,37,39,41,43,45,47
DEBUG util.py:461:  Vulnerability Gather data sampling:   Not affected
DEBUG util.py:461:  Vulnerability Itlb multihit:          KVM: Mitigation: Split huge pages
DEBUG util.py:461:  Vulnerability L1tf:                   Mitigation; PTE Inversion; VMX conditional cache flushes, SMT vulnerable
DEBUG util.py:461:  Vulnerability Mds:                    Mitigation; Clear CPU buffers; SMT vulnerable
DEBUG util.py:461:  Vulnerability Meltdown:               Mitigation; PTI
DEBUG util.py:461:  Vulnerability Mmio stale data:        Mitigation; Clear CPU buffers; SMT vulnerable
DEBUG util.py:461:  Vulnerability Reg file data sampling: Not affected
DEBUG util.py:461:  Vulnerability Retbleed:               Not affected
DEBUG util.py:461:  Vulnerability Spec rstack overflow:   Not affected
DEBUG util.py:461:  Vulnerability Spec store bypass:      Mitigation; Speculative Store Bypass disabled via prctl
DEBUG util.py:461:  Vulnerability Spectre v1:             Mitigation; usercopy/swapgs barriers and __user pointer sanitization
DEBUG util.py:461:  Vulnerability Spectre v2:             Mitigation; Retpolines; IBPB conditional; IBRS_FW; STIBP conditional; RSB filling; PBRSB-eIBRS Not affected; BHI Not affected
DEBUG util.py:461:  Vulnerability Srbds:                  Not affected
DEBUG util.py:461:  Vulnerability Tsx async abort:        Not affected
DEBUG util.py:608:  Child return code was: 0
DEBUG util.py:634:  child environment: None
DEBUG util.py:556:  Executing command: ['/bin/free'] with env {'TERM': 'vt100', 'SHELL': '/bin/sh', 'HOME': '/builddir', 'HOSTNAME': 'mock', 'PATH': '/usr/bin:/bin:/usr/sbin:/sbin', 'LANG': 'C.UTF-8'} and shell False
DEBUG util.py:461:                 total        used        free      shared  buff/cache   available
DEBUG util.py:461:  Mem:       131877680     4302628    89439624        5508    40104268   127575052
DEBUG util.py:461:  Swap:        8388604      115412     8273192
DEBUG util.py:608:  Child return code was: 0
DEBUG util.py:634:  child environment: None
DEBUG util.py:556:  Executing command: ['/bin/df', '-H', '-T', '/var/lib/mock/f40-build-58054473-6561875/root', '/var/cache/mock'] with env {'TERM': 'vt100', 'SHELL': '/bin/sh', 'HOME': '/builddir', 'HOSTNAME': 'mock', 'PATH': '/usr/bin:/bin:/usr/sbin:/sbin', 'LANG': 'C.UTF-8'} and shell False
DEBUG util.py:461:  Filesystem                                            Type   Size  Used Avail Use% Mounted on
DEBUG util.py:461:  /dev/mapper/luks-7bbad2a3-b243-4b67-8656-b2c6c8ee94a7 btrfs  399G   25G  365G   7% /
DEBUG util.py:461:  /dev/mapper/luks-7bbad2a3-b243-4b67-8656-b2c6c8ee94a7 btrfs  399G   25G  365G   7% /
DEBUG util.py:608:  Child return code was: 0
DEBUG buildroot.py:721:  create skeleton dirs
DEBUG file_util.py:18:  ensuring that dir exists: /var/lib/mock/f40-build-58054473-6561875/root/var/lib/rpm
DEBUG file_util.py:18:  ensuring that dir exists: /var/lib/mock/f40-build-58054473-6561875/root/var/lib/yum
DEBUG file_util.py:18:  ensuring that dir exists: /var/lib/mock/f40-build-58054473-6561875/root/var/lib/dbus
DEBUG file_util.py:18:  ensuring that dir exists: /var/lib/mock/f40-build-58054473-6561875/root/var/log
DEBUG file_util.py:18:  ensuring that dir exists: /var/lib/mock/f40-build-58054473-6561875/root/var/cache/dnf
DEBUG file_util.py:18:  ensuring that dir exists: /var/lib/mock/f40-build-58054473-6561875/root/var/cache/yum
DEBUG file_util.py:18:  ensuring that dir exists: /var/lib/mock/f40-build-58054473-6561875/root/etc/rpm
DEBUG file_util.py:18:  ensuring that dir exists: /var/lib/mock/f40-build-58054473-6561875/root/tmp
DEBUG file_util.py:18:  ensuring that dir exists: /var/lib/mock/f40-build-58054473-6561875/root/tmp/ccache
DEBUG file_util.py:18:  ensuring that dir exists: /var/lib/mock/f40-build-58054473-6561875/root/var/tmp
DEBUG file_util.py:18:  ensuring that dir exists: /var/lib/mock/f40-build-58054473-6561875/root/etc/dnf
DEBUG file_util.py:18:  ensuring that dir exists: /var/lib/mock/f40-build-58054473-6561875/root/etc/dnf/vars
DEBUG file_util.py:18:  ensuring that dir exists: /var/lib/mock/f40-build-58054473-6561875/root/etc/yum.repos.d
DEBUG file_util.py:18:  ensuring that dir exists: /var/lib/mock/f40-build-58054473-6561875/root/etc/yum
DEBUG file_util.py:18:  ensuring that dir exists: /var/lib/mock/f40-build-58054473-6561875/root/proc
DEBUG file_util.py:18:  ensuring that dir exists: /var/lib/mock/f40-build-58054473-6561875/root/sys
DEBUG file_util.py:18:  ensuring that dir exists: /var/lib/mock/f40-build-58054473-6561875/root/dev/pts
DEBUG file_util.py:18:  ensuring that dir exists: /var/lib/mock/f40-build-58054473-6561875/root/dev/shm
DEBUG file_util.py:18:  ensuring that dir exists: /var/lib/mock/f40-build-58054473-6561875/root/dev/mapper
DEBUG file_util.py:21:  created dir: /var/lib/mock/f40-build-58054473-6561875/root/dev/mapper
DEBUG buildroot.py:865:  kernel version == 6.12.10-200.fc41.x86_64
DEBUG file_util.py:30:  touching file: /var/lib/mock/f40-build-58054473-6561875/root/etc/fstab
DEBUG file_util.py:30:  touching file: /var/lib/mock/f40-build-58054473-6561875/root/etc/yum/yum.conf
DEBUG file_util.py:30:  touching file: /var/lib/mock/f40-build-58054473-6561875/root/etc/dnf/dnf.conf
DEBUG file_util.py:30:  touching file: /var/lib/mock/f40-build-58054473-6561875/root/var/log/yum.log
DEBUG buildroot.py:330:  rootdir = /var/lib/mock/f40-build-58054473-6561875/root
DEBUG buildroot.py:331:  resultdir = /var/lib/mock/f40-build-58054473-6561875/result
INFO buildroot.py:179:  Package manager dnf5 detected and used (direct choice)
DEBUG file_util.py:18:  ensuring that dir exists: /var/lib/mock/f40-build-58054473-6561875/root/etc/pki/mock
DEBUG file_util.py:158:  Updating files in /var/lib/mock/f40-build-58054473-6561875/root/etc/pki/ca-trust with files from /etc/pki/ca-trust
DEBUG file_util.py:18:  ensuring that dir exists: /var/lib/mock/f40-build-58054473-6561875/root/etc/pki/ca-trust
DEBUG file_util.py:18:  ensuring that dir exists: /var/lib/mock/f40-build-58054473-6561875/root/etc/pki/ca-trust/./extracted
DEBUG file_util.py:18:  ensuring that dir exists: /var/lib/mock/f40-build-58054473-6561875/root/etc/pki/ca-trust/./source
DEBUG file_util.py:18:  ensuring that dir exists: /var/lib/mock/f40-build-58054473-6561875/root/etc/pki/ca-trust/extracted/edk2
DEBUG file_util.py:18:  ensuring that dir exists: /var/lib/mock/f40-build-58054473-6561875/root/etc/pki/ca-trust/extracted/java
DEBUG file_util.py:18:  ensuring that dir exists: /var/lib/mock/f40-build-58054473-6561875/root/etc/pki/ca-trust/extracted/openssl
DEBUG file_util.py:18:  ensuring that dir exists: /var/lib/mock/f40-build-58054473-6561875/root/etc/pki/ca-trust/extracted/pem
DEBUG file_util.py:18:  ensuring that dir exists: /var/lib/mock/f40-build-58054473-6561875/root/etc/pki/ca-trust/extracted/pem/directory-hash
DEBUG file_util.py:18:  ensuring that dir exists: /var/lib/mock/f40-build-58054473-6561875/root/etc/pki/ca-trust/source/anchors
DEBUG file_util.py:18:  ensuring that dir exists: /var/lib/mock/f40-build-58054473-6561875/root/etc/pki/ca-trust/source/blocklist
DEBUG file_util.py:158:  Updating files in /var/lib/mock/f40-build-58054473-6561875/root/usr/share/pki/ca-trust-source with files from /usr/share/pki/ca-trust-source
DEBUG file_util.py:18:  ensuring that dir exists: /var/lib/mock/f40-build-58054473-6561875/root/usr/share/pki/ca-trust-source
DEBUG file_util.py:18:  ensuring that dir exists: /var/lib/mock/f40-build-58054473-6561875/root/usr/share/pki/ca-trust-source/./anchors
DEBUG file_util.py:18:  ensuring that dir exists: /var/lib/mock/f40-build-58054473-6561875/root/usr/share/pki/ca-trust-source/./blocklist
DEBUG file_util.py:18:  ensuring that dir exists: /var/lib/mock/f40-build-58054473-6561875/root/etc/dnf
DEBUG package_manager.py:689:  configure DNF vars
DEBUG util.py:634:  child environment: None
DEBUG util.py:556:  Executing command: ['userdel', '-f', 'mockbuild', '--prefix', '/var/lib/mock/f40-build-58054473-6561875/root'] with env {'TERM': 'vt100', 'SHELL': '/bin/sh', 'HOME': '/builddir', 'HOSTNAME': 'mock', 'PATH': '/usr/bin:/bin:/usr/sbin:/sbin', 'LANG': 'C.UTF-8'} and shell False
DEBUG util.py:608:  Child return code was: 0
DEBUG util.py:634:  child environment: None
DEBUG util.py:556:  Executing command: ['groupdel', 'mock', '--prefix', '/var/lib/mock/f40-build-58054473-6561875/root'] with env {'TERM': 'vt100', 'SHELL': '/bin/sh', 'HOME': '/builddir', 'HOSTNAME': 'mock', 'PATH': '/usr/bin:/bin:/usr/sbin:/sbin', 'LANG': 'C.UTF-8'} and shell False
DEBUG util.py:608:  Child return code was: 0
DEBUG util.py:634:  child environment: None
DEBUG util.py:556:  Executing command: ['groupadd', 'mock', '-g', '425', '--prefix', '/var/lib/mock/f40-build-58054473-6561875/root'] with env {'TERM': 'vt100', 'SHELL': '/bin/sh', 'HOME': '/builddir', 'HOSTNAME': 'mock', 'PATH': '/usr/bin:/bin:/usr/sbin:/sbin', 'LANG': 'C.UTF-8'} and shell False
DEBUG util.py:608:  Child return code was: 0
DEBUG util.py:634:  child environment: None
DEBUG util.py:556:  Executing command: ['useradd', 'mockbuild', '-o', '-u', '1000', '-g', '425', '-N', '-d', '/builddir', '--prefix', '/var/lib/mock/f40-build-58054473-6561875/root'] with env {'TERM': 'vt100', 'SHELL': '/bin/sh', 'HOME': '/builddir', 'HOSTNAME': 'mock', 'PATH': '/usr/bin:/bin:/usr/sbin:/sbin', 'LANG': 'C.UTF-8'} and shell False
DEBUG util.py:459:  useradd: warning: the home directory /builddir already exists.
DEBUG util.py:459:  useradd: Not copying any file from skel directory into it.
DEBUG util.py:459:  Creating mailbox file: File exists
DEBUG util.py:608:  Child return code was: 0
DEBUG file_util.py:30:  touching file: /var/lib/mock/f40-build-58054473-6561875/root/.initialized
INFO backend.py:386:  Running in chroot: ['uname -r']
DEBUG util.py:634:  child environment: None
DEBUG util.py:551:  Using nspawn with args ['--capability=cap_ipc_lock', '--bind=/tmp/mock-resolv.x8urm4mi:/etc/resolv.conf', '--bind=/dev/btrfs-control', '--bind=/dev/mapper/control', '--bind=/dev/fuse', '--bind=/dev/loop-control', '--bind=/dev/loop0', '--bind=/dev/loop1', '--bind=/dev/loop2', '--bind=/dev/loop3', '--bind=/dev/loop4', '--bind=/dev/loop5', '--bind=/dev/loop6', '--bind=/dev/loop7', '--bind=/dev/loop8', '--bind=/dev/loop9', '--bind=/dev/loop10', '--bind=/dev/loop11']
DEBUG util.py:556:  Executing command: ['/usr/bin/systemd-nspawn', '-q', '-M', '65d3a80b8ca240ed80a80b23bd897ad8', '-D', '/var/lib/mock/f40-build-58054473-6561875/root', '-a', '--capability=cap_ipc_lock', '--bind=/tmp/mock-resolv.x8urm4mi:/etc/resolv.conf', '--bind=/dev/btrfs-control', '--bind=/dev/mapper/control', '--bind=/dev/fuse', '--bind=/dev/loop-control', '--bind=/dev/loop0', '--bind=/dev/loop1', '--bind=/dev/loop2', '--bind=/dev/loop3', '--bind=/dev/loop4', '--bind=/dev/loop5', '--bind=/dev/loop6', '--bind=/dev/loop7', '--bind=/dev/loop8', '--bind=/dev/loop9', '--bind=/dev/loop10', '--bind=/dev/loop11', '--console=pipe', '--setenv=TERM=vt100', '--setenv=SHELL=/bin/bash', '--setenv=HOME=/builddir', '--setenv=HOSTNAME=mock', '--setenv=PATH=/usr/bin:/bin:/usr/sbin:/sbin', '--setenv=PROMPT_COMMAND=printf "\\033]0;<mock-chroot>\\007"', '--setenv=PS1=<mock-chroot> \\s-\\v\\$ ', '--setenv=LANG=C.UTF-8', '--resolv-conf=off', '/bin/sh', '-c', 'uname -r'] with env {'TERM': 'vt100', 'SHELL': '/bin/bash', 'HOME': '/builddir', 'HOSTNAME': 'mock', 'PATH': '/usr/bin:/bin:/usr/sbin:/sbin', 'PROMPT_COMMAND': 'printf "\\033]0;<mock-chroot>\\007"', 'PS1': '<mock-chroot> \\s-\\v\\$ ', 'LANG': 'C.UTF-8', 'SYSTEMD_NSPAWN_TMPFS_TMP': '0', 'SYSTEMD_SECCOMP': '0'} and shell False
DEBUG util.py:461:  6.12.10-200.fc41.x86_64
DEBUG util.py:608:  Child return code was: 0
DEBUG util.py:183:  kill orphans in chroot /var/lib/mock/f40-build-58054473-6561875/root
DEBUG util.py:183:  kill orphans in chroot /var/lib/mock/f40-build-58054473-6561875-bootstrap/root
INFO buildroot.py:665:  Mock Version: 6.0
DEBUG file_util.py:18:  ensuring that dir exists: /var/lib/mock/f40-build-58054473-6561875/root
DEBUG file_util.py:18:  ensuring that dir exists: /var/lib/mock/f40-build-58054473-6561875-bootstrap
DEBUG file_util.py:18:  ensuring that dir exists: /var/lib/mock/f40-build-58054473-6561875-bootstrap
DEBUG file_util.py:18:  ensuring that dir exists: /var/lib/mock/f40-build-58054473-6561875-bootstrap/root
DEBUG file_util.py:18:  ensuring that dir exists: /var/lib/mock/f40-build-58054473-6561875-bootstrap/results
INFO buildroot.py:316:  calling preinit hooks
DEBUG buildroot.py:721:  create skeleton dirs
DEBUG file_util.py:18:  ensuring that dir exists: /var/lib/mock/f40-build-58054473-6561875-bootstrap/root/var/lib/rpm
DEBUG file_util.py:18:  ensuring that dir exists: /var/lib/mock/f40-build-58054473-6561875-bootstrap/root/var/lib/yum
DEBUG file_util.py:18:  ensuring that dir exists: /var/lib/mock/f40-build-58054473-6561875-bootstrap/root/var/lib/dbus
DEBUG file_util.py:18:  ensuring that dir exists: /var/lib/mock/f40-build-58054473-6561875-bootstrap/root/var/log
DEBUG file_util.py:18:  ensuring that dir exists: /var/lib/mock/f40-build-58054473-6561875-bootstrap/root/var/cache/dnf
DEBUG file_util.py:18:  ensuring that dir exists: /var/lib/mock/f40-build-58054473-6561875-bootstrap/root/var/cache/yum
DEBUG file_util.py:18:  ensuring that dir exists: /var/lib/mock/f40-build-58054473-6561875-bootstrap/root/etc/rpm
DEBUG file_util.py:18:  ensuring that dir exists: /var/lib/mock/f40-build-58054473-6561875-bootstrap/root/tmp
DEBUG file_util.py:18:  ensuring that dir exists: /var/lib/mock/f40-build-58054473-6561875-bootstrap/root/tmp/ccache
DEBUG file_util.py:18:  ensuring that dir exists: /var/lib/mock/f40-build-58054473-6561875-bootstrap/root/var/tmp
DEBUG file_util.py:18:  ensuring that dir exists: /var/lib/mock/f40-build-58054473-6561875-bootstrap/root/etc/dnf
DEBUG file_util.py:18:  ensuring that dir exists: /var/lib/mock/f40-build-58054473-6561875-bootstrap/root/etc/dnf/vars
DEBUG file_util.py:18:  ensuring that dir exists: /var/lib/mock/f40-build-58054473-6561875-bootstrap/root/etc/yum.repos.d
DEBUG file_util.py:21:  created dir: /var/lib/mock/f40-build-58054473-6561875-bootstrap/root/etc/yum.repos.d
DEBUG file_util.py:18:  ensuring that dir exists: /var/lib/mock/f40-build-58054473-6561875-bootstrap/root/etc/yum
DEBUG file_util.py:18:  ensuring that dir exists: /var/lib/mock/f40-build-58054473-6561875-bootstrap/root/proc
DEBUG file_util.py:18:  ensuring that dir exists: /var/lib/mock/f40-build-58054473-6561875-bootstrap/root/sys
DEBUG file_util.py:18:  ensuring that dir exists: /var/lib/mock/f40-build-58054473-6561875-bootstrap/root/dev/pts
DEBUG file_util.py:18:  ensuring that dir exists: /var/lib/mock/f40-build-58054473-6561875-bootstrap/root/dev/shm
DEBUG file_util.py:18:  ensuring that dir exists: /var/lib/mock/f40-build-58054473-6561875-bootstrap/root/dev/mapper
DEBUG file_util.py:21:  created dir: /var/lib/mock/f40-build-58054473-6561875-bootstrap/root/dev/mapper
DEBUG buildroot.py:865:  kernel version == 6.12.10-200.fc41.x86_64
DEBUG file_util.py:30:  touching file: /var/lib/mock/f40-build-58054473-6561875-bootstrap/root/etc/fstab
DEBUG file_util.py:30:  touching file: /var/lib/mock/f40-build-58054473-6561875-bootstrap/root/etc/yum/yum.conf
DEBUG file_util.py:30:  touching file: /var/lib/mock/f40-build-58054473-6561875-bootstrap/root/etc/dnf/dnf.conf
DEBUG file_util.py:30:  touching file: /var/lib/mock/f40-build-58054473-6561875-bootstrap/root/var/log/yum.log
DEBUG buildroot.py:330:  rootdir = /var/lib/mock/f40-build-58054473-6561875-bootstrap/root
DEBUG buildroot.py:331:  resultdir = /var/lib/mock/f40-build-58054473-6561875-bootstrap/results
DEBUG package_manager.py:63:  searching for 'dnf5' package manager or alternatives
INFO buildroot.py:179:  Package manager dnf5 detected and used (fallback)
DEBUG file_util.py:18:  ensuring that dir exists: /var/lib/mock/f40-build-58054473-6561875-bootstrap/root/etc/pki/mock
DEBUG file_util.py:158:  Updating files in /var/lib/mock/f40-build-58054473-6561875-bootstrap/root/etc/pki/ca-trust with files from /etc/pki/ca-trust
DEBUG file_util.py:18:  ensuring that dir exists: /var/lib/mock/f40-build-58054473-6561875-bootstrap/root/etc/pki/ca-trust
DEBUG file_util.py:18:  ensuring that dir exists: /var/lib/mock/f40-build-58054473-6561875-bootstrap/root/etc/pki/ca-trust/./extracted
DEBUG file_util.py:18:  ensuring that dir exists: /var/lib/mock/f40-build-58054473-6561875-bootstrap/root/etc/pki/ca-trust/./source
DEBUG file_util.py:18:  ensuring that dir exists: /var/lib/mock/f40-build-58054473-6561875-bootstrap/root/etc/pki/ca-trust/extracted/edk2
DEBUG file_util.py:18:  ensuring that dir exists: /var/lib/mock/f40-build-58054473-6561875-bootstrap/root/etc/pki/ca-trust/extracted/java
DEBUG file_util.py:18:  ensuring that dir exists: /var/lib/mock/f40-build-58054473-6561875-bootstrap/root/etc/pki/ca-trust/extracted/openssl
DEBUG file_util.py:18:  ensuring that dir exists: /var/lib/mock/f40-build-58054473-6561875-bootstrap/root/etc/pki/ca-trust/extracted/pem
DEBUG file_util.py:18:  ensuring that dir exists: /var/lib/mock/f40-build-58054473-6561875-bootstrap/root/etc/pki/ca-trust/extracted/pem/directory-hash
DEBUG file_util.py:18:  ensuring that dir exists: /var/lib/mock/f40-build-58054473-6561875-bootstrap/root/etc/pki/ca-trust/source/anchors
DEBUG file_util.py:18:  ensuring that dir exists: /var/lib/mock/f40-build-58054473-6561875-bootstrap/root/etc/pki/ca-trust/source/blocklist
DEBUG file_util.py:158:  Updating files in /var/lib/mock/f40-build-58054473-6561875-bootstrap/root/usr/share/pki/ca-trust-source with files from /usr/share/pki/ca-trust-source
DEBUG file_util.py:18:  ensuring that dir exists: /var/lib/mock/f40-build-58054473-6561875-bootstrap/root/usr/share/pki/ca-trust-source
DEBUG file_util.py:18:  ensuring that dir exists: /var/lib/mock/f40-build-58054473-6561875-bootstrap/root/usr/share/pki/ca-trust-source/./anchors
DEBUG file_util.py:18:  ensuring that dir exists: /var/lib/mock/f40-build-58054473-6561875-bootstrap/root/usr/share/pki/ca-trust-source/./blocklist
DEBUG file_util.py:18:  ensuring that dir exists: /var/lib/mock/f40-build-58054473-6561875-bootstrap/root/usr/share
DEBUG package_manager.py:388:  Copying /usr/share/distribution-gpg-keys to the bootstrap chroot
DEBUG util.py:634:  child environment: None
DEBUG util.py:556:  Executing command: ['cp', '-a', '/usr/share/distribution-gpg-keys', '/var/lib/mock/f40-build-58054473-6561875-bootstrap/root/usr/share'] with env {'TERM': 'vt100', 'SHELL': '/bin/sh', 'HOME': '/builddir', 'HOSTNAME': 'mock', 'PATH': '/usr/bin:/bin:/usr/sbin:/sbin', 'LANG': 'C.UTF-8'} and shell False
DEBUG util.py:608:  Child return code was: 0
DEBUG file_util.py:18:  ensuring that dir exists: /var/lib/mock/f40-build-58054473-6561875-bootstrap/root/etc/dnf
DEBUG package_manager.py:689:  configure DNF vars
DEBUG file_util.py:18:  ensuring that dir exists: /var/lib/mock/f40-build-58054473-6561875-bootstrap/root/etc
DEBUG file_util.py:18:  ensuring that dir exists: /var/lib/mock/f40-build-58054473-6561875-bootstrap/root/etc
DEBUG buildroot.py:38:  method _cleanup_homedir skipped in bootstrap
DEBUG buildroot.py:38:  method _setup_build_dirs skipped in bootstrap
DEBUG buildroot.py:38:  method _make_users skipped in bootstrap
DEBUG file_util.py:30:  touching file: /var/lib/mock/f40-build-58054473-6561875-bootstrap/root/.initialized
DEBUG file_util.py:18:  ensuring that dir exists: /var/lib/mock/f40-build-58054473-6561875
DEBUG file_util.py:18:  ensuring that dir exists: /var/lib/mock/f40-build-58054473-6561875/root
DEBUG file_util.py:18:  ensuring that dir exists: /var/lib/mock/f40-build-58054473-6561875/result
INFO buildroot.py:316:  calling preinit hooks
DEBUG util.py:634:  child environment: None
DEBUG util.py:556:  Executing command: ['/usr/bin/lscpu'] with env {'TERM': 'vt100', 'SHELL': '/bin/sh', 'HOME': '/builddir', 'HOSTNAME': 'mock', 'PATH': '/usr/bin:/bin:/usr/sbin:/sbin', 'LANG': 'C.UTF-8'} and shell False
DEBUG util.py:461:  Architecture:                         x86_64
DEBUG util.py:461:  CPU op-mode(s):                       32-bit, 64-bit
DEBUG util.py:461:  Address sizes:                        46 bits physical, 48 bits virtual
DEBUG util.py:461:  Byte Order:                           Little Endian
DEBUG util.py:461:  CPU(s):                               48
DEBUG util.py:461:  On-line CPU(s) list:                  0-47
DEBUG util.py:461:  Vendor ID:                            GenuineIntel
DEBUG util.py:461:  Model name:                           Intel(R) Xeon(R) CPU E5-2670 v3 @ 2.30GHz
DEBUG util.py:461:  CPU family:                           6
DEBUG util.py:461:  Model:                                63
DEBUG util.py:461:  Thread(s) per core:                   2
DEBUG util.py:461:  Core(s) per socket:                   12
DEBUG util.py:461:  Socket(s):                            2
DEBUG util.py:461:  Stepping:                             2
DEBUG util.py:461:  CPU(s) scaling MHz:                   45%
DEBUG util.py:461:  CPU max MHz:                          3100.0000
DEBUG util.py:461:  CPU min MHz:                          1200.0000
DEBUG util.py:461:  BogoMIPS:                             4599.93
DEBUG util.py:461:  Flags:                                fpu vme de pse tsc msr pae mce cx8 apic sep mtrr pge mca cmov pat pse36 clflush dts acpi mmx fxsr sse sse2 ss ht tm pbe syscall nx pdpe1gb rdtscp lm constant_tsc arch_perfmon pebs bts rep_good nopl xtopology nonstop_tsc cpuid aperfmperf pni pclmulqdq dtes64 monitor ds_cpl vmx smx est tm2 ssse3 sdbg fma cx16 xtpr pdcm pcid dca sse4_1 sse4_2 x2apic movbe popcnt tsc_deadline_timer aes xsave avx f16c rdrand lahf_lm abm cpuid_fault epb pti ssbd ibrs ibpb stibp tpr_shadow flexpriority ept vpid ept_ad fsgsbase tsc_adjust bmi1 avx2 smep bmi2 erms invpcid cqm xsaveopt cqm_llc cqm_occup_llc dtherm ida arat pln pts vnmi md_clear flush_l1d
DEBUG util.py:461:  Virtualization:                       VT-x
DEBUG util.py:461:  L1d cache:                            768 KiB (24 instances)
DEBUG util.py:461:  L1i cache:                            768 KiB (24 instances)
DEBUG util.py:461:  L2 cache:                             6 MiB (24 instances)
DEBUG util.py:461:  L3 cache:                             60 MiB (2 instances)
DEBUG util.py:461:  NUMA node(s):                         2
DEBUG util.py:461:  NUMA node0 CPU(s):                    0,2,4,6,8,10,12,14,16,18,20,22,24,26,28,30,32,34,36,38,40,42,44,46
DEBUG util.py:461:  NUMA node1 CPU(s):                    1,3,5,7,9,11,13,15,17,19,21,23,25,27,29,31,33,35,37,39,41,43,45,47
DEBUG util.py:461:  Vulnerability Gather data sampling:   Not affected
DEBUG util.py:461:  Vulnerability Itlb multihit:          KVM: Mitigation: Split huge pages
DEBUG util.py:461:  Vulnerability L1tf:                   Mitigation; PTE Inversion; VMX conditional cache flushes, SMT vulnerable
DEBUG util.py:461:  Vulnerability Mds:                    Mitigation; Clear CPU buffers; SMT vulnerable
DEBUG util.py:461:  Vulnerability Meltdown:               Mitigation; PTI
DEBUG util.py:461:  Vulnerability Mmio stale data:        Mitigation; Clear CPU buffers; SMT vulnerable
DEBUG util.py:461:  Vulnerability Reg file data sampling: Not affected
DEBUG util.py:461:  Vulnerability Retbleed:               Not affected
DEBUG util.py:461:  Vulnerability Spec rstack overflow:   Not affected
DEBUG util.py:461:  Vulnerability Spec store bypass:      Mitigation; Speculative Store Bypass disabled via prctl
DEBUG util.py:461:  Vulnerability Spectre v1:             Mitigation; usercopy/swapgs barriers and __user pointer sanitization
DEBUG util.py:461:  Vulnerability Spectre v2:             Mitigation; Retpolines; IBPB conditional; IBRS_FW; STIBP conditional; RSB filling; PBRSB-eIBRS Not affected; BHI Not affected
DEBUG util.py:461:  Vulnerability Srbds:                  Not affected
DEBUG util.py:461:  Vulnerability Tsx async abort:        Not affected
DEBUG util.py:608:  Child return code was: 0
DEBUG util.py:634:  child environment: None
DEBUG util.py:556:  Executing command: ['/bin/free'] with env {'TERM': 'vt100', 'SHELL': '/bin/sh', 'HOME': '/builddir', 'HOSTNAME': 'mock', 'PATH': '/usr/bin:/bin:/usr/sbin:/sbin', 'LANG': 'C.UTF-8'} and shell False
DEBUG util.py:461:                 total        used        free      shared  buff/cache   available
DEBUG util.py:461:  Mem:       131877680     4386408    89354180        5508    40105924   127491272
DEBUG util.py:461:  Swap:        8388604      115412     8273192
DEBUG util.py:608:  Child return code was: 0
DEBUG util.py:634:  child environment: None
DEBUG util.py:556:  Executing command: ['/bin/df', '-H', '-T', '/var/lib/mock/f40-build-58054473-6561875/root', '/var/cache/mock'] with env {'TERM': 'vt100', 'SHELL': '/bin/sh', 'HOME': '/builddir', 'HOSTNAME': 'mock', 'PATH': '/usr/bin:/bin:/usr/sbin:/sbin', 'LANG': 'C.UTF-8'} and shell False
DEBUG util.py:461:  Filesystem                                            Type   Size  Used Avail Use% Mounted on
DEBUG util.py:461:  /dev/mapper/luks-7bbad2a3-b243-4b67-8656-b2c6c8ee94a7 btrfs  399G   25G  365G   7% /
DEBUG util.py:461:  /dev/mapper/luks-7bbad2a3-b243-4b67-8656-b2c6c8ee94a7 btrfs  399G   25G  365G   7% /
DEBUG util.py:608:  Child return code was: 0
DEBUG buildroot.py:721:  create skeleton dirs
DEBUG file_util.py:18:  ensuring that dir exists: /var/lib/mock/f40-build-58054473-6561875/root/var/lib/rpm
DEBUG file_util.py:18:  ensuring that dir exists: /var/lib/mock/f40-build-58054473-6561875/root/var/lib/yum
DEBUG file_util.py:18:  ensuring that dir exists: /var/lib/mock/f40-build-58054473-6561875/root/var/lib/dbus
DEBUG file_util.py:18:  ensuring that dir exists: /var/lib/mock/f40-build-58054473-6561875/root/var/log
DEBUG file_util.py:18:  ensuring that dir exists: /var/lib/mock/f40-build-58054473-6561875/root/var/cache/dnf
DEBUG file_util.py:18:  ensuring that dir exists: /var/lib/mock/f40-build-58054473-6561875/root/var/cache/yum
DEBUG file_util.py:18:  ensuring that dir exists: /var/lib/mock/f40-build-58054473-6561875/root/etc/rpm
DEBUG file_util.py:18:  ensuring that dir exists: /var/lib/mock/f40-build-58054473-6561875/root/tmp
DEBUG file_util.py:18:  ensuring that dir exists: /var/lib/mock/f40-build-58054473-6561875/root/tmp/ccache
DEBUG file_util.py:18:  ensuring that dir exists: /var/lib/mock/f40-build-58054473-6561875/root/var/tmp
DEBUG file_util.py:18:  ensuring that dir exists: /var/lib/mock/f40-build-58054473-6561875/root/etc/dnf
DEBUG file_util.py:18:  ensuring that dir exists: /var/lib/mock/f40-build-58054473-6561875/root/etc/dnf/vars
DEBUG file_util.py:18:  ensuring that dir exists: /var/lib/mock/f40-build-58054473-6561875/root/etc/yum.repos.d
DEBUG file_util.py:21:  created dir: /var/lib/mock/f40-build-58054473-6561875/root/etc/yum.repos.d
DEBUG file_util.py:18:  ensuring that dir exists: /var/lib/mock/f40-build-58054473-6561875/root/etc/yum
DEBUG file_util.py:18:  ensuring that dir exists: /var/lib/mock/f40-build-58054473-6561875/root/proc
DEBUG file_util.py:18:  ensuring that dir exists: /var/lib/mock/f40-build-58054473-6561875/root/sys
DEBUG file_util.py:18:  ensuring that dir exists: /var/lib/mock/f40-build-58054473-6561875/root/dev/pts
DEBUG file_util.py:18:  ensuring that dir exists: /var/lib/mock/f40-build-58054473-6561875/root/dev/shm
DEBUG file_util.py:18:  ensuring that dir exists: /var/lib/mock/f40-build-58054473-6561875/root/dev/mapper
DEBUG file_util.py:21:  created dir: /var/lib/mock/f40-build-58054473-6561875/root/dev/mapper
DEBUG buildroot.py:865:  kernel version == 6.12.10-200.fc41.x86_64
DEBUG file_util.py:30:  touching file: /var/lib/mock/f40-build-58054473-6561875/root/etc/fstab
DEBUG file_util.py:30:  touching file: /var/lib/mock/f40-build-58054473-6561875/root/etc/yum/yum.conf
DEBUG file_util.py:30:  touching file: /var/lib/mock/f40-build-58054473-6561875/root/etc/dnf/dnf.conf
DEBUG file_util.py:30:  touching file: /var/lib/mock/f40-build-58054473-6561875/root/var/log/yum.log
DEBUG buildroot.py:330:  rootdir = /var/lib/mock/f40-build-58054473-6561875/root
DEBUG buildroot.py:331:  resultdir = /var/lib/mock/f40-build-58054473-6561875/result
INFO buildroot.py:179:  Package manager dnf5 detected and used (direct choice)
DEBUG file_util.py:18:  ensuring that dir exists: /var/lib/mock/f40-build-58054473-6561875/root/etc/pki/mock
DEBUG file_util.py:158:  Updating files in /var/lib/mock/f40-build-58054473-6561875/root/etc/pki/ca-trust with files from /etc/pki/ca-trust
DEBUG file_util.py:18:  ensuring that dir exists: /var/lib/mock/f40-build-58054473-6561875/root/etc/pki/ca-trust
DEBUG file_util.py:18:  ensuring that dir exists: /var/lib/mock/f40-build-58054473-6561875/root/etc/pki/ca-trust/./extracted
DEBUG file_util.py:18:  ensuring that dir exists: /var/lib/mock/f40-build-58054473-6561875/root/etc/pki/ca-trust/./source
DEBUG file_util.py:18:  ensuring that dir exists: /var/lib/mock/f40-build-58054473-6561875/root/etc/pki/ca-trust/extracted/edk2
DEBUG file_util.py:18:  ensuring that dir exists: /var/lib/mock/f40-build-58054473-6561875/root/etc/pki/ca-trust/extracted/java
DEBUG file_util.py:18:  ensuring that dir exists: /var/lib/mock/f40-build-58054473-6561875/root/etc/pki/ca-trust/extracted/openssl
DEBUG file_util.py:18:  ensuring that dir exists: /var/lib/mock/f40-build-58054473-6561875/root/etc/pki/ca-trust/extracted/pem
DEBUG file_util.py:18:  ensuring that dir exists: /var/lib/mock/f40-build-58054473-6561875/root/etc/pki/ca-trust/extracted/pem/directory-hash
DEBUG file_util.py:18:  ensuring that dir exists: /var/lib/mock/f40-build-58054473-6561875/root/etc/pki/ca-trust/source/anchors
DEBUG file_util.py:18:  ensuring that dir exists: /var/lib/mock/f40-build-58054473-6561875/root/etc/pki/ca-trust/source/blocklist
DEBUG file_util.py:158:  Updating files in /var/lib/mock/f40-build-58054473-6561875/root/usr/share/pki/ca-trust-source with files from /usr/share/pki/ca-trust-source
DEBUG file_util.py:18:  ensuring that dir exists: /var/lib/mock/f40-build-58054473-6561875/root/usr/share/pki/ca-trust-source
DEBUG file_util.py:18:  ensuring that dir exists: /var/lib/mock/f40-build-58054473-6561875/root/usr/share/pki/ca-trust-source/./anchors
DEBUG file_util.py:18:  ensuring that dir exists: /var/lib/mock/f40-build-58054473-6561875/root/usr/share/pki/ca-trust-source/./blocklist
DEBUG file_util.py:18:  ensuring that dir exists: /var/lib/mock/f40-build-58054473-6561875/root/etc/dnf
DEBUG package_manager.py:689:  configure DNF vars
DEBUG util.py:634:  child environment: None
DEBUG util.py:556:  Executing command: ['rpm', '-q', 'rpm', 'rpm-sequoia', 'python3-dnf', 'python3-dnf-plugins-core', 'yum', 'yum-utils', 'dnf5', 'dnf5-plugins', '--root', '/var/lib/mock/f40-build-58054473-6561875-bootstrap/root'] with env {'TERM': 'vt100', 'SHELL': '/bin/sh', 'HOME': '/builddir', 'HOSTNAME': 'mock', 'PATH': '/usr/bin:/bin:/usr/sbin:/sbin', 'LANG': 'C.UTF-8'} and shell False
DEBUG util.py:461:  rpm-4.19.1.1-1.fc40.x86_64
DEBUG util.py:461:  rpm-sequoia-1.7.0-5.fc40.x86_64
DEBUG util.py:461:  package python3-dnf is not installed
DEBUG util.py:461:  package python3-dnf-plugins-core is not installed
DEBUG util.py:461:  package yum is not installed
DEBUG util.py:461:  package yum-utils is not installed
DEBUG util.py:461:  dnf5-5.1.17-4.fc40.x86_64
DEBUG util.py:461:  dnf5-plugins-5.1.17-4.fc40.x86_64
DEBUG util.py:608:  Child return code was: 4
INFO package_manager.py:201:  Buildroot is handled by package management installed into bootstrap:
  rpm-4.19.1.1-1.fc40.x86_64
  rpm-sequoia-1.7.0-5.fc40.x86_64
  dnf5-5.1.17-4.fc40.x86_64
  dnf5-plugins-5.1.17-4.fc40.x86_64
DEBUG file_util.py:18:  ensuring that dir exists: /var/lib/mock/f40-build-58054473-6561875/root/builddir/build
DEBUG file_util.py:18:  ensuring that dir exists: /var/lib/mock/f40-build-58054473-6561875/root/builddir/build/RPMS
DEBUG file_util.py:21:  created dir: /var/lib/mock/f40-build-58054473-6561875/root/builddir/build/RPMS
DEBUG file_util.py:18:  ensuring that dir exists: /var/lib/mock/f40-build-58054473-6561875/root/builddir/build/SPECS
DEBUG file_util.py:21:  created dir: /var/lib/mock/f40-build-58054473-6561875/root/builddir/build/SPECS
DEBUG file_util.py:18:  ensuring that dir exists: /var/lib/mock/f40-build-58054473-6561875/root/builddir/build/SRPMS
DEBUG file_util.py:21:  created dir: /var/lib/mock/f40-build-58054473-6561875/root/builddir/build/SRPMS
DEBUG file_util.py:18:  ensuring that dir exists: /var/lib/mock/f40-build-58054473-6561875/root/builddir/build/SOURCES
DEBUG file_util.py:18:  ensuring that dir exists: /var/lib/mock/f40-build-58054473-6561875/root/builddir/build/BUILD
DEBUG file_util.py:21:  created dir: /var/lib/mock/f40-build-58054473-6561875/root/builddir/build/BUILD
DEBUG file_util.py:18:  ensuring that dir exists: /var/lib/mock/f40-build-58054473-6561875/root/builddir/build/BUILDROOT
DEBUG file_util.py:21:  created dir: /var/lib/mock/f40-build-58054473-6561875/root/builddir/build/BUILDROOT
DEBUG file_util.py:18:  ensuring that dir exists: /var/lib/mock/f40-build-58054473-6561875/root/builddir/build/originals
DEBUG file_util.py:21:  created dir: /var/lib/mock/f40-build-58054473-6561875/root/builddir/build/originals
DEBUG file_util.py:18:  ensuring that dir exists: /var/lib/mock/f40-build-58054473-6561875/root/builddir
DEBUG util.py:634:  child environment: None
DEBUG util.py:556:  Executing command: ['userdel', '-f', 'mockbuild', '--prefix', '/var/lib/mock/f40-build-58054473-6561875/root'] with env {'TERM': 'vt100', 'SHELL': '/bin/sh', 'HOME': '/builddir', 'HOSTNAME': 'mock', 'PATH': '/usr/bin:/bin:/usr/sbin:/sbin', 'LANG': 'C.UTF-8'} and shell False
DEBUG util.py:608:  Child return code was: 0
DEBUG util.py:634:  child environment: None
DEBUG util.py:556:  Executing command: ['groupdel', 'mock', '--prefix', '/var/lib/mock/f40-build-58054473-6561875/root'] with env {'TERM': 'vt100', 'SHELL': '/bin/sh', 'HOME': '/builddir', 'HOSTNAME': 'mock', 'PATH': '/usr/bin:/bin:/usr/sbin:/sbin', 'LANG': 'C.UTF-8'} and shell False
DEBUG util.py:608:  Child return code was: 0
DEBUG util.py:634:  child environment: None
DEBUG util.py:556:  Executing command: ['groupadd', 'mock', '-g', '425', '--prefix', '/var/lib/mock/f40-build-58054473-6561875/root'] with env {'TERM': 'vt100', 'SHELL': '/bin/sh', 'HOME': '/builddir', 'HOSTNAME': 'mock', 'PATH': '/usr/bin:/bin:/usr/sbin:/sbin', 'LANG': 'C.UTF-8'} and shell False
DEBUG util.py:608:  Child return code was: 0
DEBUG util.py:634:  child environment: None
DEBUG util.py:556:  Executing command: ['useradd', 'mockbuild', '-o', '-u', '1000', '-g', '425', '-N', '-d', '/builddir', '--prefix', '/var/lib/mock/f40-build-58054473-6561875/root'] with env {'TERM': 'vt100', 'SHELL': '/bin/sh', 'HOME': '/builddir', 'HOSTNAME': 'mock', 'PATH': '/usr/bin:/bin:/usr/sbin:/sbin', 'LANG': 'C.UTF-8'} and shell False
DEBUG util.py:459:  useradd: warning: the home directory /builddir already exists.
DEBUG util.py:459:  useradd: Not copying any file from skel directory into it.
DEBUG util.py:459:  Creating mailbox file: File exists
DEBUG util.py:608:  Child return code was: 0
DEBUG file_util.py:30:  touching file: /var/lib/mock/f40-build-58054473-6561875/root/.initialized
DEBUG util.py:634:  child environment: None
DEBUG util.py:551:  Using nspawn with args ['--capability=cap_ipc_lock', '--bind=/tmp/mock-resolv.rmyqzvho:/etc/resolv.conf', '--bind=/dev/btrfs-control', '--bind=/dev/mapper/control', '--bind=/dev/fuse', '--bind=/dev/loop-control', '--bind=/dev/loop0', '--bind=/dev/loop1', '--bind=/dev/loop2', '--bind=/dev/loop3', '--bind=/dev/loop4', '--bind=/dev/loop5', '--bind=/dev/loop6', '--bind=/dev/loop7', '--bind=/dev/loop8', '--bind=/dev/loop9', '--bind=/dev/loop10', '--bind=/dev/loop11']
DEBUG util.py:556:  Executing command: ['/usr/bin/systemd-nspawn', '-q', '-M', 'ef2df4f7ba0e426a88fe5bf73bc3025b', '-D', '/var/lib/mock/f40-build-58054473-6561875/root', '-a', '-u', 'mockbuild', '--capability=cap_ipc_lock', '--bind=/tmp/mock-resolv.rmyqzvho:/etc/resolv.conf', '--bind=/dev/btrfs-control', '--bind=/dev/mapper/control', '--bind=/dev/fuse', '--bind=/dev/loop-control', '--bind=/dev/loop0', '--bind=/dev/loop1', '--bind=/dev/loop2', '--bind=/dev/loop3', '--bind=/dev/loop4', '--bind=/dev/loop5', '--bind=/dev/loop6', '--bind=/dev/loop7', '--bind=/dev/loop8', '--bind=/dev/loop9', '--bind=/dev/loop10', '--bind=/dev/loop11', '--console=pipe', '--setenv=TERM=vt100', '--setenv=SHELL=/bin/bash', '--setenv=HOME=/builddir', '--setenv=HOSTNAME=mock', '--setenv=PATH=/usr/bin:/bin:/usr/sbin:/sbin', '--setenv=PROMPT_COMMAND=printf "\\033]0;<mock-chroot>\\007"', '--setenv=PS1=<mock-chroot> \\s-\\v\\$ ', '--setenv=LANG=C.UTF-8', '--resolv-conf=off', '/bin/rpm', '-Uvh', '--nodeps', '/builddir/build/originals/ignition-2.21.0-1.fc40.src.rpm'] with env {'TERM': 'vt100', 'SHELL': '/bin/bash', 'HOME': '/builddir', 'HOSTNAME': 'mock', 'PATH': '/usr/bin:/bin:/usr/sbin:/sbin', 'PROMPT_COMMAND': 'printf "\\033]0;<mock-chroot>\\007"', 'PS1': '<mock-chroot> \\s-\\v\\$ ', 'LANG': 'C.UTF-8', 'SYSTEMD_NSPAWN_TMPFS_TMP': '0', 'SYSTEMD_SECCOMP': '0'} and shell False
DEBUG util.py:461:  Updating / installing...
DEBUG util.py:461:  ignition-2.21.0-1.fc40                ########################################
DEBUG util.py:608:  Child return code was: 0
DEBUG util.py:634:  child environment: None
DEBUG util.py:551:  Using nspawn with args ['--capability=cap_ipc_lock', '--bind=/tmp/mock-resolv.rmyqzvho:/etc/resolv.conf', '--bind=/dev/btrfs-control', '--bind=/dev/mapper/control', '--bind=/dev/fuse', '--bind=/dev/loop-control', '--bind=/dev/loop0', '--bind=/dev/loop1', '--bind=/dev/loop2', '--bind=/dev/loop3', '--bind=/dev/loop4', '--bind=/dev/loop5', '--bind=/dev/loop6', '--bind=/dev/loop7', '--bind=/dev/loop8', '--bind=/dev/loop9', '--bind=/dev/loop10', '--bind=/dev/loop11']
DEBUG util.py:556:  Executing command: ['/usr/bin/systemd-nspawn', '-q', '-M', 'c433a47d394b457da6d94eb7430d0a4e', '-D', '/var/lib/mock/f40-build-58054473-6561875/root', '-a', '-u', 'mockbuild', '--capability=cap_ipc_lock', '--bind=/tmp/mock-resolv.rmyqzvho:/etc/resolv.conf', '--bind=/dev/btrfs-control', '--bind=/dev/mapper/control', '--bind=/dev/fuse', '--bind=/dev/loop-control', '--bind=/dev/loop0', '--bind=/dev/loop1', '--bind=/dev/loop2', '--bind=/dev/loop3', '--bind=/dev/loop4', '--bind=/dev/loop5', '--bind=/dev/loop6', '--bind=/dev/loop7', '--bind=/dev/loop8', '--bind=/dev/loop9', '--bind=/dev/loop10', '--bind=/dev/loop11', '--console=pipe', '--setenv=TERM=vt100', '--setenv=SHELL=/bin/bash', '--setenv=HOME=/builddir', '--setenv=HOSTNAME=mock', '--setenv=PATH=/usr/bin:/bin:/usr/sbin:/sbin', '--setenv=PROMPT_COMMAND=printf "\\033]0;<mock-chroot>\\007"', '--setenv=PS1=<mock-chroot> \\s-\\v\\$ ', '--setenv=LANG=C.UTF-8', '--resolv-conf=off', '/bin/rpm', '-qpl', '/builddir/build/originals/ignition-2.21.0-1.fc40.src.rpm'] with env {'TERM': 'vt100', 'SHELL': '/bin/bash', 'HOME': '/builddir', 'HOSTNAME': 'mock', 'PATH': '/usr/bin:/bin:/usr/sbin:/sbin', 'PROMPT_COMMAND': 'printf "\\033]0;<mock-chroot>\\007"', 'PS1': '<mock-chroot> \\s-\\v\\$ ', 'LANG': 'C.UTF-8', 'SYSTEMD_NSPAWN_TMPFS_TMP': '0', 'SYSTEMD_SECCOMP': '0'} and shell False
DEBUG util.py:461:  ignition-2.21.0.tar.gz
DEBUG util.py:461:  ignition-edge-a258749.tar.gz
DEBUG util.py:461:  ignition.spec
DEBUG util.py:608:  Child return code was: 0
DEBUG util.py:634:  child environment: None
DEBUG util.py:551:  Using nspawn with args ['--capability=cap_ipc_lock', '--bind=/tmp/mock-resolv.rmyqzvho:/etc/resolv.conf', '--bind=/dev/btrfs-control', '--bind=/dev/mapper/control', '--bind=/dev/fuse', '--bind=/dev/loop-control', '--bind=/dev/loop0', '--bind=/dev/loop1', '--bind=/dev/loop2', '--bind=/dev/loop3', '--bind=/dev/loop4', '--bind=/dev/loop5', '--bind=/dev/loop6', '--bind=/dev/loop7', '--bind=/dev/loop8', '--bind=/dev/loop9', '--bind=/dev/loop10', '--bind=/dev/loop11']
DEBUG util.py:556:  Executing command: ['/usr/bin/systemd-nspawn', '-q', '-M', 'fc70ea8b1488473c9ca2bf0a115dd3bd', '-D', '/var/lib/mock/f40-build-58054473-6561875/root', '-a', '--capability=cap_ipc_lock', '--bind=/tmp/mock-resolv.rmyqzvho:/etc/resolv.conf', '--bind=/dev/btrfs-control', '--bind=/dev/mapper/control', '--bind=/dev/fuse', '--bind=/dev/loop-control', '--bind=/dev/loop0', '--bind=/dev/loop1', '--bind=/dev/loop2', '--bind=/dev/loop3', '--bind=/dev/loop4', '--bind=/dev/loop5', '--bind=/dev/loop6', '--bind=/dev/loop7', '--bind=/dev/loop8', '--bind=/dev/loop9', '--bind=/dev/loop10', '--bind=/dev/loop11', '--console=pipe', '--setenv=TERM=vt100', '--setenv=SHELL=/bin/bash', '--setenv=HOME=/builddir', '--setenv=HOSTNAME=mock', '--setenv=PATH=/usr/bin:/bin:/usr/sbin:/sbin', '--setenv=PROMPT_COMMAND=printf "\\033]0;<mock-chroot>\\007"', '--setenv=PS1=<mock-chroot> \\s-\\v\\$ ', '--setenv=LANG=C.UTF-8', '--resolv-conf=off', '/bin/sh', '-c', 'case $(rpmbuild --help) in *--noclean*) exit 0; esac; exit 1'] with env {'TERM': 'vt100', 'SHELL': '/bin/bash', 'HOME': '/builddir', 'HOSTNAME': 'mock', 'PATH': '/usr/bin:/bin:/usr/sbin:/sbin', 'PROMPT_COMMAND': 'printf "\\033]0;<mock-chroot>\\007"', 'PS1': '<mock-chroot> \\s-\\v\\$ ', 'LANG': 'C.UTF-8', 'SYSTEMD_NSPAWN_TMPFS_TMP': '0', 'SYSTEMD_SECCOMP': '0'} and shell False
DEBUG util.py:608:  Child return code was: 0
DEBUG util.py:634:  child environment: None
DEBUG file_util.py:18:  ensuring that dir exists: /var/lib/mock/f40-build-58054473-6561875/root/proc
DEBUG util.py:634:  child environment: None
DEBUG util.py:556:  Executing command: ['/bin/mount', '-n', '-t', 'tmpfs', '-o', 'rprivate,mode=0755', 'tmpfs', '/var/lib/mock/f40-build-58054473-6561875/root/proc'] with env {'TERM': 'vt100', 'SHELL': '/bin/sh', 'HOME': '/builddir', 'HOSTNAME': 'mock', 'PATH': '/usr/bin:/bin:/usr/sbin:/sbin', 'LANG': 'C.UTF-8'} and shell False
DEBUG util.py:608:  Child return code was: 0
DEBUG file_util.py:18:  ensuring that dir exists: /var/lib/mock/f40-build-58054473-6561875/root/proc
DEBUG util.py:634:  child environment: None
DEBUG util.py:556:  Executing command: ['/bin/mount', '-n', '-o', 'rbind', '/proc', '/var/lib/mock/f40-build-58054473-6561875/root/proc'] with env {'TERM': 'vt100', 'SHELL': '/bin/sh', 'HOME': '/builddir', 'HOSTNAME': 'mock', 'PATH': '/usr/bin:/bin:/usr/sbin:/sbin', 'LANG': 'C.UTF-8'} and shell False
DEBUG util.py:608:  Child return code was: 0
DEBUG util.py:634:  child environment: None
DEBUG util.py:556:  Executing command: ['/bin/mount', '-n', '-o', 'remount,nodev,noexec,nosuid,readonly,rprivate,rbind', '--target', '/var/lib/mock/f40-build-58054473-6561875/root/proc'] with env {'TERM': 'vt100', 'SHELL': '/bin/sh', 'HOME': '/builddir', 'HOSTNAME': 'mock', 'PATH': '/usr/bin:/bin:/usr/sbin:/sbin', 'LANG': 'C.UTF-8'} and shell False
DEBUG util.py:608:  Child return code was: 0
DEBUG file_util.py:18:  ensuring that dir exists: /var/lib/mock/f40-build-58054473-6561875/root/sys
DEBUG util.py:634:  child environment: None
DEBUG util.py:556:  Executing command: ['/bin/mount', '-n', '-t', 'tmpfs', '-o', 'rprivate,mode=0755', 'tmpfs', '/var/lib/mock/f40-build-58054473-6561875/root/sys'] with env {'TERM': 'vt100', 'SHELL': '/bin/sh', 'HOME': '/builddir', 'HOSTNAME': 'mock', 'PATH': '/usr/bin:/bin:/usr/sbin:/sbin', 'LANG': 'C.UTF-8'} and shell False
DEBUG util.py:608:  Child return code was: 0
DEBUG file_util.py:18:  ensuring that dir exists: /var/lib/mock/f40-build-58054473-6561875/root/sys
DEBUG util.py:634:  child environment: None
DEBUG util.py:556:  Executing command: ['/bin/mount', '-n', '-o', 'rbind', '/sys', '/var/lib/mock/f40-build-58054473-6561875/root/sys'] with env {'TERM': 'vt100', 'SHELL': '/bin/sh', 'HOME': '/builddir', 'HOSTNAME': 'mock', 'PATH': '/usr/bin:/bin:/usr/sbin:/sbin', 'LANG': 'C.UTF-8'} and shell False
DEBUG util.py:608:  Child return code was: 0
DEBUG util.py:634:  child environment: None
DEBUG util.py:556:  Executing command: ['/bin/mount', '-n', '-o', 'remount,nodev,noexec,nosuid,readonly,rprivate,rbind', '--target', '/var/lib/mock/f40-build-58054473-6561875/root/sys'] with env {'TERM': 'vt100', 'SHELL': '/bin/sh', 'HOME': '/builddir', 'HOSTNAME': 'mock', 'PATH': '/usr/bin:/bin:/usr/sbin:/sbin', 'LANG': 'C.UTF-8'} and shell False
DEBUG util.py:608:  Child return code was: 0
DEBUG file_util.py:18:  ensuring that dir exists: /var/lib/mock/f40-build-58054473-6561875/root/dev/shm
DEBUG util.py:634:  child environment: None
DEBUG util.py:556:  Executing command: ['/bin/mount', '-n', '-t', 'tmpfs', 'tmpfs', '/var/lib/mock/f40-build-58054473-6561875/root/dev/shm'] with env {'TERM': 'vt100', 'SHELL': '/bin/sh', 'HOME': '/builddir', 'HOSTNAME': 'mock', 'PATH': '/usr/bin:/bin:/usr/sbin:/sbin', 'LANG': 'C.UTF-8'} and shell False
DEBUG util.py:608:  Child return code was: 0
DEBUG file_util.py:18:  ensuring that dir exists: /var/lib/mock/f40-build-58054473-6561875/root/dev/pts
DEBUG util.py:634:  child environment: None
DEBUG util.py:556:  Executing command: ['/bin/mount', '-n', '-t', 'devpts', '-o', 'gid=5,mode=0620,ptmxmode=0666,newinstance', 'devpts', '/var/lib/mock/f40-build-58054473-6561875/root/dev/pts'] with env {'TERM': 'vt100', 'SHELL': '/bin/sh', 'HOME': '/builddir', 'HOSTNAME': 'mock', 'PATH': '/usr/bin:/bin:/usr/sbin:/sbin', 'LANG': 'C.UTF-8'} and shell False
DEBUG util.py:608:  Child return code was: 0
DEBUG util.py:634:  child environment: None
DEBUG util.py:556:  Executing command: ['/bin/mount', '-n', '-o', 'bind', '/tmp/mock-selinux-plugin.02rw65z8', '/var/lib/mock/f40-build-58054473-6561875/root/proc/filesystems'] with env {'TERM': 'vt100', 'SHELL': '/bin/sh', 'HOME': '/builddir', 'HOSTNAME': 'mock', 'PATH': '/usr/bin:/bin:/usr/sbin:/sbin', 'LANG': 'C.UTF-8'} and shell False
DEBUG util.py:608:  Child return code was: 0
DEBUG file_util.py:18:  ensuring that dir exists: /var/lib/mock/f40-build-58054473-6561875/root/sys/fs/selinux
DEBUG util.py:634:  child environment: None
DEBUG util.py:556:  Executing command: ['/bin/mount', '-n', '-t', 'tmpfs', 'tmpfs', '/var/lib/mock/f40-build-58054473-6561875/root/sys/fs/selinux'] with env {'TERM': 'vt100', 'SHELL': '/bin/sh', 'HOME': '/builddir', 'HOSTNAME': 'mock', 'PATH': '/usr/bin:/bin:/usr/sbin:/sbin', 'LANG': 'C.UTF-8'} and shell False
DEBUG util.py:608:  Child return code was: 0
DEBUG file_util.py:18:  ensuring that dir exists: /var/lib/mock/f40-build-58054473-6561875-bootstrap/root/var/lib/mock/f40-build-58054473-6561875/root
DEBUG util.py:634:  child environment: None
DEBUG util.py:556:  Executing command: ['/bin/mount', '-n', '-t', 'tmpfs', '-o', 'private,mode=0755', 'tmpfs', '/var/lib/mock/f40-build-58054473-6561875-bootstrap/root/var/lib/mock/f40-build-58054473-6561875/root'] with env {'TERM': 'vt100', 'SHELL': '/bin/sh', 'HOME': '/builddir', 'HOSTNAME': 'mock', 'PATH': '/usr/bin:/bin:/usr/sbin:/sbin', 'LANG': 'C.UTF-8'} and shell False
DEBUG util.py:608:  Child return code was: 0
DEBUG file_util.py:18:  ensuring that dir exists: /var/lib/mock/f40-build-58054473-6561875-bootstrap/root/var/lib/mock/f40-build-58054473-6561875/root
DEBUG util.py:634:  child environment: None
DEBUG util.py:556:  Executing command: ['/bin/mount', '-n', '-o', 'rbind', '/var/lib/mock/f40-build-58054473-6561875/root', '/var/lib/mock/f40-build-58054473-6561875-bootstrap/root/var/lib/mock/f40-build-58054473-6561875/root'] with env {'TERM': 'vt100', 'SHELL': '/bin/sh', 'HOME': '/builddir', 'HOSTNAME': 'mock', 'PATH': '/usr/bin:/bin:/usr/sbin:/sbin', 'LANG': 'C.UTF-8'} and shell False
DEBUG util.py:608:  Child return code was: 0
DEBUG util.py:634:  child environment: None
DEBUG util.py:556:  Executing command: ['/bin/mount', '-n', '-o', 'remount,private,rbind', '--target', '/var/lib/mock/f40-build-58054473-6561875-bootstrap/root/var/lib/mock/f40-build-58054473-6561875/root'] with env {'TERM': 'vt100', 'SHELL': '/bin/sh', 'HOME': '/builddir', 'HOSTNAME': 'mock', 'PATH': '/usr/bin:/bin:/usr/sbin:/sbin', 'LANG': 'C.UTF-8'} and shell False
DEBUG util.py:608:  Child return code was: 0
DEBUG file_util.py:18:  ensuring that dir exists: /var/lib/mock/f40-build-58054473-6561875/root/installation-homedir
DEBUG package_manager.py:295:  ['/usr/bin/dnf5', 'builddep', '--installroot', '/var/lib/mock/f40-build-58054473-6561875/root/', '/var/lib/mock/f40-build-58054473-6561875/root//builddir/build/SRPMS/ignition-2.21.0-1.fc40.src.rpm', '--setopt=deltarpm=False', '--setopt=allow_vendor_change=yes', '--allowerasing']
DEBUG util.py:634:  child environment: None
DEBUG util.py:551:  Using nspawn with args ['--capability=cap_ipc_lock', '--bind=/tmp/mock-resolv.m18291zx:/etc/resolv.conf']
DEBUG util.py:556:  Executing command: ['/usr/bin/systemd-nspawn', '-q', '-M', '46c4cd18255846d8859039de1ed25c00', '-D', '/var/lib/mock/f40-build-58054473-6561875-bootstrap/root', '-a', '--capability=cap_ipc_lock', '--bind=/tmp/mock-resolv.m18291zx:/etc/resolv.conf', '--console=pipe', '--setenv=TERM=vt100', '--setenv=SHELL=/bin/bash', '--setenv=HOME=/var/lib/mock/f40-build-58054473-6561875/root/installation-homedir', '--setenv=HOSTNAME=mock', '--setenv=PATH=/usr/bin:/bin:/usr/sbin:/sbin', '--setenv=PROMPT_COMMAND=printf "\\033]0;<mock-chroot>\\007"', '--setenv=PS1=<mock-chroot> \\s-\\v\\$ ', '--setenv=LANG=C.UTF-8', '--setenv=LC_MESSAGES=C.UTF-8', '--resolv-conf=off', '/usr/bin/dnf5', 'builddep', '--installroot', '/var/lib/mock/f40-build-58054473-6561875/root/', '/var/lib/mock/f40-build-58054473-6561875/root//builddir/build/SRPMS/ignition-2.21.0-1.fc40.src.rpm', '--setopt=deltarpm=False', '--setopt=allow_vendor_change=yes', '--allowerasing', '--setopt=tsflags=nocontexts'] with env {'TERM': 'vt100', 'SHELL': '/bin/bash', 'HOME': '/var/lib/mock/f40-build-58054473-6561875/root/installation-homedir', 'HOSTNAME': 'mock', 'PATH': '/usr/bin:/bin:/usr/sbin:/sbin', 'PROMPT_COMMAND': 'printf "\\033]0;<mock-chroot>\\007"', 'PS1': '<mock-chroot> \\s-\\v\\$ ', 'LANG': 'C.UTF-8', 'LC_MESSAGES': 'C.UTF-8', 'SYSTEMD_NSPAWN_TMPFS_TMP': '0', 'SYSTEMD_SECCOMP': '0'} and shell False
DEBUG util.py:461:  Updating and loading repositories:
DEBUG util.py:461:   build                                  100% | 158.9 KiB/s |   3.5 KiB |  00m00s
DEBUG util.py:461:  Repositories loaded.
DEBUG util.py:461:  Package                  Arch   Version         Repository      Size
DEBUG util.py:461:  Installing:                                                         
DEBUG util.py:461:   go-rpm-macros           x86_64 3.5.0-1.fc40    build       93.1 KiB
DEBUG util.py:461:   libblkid-devel          x86_64 2.40.2-1.fc40   build       44.9 KiB
DEBUG util.py:461:   systemd-rpm-macros      noarch 255.18-1.fc40   build       10.9 KiB
DEBUG util.py:461:  Installing dependencies:                                            
DEBUG util.py:461:   annobin-docs            noarch 12.60-1.fc40    build       96.2 KiB
DEBUG util.py:461:   annobin-plugin-gcc      x86_64 12.60-1.fc40    build      976.2 KiB
DEBUG util.py:461:   cpp                     x86_64 14.2.1-3.fc40   build       35.0 MiB
DEBUG util.py:461:   expat                   x86_64 2.6.4-1.fc40    build      289.0 KiB
DEBUG util.py:461:   gc                      x86_64 8.2.2-6.fc40    build      258.7 KiB
DEBUG util.py:461:   gcc                     x86_64 14.2.1-3.fc40   build      104.3 MiB
DEBUG util.py:461:   gcc-plugin-annobin      x86_64 14.2.1-3.fc40   build       57.1 KiB
DEBUG util.py:461:   glibc-devel             x86_64 2.39-37.fc40    build        2.2 MiB
DEBUG util.py:461:   go-filesystem           x86_64 3.5.0-1.fc40    build        0.0   B
DEBUG util.py:461:   golang                  x86_64 1.22.12-1.fc40  build        8.9 MiB
DEBUG util.py:461:   golang-bin              x86_64 1.22.12-1.fc40  build      103.8 MiB
DEBUG util.py:461:   golang-src              noarch 1.22.12-1.fc40  build       71.2 MiB
DEBUG util.py:461:   golist                  x86_64 0.10.4-3.fc40   build        3.9 MiB
DEBUG util.py:461:   guile30                 x86_64 3.0.7-12.fc40   build       51.5 MiB
DEBUG util.py:461:   kernel-headers          x86_64 6.13.3-100.fc40 build        6.5 MiB
DEBUG util.py:461:   libb2                   x86_64 0.98.1-11.fc40  build       42.2 KiB
DEBUG util.py:461:   libmpc                  x86_64 1.3.1-5.fc40    build      164.7 KiB
DEBUG util.py:461:   libxcrypt-devel         x86_64 4.4.38-6.fc40   build       30.8 KiB
DEBUG util.py:461:   make                    x86_64 1:4.4.1-6.fc40  build        1.8 MiB
DEBUG util.py:461:   mpdecimal               x86_64 2.5.1-9.fc40    build      200.9 KiB
DEBUG util.py:461:   python-pip-wheel        noarch 23.3.2-2.fc40   build        1.5 MiB
DEBUG util.py:461:   python3                 x86_64 3.12.9-1.fc40   build       31.5 KiB
DEBUG util.py:461:   python3-libs            x86_64 3.12.9-1.fc40   build       41.3 MiB
DEBUG util.py:461:   tzdata                  noarch 2025a-1.fc40    build        1.6 MiB
DEBUG util.py:461:  Transaction Summary:
DEBUG util.py:461:   Installing:       27 packages
DEBUG util.py:461:  Total size of inbound packages is 111 MiB. Need to download 111 MiB.
DEBUG util.py:461:  After this operation 436 MiB will be used (install 436 MiB, remove 0 B).
DEBUG util.py:461:  [ 1/27] systemd-rpm-macros-0:255.18-1.f 100% | 911.2 KiB/s |  25.5 KiB |  00m00s
DEBUG util.py:461:  [ 2/27] libblkid-devel-0:2.40.2-1.fc40. 100% | 696.2 KiB/s |  25.8 KiB |  00m00s
DEBUG util.py:461:  [ 3/27] go-rpm-macros-0:3.5.0-1.fc40.x8 100% | 968.5 KiB/s |  36.8 KiB |  00m00s
DEBUG util.py:461:  [ 4/27] go-filesystem-0:3.5.0-1.fc40.x8 100% | 798.7 KiB/s |   8.8 KiB |  00m00s
DEBUG util.py:461:  [ 5/27] python3-0:3.12.9-1.fc40.x86_64  100% |   6.8 MiB/s |  27.9 KiB |  00m00s
DEBUG util.py:461:  [ 6/27] golang-0:1.22.12-1.fc40.x86_64  100% |  13.1 MiB/s | 659.3 KiB |  00m00s
DEBUG util.py:461:  [ 7/27] golist-0:0.10.4-3.fc40.x86_64   100% |  14.6 MiB/s |   1.4 MiB |  00m00s
DEBUG util.py:461:  [ 8/27] python3-libs-0:3.12.9-1.fc40.x8 100% |  32.4 MiB/s |   8.8 MiB |  00m00s
DEBUG util.py:461:  [ 9/27] golang-src-0:1.22.12-1.fc40.noa 100% |  27.1 MiB/s |  11.4 MiB |  00m00s
DEBUG util.py:461:  [10/27] expat-0:2.6.4-1.fc40.x86_64     100% |  14.0 MiB/s | 114.6 KiB |  00m00s
DEBUG util.py:461:  [11/27] libb2-0:0.98.1-11.fc40.x86_64   100% |   6.2 MiB/s |  25.5 KiB |  00m00s
DEBUG util.py:461:  [12/27] mpdecimal-0:2.5.1-9.fc40.x86_64 100% |  12.4 MiB/s |  88.6 KiB |  00m00s
DEBUG util.py:461:  [13/27] python-pip-wheel-0:23.3.2-2.fc4 100% |  30.7 MiB/s |   1.5 MiB |  00m00s
DEBUG util.py:461:  [14/27] tzdata-0:2025a-1.fc40.noarch    100% |  21.0 MiB/s | 429.5 KiB |  00m00s
DEBUG util.py:461:  [15/27] cpp-0:14.2.1-3.fc40.x86_64      100% |  35.3 MiB/s |  12.0 MiB |  00m00s
DEBUG util.py:461:  [16/27] golang-bin-0:1.22.12-1.fc40.x86 100% |  23.8 MiB/s |  25.6 MiB |  00m01s
DEBUG util.py:461:  [17/27] glibc-devel-0:2.39-37.fc40.x86_ 100% |   2.7 MiB/s | 524.8 KiB |  00m00s
DEBUG util.py:461:  [18/27] libmpc-0:1.3.1-5.fc40.x86_64    100% |   5.8 MiB/s |  71.1 KiB |  00m00s
DEBUG util.py:461:  [19/27] make-1:4.4.1-6.fc40.x86_64      100% |  24.6 MiB/s | 580.0 KiB |  00m00s
DEBUG util.py:461:  [20/27] libxcrypt-devel-0:4.4.38-6.fc40 100% |   5.7 MiB/s |  29.3 KiB |  00m00s
DEBUG util.py:461:  [21/27] kernel-headers-0:6.13.3-100.fc4 100% |  24.0 MiB/s |   1.5 MiB |  00m00s
DEBUG util.py:461:  [22/27] gc-0:8.2.2-6.fc40.x86_64        100% |  17.9 MiB/s | 110.2 KiB |  00m00s
DEBUG util.py:461:  [23/27] annobin-plugin-gcc-0:12.60-1.fc 100% |  29.5 MiB/s | 966.0 KiB |  00m00s
DEBUG util.py:461:  [24/27] gcc-plugin-annobin-0:14.2.1-3.f 100% |  10.8 MiB/s |  55.1 KiB |  00m00s
DEBUG util.py:461:  [25/27] annobin-docs-0:12.60-1.fc40.noa 100% |  14.6 MiB/s |  89.5 KiB |  00m00s
DEBUG util.py:461:  [26/27] guile30-0:3.0.7-12.fc40.x86_64  100% |  34.8 MiB/s |   8.0 MiB |  00m00s
DEBUG util.py:461:  [27/27] gcc-0:14.2.1-3.fc40.x86_64      100% |  25.7 MiB/s |  36.9 MiB |  00m01s
DEBUG util.py:461:  --------------------------------------------------------------------------------
DEBUG util.py:461:  [27/27] Total                           100% |  60.0 MiB/s | 110.9 MiB |  00m02s
DEBUG util.py:461:  Running transaction
DEBUG util.py:461:  [ 1/29] Verify package files            100% |  28.0   B/s |  27.0   B |  00m01s
DEBUG util.py:461:  >>> Running pre-transaction scriptlet: golang-0:1.22.12-1.fc40.x86_64
DEBUG util.py:461:  >>> Stop pre-transaction scriptlet: golang-0:1.22.12-1.fc40.x86_64
DEBUG util.py:461:  [ 2/29] Prepare transaction             100% | 212.0   B/s |  27.0   B |  00m00s
DEBUG util.py:461:  [ 3/29] Installing libmpc-0:1.3.1-5.fc4 100% |  27.1 MiB/s | 166.2 KiB |  00m00s
DEBUG util.py:461:  [ 4/29] Installing go-filesystem-0:3.5. 100% | 191.4 KiB/s | 392.0   B |  00m00s
DEBUG util.py:461:  [ 5/29] Installing cpp-0:14.2.1-3.fc40. 100% | 154.2 MiB/s |  35.0 MiB |  00m00s
DEBUG util.py:461:  [ 6/29] Installing annobin-docs-0:12.60 100% |  31.7 MiB/s |  97.4 KiB |  00m00s
DEBUG util.py:461:  [ 7/29] Installing gc-0:8.2.2-6.fc40.x8 100% |  31.9 MiB/s | 261.2 KiB |  00m00s
DEBUG util.py:461:  [ 8/29] Installing guile30-0:3.0.7-12.f 100% | 147.4 MiB/s |  51.6 MiB |  00m00s
DEBUG util.py:461:  [ 9/29] Installing make-1:4.4.1-6.fc40. 100% |  81.8 MiB/s |   1.8 MiB |  00m00s
DEBUG util.py:461:  [10/29] Installing kernel-headers-0:6.1 100% |  50.7 MiB/s |   6.6 MiB |  00m00s
DEBUG util.py:461:  [11/29] Installing libxcrypt-devel-0:4. 100% |   5.4 MiB/s |  33.1 KiB |  00m00s
DEBUG util.py:461:  [12/29] Installing glibc-devel-0:2.39-3 100% |  37.0 MiB/s |   2.3 MiB |  00m00s
DEBUG util.py:461:  [13/29] Installing gcc-0:14.2.1-3.fc40. 100% | 159.9 MiB/s | 104.4 MiB |  00m01s
DEBUG util.py:461:  >>> Running trigger-install scriptlet: redhat-rpm-config-0:288-1.fc40.noarch
DEBUG util.py:461:  >>> Stop trigger-install scriptlet: redhat-rpm-config-0:288-1.fc40.noarch
DEBUG util.py:461:  [14/29] Installing tzdata-0:2025a-1.fc4 100% |  12.1 MiB/s |   1.8 MiB |  00m00s
DEBUG util.py:461:  [15/29] Installing python-pip-wheel-0:2 100% | 169.6 MiB/s |   1.5 MiB |  00m00s
DEBUG util.py:461:  [16/29] Installing mpdecimal-0:2.5.1-9. 100% |  49.3 MiB/s | 202.0 KiB |  00m00s
DEBUG util.py:461:  [17/29] Installing libb2-0:0.98.1-11.fc 100% |  14.1 MiB/s |  43.3 KiB |  00m00s
DEBUG util.py:461:  [18/29] Installing expat-0:2.6.4-1.fc40 100% |  23.7 MiB/s | 291.1 KiB |  00m00s
DEBUG util.py:461:  [19/29] Installing python3-libs-0:3.12. 100% |  96.1 MiB/s |  41.7 MiB |  00m00s
DEBUG util.py:461:  [20/29] Installing python3-0:3.12.9-1.f 100% |   2.2 MiB/s |  33.3 KiB |  00m00s
DEBUG util.py:461:  [21/29] Installing golang-src-0:1.22.12 100% |  77.9 MiB/s |  72.1 MiB |  00m01s
DEBUG util.py:461:  [22/29] Installing golang-bin-0:1.22.12 100% | 166.3 MiB/s | 103.8 MiB |  00m01s
DEBUG util.py:461:  >>> Running post-install scriptlet: golang-bin-0:1.22.12-1.fc40.x86_64
DEBUG util.py:461:  >>> Stop post-install scriptlet: golang-bin-0:1.22.12-1.fc40.x86_64
DEBUG util.py:461:  [23/29] Installing golang-0:1.22.12-1.f 100% | 171.6 MiB/s |   8.9 MiB |  00m00s
DEBUG util.py:461:  [24/29] Installing golist-0:0.10.4-3.fc 100% | 145.4 MiB/s |   3.9 MiB |  00m00s
DEBUG util.py:461:  [25/29] Installing go-rpm-macros-0:3.5. 100% |  15.6 MiB/s |  95.9 KiB |  00m00s
DEBUG util.py:461:  [26/29] Installing annobin-plugin-gcc-0 100% |  28.9 MiB/s | 977.9 KiB |  00m00s
DEBUG util.py:461:  >>> Running trigger-install scriptlet: redhat-rpm-config-0:288-1.fc40.noarch
DEBUG util.py:461:  >>> Stop trigger-install scriptlet: redhat-rpm-config-0:288-1.fc40.noarch
DEBUG util.py:461:  [27/29] Installing gcc-plugin-annobin-0 100% |   2.3 MiB/s |  58.6 KiB |  00m00s
DEBUG util.py:461:  >>> Running trigger-install scriptlet: redhat-rpm-config-0:288-1.fc40.noarch
DEBUG util.py:461:  >>> Stop trigger-install scriptlet: redhat-rpm-config-0:288-1.fc40.noarch
DEBUG util.py:461:  [28/29] Installing systemd-rpm-macros-0 100% |   3.7 MiB/s |  11.4 KiB |  00m00s
DEBUG util.py:461:  [29/29] Installing libblkid-devel-0:2.4 100% |  13.8 KiB/s |  46.0 KiB |  00m03s
DEBUG util.py:461:  >>> Running trigger-install scriptlet: glibc-common-0:2.39-37.fc40.x86_64
DEBUG util.py:461:  >>> Stop trigger-install scriptlet: glibc-common-0:2.39-37.fc40.x86_64
DEBUG util.py:461:  >>> Running trigger-install scriptlet: info-0:7.1-2.fc40.x86_64
DEBUG util.py:461:  >>> Stop trigger-install scriptlet: info-0:7.1-2.fc40.x86_64
DEBUG util.py:459:  Warning: skipped PGP checks for 27 package(s).
DEBUG util.py:608:  Child return code was: 0
DEBUG util.py:183:  kill orphans in chroot /var/lib/mock/f40-build-58054473-6561875/root
DEBUG util.py:183:  kill orphans in chroot /var/lib/mock/f40-build-58054473-6561875-bootstrap/root/var/lib/mock/f40-build-58054473-6561875/root
DEBUG util.py:634:  child environment: None
DEBUG util.py:556:  Executing command: ['/bin/umount', '-n', '-l', '/var/lib/mock/f40-build-58054473-6561875-bootstrap/root/var/lib/mock/f40-build-58054473-6561875/root'] with env {'TERM': 'vt100', 'SHELL': '/bin/sh', 'HOME': '/builddir', 'HOSTNAME': 'mock', 'PATH': '/usr/bin:/bin:/usr/sbin:/sbin', 'LANG': 'C.UTF-8'} and shell False
DEBUG util.py:608:  Child return code was: 0
DEBUG util.py:634:  child environment: None
DEBUG util.py:556:  Executing command: ['/bin/umount', '-n', '-l', '/var/lib/mock/f40-build-58054473-6561875-bootstrap/root/var/lib/mock/f40-build-58054473-6561875/root'] with env {'TERM': 'vt100', 'SHELL': '/bin/sh', 'HOME': '/builddir', 'HOSTNAME': 'mock', 'PATH': '/usr/bin:/bin:/usr/sbin:/sbin', 'LANG': 'C.UTF-8'} and shell False
DEBUG util.py:608:  Child return code was: 0
DEBUG util.py:634:  child environment: None
DEBUG util.py:556:  Executing command: ['/bin/umount', '-n', '-l', '/var/lib/mock/f40-build-58054473-6561875/root/sys/fs/selinux'] with env {'TERM': 'vt100', 'SHELL': '/bin/sh', 'HOME': '/builddir', 'HOSTNAME': 'mock', 'PATH': '/usr/bin:/bin:/usr/sbin:/sbin', 'LANG': 'C.UTF-8'} and shell False
DEBUG util.py:608:  Child return code was: 0
DEBUG util.py:634:  child environment: None
DEBUG util.py:556:  Executing command: ['/bin/umount', '-n', '/var/lib/mock/f40-build-58054473-6561875/root/proc/filesystems'] with env {'TERM': 'vt100', 'SHELL': '/bin/sh', 'HOME': '/builddir', 'HOSTNAME': 'mock', 'PATH': '/usr/bin:/bin:/usr/sbin:/sbin', 'LANG': 'C.UTF-8'} and shell False
DEBUG util.py:608:  Child return code was: 0
DEBUG util.py:634:  child environment: None
DEBUG util.py:556:  Executing command: ['/bin/umount', '-n', '-l', '/var/lib/mock/f40-build-58054473-6561875/root/dev/pts'] with env {'TERM': 'vt100', 'SHELL': '/bin/sh', 'HOME': '/builddir', 'HOSTNAME': 'mock', 'PATH': '/usr/bin:/bin:/usr/sbin:/sbin', 'LANG': 'C.UTF-8'} and shell False
DEBUG util.py:608:  Child return code was: 0
DEBUG util.py:634:  child environment: None
DEBUG util.py:556:  Executing command: ['/bin/umount', '-n', '-l', '/var/lib/mock/f40-build-58054473-6561875/root/dev/shm'] with env {'TERM': 'vt100', 'SHELL': '/bin/sh', 'HOME': '/builddir', 'HOSTNAME': 'mock', 'PATH': '/usr/bin:/bin:/usr/sbin:/sbin', 'LANG': 'C.UTF-8'} and shell False
DEBUG util.py:608:  Child return code was: 0
DEBUG util.py:634:  child environment: None
DEBUG util.py:556:  Executing command: ['/bin/umount', '-n', '-l', '/var/lib/mock/f40-build-58054473-6561875/root/sys'] with env {'TERM': 'vt100', 'SHELL': '/bin/sh', 'HOME': '/builddir', 'HOSTNAME': 'mock', 'PATH': '/usr/bin:/bin:/usr/sbin:/sbin', 'LANG': 'C.UTF-8'} and shell False
DEBUG util.py:608:  Child return code was: 0
DEBUG util.py:634:  child environment: None
DEBUG util.py:556:  Executing command: ['/bin/umount', '-n', '-l', '/var/lib/mock/f40-build-58054473-6561875/root/sys'] with env {'TERM': 'vt100', 'SHELL': '/bin/sh', 'HOME': '/builddir', 'HOSTNAME': 'mock', 'PATH': '/usr/bin:/bin:/usr/sbin:/sbin', 'LANG': 'C.UTF-8'} and shell False
DEBUG util.py:608:  Child return code was: 0
DEBUG util.py:634:  child environment: None
DEBUG util.py:556:  Executing command: ['/bin/umount', '-n', '-l', '/var/lib/mock/f40-build-58054473-6561875/root/proc'] with env {'TERM': 'vt100', 'SHELL': '/bin/sh', 'HOME': '/builddir', 'HOSTNAME': 'mock', 'PATH': '/usr/bin:/bin:/usr/sbin:/sbin', 'LANG': 'C.UTF-8'} and shell False
DEBUG util.py:608:  Child return code was: 0
DEBUG util.py:634:  child environment: None
DEBUG util.py:556:  Executing command: ['/bin/umount', '-n', '-l', '/var/lib/mock/f40-build-58054473-6561875/root/proc'] with env {'TERM': 'vt100', 'SHELL': '/bin/sh', 'HOME': '/builddir', 'HOSTNAME': 'mock', 'PATH': '/usr/bin:/bin:/usr/sbin:/sbin', 'LANG': 'C.UTF-8'} and shell False
DEBUG util.py:608:  Child return code was: 0
DEBUG util.py:634:  child environment: None
DEBUG util.py:183:  kill orphans in chroot /var/lib/mock/f40-build-58054473-6561875/root
DEBUG util.py:183:  kill orphans in chroot /var/lib/mock/f40-build-58054473-6561875-bootstrap/root
