INFO buildroot.py:605:  Mock Version: 5.6
DEBUG file_util.py:18:  ensuring that dir exists: /var/lib/mock/f41-build-51933390-6217774/root
DEBUG file_util.py:21:  created dir: /var/lib/mock/f41-build-51933390-6217774/root
DEBUG file_util.py:18:  ensuring that dir exists: /var/lib/mock/f41-build-51933390-6217774-bootstrap
DEBUG file_util.py:21:  created dir: /var/lib/mock/f41-build-51933390-6217774-bootstrap
DEBUG file_util.py:18:  ensuring that dir exists: /var/lib/mock/f41-build-51933390-6217774-bootstrap
DEBUG file_util.py:18:  ensuring that dir exists: /var/lib/mock/f41-build-51933390-6217774-bootstrap/root
DEBUG file_util.py:21:  created dir: /var/lib/mock/f41-build-51933390-6217774-bootstrap/root
DEBUG file_util.py:18:  ensuring that dir exists: /var/lib/mock/f41-build-51933390-6217774-bootstrap/results
DEBUG file_util.py:21:  created dir: /var/lib/mock/f41-build-51933390-6217774-bootstrap/results
INFO buildroot.py:284:  calling preinit hooks
DEBUG buildroot.py:661:  create skeleton dirs
DEBUG file_util.py:18:  ensuring that dir exists: /var/lib/mock/f41-build-51933390-6217774-bootstrap/root/var/lib/rpm
DEBUG file_util.py:21:  created dir: /var/lib/mock/f41-build-51933390-6217774-bootstrap/root/var/lib/rpm
DEBUG file_util.py:18:  ensuring that dir exists: /var/lib/mock/f41-build-51933390-6217774-bootstrap/root/var/lib/yum
DEBUG file_util.py:21:  created dir: /var/lib/mock/f41-build-51933390-6217774-bootstrap/root/var/lib/yum
DEBUG file_util.py:18:  ensuring that dir exists: /var/lib/mock/f41-build-51933390-6217774-bootstrap/root/var/lib/dbus
DEBUG file_util.py:21:  created dir: /var/lib/mock/f41-build-51933390-6217774-bootstrap/root/var/lib/dbus
DEBUG file_util.py:18:  ensuring that dir exists: /var/lib/mock/f41-build-51933390-6217774-bootstrap/root/var/log
DEBUG file_util.py:21:  created dir: /var/lib/mock/f41-build-51933390-6217774-bootstrap/root/var/log
DEBUG file_util.py:18:  ensuring that dir exists: /var/lib/mock/f41-build-51933390-6217774-bootstrap/root/var/cache/dnf
DEBUG file_util.py:21:  created dir: /var/lib/mock/f41-build-51933390-6217774-bootstrap/root/var/cache/dnf
DEBUG file_util.py:18:  ensuring that dir exists: /var/lib/mock/f41-build-51933390-6217774-bootstrap/root/var/cache/yum
DEBUG file_util.py:21:  created dir: /var/lib/mock/f41-build-51933390-6217774-bootstrap/root/var/cache/yum
DEBUG file_util.py:18:  ensuring that dir exists: /var/lib/mock/f41-build-51933390-6217774-bootstrap/root/etc/rpm
DEBUG file_util.py:21:  created dir: /var/lib/mock/f41-build-51933390-6217774-bootstrap/root/etc/rpm
DEBUG file_util.py:18:  ensuring that dir exists: /var/lib/mock/f41-build-51933390-6217774-bootstrap/root/tmp
DEBUG file_util.py:21:  created dir: /var/lib/mock/f41-build-51933390-6217774-bootstrap/root/tmp
DEBUG file_util.py:18:  ensuring that dir exists: /var/lib/mock/f41-build-51933390-6217774-bootstrap/root/tmp/ccache
DEBUG file_util.py:21:  created dir: /var/lib/mock/f41-build-51933390-6217774-bootstrap/root/tmp/ccache
DEBUG file_util.py:18:  ensuring that dir exists: /var/lib/mock/f41-build-51933390-6217774-bootstrap/root/var/tmp
DEBUG file_util.py:21:  created dir: /var/lib/mock/f41-build-51933390-6217774-bootstrap/root/var/tmp
DEBUG file_util.py:18:  ensuring that dir exists: /var/lib/mock/f41-build-51933390-6217774-bootstrap/root/etc/dnf
DEBUG file_util.py:21:  created dir: /var/lib/mock/f41-build-51933390-6217774-bootstrap/root/etc/dnf
DEBUG file_util.py:18:  ensuring that dir exists: /var/lib/mock/f41-build-51933390-6217774-bootstrap/root/etc/dnf/vars
DEBUG file_util.py:21:  created dir: /var/lib/mock/f41-build-51933390-6217774-bootstrap/root/etc/dnf/vars
DEBUG file_util.py:18:  ensuring that dir exists: /var/lib/mock/f41-build-51933390-6217774-bootstrap/root/etc/yum.repos.d
DEBUG file_util.py:21:  created dir: /var/lib/mock/f41-build-51933390-6217774-bootstrap/root/etc/yum.repos.d
DEBUG file_util.py:18:  ensuring that dir exists: /var/lib/mock/f41-build-51933390-6217774-bootstrap/root/etc/yum
DEBUG file_util.py:21:  created dir: /var/lib/mock/f41-build-51933390-6217774-bootstrap/root/etc/yum
DEBUG file_util.py:18:  ensuring that dir exists: /var/lib/mock/f41-build-51933390-6217774-bootstrap/root/proc
DEBUG file_util.py:21:  created dir: /var/lib/mock/f41-build-51933390-6217774-bootstrap/root/proc
DEBUG file_util.py:18:  ensuring that dir exists: /var/lib/mock/f41-build-51933390-6217774-bootstrap/root/sys
DEBUG file_util.py:21:  created dir: /var/lib/mock/f41-build-51933390-6217774-bootstrap/root/sys
DEBUG file_util.py:18:  ensuring that dir exists: /var/lib/mock/f41-build-51933390-6217774-bootstrap/root/dev/pts
DEBUG file_util.py:21:  created dir: /var/lib/mock/f41-build-51933390-6217774-bootstrap/root/dev/pts
DEBUG file_util.py:18:  ensuring that dir exists: /var/lib/mock/f41-build-51933390-6217774-bootstrap/root/dev/shm
DEBUG file_util.py:21:  created dir: /var/lib/mock/f41-build-51933390-6217774-bootstrap/root/dev/shm
DEBUG file_util.py:18:  ensuring that dir exists: /var/lib/mock/f41-build-51933390-6217774-bootstrap/root/dev/mapper
DEBUG file_util.py:21:  created dir: /var/lib/mock/f41-build-51933390-6217774-bootstrap/root/dev/mapper
DEBUG buildroot.py:805:  kernel version == 6.8.9-200.fc39.x86_64
DEBUG file_util.py:30:  touching file: /var/lib/mock/f41-build-51933390-6217774-bootstrap/root/etc/fstab
DEBUG file_util.py:30:  touching file: /var/lib/mock/f41-build-51933390-6217774-bootstrap/root/etc/yum/yum.conf
DEBUG file_util.py:30:  touching file: /var/lib/mock/f41-build-51933390-6217774-bootstrap/root/etc/dnf/dnf.conf
DEBUG file_util.py:30:  touching file: /var/lib/mock/f41-build-51933390-6217774-bootstrap/root/var/log/yum.log
DEBUG buildroot.py:298:  rootdir = /var/lib/mock/f41-build-51933390-6217774-bootstrap/root
DEBUG buildroot.py:299:  resultdir = /var/lib/mock/f41-build-51933390-6217774-bootstrap/results
DEBUG package_manager.py:56:  searching for 'dnf5' package manager or alternatives
INFO buildroot.py:174:  Package manager dnf5 detected and used (fallback)
DEBUG file_util.py:18:  ensuring that dir exists: /var/lib/mock/f41-build-51933390-6217774-bootstrap/root/etc/pki/mock
DEBUG file_util.py:21:  created dir: /var/lib/mock/f41-build-51933390-6217774-bootstrap/root/etc/pki/mock
DEBUG file_util.py:158:  Updating files in /var/lib/mock/f41-build-51933390-6217774-bootstrap/root/etc/pki/ca-trust with files from /etc/pki/ca-trust
DEBUG file_util.py:18:  ensuring that dir exists: /var/lib/mock/f41-build-51933390-6217774-bootstrap/root/etc/pki/ca-trust
DEBUG file_util.py:21:  created dir: /var/lib/mock/f41-build-51933390-6217774-bootstrap/root/etc/pki/ca-trust
DEBUG file_util.py:18:  ensuring that dir exists: /var/lib/mock/f41-build-51933390-6217774-bootstrap/root/etc/pki/ca-trust/./extracted
DEBUG file_util.py:21:  created dir: /var/lib/mock/f41-build-51933390-6217774-bootstrap/root/etc/pki/ca-trust/./extracted
DEBUG file_util.py:18:  ensuring that dir exists: /var/lib/mock/f41-build-51933390-6217774-bootstrap/root/etc/pki/ca-trust/./source
DEBUG file_util.py:21:  created dir: /var/lib/mock/f41-build-51933390-6217774-bootstrap/root/etc/pki/ca-trust/./source
DEBUG file_util.py:18:  ensuring that dir exists: /var/lib/mock/f41-build-51933390-6217774-bootstrap/root/etc/pki/ca-trust/extracted/edk2
DEBUG file_util.py:21:  created dir: /var/lib/mock/f41-build-51933390-6217774-bootstrap/root/etc/pki/ca-trust/extracted/edk2
DEBUG file_util.py:18:  ensuring that dir exists: /var/lib/mock/f41-build-51933390-6217774-bootstrap/root/etc/pki/ca-trust/extracted/java
DEBUG file_util.py:21:  created dir: /var/lib/mock/f41-build-51933390-6217774-bootstrap/root/etc/pki/ca-trust/extracted/java
DEBUG file_util.py:18:  ensuring that dir exists: /var/lib/mock/f41-build-51933390-6217774-bootstrap/root/etc/pki/ca-trust/extracted/openssl
DEBUG file_util.py:21:  created dir: /var/lib/mock/f41-build-51933390-6217774-bootstrap/root/etc/pki/ca-trust/extracted/openssl
DEBUG file_util.py:18:  ensuring that dir exists: /var/lib/mock/f41-build-51933390-6217774-bootstrap/root/etc/pki/ca-trust/extracted/pem
DEBUG file_util.py:21:  created dir: /var/lib/mock/f41-build-51933390-6217774-bootstrap/root/etc/pki/ca-trust/extracted/pem
DEBUG file_util.py:18:  ensuring that dir exists: /var/lib/mock/f41-build-51933390-6217774-bootstrap/root/etc/pki/ca-trust/extracted/pem/directory-hash
DEBUG file_util.py:21:  created dir: /var/lib/mock/f41-build-51933390-6217774-bootstrap/root/etc/pki/ca-trust/extracted/pem/directory-hash
DEBUG file_util.py:18:  ensuring that dir exists: /var/lib/mock/f41-build-51933390-6217774-bootstrap/root/etc/pki/ca-trust/source/anchors
DEBUG file_util.py:21:  created dir: /var/lib/mock/f41-build-51933390-6217774-bootstrap/root/etc/pki/ca-trust/source/anchors
DEBUG file_util.py:18:  ensuring that dir exists: /var/lib/mock/f41-build-51933390-6217774-bootstrap/root/etc/pki/ca-trust/source/blacklist
DEBUG file_util.py:21:  created dir: /var/lib/mock/f41-build-51933390-6217774-bootstrap/root/etc/pki/ca-trust/source/blacklist
DEBUG file_util.py:18:  ensuring that dir exists: /var/lib/mock/f41-build-51933390-6217774-bootstrap/root/etc/pki/ca-trust/source/blocklist
DEBUG file_util.py:21:  created dir: /var/lib/mock/f41-build-51933390-6217774-bootstrap/root/etc/pki/ca-trust/source/blocklist
DEBUG file_util.py:158:  Updating files in /var/lib/mock/f41-build-51933390-6217774-bootstrap/root/usr/share/pki/ca-trust-source with files from /usr/share/pki/ca-trust-source
DEBUG file_util.py:18:  ensuring that dir exists: /var/lib/mock/f41-build-51933390-6217774-bootstrap/root/usr/share/pki/ca-trust-source
DEBUG file_util.py:21:  created dir: /var/lib/mock/f41-build-51933390-6217774-bootstrap/root/usr/share/pki/ca-trust-source
DEBUG file_util.py:18:  ensuring that dir exists: /var/lib/mock/f41-build-51933390-6217774-bootstrap/root/usr/share/pki/ca-trust-source/./anchors
DEBUG file_util.py:21:  created dir: /var/lib/mock/f41-build-51933390-6217774-bootstrap/root/usr/share/pki/ca-trust-source/./anchors
DEBUG file_util.py:18:  ensuring that dir exists: /var/lib/mock/f41-build-51933390-6217774-bootstrap/root/usr/share/pki/ca-trust-source/./blacklist
DEBUG file_util.py:21:  created dir: /var/lib/mock/f41-build-51933390-6217774-bootstrap/root/usr/share/pki/ca-trust-source/./blacklist
DEBUG file_util.py:18:  ensuring that dir exists: /var/lib/mock/f41-build-51933390-6217774-bootstrap/root/usr/share/pki/ca-trust-source/./blocklist
DEBUG file_util.py:21:  created dir: /var/lib/mock/f41-build-51933390-6217774-bootstrap/root/usr/share/pki/ca-trust-source/./blocklist
DEBUG file_util.py:18:  ensuring that dir exists: /var/lib/mock/f41-build-51933390-6217774-bootstrap/root/usr/share
DEBUG package_manager.py:382:  Copying /usr/share/distribution-gpg-keys to the bootstrap chroot
DEBUG util.py:636:  child environment: None
DEBUG util.py:558:  Executing command: ['cp', '-a', '/usr/share/distribution-gpg-keys', '/var/lib/mock/f41-build-51933390-6217774-bootstrap/root/usr/share'] with env {'TERM': 'vt100', 'SHELL': '/bin/sh', 'HOME': '/builddir', 'HOSTNAME': 'mock', 'PATH': '/usr/bin:/bin:/usr/sbin:/sbin', 'LANG': 'C.UTF-8'} and shell False
DEBUG util.py:610:  Child return code was: 0
DEBUG file_util.py:18:  ensuring that dir exists: /var/lib/mock/f41-build-51933390-6217774-bootstrap/root/etc/dnf
DEBUG package_manager.py:683:  configure DNF vars
DEBUG file_util.py:18:  ensuring that dir exists: /var/lib/mock/f41-build-51933390-6217774-bootstrap/root/etc
DEBUG file_util.py:18:  ensuring that dir exists: /var/lib/mock/f41-build-51933390-6217774-bootstrap/root/etc
DEBUG file_util.py:18:  ensuring that dir exists: /var/lib/mock/f41-build-51933390-6217774-bootstrap/root/proc
DEBUG util.py:636:  child environment: None
DEBUG util.py:558:  Executing command: ['/bin/mount', '-n', '-t', 'tmpfs', '-o', 'rprivate,mode=0755', 'tmpfs', '/var/lib/mock/f41-build-51933390-6217774-bootstrap/root/proc'] with env {'TERM': 'vt100', 'SHELL': '/bin/sh', 'HOME': '/builddir', 'HOSTNAME': 'mock', 'PATH': '/usr/bin:/bin:/usr/sbin:/sbin', 'LANG': 'C.UTF-8'} and shell False
DEBUG util.py:610:  Child return code was: 0
DEBUG file_util.py:18:  ensuring that dir exists: /var/lib/mock/f41-build-51933390-6217774-bootstrap/root/proc
DEBUG util.py:636:  child environment: None
DEBUG util.py:558:  Executing command: ['/bin/mount', '-n', '-o', 'rbind', '/proc', '/var/lib/mock/f41-build-51933390-6217774-bootstrap/root/proc'] with env {'TERM': 'vt100', 'SHELL': '/bin/sh', 'HOME': '/builddir', 'HOSTNAME': 'mock', 'PATH': '/usr/bin:/bin:/usr/sbin:/sbin', 'LANG': 'C.UTF-8'} and shell False
DEBUG util.py:610:  Child return code was: 0
DEBUG util.py:636:  child environment: None
DEBUG util.py:558:  Executing command: ['/bin/mount', '-n', '-o', 'remount,nodev,noexec,nosuid,readonly,rprivate,rbind', '--target', '/var/lib/mock/f41-build-51933390-6217774-bootstrap/root/proc'] with env {'TERM': 'vt100', 'SHELL': '/bin/sh', 'HOME': '/builddir', 'HOSTNAME': 'mock', 'PATH': '/usr/bin:/bin:/usr/sbin:/sbin', 'LANG': 'C.UTF-8'} and shell False
DEBUG util.py:610:  Child return code was: 0
DEBUG file_util.py:18:  ensuring that dir exists: /var/lib/mock/f41-build-51933390-6217774-bootstrap/root/sys
DEBUG util.py:636:  child environment: None
DEBUG util.py:558:  Executing command: ['/bin/mount', '-n', '-t', 'tmpfs', '-o', 'rprivate,mode=0755', 'tmpfs', '/var/lib/mock/f41-build-51933390-6217774-bootstrap/root/sys'] with env {'TERM': 'vt100', 'SHELL': '/bin/sh', 'HOME': '/builddir', 'HOSTNAME': 'mock', 'PATH': '/usr/bin:/bin:/usr/sbin:/sbin', 'LANG': 'C.UTF-8'} and shell False
DEBUG util.py:610:  Child return code was: 0
DEBUG file_util.py:18:  ensuring that dir exists: /var/lib/mock/f41-build-51933390-6217774-bootstrap/root/sys
DEBUG util.py:636:  child environment: None
DEBUG util.py:558:  Executing command: ['/bin/mount', '-n', '-o', 'rbind', '/sys', '/var/lib/mock/f41-build-51933390-6217774-bootstrap/root/sys'] with env {'TERM': 'vt100', 'SHELL': '/bin/sh', 'HOME': '/builddir', 'HOSTNAME': 'mock', 'PATH': '/usr/bin:/bin:/usr/sbin:/sbin', 'LANG': 'C.UTF-8'} and shell False
DEBUG util.py:610:  Child return code was: 0
DEBUG util.py:636:  child environment: None
DEBUG util.py:558:  Executing command: ['/bin/mount', '-n', '-o', 'remount,nodev,noexec,nosuid,readonly,rprivate,rbind', '--target', '/var/lib/mock/f41-build-51933390-6217774-bootstrap/root/sys'] with env {'TERM': 'vt100', 'SHELL': '/bin/sh', 'HOME': '/builddir', 'HOSTNAME': 'mock', 'PATH': '/usr/bin:/bin:/usr/sbin:/sbin', 'LANG': 'C.UTF-8'} and shell False
DEBUG util.py:610:  Child return code was: 0
DEBUG file_util.py:18:  ensuring that dir exists: /var/lib/mock/f41-build-51933390-6217774-bootstrap/root/dev/shm
DEBUG util.py:636:  child environment: None
DEBUG util.py:558:  Executing command: ['/bin/mount', '-n', '-t', 'tmpfs', 'tmpfs', '/var/lib/mock/f41-build-51933390-6217774-bootstrap/root/dev/shm'] with env {'TERM': 'vt100', 'SHELL': '/bin/sh', 'HOME': '/builddir', 'HOSTNAME': 'mock', 'PATH': '/usr/bin:/bin:/usr/sbin:/sbin', 'LANG': 'C.UTF-8'} and shell False
DEBUG util.py:610:  Child return code was: 0
DEBUG file_util.py:18:  ensuring that dir exists: /var/lib/mock/f41-build-51933390-6217774-bootstrap/root/dev/pts
DEBUG util.py:636:  child environment: None
DEBUG util.py:558:  Executing command: ['/bin/mount', '-n', '-t', 'devpts', '-o', 'gid=5,mode=0620,ptmxmode=0666,newinstance', 'devpts', '/var/lib/mock/f41-build-51933390-6217774-bootstrap/root/dev/pts'] with env {'TERM': 'vt100', 'SHELL': '/bin/sh', 'HOME': '/builddir', 'HOSTNAME': 'mock', 'PATH': '/usr/bin:/bin:/usr/sbin:/sbin', 'LANG': 'C.UTF-8'} and shell False
DEBUG util.py:610:  Child return code was: 0
DEBUG util.py:636:  child environment: None
DEBUG util.py:558:  Executing command: ['/bin/mount', '-n', '-o', 'bind', '/tmp/mock-selinux-plugin.g200h_sp', '/var/lib/mock/f41-build-51933390-6217774-bootstrap/root/proc/filesystems'] with env {'TERM': 'vt100', 'SHELL': '/bin/sh', 'HOME': '/builddir', 'HOSTNAME': 'mock', 'PATH': '/usr/bin:/bin:/usr/sbin:/sbin', 'LANG': 'C.UTF-8'} and shell False
DEBUG util.py:610:  Child return code was: 0
DEBUG file_util.py:18:  ensuring that dir exists: /var/lib/mock/f41-build-51933390-6217774-bootstrap/root/sys/fs/selinux
DEBUG util.py:636:  child environment: None
DEBUG util.py:558:  Executing command: ['/bin/mount', '-n', '-t', 'tmpfs', 'tmpfs', '/var/lib/mock/f41-build-51933390-6217774-bootstrap/root/sys/fs/selinux'] with env {'TERM': 'vt100', 'SHELL': '/bin/sh', 'HOME': '/builddir', 'HOSTNAME': 'mock', 'PATH': '/usr/bin:/bin:/usr/sbin:/sbin', 'LANG': 'C.UTF-8'} and shell False
DEBUG util.py:610:  Child return code was: 0
DEBUG file_util.py:18:  ensuring that dir exists: /var/lib/mock/f41-build-51933390-6217774-bootstrap/root/installation-homedir
DEBUG file_util.py:21:  created dir: /var/lib/mock/f41-build-51933390-6217774-bootstrap/root/installation-homedir
DEBUG package_manager.py:289:  ['/usr/bin/dnf5', '--installroot', '/var/lib/mock/f41-build-51933390-6217774-bootstrap/root/', 'install', 'dnf5', 'dnf5-plugins', '--setopt=deltarpm=False', '--setopt=allow_vendor_change=yes', '--allowerasing']
DEBUG util.py:636:  child environment: None
DEBUG util.py:558:  Executing command: ['/usr/bin/dnf5', '--installroot', '/var/lib/mock/f41-build-51933390-6217774-bootstrap/root/', 'install', 'dnf5', 'dnf5-plugins', '--setopt=deltarpm=False', '--setopt=allow_vendor_change=yes', '--allowerasing', '--setopt=tsflags=nocontexts'] with env {'TERM': 'vt100', 'SHELL': '/bin/bash', 'HOME': '/var/lib/mock/f41-build-51933390-6217774-bootstrap/root/installation-homedir', 'HOSTNAME': 'mock', 'PATH': '/usr/bin:/bin:/usr/sbin:/sbin', 'PROMPT_COMMAND': 'printf "\\033]0;<mock-chroot>\\007"', 'PS1': '<mock-chroot> \\s-\\v\\$ ', 'LANG': 'C.UTF-8', 'LC_MESSAGES': 'C.UTF-8'} and shell False
DEBUG util.py:463:  Updating and loading repositories:
DEBUG util.py:463:   build                                  100% |  37.4 MiB/s |  17.4 MiB |  00m00s
DEBUG util.py:463:  Repositories loaded.
DEBUG util.py:463:  Package                        Arch   Version                    Repository      Size
DEBUG util.py:463:  Installing:                                                                          
DEBUG util.py:463:   dnf5                          x86_64 5.2.3.0-3.fc41             build        1.7 MiB
DEBUG util.py:463:   dnf5-plugins                  x86_64 5.2.3.0-3.fc41             build        1.0 MiB
DEBUG util.py:463:  Installing dependencies:                                                             
DEBUG util.py:463:   alternatives                  x86_64 1.28-1.fc41                build       66.3 KiB
DEBUG util.py:463:   audit-libs                    x86_64 4.0.1-3.fc41               build      327.3 KiB
DEBUG util.py:463:   basesystem                    noarch 11-20.fc40                 build        0.0   B
DEBUG util.py:463:   bash                          x86_64 5.2.26-3.fc40              build        8.1 MiB
DEBUG util.py:463:   bzip2-libs                    x86_64 1.0.8-18.fc40              build       80.7 KiB
DEBUG util.py:463:   ca-certificates               noarch 2024.2.68_v8.0.302-2.fc41  build        2.3 MiB
DEBUG util.py:463:   coreutils                     x86_64 9.5-2.fc41                 build        5.5 MiB
DEBUG util.py:463:   coreutils-common              x86_64 9.5-2.fc41                 build       11.2 MiB
DEBUG util.py:463:   crypto-policies               noarch 20240628-1.gitddd11d3.fc41 build      123.4 KiB
DEBUG util.py:463:   curl                          x86_64 8.8.0-1.fc41               build      743.7 KiB
DEBUG util.py:463:   cyrus-sasl-lib                x86_64 2.1.28-24.fc41             build        2.3 MiB
DEBUG util.py:463:   elfutils-default-yama-scope   noarch 0.191-7.fc41               build        1.8 KiB
DEBUG util.py:463:   elfutils-libelf               x86_64 0.191-7.fc41               build        1.2 MiB
DEBUG util.py:463:   elfutils-libs                 x86_64 0.191-7.fc41               build      646.1 KiB
DEBUG util.py:463:   fedora-gpg-keys               noarch 41-0.2                     build      124.7 KiB
DEBUG util.py:463:   fedora-release                noarch 41-0.14                    build        0.0   B
DEBUG util.py:463:   fedora-release-common         noarch 41-0.14                    build       19.2 KiB
DEBUG util.py:463:   fedora-release-identity-basic noarch 41-0.14                    build      694.0   B
DEBUG util.py:463:   fedora-repos                  noarch 41-0.2                     build        4.9 KiB
DEBUG util.py:463:   fedora-repos-rawhide          noarch 41-0.2                     build        2.2 KiB
DEBUG util.py:463:   file-libs                     x86_64 5.45-6.fc41                build        9.9 MiB
DEBUG util.py:463:   filesystem                    x86_64 3.18-9.fc41                build      106.0   B
DEBUG util.py:463:   findutils                     x86_64 1:4.10.0-2.fc41            build        1.8 MiB
DEBUG util.py:463:   fmt                           x86_64 10.2.1-4.fc41              build      371.4 KiB
DEBUG util.py:463:   gawk                          x86_64 5.3.0-3.fc40               build        1.7 MiB
DEBUG util.py:463:   gdbm-libs                     x86_64 1:1.23-6.fc40              build      121.9 KiB
DEBUG util.py:463:   glib2                         x86_64 2.80.3-1.fc41              build       14.6 MiB
DEBUG util.py:463:   glibc                         x86_64 2.39.9000-26.fc41          build        6.7 MiB
DEBUG util.py:463:   glibc-common                  x86_64 2.39.9000-26.fc41          build        1.0 MiB
DEBUG util.py:463:   glibc-minimal-langpack        x86_64 2.39.9000-26.fc41          build        0.0   B
DEBUG util.py:463:   gmp                           x86_64 1:6.3.0-1.fc41             build      803.4 KiB
DEBUG util.py:463:   gnutls                        x86_64 3.8.5-6.fc41               build        3.2 MiB
DEBUG util.py:463:   grep                          x86_64 3.11-8.fc41                build        1.0 MiB
DEBUG util.py:463:   json-c                        x86_64 0.17-3.fc40                build       82.4 KiB
DEBUG util.py:463:   keyutils-libs                 x86_64 1.6.3-3.fc40               build       54.4 KiB
DEBUG util.py:463:   krb5-libs                     x86_64 1.21.2-5.fc40              build        2.3 MiB
DEBUG util.py:463:   libacl                        x86_64 2.3.2-1.fc40               build       40.0 KiB
DEBUG util.py:463:   libarchive                    x86_64 3.7.4-1.fc41               build      914.6 KiB
DEBUG util.py:463:   libattr                       x86_64 2.5.2-3.fc40               build       28.5 KiB
DEBUG util.py:463:   libblkid                      x86_64 2.40.1-2.fc41              build      258.5 KiB
DEBUG util.py:463:   libbrotli                     x86_64 1.1.0-4.fc41               build      829.6 KiB
DEBUG util.py:463:   libcap                        x86_64 2.70-2.fc41                build      220.2 KiB
DEBUG util.py:463:   libcap-ng                     x86_64 0.8.5-2.fc41               build       69.2 KiB
DEBUG util.py:463:   libcom_err                    x86_64 1.47.1-1.fc41              build       67.2 KiB
DEBUG util.py:463:   libcurl                       x86_64 8.8.0-1.fc41               build      805.7 KiB
DEBUG util.py:463:   libdnf5                       x86_64 5.2.3.0-3.fc41             build        3.1 MiB
DEBUG util.py:463:   libdnf5-cli                   x86_64 5.2.3.0-3.fc41             build      785.5 KiB
DEBUG util.py:463:   libeconf                      x86_64 0.6.2-2.fc41               build       58.0 KiB
DEBUG util.py:463:   libevent                      x86_64 2.1.12-13.fc41             build      895.6 KiB
DEBUG util.py:463:   libffi                        x86_64 3.4.6-1.fc41               build       82.4 KiB
DEBUG util.py:463:   libgcc                        x86_64 14.1.1-6.fc41              build      274.6 KiB
DEBUG util.py:463:   libgomp                       x86_64 14.1.1-6.fc41              build      523.4 KiB
DEBUG util.py:463:   libidn2                       x86_64 2.3.7-1.fc40               build      329.1 KiB
DEBUG util.py:463:   libmodulemd                   x86_64 2.15.0-13.fc41             build      717.2 KiB
DEBUG util.py:463:   libmount                      x86_64 2.40.1-2.fc41              build      351.8 KiB
DEBUG util.py:463:   libnghttp2                    x86_64 1.62.1-1.fc41              build      166.1 KiB
DEBUG util.py:463:   libpsl                        x86_64 0.21.5-3.fc40              build       80.5 KiB
DEBUG util.py:463:   librepo                       x86_64 1.17.1-2.fc41              build      244.2 KiB
DEBUG util.py:463:   libselinux                    x86_64 3.6-6.fc41                 build      177.0 KiB
DEBUG util.py:463:   libsepol                      x86_64 3.6-3.fc40                 build      802.0 KiB
DEBUG util.py:463:   libsmartcols                  x86_64 2.40.1-2.fc41              build      180.4 KiB
DEBUG util.py:463:   libsolv                       x86_64 0.7.29-4.fc41              build      936.3 KiB
DEBUG util.py:463:   libssh                        x86_64 0.10.6-6.fc41              build      513.3 KiB
DEBUG util.py:463:   libssh-config                 noarch 0.10.6-6.fc41              build      277.0   B
DEBUG util.py:463:   libstdc++                     x86_64 14.1.1-6.fc41              build        3.0 MiB
DEBUG util.py:463:   libtasn1                      x86_64 4.19.0-6.fc40              build      175.7 KiB
DEBUG util.py:463:   libtool-ltdl                  x86_64 2.4.7-11.fc41              build       66.1 KiB
DEBUG util.py:463:   libunistring                  x86_64 1.1-7.fc41                 build        1.7 MiB
DEBUG util.py:463:   libuuid                       x86_64 2.40.1-2.fc41              build       37.4 KiB
DEBUG util.py:463:   libverto                      x86_64 0.3.2-8.fc40               build       29.5 KiB
DEBUG util.py:463:   libxcrypt                     x86_64 4.4.36-5.fc40              build      262.8 KiB
DEBUG util.py:463:   libxml2                       x86_64 2.12.8-1.fc41              build        1.7 MiB
DEBUG util.py:463:   libyaml                       x86_64 0.2.5-14.fc40              build      130.4 KiB
DEBUG util.py:463:   libzstd                       x86_64 1.5.6-1.fc41               build      787.9 KiB
DEBUG util.py:463:   lua-libs                      x86_64 5.4.6-5.fc40               build      281.1 KiB
DEBUG util.py:463:   lz4-libs                      x86_64 1.9.4-6.fc40               build      129.4 KiB
DEBUG util.py:463:   mpfr                          x86_64 4.2.1-4.fc41               build      828.0 KiB
DEBUG util.py:463:   ncurses-base                  noarch 6.4-12.20240127.fc40       build      326.2 KiB
DEBUG util.py:463:   ncurses-libs                  x86_64 6.4-12.20240127.fc40       build      963.2 KiB
DEBUG util.py:463:   nettle                        x86_64 3.10-2.fc41                build      793.0 KiB
DEBUG util.py:463:   openldap                      x86_64 2.6.8-3.fc41               build      640.3 KiB
DEBUG util.py:463:   openssl-libs                  x86_64 1:3.2.2-2.fc41             build        7.8 MiB
DEBUG util.py:463:   p11-kit                       x86_64 0.25.3-4.fc40              build        2.2 MiB
DEBUG util.py:463:   p11-kit-trust                 x86_64 0.25.3-4.fc40              build      391.4 KiB
DEBUG util.py:463:   pam-libs                      x86_64 1.6.1-3.fc41               build      135.0 KiB
DEBUG util.py:463:   pcre2                         x86_64 10.44-1.fc41               build      653.5 KiB
DEBUG util.py:463:   pcre2-syntax                  noarch 10.44-1.fc41               build      251.6 KiB
DEBUG util.py:463:   popt                          x86_64 1.19-6.fc40                build      136.9 KiB
DEBUG util.py:463:   publicsuffix-list-dafsa       noarch 20240107-3.fc40            build       67.5 KiB
DEBUG util.py:463:   readline                      x86_64 8.2-8.fc40                 build      489.2 KiB
DEBUG util.py:463:   rpm                           x86_64 4.19.92-1.fc41             build        3.0 MiB
DEBUG util.py:463:   rpm-build-libs                x86_64 4.19.92-1.fc41             build      206.7 KiB
DEBUG util.py:463:   rpm-libs                      x86_64 4.19.92-1.fc41             build      718.0 KiB
DEBUG util.py:463:   rpm-sequoia                   x86_64 1.6.0-3.fc41               build        2.2 MiB
DEBUG util.py:463:   sdbus-cpp                     x86_64 1.5.0-2.fc41               build      320.5 KiB
DEBUG util.py:463:   sed                           x86_64 4.9-1.fc40                 build      861.5 KiB
DEBUG util.py:463:   setup                         noarch 2.15.0-4.fc41              build      720.7 KiB
DEBUG util.py:463:   sqlite-libs                   x86_64 3.46.0-2.fc41              build        1.4 MiB
DEBUG util.py:463:   systemd-libs                  x86_64 256.1-3.fc41               build        2.0 MiB
DEBUG util.py:463:   xz-libs                       x86_64 1:5.6.2-1.fc41             build      214.4 KiB
DEBUG util.py:463:   zchunk-libs                   x86_64 1.4.0-2.fc40               build       97.1 KiB
DEBUG util.py:463:   zlib-ng-compat                x86_64 2.1.7-1.fc41               build      134.0 KiB
DEBUG util.py:463:  Transaction Summary:
DEBUG util.py:463:   Installing:      104 packages
DEBUG util.py:463:  Total size of inbound packages is 38 MiB. Need to download 38 MiB.
DEBUG util.py:463:  After this operation 128 MiB will be used (install 128 MiB, remove 0 B).
DEBUG util.py:463:  [  1/104] dnf5-0:5.2.3.0-3.fc41.x86_64  100% |  16.6 MiB/s | 696.3 KiB |  00m00s
DEBUG util.py:463:  [  2/104] fmt-0:10.2.1-4.fc41.x86_64    100% |   2.7 MiB/s | 124.7 KiB |  00m00s
DEBUG util.py:463:  [  3/104] libdnf5-0:5.2.3.0-3.fc41.x86_ 100% |  58.5 MiB/s |   1.1 MiB |  00m00s
DEBUG util.py:463:  [  4/104] glibc-0:2.39.9000-26.fc41.x86 100% |  46.4 MiB/s |   2.2 MiB |  00m00s
DEBUG util.py:463:  [  5/104] libdnf5-cli-0:5.2.3.0-3.fc41. 100% |  10.7 MiB/s | 307.1 KiB |  00m00s
DEBUG util.py:463:  [  6/104] dnf5-plugins-0:5.2.3.0-3.fc41 100% |   3.5 MiB/s | 358.1 KiB |  00m00s
DEBUG util.py:463:  [  7/104] libgcc-0:14.1.1-6.fc41.x86_64 100% |  12.7 MiB/s | 130.0 KiB |  00m00s
DEBUG util.py:463:  [  8/104] libstdc++-0:14.1.1-6.fc41.x86 100% |  50.9 MiB/s | 886.6 KiB |  00m00s
DEBUG util.py:463:  [  9/104] rpm-libs-0:4.19.92-1.fc41.x86 100% |  21.6 MiB/s | 309.6 KiB |  00m00s
DEBUG util.py:463:  [ 10/104] sdbus-cpp-0:1.5.0-2.fc41.x86_ 100% |   7.4 MiB/s | 113.1 KiB |  00m00s
DEBUG util.py:463:  [ 11/104] systemd-libs-0:256.1-3.fc41.x 100% |  50.9 MiB/s | 729.0 KiB |  00m00s
DEBUG util.py:463:  [ 12/104] json-c-0:0.17-3.fc40.x86_64   100% |   4.8 MiB/s |  44.0 KiB |  00m00s
DEBUG util.py:463:  [ 13/104] rpm-build-libs-0:4.19.92-1.fc 100% |   8.8 MiB/s |  99.2 KiB |  00m00s
DEBUG util.py:463:  [ 14/104] basesystem-0:11-20.fc40.noarc 100% |   1.8 MiB/s |   7.2 KiB |  00m00s
DEBUG util.py:463:  [ 15/104] glibc-common-0:2.39.9000-26.f 100% |  30.1 MiB/s | 400.3 KiB |  00m00s
DEBUG util.py:463:  [ 16/104] libmodulemd-0:2.15.0-13.fc41. 100% |  15.1 MiB/s | 232.4 KiB |  00m00s
DEBUG util.py:463:  [ 17/104] librepo-0:1.17.1-2.fc41.x86_6 100% |  12.0 MiB/s |  98.6 KiB |  00m00s
DEBUG util.py:463:  [ 18/104] libsolv-0:0.7.29-4.fc41.x86_6 100% |  28.0 MiB/s | 429.5 KiB |  00m00s
DEBUG util.py:463:  [ 19/104] glib2-0:2.80.3-1.fc41.x86_64  100% |  50.2 MiB/s |   3.0 MiB |  00m00s
DEBUG util.py:463:  [ 20/104] libxml2-0:2.12.8-1.fc41.x86_6 100% |  19.2 MiB/s | 687.3 KiB |  00m00s
DEBUG util.py:463:  [ 21/104] sqlite-libs-0:3.46.0-2.fc41.x 100% |  17.0 MiB/s | 712.5 KiB |  00m00s
DEBUG util.py:463:  [ 22/104] libsmartcols-0:2.40.1-2.fc41. 100% |   5.1 MiB/s |  83.4 KiB |  00m00s
DEBUG util.py:463:  [ 23/104] bzip2-libs-0:1.0.8-18.fc40.x8 100% |  13.3 MiB/s |  40.9 KiB |  00m00s
DEBUG util.py:463:  [ 24/104] libacl-0:2.3.2-1.fc40.x86_64  100% |   6.0 MiB/s |  24.4 KiB |  00m00s
DEBUG util.py:463:  [ 25/104] libcap-0:2.70-2.fc41.x86_64   100% |  21.1 MiB/s |  86.3 KiB |  00m00s
DEBUG util.py:463:  [ 26/104] lua-libs-0:5.4.6-5.fc40.x86_6 100% |  32.2 MiB/s | 131.9 KiB |  00m00s
DEBUG util.py:463:  [ 27/104] libzstd-0:1.5.6-1.fc41.x86_64 100% |  33.5 MiB/s | 308.9 KiB |  00m00s
DEBUG util.py:463:  [ 28/104] popt-0:1.19-6.fc40.x86_64     100% |   7.3 MiB/s |  59.6 KiB |  00m00s
DEBUG util.py:463:  [ 29/104] rpm-0:4.19.92-1.fc41.x86_64   100% |  46.4 MiB/s | 522.2 KiB |  00m00s
DEBUG util.py:463:  [ 30/104] xz-libs-1:5.6.2-1.fc41.x86_64 100% |  12.1 MiB/s | 111.6 KiB |  00m00s
DEBUG util.py:463:  [ 31/104] rpm-sequoia-0:1.6.0-3.fc41.x8 100% |  43.5 MiB/s | 846.1 KiB |  00m00s
DEBUG util.py:463:  [ 32/104] zlib-ng-compat-0:2.1.7-1.fc41 100% |   6.3 MiB/s |  77.7 KiB |  00m00s
DEBUG util.py:463:  [ 33/104] elfutils-libelf-0:0.191-7.fc4 100% |  17.0 MiB/s | 208.5 KiB |  00m00s
DEBUG util.py:463:  [ 34/104] elfutils-libs-0:0.191-7.fc41. 100% |  28.0 MiB/s | 258.1 KiB |  00m00s
DEBUG util.py:463:  [ 35/104] file-libs-0:5.45-6.fc41.x86_6 100% |  43.8 MiB/s | 761.7 KiB |  00m00s
DEBUG util.py:463:  [ 36/104] libgomp-0:14.1.1-6.fc41.x86_6 100% |  24.5 MiB/s | 350.5 KiB |  00m00s
DEBUG util.py:463:  [ 37/104] filesystem-0:3.18-9.fc41.x86_ 100% |  48.6 MiB/s |   1.1 MiB |  00m00s
DEBUG util.py:463:  [ 38/104] setup-0:2.15.0-4.fc41.noarch  100% |  12.1 MiB/s | 148.5 KiB |  00m00s
DEBUG util.py:463:  [ 39/104] libffi-0:3.4.6-1.fc41.x86_64  100% |   7.8 MiB/s |  40.0 KiB |  00m00s
DEBUG util.py:463:  [ 40/104] bash-0:5.2.26-3.fc40.x86_64   100% |  48.3 MiB/s |   1.8 MiB |  00m00s
DEBUG util.py:463:  [ 41/104] gnutls-0:3.8.5-6.fc41.x86_64  100% |  34.5 MiB/s |   1.1 MiB |  00m00s
DEBUG util.py:463:  [ 42/104] libmount-0:2.40.1-2.fc41.x86_ 100% |   5.8 MiB/s | 154.8 KiB |  00m00s
DEBUG util.py:463:  [ 43/104] libselinux-0:3.6-6.fc41.x86_6 100% |  16.9 MiB/s |  86.7 KiB |  00m00s
DEBUG util.py:463:  [ 44/104] pcre2-0:10.44-1.fc41.x86_64   100% |  33.9 MiB/s | 243.0 KiB |  00m00s
DEBUG util.py:463:  [ 45/104] libyaml-0:0.2.5-14.fc40.x86_6 100% |  11.6 MiB/s |  59.2 KiB |  00m00s
DEBUG util.py:463:  [ 46/104] zchunk-libs-0:1.4.0-2.fc40.x8 100% |  17.0 MiB/s |  52.2 KiB |  00m00s
DEBUG util.py:463:  [ 47/104] libattr-0:2.5.2-3.fc40.x86_64 100% |   3.5 MiB/s |  18.0 KiB |  00m00s
DEBUG util.py:463:  [ 48/104] pam-libs-0:1.6.1-3.fc41.x86_6 100% |  13.9 MiB/s |  57.1 KiB |  00m00s
DEBUG util.py:463:  [ 49/104] curl-0:8.8.0-1.fc41.x86_64    100% |  36.8 MiB/s | 301.5 KiB |  00m00s
DEBUG util.py:463:  [ 50/104] openssl-libs-1:3.2.2-2.fc41.x 100% |  56.3 MiB/s |   2.3 MiB |  00m00s
DEBUG util.py:463:  [ 51/104] findutils-1:4.10.0-2.fc41.x86 100% |  16.5 MiB/s | 539.5 KiB |  00m00s
DEBUG util.py:463:  [ 52/104] libarchive-0:3.7.4-1.fc41.x86 100% |  12.8 MiB/s | 407.6 KiB |  00m00s
DEBUG util.py:463:  [ 53/104] sed-0:4.9-1.fc40.x86_64       100% |  37.7 MiB/s | 309.2 KiB |  00m00s
DEBUG util.py:463:  [ 54/104] elfutils-default-yama-scope-0 100% |   1.4 MiB/s |  13.3 KiB |  00m00s
DEBUG util.py:463:  [ 55/104] ncurses-libs-0:6.4-12.2024012 100% |  36.1 MiB/s | 332.5 KiB |  00m00s
DEBUG util.py:463:  [ 56/104] crypto-policies-0:20240628-1. 100% |  12.8 MiB/s |  65.4 KiB |  00m00s
DEBUG util.py:463:  [ 57/104] libidn2-0:2.3.7-1.fc40.x86_64 100% |  15.7 MiB/s | 112.4 KiB |  00m00s
DEBUG util.py:463:  [ 58/104] libtasn1-0:4.19.0-6.fc40.x86_ 100% |  14.4 MiB/s |  73.7 KiB |  00m00s
DEBUG util.py:463:  [ 59/104] libunistring-0:1.1-7.fc41.x86 100% |  44.4 MiB/s | 545.4 KiB |  00m00s
DEBUG util.py:463:  [ 60/104] nettle-0:3.10-2.fc41.x86_64   100% |  24.6 MiB/s | 428.4 KiB |  00m00s
DEBUG util.py:463:  [ 61/104] p11-kit-0:0.25.3-4.fc40.x86_6 100% |  24.4 MiB/s | 475.5 KiB |  00m00s
DEBUG util.py:463:  [ 62/104] p11-kit-trust-0:0.25.3-4.fc40 100% |  32.1 MiB/s | 131.5 KiB |  00m00s
DEBUG util.py:463:  [ 63/104] libblkid-0:2.40.1-2.fc41.x86_ 100% |  20.2 MiB/s | 124.2 KiB |  00m00s
DEBUG util.py:463:  [ 64/104] libuuid-0:2.40.1-2.fc41.x86_6 100% |   4.0 MiB/s |  28.5 KiB |  00m00s
DEBUG util.py:463:  [ 65/104] pcre2-syntax-0:10.44-1.fc41.n 100% |  24.4 MiB/s | 149.8 KiB |  00m00s
DEBUG util.py:463:  [ 66/104] libsepol-0:3.6-3.fc40.x86_64  100% |  27.7 MiB/s | 340.1 KiB |  00m00s
DEBUG util.py:463:  [ 67/104] ca-certificates-0:2024.2.68_v 100% |  45.2 MiB/s | 879.1 KiB |  00m00s
DEBUG util.py:463:  [ 68/104] audit-libs-0:4.0.1-3.fc41.x86 100% |   9.4 MiB/s | 125.3 KiB |  00m00s
DEBUG util.py:463:  [ 69/104] libeconf-0:0.6.2-2.fc41.x86_6 100% |  10.4 MiB/s |  32.0 KiB |  00m00s
DEBUG util.py:463:  [ 70/104] lz4-libs-0:1.9.4-6.fc40.x86_6 100% |  16.4 MiB/s |  67.2 KiB |  00m00s
DEBUG util.py:463:  [ 71/104] ncurses-base-0:6.4-12.2024012 100% |  15.6 MiB/s |  63.8 KiB |  00m00s
DEBUG util.py:463:  [ 72/104] alternatives-0:1.28-1.fc41.x8 100% |   8.0 MiB/s |  40.8 KiB |  00m00s
DEBUG util.py:463:  [ 73/104] grep-0:3.11-8.fc41.x86_64     100% |  31.4 MiB/s | 289.2 KiB |  00m00s
DEBUG util.py:463:  [ 74/104] libcap-ng-0:0.8.5-2.fc41.x86_ 100% |   4.0 MiB/s |  32.5 KiB |  00m00s
DEBUG util.py:463:  [ 75/104] fedora-release-0:41-0.14.noar 100% |   2.2 MiB/s |  11.5 KiB |  00m00s
DEBUG util.py:463:  [ 76/104] fedora-repos-0:41-0.2.noarch  100% |   4.6 MiB/s |   9.3 KiB |  00m00s
DEBUG util.py:463:  [ 77/104] fedora-release-common-0:41-0. 100% |   5.4 MiB/s |  22.3 KiB |  00m00s
DEBUG util.py:463:  [ 78/104] fedora-gpg-keys-0:41-0.2.noar 100% |  23.8 MiB/s | 121.8 KiB |  00m00s
DEBUG util.py:463:  [ 79/104] fedora-repos-rawhide-0:41-0.2 100% |   2.2 MiB/s |   8.9 KiB |  00m00s
DEBUG util.py:463:  [ 80/104] gmp-1:6.3.0-1.fc41.x86_64     100% |  38.7 MiB/s | 316.8 KiB |  00m00s
DEBUG util.py:463:  [ 81/104] coreutils-0:9.5-2.fc41.x86_64 100% |  38.6 MiB/s |   1.1 MiB |  00m00s
DEBUG util.py:463:  [ 82/104] libcurl-0:8.8.0-1.fc41.x86_64 100% |  23.1 MiB/s | 355.3 KiB |  00m00s
DEBUG util.py:463:  [ 83/104] coreutils-common-0:9.5-2.fc41 100% |  39.5 MiB/s |   2.1 MiB |  00m00s
DEBUG util.py:463:  [ 84/104] krb5-libs-0:1.21.2-5.fc40.x86 100% |  23.7 MiB/s | 751.4 KiB |  00m00s
DEBUG util.py:463:  [ 85/104] libbrotli-0:1.1.0-4.fc41.x86_ 100% |  11.4 MiB/s | 337.9 KiB |  00m00s
DEBUG util.py:463:  [ 86/104] libnghttp2-0:1.62.1-1.fc41.x8 100% |   6.2 MiB/s |  76.7 KiB |  00m00s
DEBUG util.py:463:  [ 87/104] libpsl-0:0.21.5-3.fc40.x86_64 100% |  15.6 MiB/s |  63.9 KiB |  00m00s
DEBUG util.py:463:  [ 88/104] libssh-0:0.10.6-6.fc41.x86_64 100% |  34.4 MiB/s | 211.5 KiB |  00m00s
DEBUG util.py:463:  [ 89/104] openldap-0:2.6.8-3.fc41.x86_6 100% |  35.6 MiB/s | 255.5 KiB |  00m00s
DEBUG util.py:463:  [ 90/104] keyutils-libs-0:1.6.3-3.fc40. 100% |   5.1 MiB/s |  31.5 KiB |  00m00s
DEBUG util.py:463:  [ 91/104] libcom_err-0:1.47.1-1.fc41.x8 100% |   8.5 MiB/s |  26.2 KiB |  00m00s
DEBUG util.py:463:  [ 92/104] gawk-0:5.3.0-3.fc40.x86_64    100% |  55.7 MiB/s |   1.1 MiB |  00m00s
DEBUG util.py:463:  [ 93/104] libverto-0:0.3.2-8.fc40.x86_6 100% |   1.7 MiB/s |  20.5 KiB |  00m00s
DEBUG util.py:463:  [ 94/104] publicsuffix-list-dafsa-0:202 100% |   4.7 MiB/s |  58.1 KiB |  00m00s
DEBUG util.py:463:  [ 95/104] libssh-config-0:0.10.6-6.fc41 100% |   1.8 MiB/s |   9.1 KiB |  00m00s
DEBUG util.py:463:  [ 96/104] cyrus-sasl-lib-0:2.1.28-24.fc 100% |  35.3 MiB/s | 794.6 KiB |  00m00s
DEBUG util.py:463:  [ 97/104] libevent-0:2.1.12-13.fc41.x86 100% |  12.6 MiB/s | 257.2 KiB |  00m00s
DEBUG util.py:463:  [ 98/104] libtool-ltdl-0:2.4.7-11.fc41. 100% |   1.8 MiB/s |  35.4 KiB |  00m00s
DEBUG util.py:463:  [ 99/104] readline-0:8.2-8.fc40.x86_64  100% |  41.7 MiB/s | 213.3 KiB |  00m00s
DEBUG util.py:463:  [100/104] mpfr-0:4.2.1-4.fc41.x86_64    100% |  37.5 MiB/s | 345.2 KiB |  00m00s
DEBUG util.py:463:  [101/104] gdbm-libs-1:1.23-6.fc40.x86_6 100% |   4.6 MiB/s |  56.2 KiB |  00m00s
DEBUG util.py:463:  [102/104] libxcrypt-0:4.4.36-5.fc40.x86 100% |  12.8 MiB/s | 118.1 KiB |  00m00s
DEBUG util.py:463:  [103/104] fedora-release-identity-basic 100% |   4.0 MiB/s |  12.3 KiB |  00m00s
DEBUG util.py:463:  [104/104] glibc-minimal-langpack-0:2.39 100% |  19.1 MiB/s | 117.4 KiB |  00m00s
DEBUG util.py:463:  --------------------------------------------------------------------------------
DEBUG util.py:463:  [104/104] Total                         100% |  61.3 MiB/s |  37.9 MiB |  00m01s
DEBUG util.py:463:  Running transaction
DEBUG util.py:463:  [  1/106] Verify package files          100% | 292.0   B/s | 104.0   B |  00m00s
DEBUG util.py:463:  >>> Running pre-transaction scriptlet: filesystem-0:3.18-9.fc41.x86_64
DEBUG util.py:463:  >>> Stop pre-transaction scriptlet: filesystem-0:3.18-9.fc41.x86_64
DEBUG util.py:463:  [  2/106] Prepare transaction           100% |   1.8 KiB/s | 104.0   B |  00m00s
DEBUG util.py:463:  [  3/106] Installing libgcc-0:14.1.1-6. 100% |  45.0 MiB/s | 276.3 KiB |  00m00s
DEBUG util.py:463:  >>> Running post-install scriptlet: libgcc-0:14.1.1-6.fc41.x86_64
DEBUG util.py:463:  >>> Stop post-install scriptlet: libgcc-0:14.1.1-6.fc41.x86_64
DEBUG util.py:463:  [  4/106] Installing crypto-policies-0: 100% |   7.3 MiB/s | 150.4 KiB |  00m00s
DEBUG util.py:463:  >>> Running post-install scriptlet: crypto-policies-0:20240628-1.gitddd11d3.fc41
DEBUG util.py:463:  >>> Stop post-install scriptlet: crypto-policies-0:20240628-1.gitddd11d3.fc41.no
DEBUG util.py:463:  [  5/106] Installing fedora-release-ide 100% | 464.8 KiB/s | 952.0   B |  00m00s
DEBUG util.py:463:  [  6/106] Installing fedora-repos-rawhi 100% |   1.2 MiB/s |   2.4 KiB |  00m00s
DEBUG util.py:463:  [  7/106] Installing fedora-gpg-keys-0: 100% |   7.9 MiB/s | 169.7 KiB |  00m00s
DEBUG util.py:463:  [  8/106] Installing fedora-repos-0:41- 100% |   1.9 MiB/s |   5.7 KiB |  00m00s
DEBUG util.py:463:  [  9/106] Installing fedora-release-com 100% |   4.6 MiB/s |  23.5 KiB |  00m00s
DEBUG util.py:463:  [ 10/106] Installing fedora-release-0:4 100% |  60.5 KiB/s | 124.0   B |  00m00s
DEBUG util.py:463:  [ 11/106] Installing setup-0:2.15.0-4.f 100% |  27.3 MiB/s | 726.1 KiB |  00m00s
DEBUG util.py:463:  >>> Running post-install scriptlet: setup-0:2.15.0-4.fc41.noarch
DEBUG util.py:463:  >>> Stop post-install scriptlet: setup-0:2.15.0-4.fc41.noarch
DEBUG util.py:463:  [ 12/106] Installing filesystem-0:3.18- 100% |   1.2 MiB/s | 212.5 KiB |  00m00s
DEBUG util.py:463:  [ 13/106] Installing basesystem-0:11-20 100% | 121.1 KiB/s | 124.0   B |  00m00s
DEBUG util.py:463:  [ 14/106] Installing libssh-config-0:0. 100% | 398.4 KiB/s | 816.0   B |  00m00s
DEBUG util.py:463:  [ 15/106] Installing publicsuffix-list- 100% |  22.2 MiB/s |  68.3 KiB |  00m00s
DEBUG util.py:463:  [ 16/106] Installing coreutils-common-0 100% | 125.7 MiB/s |  11.2 MiB |  00m00s
DEBUG util.py:463:  [ 17/106] Installing ncurses-base-0:6.4 100% |  16.4 MiB/s | 351.6 KiB |  00m00s
DEBUG util.py:463:  [ 18/106] Installing glibc-common-0:2.3 100% |  69.0 MiB/s |   1.0 MiB |  00m00s
DEBUG util.py:463:  [ 19/106] Installing bash-0:5.2.26-3.fc 100% | 136.0 MiB/s |   8.2 MiB |  00m00s
DEBUG util.py:463:  >>> Running post-install scriptlet: bash-0:5.2.26-3.fc40.x86_64
DEBUG util.py:463:  >>> Stop post-install scriptlet: bash-0:5.2.26-3.fc40.x86_64
DEBUG util.py:463:  [ 20/106] Installing ncurses-libs-0:6.4 100% |  72.8 MiB/s | 969.7 KiB |  00m00s
DEBUG util.py:463:  [ 21/106] Installing glibc-minimal-lang 100% |  30.3 KiB/s | 124.0   B |  00m00s
DEBUG util.py:463:  >>> Running pre-install scriptlet: glibc-0:2.39.9000-26.fc41.x86_64
DEBUG util.py:463:  >>> Stop pre-install scriptlet: glibc-0:2.39.9000-26.fc41.x86_64
DEBUG util.py:463:  [ 22/106] Installing glibc-0:2.39.9000- 100% |  95.4 MiB/s |   6.7 MiB |  00m00s
DEBUG util.py:463:  >>> Running post-install scriptlet: glibc-0:2.39.9000-26.fc41.x86_64
DEBUG util.py:463:  >>> Stop post-install scriptlet: glibc-0:2.39.9000-26.fc41.x86_64
DEBUG util.py:463:  [ 23/106] Installing zlib-ng-compat-0:2 100% |  32.9 MiB/s | 134.8 KiB |  00m00s
DEBUG util.py:463:  [ 24/106] Installing libstdc++-0:14.1.1 100% | 128.6 MiB/s |   3.0 MiB |  00m00s
DEBUG util.py:463:  [ 25/106] Installing libzstd-0:1.5.6-1. 100% |  96.3 MiB/s | 789.2 KiB |  00m00s
DEBUG util.py:463:  [ 26/106] Installing xz-libs-1:5.6.2-1. 100% |  52.6 MiB/s | 215.5 KiB |  00m00s
DEBUG util.py:463:  [ 27/106] Installing gmp-1:6.3.0-1.fc41 100% |  98.3 MiB/s | 805.6 KiB |  00m00s
DEBUG util.py:463:  [ 28/106] Installing libxml2-0:2.12.8-1 100% | 114.1 MiB/s |   1.7 MiB |  00m00s
DEBUG util.py:463:  [ 29/106] Installing fmt-0:10.2.1-4.fc4 100% |  72.8 MiB/s | 372.9 KiB |  00m00s
DEBUG util.py:463:  [ 30/106] Installing bzip2-libs-0:1.0.8 100% |  26.6 MiB/s |  81.8 KiB |  00m00s
DEBUG util.py:463:  [ 31/106] Installing popt-0:1.19-6.fc40 100% |  15.6 MiB/s | 143.5 KiB |  00m00s
DEBUG util.py:463:  [ 32/106] Installing libtasn1-0:4.19.0- 100% |  43.3 MiB/s | 177.5 KiB |  00m00s
DEBUG util.py:463:  [ 33/106] Installing libunistring-0:1.1 100% | 133.1 MiB/s |   1.7 MiB |  00m00s
DEBUG util.py:463:  [ 34/106] Installing libidn2-0:2.3.7-1. 100% |  32.7 MiB/s | 335.0 KiB |  00m00s
DEBUG util.py:463:  [ 35/106] Installing elfutils-libelf-0: 100% | 106.3 MiB/s |   1.2 MiB |  00m00s
DEBUG util.py:463:  [ 36/106] Installing sqlite-libs-0:3.46 100% | 119.1 MiB/s |   1.4 MiB |  00m00s
DEBUG util.py:463:  [ 37/106] Installing json-c-0:0.17-3.fc 100% |  27.2 MiB/s |  83.6 KiB |  00m00s
DEBUG util.py:463:  [ 38/106] Installing lua-libs-0:5.4.6-5 100% |  55.1 MiB/s | 282.3 KiB |  00m00s
DEBUG util.py:463:  [ 39/106] Installing libffi-0:3.4.6-1.f 100% |  20.5 MiB/s |  83.8 KiB |  00m00s
DEBUG util.py:463:  [ 40/106] Installing p11-kit-0:0.25.3-4 100% |  73.1 MiB/s |   2.2 MiB |  00m00s
DEBUG util.py:463:  [ 41/106] Installing libattr-0:2.5.2-3. 100% |   9.6 MiB/s |  29.5 KiB |  00m00s
DEBUG util.py:463:  [ 42/106] Installing libacl-0:2.3.2-1.f 100% |  13.3 MiB/s |  40.8 KiB |  00m00s
DEBUG util.py:463:  [ 43/106] Installing libuuid-0:2.40.1-2 100% |  12.5 MiB/s |  38.4 KiB |  00m00s
DEBUG util.py:463:  [ 44/106] Installing libblkid-0:2.40.1- 100% |  50.7 MiB/s | 259.5 KiB |  00m00s
DEBUG util.py:463:  [ 45/106] Installing libpsl-0:0.21.5-3. 100% |  26.6 MiB/s |  81.6 KiB |  00m00s
DEBUG util.py:463:  [ 46/106] Installing nettle-0:3.10-2.fc 100% |  97.2 MiB/s | 796.1 KiB |  00m00s
DEBUG util.py:463:  [ 47/106] Installing mpfr-0:4.2.1-4.fc4 100% |  90.0 MiB/s | 829.7 KiB |  00m00s
DEBUG util.py:463:  [ 48/106] Installing file-libs-0:5.45-6 100% | 202.7 MiB/s |   9.9 MiB |  00m00s
DEBUG util.py:463:  [ 49/106] Installing libsmartcols-0:2.4 100% |  44.3 MiB/s | 181.5 KiB |  00m00s
DEBUG util.py:463:  [ 50/106] Installing libgomp-0:14.1.1-6 100% |  56.9 MiB/s | 524.7 KiB |  00m00s
DEBUG util.py:463:  [ 51/106] Installing libyaml-0:0.2.5-14 100% |  32.2 MiB/s | 131.8 KiB |  00m00s
DEBUG util.py:463:  [ 52/106] Installing libsepol-0:3.6-3.f 100% |  87.1 MiB/s | 803.0 KiB |  00m00s
DEBUG util.py:463:  [ 53/106] Installing libeconf-0:0.6.2-2 100% |  14.6 MiB/s |  59.7 KiB |  00m00s
DEBUG util.py:463:  [ 54/106] Installing lz4-libs-0:1.9.4-6 100% |  42.5 MiB/s | 130.5 KiB |  00m00s
DEBUG util.py:463:  [ 55/106] Installing alternatives-0:1.2 100% |  16.6 MiB/s |  68.0 KiB |  00m00s
DEBUG util.py:463:  [ 56/106] Installing p11-kit-trust-0:0. 100% |  25.6 MiB/s | 393.1 KiB |  00m00s
DEBUG util.py:463:  >>> Running post-install scriptlet: p11-kit-trust-0:0.25.3-4.fc40.x86_64
DEBUG util.py:463:  >>> Stop post-install scriptlet: p11-kit-trust-0:0.25.3-4.fc40.x86_64
DEBUG util.py:463:  [ 57/106] Installing gnutls-0:3.8.5-6.f 100% | 110.6 MiB/s |   3.2 MiB |  00m00s
DEBUG util.py:463:  [ 58/106] Installing libcap-ng-0:0.8.5- 100% |  17.3 MiB/s |  71.0 KiB |  00m00s
DEBUG util.py:463:  [ 59/106] Installing audit-libs-0:4.0.1 100% |  53.6 MiB/s | 329.4 KiB |  00m00s
DEBUG util.py:463:  [ 60/106] Installing pam-libs-0:1.6.1-3 100% |  33.5 MiB/s | 137.4 KiB |  00m00s
DEBUG util.py:463:  [ 61/106] Installing libcap-0:2.70-2.fc 100% |  27.5 MiB/s | 225.2 KiB |  00m00s
DEBUG util.py:463:  [ 62/106] Installing systemd-libs-0:256 100% | 119.4 MiB/s |   2.0 MiB |  00m00s
DEBUG util.py:463:  [ 63/106] Installing sdbus-cpp-0:1.5.0- 100% |  62.9 MiB/s | 322.2 KiB |  00m00s
DEBUG util.py:463:  [ 64/106] Installing libbrotli-0:1.1.0- 100% |  90.3 MiB/s | 831.8 KiB |  00m00s
DEBUG util.py:463:  [ 65/106] Installing libnghttp2-0:1.62. 100% |  18.1 MiB/s | 167.2 KiB |  00m00s
DEBUG util.py:463:  [ 66/106] Installing keyutils-libs-0:1. 100% |  13.6 MiB/s |  55.8 KiB |  00m00s
DEBUG util.py:463:  [ 67/106] Installing libcom_err-0:1.47. 100% |  22.2 MiB/s |  68.3 KiB |  00m00s
DEBUG util.py:463:  [ 68/106] Installing libverto-0:0.3.2-8 100% |   7.6 MiB/s |  31.3 KiB |  00m00s
DEBUG util.py:463:  [ 69/106] Installing libtool-ltdl-0:2.4 100% |  21.9 MiB/s |  67.3 KiB |  00m00s
DEBUG util.py:463:  [ 70/106] Installing readline-0:8.2-8.f 100% |  68.6 MiB/s | 491.4 KiB |  00m00s
DEBUG util.py:463:  [ 71/106] Installing gawk-0:5.3.0-3.fc4 100% |  75.1 MiB/s |   1.7 MiB |  00m00s
DEBUG util.py:463:  [ 72/106] Installing gdbm-libs-1:1.23-6 100% |  30.2 MiB/s | 123.6 KiB |  00m00s
DEBUG util.py:463:  [ 73/106] Installing libxcrypt-0:4.4.36 100% |  43.2 MiB/s | 265.5 KiB |  00m00s
DEBUG util.py:463:  [ 74/106] Installing cyrus-sasl-lib-0:2 100% | 115.3 MiB/s |   2.3 MiB |  00m00s
DEBUG util.py:463:  [ 75/106] Installing elfutils-default-y 100% | 204.3 KiB/s |   2.0 KiB |  00m00s
DEBUG util.py:463:  >>> Running post-install scriptlet: elfutils-default-yama-scope-0:0.191-7.fc41.n
DEBUG util.py:463:  >>> Stop post-install scriptlet: elfutils-default-yama-scope-0:0.191-7.fc41.noar
DEBUG util.py:463:  [ 76/106] Installing elfutils-libs-0:0. 100% |  79.1 MiB/s | 648.0 KiB |  00m00s
DEBUG util.py:463:  [ 77/106] Installing pcre2-syntax-0:10. 100% |  49.6 MiB/s | 254.1 KiB |  00m00s
DEBUG util.py:463:  [ 78/106] Installing pcre2-0:10.44-1.fc 100% |  91.4 MiB/s | 654.9 KiB |  00m00s
DEBUG util.py:463:  [ 79/106] Installing libselinux-0:3.6-6 100% |  43.5 MiB/s | 178.3 KiB |  00m00s
DEBUG util.py:463:  [ 80/106] Installing sed-0:4.9-1.fc40.x 100% |  53.1 MiB/s | 869.7 KiB |  00m00s
DEBUG util.py:463:  [ 81/106] Installing libmount-0:2.40.1- 100% |  57.4 MiB/s | 352.9 KiB |  00m00s
DEBUG util.py:463:  [ 82/106] Installing glib2-0:2.80.3-1.f 100% | 128.3 MiB/s |  14.6 MiB |  00m00s
DEBUG util.py:463:  [ 83/106] Installing findutils-1:4.10.0 100% |  88.5 MiB/s |   1.9 MiB |  00m00s
DEBUG util.py:463:  [ 84/106] Installing grep-0:3.11-8.fc41 100% |  55.5 MiB/s |   1.0 MiB |  00m00s
DEBUG util.py:463:  [ 85/106] Installing openssl-libs-1:3.2 100% | 153.4 MiB/s |   7.8 MiB |  00m00s
DEBUG util.py:463:  [ 86/106] Installing coreutils-0:9.5-2. 100% |  86.0 MiB/s |   5.6 MiB |  00m00s
DEBUG util.py:463:  >>> Running pre-install scriptlet: ca-certificates-0:2024.2.68_v8.0.302-2.fc41.n
DEBUG util.py:463:  >>> Stop pre-install scriptlet: ca-certificates-0:2024.2.68_v8.0.302-2.fc41.noar
DEBUG util.py:463:  [ 87/106] Installing ca-certificates-0: 100% |   1.7 MiB/s |   2.4 MiB |  00m01s
DEBUG util.py:463:  >>> Running post-install scriptlet: ca-certificates-0:2024.2.68_v8.0.302-2.fc41.
DEBUG util.py:463:  >>> Stop post-install scriptlet: ca-certificates-0:2024.2.68_v8.0.302-2.fc41.noa
DEBUG util.py:463:  [ 88/106] Installing krb5-libs-0:1.21.2 100% |  88.2 MiB/s |   2.3 MiB |  00m00s
DEBUG util.py:463:  [ 89/106] Installing zchunk-libs-0:1.4. 100% |  24.1 MiB/s |  98.5 KiB |  00m00s
DEBUG util.py:463:  [ 90/106] Installing libssh-0:0.10.6-6. 100% |  71.9 MiB/s | 515.4 KiB |  00m00s
DEBUG util.py:463:  [ 91/106] Installing rpm-sequoia-0:1.6. 100% | 130.0 MiB/s |   2.2 MiB |  00m00s
DEBUG util.py:463:  [ 92/106] Installing rpm-libs-0:4.19.92 100% |  87.8 MiB/s | 719.5 KiB |  00m00s
DEBUG util.py:463:  [ 93/106] Installing rpm-build-libs-0:4 100% |  50.7 MiB/s | 207.5 KiB |  00m00s
DEBUG util.py:463:  [ 94/106] Installing libmodulemd-0:2.15 100% |  78.1 MiB/s | 719.7 KiB |  00m00s
DEBUG util.py:463:  [ 95/106] Installing libsolv-0:0.7.29-4 100% |  91.6 MiB/s | 937.9 KiB |  00m00s
DEBUG util.py:463:  [ 96/106] Installing libarchive-0:3.7.4 100% |  89.5 MiB/s | 916.6 KiB |  00m00s
DEBUG util.py:463:  [ 97/106] Installing libevent-0:2.1.12- 100% |  87.8 MiB/s | 899.4 KiB |  00m00s
DEBUG util.py:463:  [ 98/106] Installing openldap-0:2.6.8-3 100% |  69.9 MiB/s | 644.1 KiB |  00m00s
DEBUG util.py:463:  [ 99/106] Installing libcurl-0:8.8.0-1. 100% |  87.5 MiB/s | 806.8 KiB |  00m00s
DEBUG util.py:463:  [100/106] Installing librepo-0:1.17.1-2 100% |  47.9 MiB/s | 245.5 KiB |  00m00s
DEBUG util.py:463:  [101/106] Installing libdnf5-0:5.2.3.0- 100% | 121.2 MiB/s |   3.2 MiB |  00m00s
DEBUG util.py:463:  [102/106] Installing libdnf5-cli-0:5.2. 100% |  76.9 MiB/s | 788.0 KiB |  00m00s
DEBUG util.py:463:  [103/106] Installing dnf5-0:5.2.3.0-3.f 100% |  66.6 MiB/s |   1.7 MiB |  00m00s
DEBUG util.py:463:  [104/106] Installing curl-0:8.8.0-1.fc4 100% |  33.1 MiB/s | 746.2 KiB |  00m00s
DEBUG util.py:463:  >>> Running pre-install scriptlet: rpm-0:4.19.92-1.fc41.x86_64
DEBUG util.py:463:  >>> Stop pre-install scriptlet: rpm-0:4.19.92-1.fc41.x86_64
DEBUG util.py:463:  [105/106] Installing rpm-0:4.19.92-1.fc 100% |  45.3 MiB/s |   2.5 MiB |  00m00s
DEBUG util.py:463:  [106/106] Installing dnf5-plugins-0:5.2 100% | 336.9 KiB/s |   1.0 MiB |  00m03s
DEBUG util.py:463:  >>> Running post-transaction scriptlet: filesystem-0:3.18-9.fc41.x86_64
DEBUG util.py:463:  >>> Stop post-transaction scriptlet: filesystem-0:3.18-9.fc41.x86_64
DEBUG util.py:463:  >>> Running post-transaction scriptlet: ca-certificates-0:2024.2.68_v8.0.302-2.f
DEBUG util.py:463:  >>> Stop post-transaction scriptlet: ca-certificates-0:2024.2.68_v8.0.302-2.fc41
DEBUG util.py:463:  >>> Running post-transaction scriptlet: rpm-0:4.19.92-1.fc41.x86_64
DEBUG util.py:463:  >>> Stop post-transaction scriptlet: rpm-0:4.19.92-1.fc41.x86_64
DEBUG util.py:463:  >>> Running trigger-install scriptlet: glibc-common-0:2.39.9000-26.fc41.x86_64
DEBUG util.py:463:  >>> Stop trigger-install scriptlet: glibc-common-0:2.39.9000-26.fc41.x86_64
DEBUG util.py:463:  >>> Running trigger-install scriptlet: glib2-0:2.80.3-1.fc41.x86_64
DEBUG util.py:463:  >>> Stop trigger-install scriptlet: glib2-0:2.80.3-1.fc41.x86_64
DEBUG util.py:461:  Warning: skipped PGP checks for 104 package(s).
DEBUG util.py:610:  Child return code was: 0
DEBUG util.py:185:  kill orphans in chroot /var/lib/mock/f41-build-51933390-6217774-bootstrap/root
DEBUG util.py:636:  child environment: None
DEBUG util.py:558:  Executing command: ['/bin/umount', '-n', '-l', '/var/lib/mock/f41-build-51933390-6217774-bootstrap/root/sys/fs/selinux'] with env {'TERM': 'vt100', 'SHELL': '/bin/sh', 'HOME': '/builddir', 'HOSTNAME': 'mock', 'PATH': '/usr/bin:/bin:/usr/sbin:/sbin', 'LANG': 'C.UTF-8'} and shell False
DEBUG util.py:610:  Child return code was: 0
DEBUG util.py:636:  child environment: None
DEBUG util.py:558:  Executing command: ['/bin/umount', '-n', '/var/lib/mock/f41-build-51933390-6217774-bootstrap/root/proc/filesystems'] with env {'TERM': 'vt100', 'SHELL': '/bin/sh', 'HOME': '/builddir', 'HOSTNAME': 'mock', 'PATH': '/usr/bin:/bin:/usr/sbin:/sbin', 'LANG': 'C.UTF-8'} and shell False
DEBUG util.py:610:  Child return code was: 0
DEBUG util.py:636:  child environment: None
DEBUG util.py:558:  Executing command: ['/bin/umount', '-n', '-l', '/var/lib/mock/f41-build-51933390-6217774-bootstrap/root/dev/pts'] with env {'TERM': 'vt100', 'SHELL': '/bin/sh', 'HOME': '/builddir', 'HOSTNAME': 'mock', 'PATH': '/usr/bin:/bin:/usr/sbin:/sbin', 'LANG': 'C.UTF-8'} and shell False
DEBUG util.py:610:  Child return code was: 0
DEBUG util.py:636:  child environment: None
DEBUG util.py:558:  Executing command: ['/bin/umount', '-n', '-l', '/var/lib/mock/f41-build-51933390-6217774-bootstrap/root/dev/shm'] with env {'TERM': 'vt100', 'SHELL': '/bin/sh', 'HOME': '/builddir', 'HOSTNAME': 'mock', 'PATH': '/usr/bin:/bin:/usr/sbin:/sbin', 'LANG': 'C.UTF-8'} and shell False
DEBUG util.py:610:  Child return code was: 0
DEBUG util.py:636:  child environment: None
DEBUG util.py:558:  Executing command: ['/bin/umount', '-n', '-l', '/var/lib/mock/f41-build-51933390-6217774-bootstrap/root/sys'] with env {'TERM': 'vt100', 'SHELL': '/bin/sh', 'HOME': '/builddir', 'HOSTNAME': 'mock', 'PATH': '/usr/bin:/bin:/usr/sbin:/sbin', 'LANG': 'C.UTF-8'} and shell False
DEBUG util.py:610:  Child return code was: 0
DEBUG util.py:636:  child environment: None
DEBUG util.py:558:  Executing command: ['/bin/umount', '-n', '-l', '/var/lib/mock/f41-build-51933390-6217774-bootstrap/root/sys'] with env {'TERM': 'vt100', 'SHELL': '/bin/sh', 'HOME': '/builddir', 'HOSTNAME': 'mock', 'PATH': '/usr/bin:/bin:/usr/sbin:/sbin', 'LANG': 'C.UTF-8'} and shell False
DEBUG util.py:610:  Child return code was: 0
DEBUG util.py:636:  child environment: None
DEBUG util.py:558:  Executing command: ['/bin/umount', '-n', '-l', '/var/lib/mock/f41-build-51933390-6217774-bootstrap/root/proc'] with env {'TERM': 'vt100', 'SHELL': '/bin/sh', 'HOME': '/builddir', 'HOSTNAME': 'mock', 'PATH': '/usr/bin:/bin:/usr/sbin:/sbin', 'LANG': 'C.UTF-8'} and shell False
DEBUG util.py:610:  Child return code was: 0
DEBUG util.py:636:  child environment: None
DEBUG util.py:558:  Executing command: ['/bin/umount', '-n', '-l', '/var/lib/mock/f41-build-51933390-6217774-bootstrap/root/proc'] with env {'TERM': 'vt100', 'SHELL': '/bin/sh', 'HOME': '/builddir', 'HOSTNAME': 'mock', 'PATH': '/usr/bin:/bin:/usr/sbin:/sbin', 'LANG': 'C.UTF-8'} and shell False
DEBUG util.py:610:  Child return code was: 0
DEBUG file_util.py:30:  touching file: /var/lib/mock/f41-build-51933390-6217774-bootstrap/root/etc/os-release
DEBUG buildroot.py:38:  method _setup_build_dirs skipped in bootstrap
DEBUG buildroot.py:38:  method _make_users skipped in bootstrap
DEBUG file_util.py:30:  touching file: /var/lib/mock/f41-build-51933390-6217774-bootstrap/root/.initialized
DEBUG file_util.py:18:  ensuring that dir exists: /var/lib/mock/f41-build-51933390-6217774
DEBUG file_util.py:18:  ensuring that dir exists: /var/lib/mock/f41-build-51933390-6217774/root
DEBUG file_util.py:18:  ensuring that dir exists: /var/lib/mock/f41-build-51933390-6217774/result
INFO buildroot.py:284:  calling preinit hooks
DEBUG util.py:636:  child environment: None
DEBUG util.py:558:  Executing command: ['/usr/bin/lscpu'] with env {'TERM': 'vt100', 'SHELL': '/bin/sh', 'HOME': '/builddir', 'HOSTNAME': 'mock', 'PATH': '/usr/bin:/bin:/usr/sbin:/sbin', 'LANG': 'C.UTF-8'} and shell False
DEBUG util.py:463:  Architecture:                         x86_64
DEBUG util.py:463:  CPU op-mode(s):                       32-bit, 64-bit
DEBUG util.py:463:  Address sizes:                        46 bits physical, 48 bits virtual
DEBUG util.py:463:  Byte Order:                           Little Endian
DEBUG util.py:463:  CPU(s):                               48
DEBUG util.py:463:  On-line CPU(s) list:                  0-47
DEBUG util.py:463:  Vendor ID:                            GenuineIntel
DEBUG util.py:463:  Model name:                           Intel(R) Xeon(R) CPU E5-2670 v3 @ 2.30GHz
DEBUG util.py:463:  CPU family:                           6
DEBUG util.py:463:  Model:                                63
DEBUG util.py:463:  Thread(s) per core:                   2
DEBUG util.py:463:  Core(s) per socket:                   12
DEBUG util.py:463:  Socket(s):                            2
DEBUG util.py:463:  Stepping:                             2
DEBUG util.py:463:  CPU(s) scaling MHz:                   46%
DEBUG util.py:463:  CPU max MHz:                          3100.0000
DEBUG util.py:463:  CPU min MHz:                          1200.0000
DEBUG util.py:463:  BogoMIPS:                             4600.42
DEBUG util.py:463:  Flags:                                fpu vme de pse tsc msr pae mce cx8 apic sep mtrr pge mca cmov pat pse36 clflush dts acpi mmx fxsr sse sse2 ss ht tm pbe syscall nx pdpe1gb rdtscp lm constant_tsc arch_perfmon pebs bts rep_good nopl xtopology nonstop_tsc cpuid aperfmperf pni pclmulqdq dtes64 monitor ds_cpl vmx smx est tm2 ssse3 sdbg fma cx16 xtpr pdcm pcid dca sse4_1 sse4_2 x2apic movbe popcnt tsc_deadline_timer aes xsave avx f16c rdrand lahf_lm abm cpuid_fault epb pti ssbd ibrs ibpb stibp tpr_shadow flexpriority ept vpid ept_ad fsgsbase tsc_adjust bmi1 avx2 smep bmi2 erms invpcid cqm xsaveopt cqm_llc cqm_occup_llc dtherm ida arat pln pts vnmi md_clear flush_l1d
DEBUG util.py:463:  Virtualization:                       VT-x
DEBUG util.py:463:  L1d cache:                            768 KiB (24 instances)
DEBUG util.py:463:  L1i cache:                            768 KiB (24 instances)
DEBUG util.py:463:  L2 cache:                             6 MiB (24 instances)
DEBUG util.py:463:  L3 cache:                             60 MiB (2 instances)
DEBUG util.py:463:  NUMA node(s):                         2
DEBUG util.py:463:  NUMA node0 CPU(s):                    0,2,4,6,8,10,12,14,16,18,20,22,24,26,28,30,32,34,36,38,40,42,44,46
DEBUG util.py:463:  NUMA node1 CPU(s):                    1,3,5,7,9,11,13,15,17,19,21,23,25,27,29,31,33,35,37,39,41,43,45,47
DEBUG util.py:463:  Vulnerability Gather data sampling:   Not affected
DEBUG util.py:463:  Vulnerability Itlb multihit:          KVM: Mitigation: VMX disabled
DEBUG util.py:463:  Vulnerability L1tf:                   Mitigation; PTE Inversion; VMX conditional cache flushes, SMT vulnerable
DEBUG util.py:463:  Vulnerability Mds:                    Mitigation; Clear CPU buffers; SMT vulnerable
DEBUG util.py:463:  Vulnerability Meltdown:               Mitigation; PTI
DEBUG util.py:463:  Vulnerability Mmio stale data:        Mitigation; Clear CPU buffers; SMT vulnerable
DEBUG util.py:463:  Vulnerability Reg file data sampling: Not affected
DEBUG util.py:463:  Vulnerability Retbleed:               Not affected
DEBUG util.py:463:  Vulnerability Spec rstack overflow:   Not affected
DEBUG util.py:463:  Vulnerability Spec store bypass:      Mitigation; Speculative Store Bypass disabled via prctl
DEBUG util.py:463:  Vulnerability Spectre v1:             Mitigation; usercopy/swapgs barriers and __user pointer sanitization
DEBUG util.py:463:  Vulnerability Spectre v2:             Mitigation; Retpolines; IBPB conditional; IBRS_FW; STIBP conditional; RSB filling; PBRSB-eIBRS Not affected; BHI Not affected
DEBUG util.py:463:  Vulnerability Srbds:                  Not affected
DEBUG util.py:463:  Vulnerability Tsx async abort:        Not affected
DEBUG util.py:610:  Child return code was: 0
DEBUG util.py:636:  child environment: None
DEBUG util.py:558:  Executing command: ['/bin/free'] with env {'TERM': 'vt100', 'SHELL': '/bin/sh', 'HOME': '/builddir', 'HOSTNAME': 'mock', 'PATH': '/usr/bin:/bin:/usr/sbin:/sbin', 'LANG': 'C.UTF-8'} and shell False
DEBUG util.py:463:                 total        used        free      shared  buff/cache   available
DEBUG util.py:463:  Mem:       131882104     3439340    68630660        3584    60878740   128442764
DEBUG util.py:463:  Swap:        8388604       55296     8333308
DEBUG util.py:610:  Child return code was: 0
DEBUG util.py:636:  child environment: None
DEBUG util.py:558:  Executing command: ['/bin/df', '-H', '-T', '/var/lib/mock/f41-build-51933390-6217774/root', '/var/cache/mock'] with env {'TERM': 'vt100', 'SHELL': '/bin/sh', 'HOME': '/builddir', 'HOSTNAME': 'mock', 'PATH': '/usr/bin:/bin:/usr/sbin:/sbin', 'LANG': 'C.UTF-8'} and shell False
DEBUG util.py:463:  Filesystem                                            Type   Size  Used Avail Use% Mounted on
DEBUG util.py:463:  /dev/mapper/luks-3aa4fbe3-5a19-4025-b70c-1d3038b76bd4 btrfs  399G   31G  335G   9% /
DEBUG util.py:463:  /dev/mapper/luks-3aa4fbe3-5a19-4025-b70c-1d3038b76bd4 btrfs  399G   31G  335G   9% /
DEBUG util.py:610:  Child return code was: 0
DEBUG buildroot.py:661:  create skeleton dirs
DEBUG file_util.py:18:  ensuring that dir exists: /var/lib/mock/f41-build-51933390-6217774/root/var/lib/rpm
DEBUG file_util.py:21:  created dir: /var/lib/mock/f41-build-51933390-6217774/root/var/lib/rpm
DEBUG file_util.py:18:  ensuring that dir exists: /var/lib/mock/f41-build-51933390-6217774/root/var/lib/yum
DEBUG file_util.py:21:  created dir: /var/lib/mock/f41-build-51933390-6217774/root/var/lib/yum
DEBUG file_util.py:18:  ensuring that dir exists: /var/lib/mock/f41-build-51933390-6217774/root/var/lib/dbus
DEBUG file_util.py:21:  created dir: /var/lib/mock/f41-build-51933390-6217774/root/var/lib/dbus
DEBUG file_util.py:18:  ensuring that dir exists: /var/lib/mock/f41-build-51933390-6217774/root/var/log
DEBUG file_util.py:21:  created dir: /var/lib/mock/f41-build-51933390-6217774/root/var/log
DEBUG file_util.py:18:  ensuring that dir exists: /var/lib/mock/f41-build-51933390-6217774/root/var/cache/dnf
DEBUG file_util.py:21:  created dir: /var/lib/mock/f41-build-51933390-6217774/root/var/cache/dnf
DEBUG file_util.py:18:  ensuring that dir exists: /var/lib/mock/f41-build-51933390-6217774/root/var/cache/yum
DEBUG file_util.py:21:  created dir: /var/lib/mock/f41-build-51933390-6217774/root/var/cache/yum
DEBUG file_util.py:18:  ensuring that dir exists: /var/lib/mock/f41-build-51933390-6217774/root/etc/rpm
DEBUG file_util.py:21:  created dir: /var/lib/mock/f41-build-51933390-6217774/root/etc/rpm
DEBUG file_util.py:18:  ensuring that dir exists: /var/lib/mock/f41-build-51933390-6217774/root/tmp
DEBUG file_util.py:21:  created dir: /var/lib/mock/f41-build-51933390-6217774/root/tmp
DEBUG file_util.py:18:  ensuring that dir exists: /var/lib/mock/f41-build-51933390-6217774/root/tmp/ccache
DEBUG file_util.py:21:  created dir: /var/lib/mock/f41-build-51933390-6217774/root/tmp/ccache
DEBUG file_util.py:18:  ensuring that dir exists: /var/lib/mock/f41-build-51933390-6217774/root/var/tmp
DEBUG file_util.py:21:  created dir: /var/lib/mock/f41-build-51933390-6217774/root/var/tmp
DEBUG file_util.py:18:  ensuring that dir exists: /var/lib/mock/f41-build-51933390-6217774/root/etc/dnf
DEBUG file_util.py:21:  created dir: /var/lib/mock/f41-build-51933390-6217774/root/etc/dnf
DEBUG file_util.py:18:  ensuring that dir exists: /var/lib/mock/f41-build-51933390-6217774/root/etc/dnf/vars
DEBUG file_util.py:21:  created dir: /var/lib/mock/f41-build-51933390-6217774/root/etc/dnf/vars
DEBUG file_util.py:18:  ensuring that dir exists: /var/lib/mock/f41-build-51933390-6217774/root/etc/yum.repos.d
DEBUG file_util.py:21:  created dir: /var/lib/mock/f41-build-51933390-6217774/root/etc/yum.repos.d
DEBUG file_util.py:18:  ensuring that dir exists: /var/lib/mock/f41-build-51933390-6217774/root/etc/yum
DEBUG file_util.py:21:  created dir: /var/lib/mock/f41-build-51933390-6217774/root/etc/yum
DEBUG file_util.py:18:  ensuring that dir exists: /var/lib/mock/f41-build-51933390-6217774/root/proc
DEBUG file_util.py:21:  created dir: /var/lib/mock/f41-build-51933390-6217774/root/proc
DEBUG file_util.py:18:  ensuring that dir exists: /var/lib/mock/f41-build-51933390-6217774/root/sys
DEBUG file_util.py:21:  created dir: /var/lib/mock/f41-build-51933390-6217774/root/sys
DEBUG file_util.py:18:  ensuring that dir exists: /var/lib/mock/f41-build-51933390-6217774/root/dev/pts
DEBUG file_util.py:21:  created dir: /var/lib/mock/f41-build-51933390-6217774/root/dev/pts
DEBUG file_util.py:18:  ensuring that dir exists: /var/lib/mock/f41-build-51933390-6217774/root/dev/shm
DEBUG file_util.py:21:  created dir: /var/lib/mock/f41-build-51933390-6217774/root/dev/shm
DEBUG file_util.py:18:  ensuring that dir exists: /var/lib/mock/f41-build-51933390-6217774/root/dev/mapper
DEBUG file_util.py:21:  created dir: /var/lib/mock/f41-build-51933390-6217774/root/dev/mapper
DEBUG buildroot.py:805:  kernel version == 6.8.9-200.fc39.x86_64
DEBUG file_util.py:30:  touching file: /var/lib/mock/f41-build-51933390-6217774/root/etc/fstab
DEBUG file_util.py:30:  touching file: /var/lib/mock/f41-build-51933390-6217774/root/etc/yum/yum.conf
DEBUG file_util.py:30:  touching file: /var/lib/mock/f41-build-51933390-6217774/root/etc/dnf/dnf.conf
DEBUG file_util.py:30:  touching file: /var/lib/mock/f41-build-51933390-6217774/root/var/log/yum.log
DEBUG buildroot.py:298:  rootdir = /var/lib/mock/f41-build-51933390-6217774/root
DEBUG buildroot.py:299:  resultdir = /var/lib/mock/f41-build-51933390-6217774/result
INFO buildroot.py:174:  Package manager dnf5 detected and used (direct choice)
DEBUG file_util.py:18:  ensuring that dir exists: /var/lib/mock/f41-build-51933390-6217774/root/etc/pki/mock
DEBUG file_util.py:21:  created dir: /var/lib/mock/f41-build-51933390-6217774/root/etc/pki/mock
DEBUG file_util.py:158:  Updating files in /var/lib/mock/f41-build-51933390-6217774/root/etc/pki/ca-trust with files from /etc/pki/ca-trust
DEBUG file_util.py:18:  ensuring that dir exists: /var/lib/mock/f41-build-51933390-6217774/root/etc/pki/ca-trust
DEBUG file_util.py:21:  created dir: /var/lib/mock/f41-build-51933390-6217774/root/etc/pki/ca-trust
DEBUG file_util.py:18:  ensuring that dir exists: /var/lib/mock/f41-build-51933390-6217774/root/etc/pki/ca-trust/./extracted
DEBUG file_util.py:21:  created dir: /var/lib/mock/f41-build-51933390-6217774/root/etc/pki/ca-trust/./extracted
DEBUG file_util.py:18:  ensuring that dir exists: /var/lib/mock/f41-build-51933390-6217774/root/etc/pki/ca-trust/./source
DEBUG file_util.py:21:  created dir: /var/lib/mock/f41-build-51933390-6217774/root/etc/pki/ca-trust/./source
DEBUG file_util.py:18:  ensuring that dir exists: /var/lib/mock/f41-build-51933390-6217774/root/etc/pki/ca-trust/extracted/edk2
DEBUG file_util.py:21:  created dir: /var/lib/mock/f41-build-51933390-6217774/root/etc/pki/ca-trust/extracted/edk2
DEBUG file_util.py:18:  ensuring that dir exists: /var/lib/mock/f41-build-51933390-6217774/root/etc/pki/ca-trust/extracted/java
DEBUG file_util.py:21:  created dir: /var/lib/mock/f41-build-51933390-6217774/root/etc/pki/ca-trust/extracted/java
DEBUG file_util.py:18:  ensuring that dir exists: /var/lib/mock/f41-build-51933390-6217774/root/etc/pki/ca-trust/extracted/openssl
DEBUG file_util.py:21:  created dir: /var/lib/mock/f41-build-51933390-6217774/root/etc/pki/ca-trust/extracted/openssl
DEBUG file_util.py:18:  ensuring that dir exists: /var/lib/mock/f41-build-51933390-6217774/root/etc/pki/ca-trust/extracted/pem
DEBUG file_util.py:21:  created dir: /var/lib/mock/f41-build-51933390-6217774/root/etc/pki/ca-trust/extracted/pem
DEBUG file_util.py:18:  ensuring that dir exists: /var/lib/mock/f41-build-51933390-6217774/root/etc/pki/ca-trust/extracted/pem/directory-hash
DEBUG file_util.py:21:  created dir: /var/lib/mock/f41-build-51933390-6217774/root/etc/pki/ca-trust/extracted/pem/directory-hash
DEBUG file_util.py:18:  ensuring that dir exists: /var/lib/mock/f41-build-51933390-6217774/root/etc/pki/ca-trust/source/anchors
DEBUG file_util.py:21:  created dir: /var/lib/mock/f41-build-51933390-6217774/root/etc/pki/ca-trust/source/anchors
DEBUG file_util.py:18:  ensuring that dir exists: /var/lib/mock/f41-build-51933390-6217774/root/etc/pki/ca-trust/source/blacklist
DEBUG file_util.py:21:  created dir: /var/lib/mock/f41-build-51933390-6217774/root/etc/pki/ca-trust/source/blacklist
DEBUG file_util.py:18:  ensuring that dir exists: /var/lib/mock/f41-build-51933390-6217774/root/etc/pki/ca-trust/source/blocklist
DEBUG file_util.py:21:  created dir: /var/lib/mock/f41-build-51933390-6217774/root/etc/pki/ca-trust/source/blocklist
DEBUG file_util.py:158:  Updating files in /var/lib/mock/f41-build-51933390-6217774/root/usr/share/pki/ca-trust-source with files from /usr/share/pki/ca-trust-source
DEBUG file_util.py:18:  ensuring that dir exists: /var/lib/mock/f41-build-51933390-6217774/root/usr/share/pki/ca-trust-source
DEBUG file_util.py:21:  created dir: /var/lib/mock/f41-build-51933390-6217774/root/usr/share/pki/ca-trust-source
DEBUG file_util.py:18:  ensuring that dir exists: /var/lib/mock/f41-build-51933390-6217774/root/usr/share/pki/ca-trust-source/./anchors
DEBUG file_util.py:21:  created dir: /var/lib/mock/f41-build-51933390-6217774/root/usr/share/pki/ca-trust-source/./anchors
DEBUG file_util.py:18:  ensuring that dir exists: /var/lib/mock/f41-build-51933390-6217774/root/usr/share/pki/ca-trust-source/./blacklist
DEBUG file_util.py:21:  created dir: /var/lib/mock/f41-build-51933390-6217774/root/usr/share/pki/ca-trust-source/./blacklist
DEBUG file_util.py:18:  ensuring that dir exists: /var/lib/mock/f41-build-51933390-6217774/root/usr/share/pki/ca-trust-source/./blocklist
DEBUG file_util.py:21:  created dir: /var/lib/mock/f41-build-51933390-6217774/root/usr/share/pki/ca-trust-source/./blocklist
DEBUG file_util.py:18:  ensuring that dir exists: /var/lib/mock/f41-build-51933390-6217774/root/etc/dnf
DEBUG package_manager.py:683:  configure DNF vars
DEBUG file_util.py:18:  ensuring that dir exists: /var/lib/mock/f41-build-51933390-6217774/root/etc
DEBUG file_util.py:18:  ensuring that dir exists: /var/lib/mock/f41-build-51933390-6217774/root/proc
DEBUG util.py:636:  child environment: None
DEBUG util.py:558:  Executing command: ['/bin/mount', '-n', '-t', 'tmpfs', '-o', 'rprivate,mode=0755', 'tmpfs', '/var/lib/mock/f41-build-51933390-6217774/root/proc'] with env {'TERM': 'vt100', 'SHELL': '/bin/sh', 'HOME': '/builddir', 'HOSTNAME': 'mock', 'PATH': '/usr/bin:/bin:/usr/sbin:/sbin', 'LANG': 'C.UTF-8'} and shell False
DEBUG util.py:610:  Child return code was: 0
DEBUG file_util.py:18:  ensuring that dir exists: /var/lib/mock/f41-build-51933390-6217774/root/proc
DEBUG util.py:636:  child environment: None
DEBUG util.py:558:  Executing command: ['/bin/mount', '-n', '-o', 'rbind', '/proc', '/var/lib/mock/f41-build-51933390-6217774/root/proc'] with env {'TERM': 'vt100', 'SHELL': '/bin/sh', 'HOME': '/builddir', 'HOSTNAME': 'mock', 'PATH': '/usr/bin:/bin:/usr/sbin:/sbin', 'LANG': 'C.UTF-8'} and shell False
DEBUG util.py:610:  Child return code was: 0
DEBUG util.py:636:  child environment: None
DEBUG util.py:558:  Executing command: ['/bin/mount', '-n', '-o', 'remount,nodev,noexec,nosuid,readonly,rprivate,rbind', '--target', '/var/lib/mock/f41-build-51933390-6217774/root/proc'] with env {'TERM': 'vt100', 'SHELL': '/bin/sh', 'HOME': '/builddir', 'HOSTNAME': 'mock', 'PATH': '/usr/bin:/bin:/usr/sbin:/sbin', 'LANG': 'C.UTF-8'} and shell False
DEBUG util.py:610:  Child return code was: 0
DEBUG file_util.py:18:  ensuring that dir exists: /var/lib/mock/f41-build-51933390-6217774/root/sys
DEBUG util.py:636:  child environment: None
DEBUG util.py:558:  Executing command: ['/bin/mount', '-n', '-t', 'tmpfs', '-o', 'rprivate,mode=0755', 'tmpfs', '/var/lib/mock/f41-build-51933390-6217774/root/sys'] with env {'TERM': 'vt100', 'SHELL': '/bin/sh', 'HOME': '/builddir', 'HOSTNAME': 'mock', 'PATH': '/usr/bin:/bin:/usr/sbin:/sbin', 'LANG': 'C.UTF-8'} and shell False
DEBUG util.py:610:  Child return code was: 0
DEBUG file_util.py:18:  ensuring that dir exists: /var/lib/mock/f41-build-51933390-6217774/root/sys
DEBUG util.py:636:  child environment: None
DEBUG util.py:558:  Executing command: ['/bin/mount', '-n', '-o', 'rbind', '/sys', '/var/lib/mock/f41-build-51933390-6217774/root/sys'] with env {'TERM': 'vt100', 'SHELL': '/bin/sh', 'HOME': '/builddir', 'HOSTNAME': 'mock', 'PATH': '/usr/bin:/bin:/usr/sbin:/sbin', 'LANG': 'C.UTF-8'} and shell False
DEBUG util.py:610:  Child return code was: 0
DEBUG util.py:636:  child environment: None
DEBUG util.py:558:  Executing command: ['/bin/mount', '-n', '-o', 'remount,nodev,noexec,nosuid,readonly,rprivate,rbind', '--target', '/var/lib/mock/f41-build-51933390-6217774/root/sys'] with env {'TERM': 'vt100', 'SHELL': '/bin/sh', 'HOME': '/builddir', 'HOSTNAME': 'mock', 'PATH': '/usr/bin:/bin:/usr/sbin:/sbin', 'LANG': 'C.UTF-8'} and shell False
DEBUG util.py:610:  Child return code was: 0
DEBUG file_util.py:18:  ensuring that dir exists: /var/lib/mock/f41-build-51933390-6217774/root/dev/shm
DEBUG util.py:636:  child environment: None
DEBUG util.py:558:  Executing command: ['/bin/mount', '-n', '-t', 'tmpfs', 'tmpfs', '/var/lib/mock/f41-build-51933390-6217774/root/dev/shm'] with env {'TERM': 'vt100', 'SHELL': '/bin/sh', 'HOME': '/builddir', 'HOSTNAME': 'mock', 'PATH': '/usr/bin:/bin:/usr/sbin:/sbin', 'LANG': 'C.UTF-8'} and shell False
DEBUG util.py:610:  Child return code was: 0
DEBUG file_util.py:18:  ensuring that dir exists: /var/lib/mock/f41-build-51933390-6217774/root/dev/pts
DEBUG util.py:636:  child environment: None
DEBUG util.py:558:  Executing command: ['/bin/mount', '-n', '-t', 'devpts', '-o', 'gid=5,mode=0620,ptmxmode=0666,newinstance', 'devpts', '/var/lib/mock/f41-build-51933390-6217774/root/dev/pts'] with env {'TERM': 'vt100', 'SHELL': '/bin/sh', 'HOME': '/builddir', 'HOSTNAME': 'mock', 'PATH': '/usr/bin:/bin:/usr/sbin:/sbin', 'LANG': 'C.UTF-8'} and shell False
DEBUG util.py:610:  Child return code was: 0
DEBUG util.py:636:  child environment: None
DEBUG util.py:558:  Executing command: ['/bin/mount', '-n', '-o', 'bind', '/tmp/mock-selinux-plugin.spt6jq1e', '/var/lib/mock/f41-build-51933390-6217774/root/proc/filesystems'] with env {'TERM': 'vt100', 'SHELL': '/bin/sh', 'HOME': '/builddir', 'HOSTNAME': 'mock', 'PATH': '/usr/bin:/bin:/usr/sbin:/sbin', 'LANG': 'C.UTF-8'} and shell False
DEBUG util.py:610:  Child return code was: 0
DEBUG file_util.py:18:  ensuring that dir exists: /var/lib/mock/f41-build-51933390-6217774/root/sys/fs/selinux
DEBUG util.py:636:  child environment: None
DEBUG util.py:558:  Executing command: ['/bin/mount', '-n', '-t', 'tmpfs', 'tmpfs', '/var/lib/mock/f41-build-51933390-6217774/root/sys/fs/selinux'] with env {'TERM': 'vt100', 'SHELL': '/bin/sh', 'HOME': '/builddir', 'HOSTNAME': 'mock', 'PATH': '/usr/bin:/bin:/usr/sbin:/sbin', 'LANG': 'C.UTF-8'} and shell False
DEBUG util.py:610:  Child return code was: 0
DEBUG file_util.py:18:  ensuring that dir exists: /var/lib/mock/f41-build-51933390-6217774-bootstrap/root/var/lib/mock/f41-build-51933390-6217774/root
DEBUG file_util.py:21:  created dir: /var/lib/mock/f41-build-51933390-6217774-bootstrap/root/var/lib/mock/f41-build-51933390-6217774/root
DEBUG util.py:636:  child environment: None
DEBUG util.py:558:  Executing command: ['/bin/mount', '-n', '-t', 'tmpfs', '-o', 'private,mode=0755', 'tmpfs', '/var/lib/mock/f41-build-51933390-6217774-bootstrap/root/var/lib/mock/f41-build-51933390-6217774/root'] with env {'TERM': 'vt100', 'SHELL': '/bin/sh', 'HOME': '/builddir', 'HOSTNAME': 'mock', 'PATH': '/usr/bin:/bin:/usr/sbin:/sbin', 'LANG': 'C.UTF-8'} and shell False
DEBUG util.py:610:  Child return code was: 0
DEBUG file_util.py:18:  ensuring that dir exists: /var/lib/mock/f41-build-51933390-6217774-bootstrap/root/var/lib/mock/f41-build-51933390-6217774/root
DEBUG util.py:636:  child environment: None
DEBUG util.py:558:  Executing command: ['/bin/mount', '-n', '-o', 'rbind', '/var/lib/mock/f41-build-51933390-6217774/root', '/var/lib/mock/f41-build-51933390-6217774-bootstrap/root/var/lib/mock/f41-build-51933390-6217774/root'] with env {'TERM': 'vt100', 'SHELL': '/bin/sh', 'HOME': '/builddir', 'HOSTNAME': 'mock', 'PATH': '/usr/bin:/bin:/usr/sbin:/sbin', 'LANG': 'C.UTF-8'} and shell False
DEBUG util.py:610:  Child return code was: 0
DEBUG util.py:636:  child environment: None
DEBUG util.py:558:  Executing command: ['/bin/mount', '-n', '-o', 'remount,private,rbind', '--target', '/var/lib/mock/f41-build-51933390-6217774-bootstrap/root/var/lib/mock/f41-build-51933390-6217774/root'] with env {'TERM': 'vt100', 'SHELL': '/bin/sh', 'HOME': '/builddir', 'HOSTNAME': 'mock', 'PATH': '/usr/bin:/bin:/usr/sbin:/sbin', 'LANG': 'C.UTF-8'} and shell False
DEBUG util.py:610:  Child return code was: 0
DEBUG file_util.py:18:  ensuring that dir exists: /var/lib/mock/f41-build-51933390-6217774/root/installation-homedir
DEBUG file_util.py:21:  created dir: /var/lib/mock/f41-build-51933390-6217774/root/installation-homedir
DEBUG package_manager.py:289:  ['/usr/bin/dnf5', '--installroot', '/var/lib/mock/f41-build-51933390-6217774/root/', 'group', 'install', 'build', '--setopt=deltarpm=False', '--setopt=allow_vendor_change=yes']
DEBUG util.py:636:  child environment: None
DEBUG util.py:553:  Using nspawn with args ['--capability=cap_ipc_lock', '--bind=/tmp/mock-resolv.k0946sa3:/etc/resolv.conf']
DEBUG util.py:558:  Executing command: ['/usr/bin/systemd-nspawn', '-q', '-M', 'fb307bdc7cb748e5b89a8d4da036ea38', '-D', '/var/lib/mock/f41-build-51933390-6217774-bootstrap/root', '-a', '--capability=cap_ipc_lock', '--bind=/tmp/mock-resolv.k0946sa3:/etc/resolv.conf', '--console=pipe', '--setenv=TERM=vt100', '--setenv=SHELL=/bin/bash', '--setenv=HOME=/var/lib/mock/f41-build-51933390-6217774/root/installation-homedir', '--setenv=HOSTNAME=mock', '--setenv=PATH=/usr/bin:/bin:/usr/sbin:/sbin', '--setenv=PROMPT_COMMAND=printf "\\033]0;<mock-chroot>\\007"', '--setenv=PS1=<mock-chroot> \\s-\\v\\$ ', '--setenv=LANG=C.UTF-8', '--setenv=LC_MESSAGES=C.UTF-8', '--resolv-conf=off', '/usr/bin/dnf5', '--installroot', '/var/lib/mock/f41-build-51933390-6217774/root/', 'group', 'install', 'build', '--setopt=deltarpm=False', '--setopt=allow_vendor_change=yes', '--setopt=tsflags=nocontexts'] with env {'TERM': 'vt100', 'SHELL': '/bin/bash', 'HOME': '/var/lib/mock/f41-build-51933390-6217774/root/installation-homedir', 'HOSTNAME': 'mock', 'PATH': '/usr/bin:/bin:/usr/sbin:/sbin', 'PROMPT_COMMAND': 'printf "\\033]0;<mock-chroot>\\007"', 'PS1': '<mock-chroot> \\s-\\v\\$ ', 'LANG': 'C.UTF-8', 'LC_MESSAGES': 'C.UTF-8', 'SYSTEMD_NSPAWN_TMPFS_TMP': '0', 'SYSTEMD_SECCOMP': '0'} and shell False
DEBUG util.py:463:  Updating and loading repositories:
DEBUG util.py:463:   build                                  100% |  68.9 MiB/s |  17.5 MiB |  00m00s
DEBUG util.py:463:  Repositories loaded.
DEBUG util.py:463:  Package                            Arch   Version                    Repository      Size
DEBUG util.py:463:  Installing group/module packages:
DEBUG util.py:463:   bash                              x86_64 5.2.26-3.fc40              build        8.1 MiB
DEBUG util.py:463:   bzip2                             x86_64 1.0.8-18.fc40              build       91.7 KiB
DEBUG util.py:463:   coreutils                         x86_64 9.5-2.fc41                 build        5.5 MiB
DEBUG util.py:463:   cpio                              x86_64 2.15-1.fc40                build        1.1 MiB
DEBUG util.py:463:   diffutils                         x86_64 3.10-5.fc40                build        1.6 MiB
DEBUG util.py:463:   fedora-release                    noarch 41-0.14                    build        0.0   B
DEBUG util.py:463:   findutils                         x86_64 1:4.10.0-2.fc41            build        1.8 MiB
DEBUG util.py:463:   gawk                              x86_64 5.3.0-3.fc40               build        1.7 MiB
DEBUG util.py:463:   glibc-minimal-langpack            x86_64 2.39.9000-26.fc41          build        0.0   B
DEBUG util.py:463:   grep                              x86_64 3.11-8.fc41                build        1.0 MiB
DEBUG util.py:463:   gzip                              x86_64 1.13-1.fc40                build      385.0 KiB
DEBUG util.py:463:   info                              x86_64 7.1-2.fc40                 build      357.8 KiB
DEBUG util.py:463:   patch                             x86_64 2.7.6-24.fc40              build      262.8 KiB
DEBUG util.py:463:   redhat-rpm-config                 noarch 293-1.fc41                 build      183.5 KiB
DEBUG util.py:463:   rpm-build                         x86_64 4.19.92-1.fc41             build      194.2 KiB
DEBUG util.py:463:   sed                               x86_64 4.9-1.fc40                 build      861.5 KiB
DEBUG util.py:463:   shadow-utils                      x86_64 2:4.15.1-5.fc41            build        4.1 MiB
DEBUG util.py:463:   tar                               x86_64 2:1.35-3.fc40              build        2.9 MiB
DEBUG util.py:463:   unzip                             x86_64 6.0-63.fc40                build      382.8 KiB
DEBUG util.py:463:   util-linux                        x86_64 2.40.1-2.fc41              build        3.7 MiB
DEBUG util.py:463:   which                             x86_64 2.21-41.fc40               build       80.2 KiB
DEBUG util.py:463:   xz                                x86_64 1:5.6.2-1.fc41             build        1.2 MiB
DEBUG util.py:463:  Installing dependencies:
DEBUG util.py:463:   add-determinism                   x86_64 0.3.2-1.fc41               build        2.3 MiB
DEBUG util.py:463:   alternatives                      x86_64 1.28-1.fc41                build       66.3 KiB
DEBUG util.py:463:   ansible-srpm-macros               noarch 1-15.fc41                  build       35.7 KiB
DEBUG util.py:463:   audit-libs                        x86_64 4.0.1-3.fc41               build      327.3 KiB
DEBUG util.py:463:   authselect                        x86_64 1.5.0-5.fc41               build      153.6 KiB
DEBUG util.py:463:   authselect-libs                   x86_64 1.5.0-5.fc41               build      818.2 KiB
DEBUG util.py:463:   basesystem                        noarch 11-20.fc40                 build        0.0   B
DEBUG util.py:463:   binutils                          x86_64 2.42.50-14.fc41            build       26.7 MiB
DEBUG util.py:463:   build-reproducibility-srpm-macros noarch 0.3.2-1.fc41               build      735.0   B
DEBUG util.py:463:   bzip2-libs                        x86_64 1.0.8-18.fc40              build       80.7 KiB
DEBUG util.py:463:   ca-certificates                   noarch 2024.2.68_v8.0.302-2.fc41  build        2.3 MiB
DEBUG util.py:463:   coreutils-common                  x86_64 9.5-2.fc41                 build       11.2 MiB
DEBUG util.py:463:   cracklib                          x86_64 2.9.11-5.fc40              build      238.9 KiB
DEBUG util.py:463:   crypto-policies                   noarch 20240628-1.gitddd11d3.fc41 build      123.4 KiB
DEBUG util.py:463:   curl                              x86_64 8.8.0-1.fc41               build      743.7 KiB
DEBUG util.py:463:   cyrus-sasl-lib                    x86_64 2.1.28-24.fc41             build        2.3 MiB
DEBUG util.py:463:   debugedit                         x86_64 5.0-16.fc41                build      199.3 KiB
DEBUG util.py:463:   dwz                               x86_64 0.15-6.fc40                build      290.9 KiB
DEBUG util.py:463:   ed                                x86_64 1.20.2-1.fc41              build      146.8 KiB
DEBUG util.py:463:   efi-srpm-macros                   noarch 5-11.fc40                  build       40.1 KiB
DEBUG util.py:463:   elfutils                          x86_64 0.191-7.fc41               build        2.5 MiB
DEBUG util.py:463:   elfutils-debuginfod-client        x86_64 0.191-7.fc41               build       64.9 KiB
DEBUG util.py:463:   elfutils-default-yama-scope       noarch 0.191-7.fc41               build        1.8 KiB
DEBUG util.py:463:   elfutils-libelf                   x86_64 0.191-7.fc41               build        1.2 MiB
DEBUG util.py:463:   elfutils-libs                     x86_64 0.191-7.fc41               build      646.1 KiB
DEBUG util.py:463:   fedora-gpg-keys                   noarch 41-0.2                     build      124.7 KiB
DEBUG util.py:463:   fedora-release-common             noarch 41-0.14                    build       19.2 KiB
DEBUG util.py:463:   fedora-release-identity-basic     noarch 41-0.14                    build      694.0   B
DEBUG util.py:463:   fedora-repos                      noarch 41-0.2                     build        4.9 KiB
DEBUG util.py:463:   fedora-repos-rawhide              noarch 41-0.2                     build        2.2 KiB
DEBUG util.py:463:   file                              x86_64 5.45-6.fc41                build      103.5 KiB
DEBUG util.py:463:   file-libs                         x86_64 5.45-6.fc41                build        9.9 MiB
DEBUG util.py:463:   filesystem                        x86_64 3.18-9.fc41                build      106.0   B
DEBUG util.py:463:   fonts-srpm-macros                 noarch 1:2.0.5-16.fc41            build       55.8 KiB
DEBUG util.py:463:   forge-srpm-macros                 noarch 0.3.1-1.fc41               build       39.0 KiB
DEBUG util.py:463:   fpc-srpm-macros                   noarch 1.3-12.fc40                build      144.0   B
DEBUG util.py:463:   gdb-minimal                       x86_64 14.2-13.fc41               build       12.7 MiB
DEBUG util.py:463:   gdbm                              x86_64 1:1.23-6.fc40              build      460.9 KiB
DEBUG util.py:463:   gdbm-libs                         x86_64 1:1.23-6.fc40              build      121.9 KiB
DEBUG util.py:463:   ghc-srpm-macros                   noarch 1.9.1-1.fc41               build      747.0   B
DEBUG util.py:463:   glibc                             x86_64 2.39.9000-26.fc41          build        6.7 MiB
DEBUG util.py:463:   glibc-common                      x86_64 2.39.9000-26.fc41          build        1.0 MiB
DEBUG util.py:463:   glibc-gconv-extra                 x86_64 2.39.9000-26.fc41          build        7.8 MiB
DEBUG util.py:463:   gmp                               x86_64 1:6.3.0-1.fc41             build      803.4 KiB
DEBUG util.py:463:   gnat-srpm-macros                  noarch 6-5.fc40                   build        1.0 KiB
DEBUG util.py:463:   go-srpm-macros                    noarch 3.6.0-1.fc41               build       60.8 KiB
DEBUG util.py:463:   jansson                           x86_64 2.13.1-9.fc40              build       88.3 KiB
DEBUG util.py:463:   kernel-srpm-macros                noarch 1.0-23.fc41                build        1.9 KiB
DEBUG util.py:463:   keyutils-libs                     x86_64 1.6.3-3.fc40               build       54.4 KiB
DEBUG util.py:463:   krb5-libs                         x86_64 1.21.2-5.fc40              build        2.3 MiB
DEBUG util.py:463:   libacl                            x86_64 2.3.2-1.fc40               build       40.0 KiB
DEBUG util.py:463:   libarchive                        x86_64 3.7.4-1.fc41               build      914.6 KiB
DEBUG util.py:463:   libattr                           x86_64 2.5.2-3.fc40               build       28.5 KiB
DEBUG util.py:463:   libblkid                          x86_64 2.40.1-2.fc41              build      258.5 KiB
DEBUG util.py:463:   libbrotli                         x86_64 1.1.0-4.fc41               build      829.6 KiB
DEBUG util.py:463:   libcap                            x86_64 2.70-2.fc41                build      220.2 KiB
DEBUG util.py:463:   libcap-ng                         x86_64 0.8.5-2.fc41               build       69.2 KiB
DEBUG util.py:463:   libcom_err                        x86_64 1.47.1-1.fc41              build       67.2 KiB
DEBUG util.py:463:   libcurl                           x86_64 8.8.0-1.fc41               build      805.7 KiB
DEBUG util.py:463:   libeconf                          x86_64 0.6.2-2.fc41               build       58.0 KiB
DEBUG util.py:463:   libevent                          x86_64 2.1.12-13.fc41             build      895.6 KiB
DEBUG util.py:463:   libfdisk                          x86_64 2.40.1-2.fc41              build      362.9 KiB
DEBUG util.py:463:   libffi                            x86_64 3.4.6-1.fc41               build       82.4 KiB
DEBUG util.py:463:   libgcc                            x86_64 14.1.1-6.fc41              build      274.6 KiB
DEBUG util.py:463:   libgomp                           x86_64 14.1.1-6.fc41              build      523.4 KiB
DEBUG util.py:463:   libidn2                           x86_64 2.3.7-1.fc40               build      329.1 KiB
DEBUG util.py:463:   libmount                          x86_64 2.40.1-2.fc41              build      351.8 KiB
DEBUG util.py:463:   libnghttp2                        x86_64 1.62.1-1.fc41              build      166.1 KiB
DEBUG util.py:463:   libnsl2                           x86_64 2.0.1-1.fc40               build       57.9 KiB
DEBUG util.py:463:   libpkgconf                        x86_64 2.1.1-1.fc41               build       74.2 KiB
DEBUG util.py:463:   libpsl                            x86_64 0.21.5-3.fc40              build       80.5 KiB
DEBUG util.py:463:   libpwquality                      x86_64 1.4.5-10.fc41              build      417.8 KiB
DEBUG util.py:463:   libselinux                        x86_64 3.6-6.fc41                 build      177.0 KiB
DEBUG util.py:463:   libsemanage                       x86_64 3.6-4.fc41                 build      293.5 KiB
DEBUG util.py:463:   libsepol                          x86_64 3.6-3.fc40                 build      802.0 KiB
DEBUG util.py:463:   libsmartcols                      x86_64 2.40.1-2.fc41              build      180.4 KiB
DEBUG util.py:463:   libssh                            x86_64 0.10.6-6.fc41              build      513.3 KiB
DEBUG util.py:463:   libssh-config                     noarch 0.10.6-6.fc41              build      277.0   B
DEBUG util.py:463:   libstdc++                         x86_64 14.1.1-6.fc41              build        3.0 MiB
DEBUG util.py:463:   libtasn1                          x86_64 4.19.0-6.fc40              build      175.7 KiB
DEBUG util.py:463:   libtirpc                          x86_64 1.3.4-1.rc3.fc41           build      202.8 KiB
DEBUG util.py:463:   libtool-ltdl                      x86_64 2.4.7-11.fc41              build       66.1 KiB
DEBUG util.py:463:   libunistring                      x86_64 1.1-7.fc41                 build        1.7 MiB
DEBUG util.py:463:   libutempter                       x86_64 1.2.1-13.fc40              build       57.7 KiB
DEBUG util.py:463:   libuuid                           x86_64 2.40.1-2.fc41              build       37.4 KiB
DEBUG util.py:463:   libverto                          x86_64 0.3.2-8.fc40               build       29.5 KiB
DEBUG util.py:463:   libxcrypt                         x86_64 4.4.36-5.fc40              build      262.8 KiB
DEBUG util.py:463:   libxml2                           x86_64 2.12.8-1.fc41              build        1.7 MiB
DEBUG util.py:463:   libzstd                           x86_64 1.5.6-1.fc41               build      787.9 KiB
DEBUG util.py:463:   lua-libs                          x86_64 5.4.6-5.fc40               build      281.1 KiB
DEBUG util.py:463:   lua-srpm-macros                   noarch 1-13.fc40                  build        1.3 KiB
DEBUG util.py:463:   lz4-libs                          x86_64 1.9.4-6.fc40               build      129.4 KiB
DEBUG util.py:463:   mpfr                              x86_64 4.2.1-4.fc41               build      828.0 KiB
DEBUG util.py:463:   ncurses-base                      noarch 6.4-12.20240127.fc40       build      326.2 KiB
DEBUG util.py:463:   ncurses-libs                      x86_64 6.4-12.20240127.fc40       build      963.2 KiB
DEBUG util.py:463:   ocaml-srpm-macros                 noarch 10-2.fc41                  build        1.9 KiB
DEBUG util.py:463:   openblas-srpm-macros              noarch 2-17.fc41                  build      112.0   B
DEBUG util.py:463:   openldap                          x86_64 2.6.8-3.fc41               build      640.3 KiB
DEBUG util.py:463:   openssl-libs                      x86_64 1:3.2.2-2.fc41             build        7.8 MiB
DEBUG util.py:463:   p11-kit                           x86_64 0.25.3-4.fc40              build        2.2 MiB
DEBUG util.py:463:   p11-kit-trust                     x86_64 0.25.3-4.fc40              build      391.4 KiB
DEBUG util.py:463:   package-notes-srpm-macros         noarch 0.5-11.fc40                build        1.6 KiB
DEBUG util.py:463:   pam                               x86_64 1.6.1-3.fc41               build        1.8 MiB
DEBUG util.py:463:   pam-libs                          x86_64 1.6.1-3.fc41               build      135.0 KiB
DEBUG util.py:463:   pcre2                             x86_64 10.44-1.fc41               build      653.5 KiB
DEBUG util.py:463:   pcre2-syntax                      noarch 10.44-1.fc41               build      251.6 KiB
DEBUG util.py:463:   perl-srpm-macros                  noarch 1-55.fc41                  build      861.0   B
DEBUG util.py:463:   pkgconf                           x86_64 2.1.1-1.fc41               build       82.9 KiB
DEBUG util.py:463:   pkgconf-m4                        noarch 2.1.1-1.fc41               build       13.9 KiB
DEBUG util.py:463:   pkgconf-pkg-config                x86_64 2.1.1-1.fc41               build      989.0   B
DEBUG util.py:463:   popt                              x86_64 1.19-6.fc40                build      136.9 KiB
DEBUG util.py:463:   publicsuffix-list-dafsa           noarch 20240107-3.fc40            build       67.5 KiB
DEBUG util.py:463:   pyproject-srpm-macros             noarch 1.12.2-1.fc41              build        1.5 KiB
DEBUG util.py:463:   python-srpm-macros                noarch 3.13-2.fc41                build       51.0 KiB
DEBUG util.py:463:   qt5-srpm-macros                   noarch 5.15.14-1.fc41             build      500.0   B
DEBUG util.py:463:   qt6-srpm-macros                   noarch 6.7.1-1.fc41               build      456.0   B
DEBUG util.py:463:   readline                          x86_64 8.2-8.fc40                 build      489.2 KiB
DEBUG util.py:463:   rpm                               x86_64 4.19.92-1.fc41             build        3.0 MiB
DEBUG util.py:463:   rpm-build-libs                    x86_64 4.19.92-1.fc41             build      206.7 KiB
DEBUG util.py:463:   rpm-libs                          x86_64 4.19.92-1.fc41             build      718.0 KiB
DEBUG util.py:463:   rpm-sequoia                       x86_64 1.6.0-3.fc41               build        2.2 MiB
DEBUG util.py:463:   rust-srpm-macros                  noarch 26.3-1.fc41                build        4.8 KiB
DEBUG util.py:463:   setup                             noarch 2.15.0-4.fc41              build      720.7 KiB
DEBUG util.py:463:   sqlite-libs                       x86_64 3.46.0-2.fc41              build        1.4 MiB
DEBUG util.py:463:   systemd-libs                      x86_64 256.1-3.fc41               build        2.0 MiB
DEBUG util.py:463:   util-linux-core                   x86_64 2.40.1-2.fc41              build        1.5 MiB
DEBUG util.py:463:   xxhash-libs                       x86_64 0.8.2-2.fc40               build       88.5 KiB
DEBUG util.py:463:   xz-libs                           x86_64 1:5.6.2-1.fc41             build      214.4 KiB
DEBUG util.py:463:   zig-srpm-macros                   noarch 1-2.fc40                   build        1.1 KiB
DEBUG util.py:463:   zip                               x86_64 3.0-40.fc40                build      703.2 KiB
DEBUG util.py:463:   zlib-ng-compat                    x86_64 2.1.7-1.fc41               build      134.0 KiB
DEBUG util.py:463:   zstd                              x86_64 1.5.6-1.fc41               build        1.7 MiB
DEBUG util.py:463:  Installing groups:
DEBUG util.py:463:   build                                                                                   
DEBUG util.py:463:  Transaction Summary:
DEBUG util.py:463:   Installing:      154 packages
DEBUG util.py:463:  Total size of inbound packages is 52 MiB. Need to download 52 MiB.
DEBUG util.py:463:  After this operation 179 MiB will be used (install 179 MiB, remove 0 B).
DEBUG util.py:463:  [  1/154] bzip2-0:1.0.8-18.fc40.x86_64  100% |   2.0 MiB/s |  52.4 KiB |  00m00s
DEBUG util.py:463:  [  2/154] bash-0:5.2.26-3.fc40.x86_64   100% |  35.0 MiB/s |   1.8 MiB |  00m00s
DEBUG util.py:463:  [  3/154] cpio-0:2.15-1.fc40.x86_64     100% |   9.3 MiB/s | 285.1 KiB |  00m00s
DEBUG util.py:463:  [  4/154] diffutils-0:3.10-5.fc40.x86_6 100% |  35.2 MiB/s | 396.8 KiB |  00m00s
DEBUG util.py:463:  [  5/154] fedora-release-0:41-0.14.noar 100% |   1.6 MiB/s |  11.5 KiB |  00m00s
DEBUG util.py:463:  [  6/154] coreutils-0:9.5-2.fc41.x86_64 100% |  13.8 MiB/s |   1.1 MiB |  00m00s
DEBUG util.py:463:  [  7/154] findutils-1:4.10.0-2.fc41.x86 100% |  26.3 MiB/s | 539.5 KiB |  00m00s
DEBUG util.py:463:  [  8/154] glibc-minimal-langpack-0:2.39 100% |  22.9 MiB/s | 117.4 KiB |  00m00s
DEBUG util.py:463:  [  9/154] grep-0:3.11-8.fc41.x86_64     100% |  31.4 MiB/s | 289.2 KiB |  00m00s
DEBUG util.py:463:  [ 10/154] gzip-0:1.13-1.fc40.x86_64     100% |  22.9 MiB/s | 164.0 KiB |  00m00s
DEBUG util.py:463:  [ 11/154] info-0:7.1-2.fc40.x86_64      100% |  29.7 MiB/s | 182.3 KiB |  00m00s
DEBUG util.py:463:  [ 12/154] patch-0:2.7.6-24.fc40.x86_64  100% |  25.5 MiB/s | 130.7 KiB |  00m00s
DEBUG util.py:463:  [ 13/154] redhat-rpm-config-0:293-1.fc4 100% |  18.4 MiB/s |  75.5 KiB |  00m00s
DEBUG util.py:463:  [ 14/154] rpm-build-0:4.19.92-1.fc41.x8 100% |  24.6 MiB/s |  75.6 KiB |  00m00s
DEBUG util.py:463:  [ 15/154] sed-0:4.9-1.fc40.x86_64       100% |  50.3 MiB/s | 309.2 KiB |  00m00s
DEBUG util.py:463:  [ 16/154] tar-2:1.35-3.fc40.x86_64      100% |  55.2 MiB/s | 847.4 KiB |  00m00s
DEBUG util.py:463:  [ 17/154] shadow-utils-2:4.15.1-5.fc41. 100% |  42.0 MiB/s |   1.3 MiB |  00m00s
DEBUG util.py:463:  [ 18/154] unzip-0:6.0-63.fc40.x86_64    100% |  13.9 MiB/s | 184.5 KiB |  00m00s
DEBUG util.py:463:  [ 19/154] which-0:2.21-41.fc40.x86_64   100% |  13.5 MiB/s |  41.4 KiB |  00m00s
DEBUG util.py:463:  [ 20/154] util-linux-0:2.40.1-2.fc41.x8 100% |  55.1 MiB/s |   1.2 MiB |  00m00s
DEBUG util.py:463:  [ 21/154] xz-1:5.6.2-1.fc41.x86_64      100% |  23.5 MiB/s | 457.7 KiB |  00m00s
DEBUG util.py:463:  [ 22/154] filesystem-0:3.18-9.fc41.x86_ 100% |  50.9 MiB/s |   1.1 MiB |  00m00s
DEBUG util.py:463:  [ 23/154] ncurses-libs-0:6.4-12.2024012 100% |  46.4 MiB/s | 332.5 KiB |  00m00s
DEBUG util.py:463:  [ 24/154] bzip2-libs-0:1.0.8-18.fc40.x8 100% |  20.0 MiB/s |  40.9 KiB |  00m00s
DEBUG util.py:463:  [ 25/154] glibc-0:2.39.9000-26.fc41.x86 100% |  43.7 MiB/s |   2.2 MiB |  00m00s
DEBUG util.py:463:  [ 26/154] gawk-0:5.3.0-3.fc40.x86_64    100% |   6.5 MiB/s |   1.1 MiB |  00m00s
DEBUG util.py:463:  [ 27/154] libacl-0:2.3.2-1.fc40.x86_64  100% |   2.2 MiB/s |  24.4 KiB |  00m00s
DEBUG util.py:463:  [ 28/154] libattr-0:2.5.2-3.fc40.x86_64 100% |   5.9 MiB/s |  18.0 KiB |  00m00s
DEBUG util.py:463:  [ 29/154] libcap-0:2.70-2.fc41.x86_64   100% |  28.1 MiB/s |  86.3 KiB |  00m00s
DEBUG util.py:463:  [ 30/154] libselinux-0:3.6-6.fc41.x86_6 100% |  10.6 MiB/s |  86.7 KiB |  00m00s
DEBUG util.py:463:  [ 31/154] fedora-release-common-0:41-0. 100% |   7.3 MiB/s |  22.3 KiB |  00m00s
DEBUG util.py:463:  [ 32/154] coreutils-common-0:9.5-2.fc41 100% |  29.5 MiB/s |   2.1 MiB |  00m00s
DEBUG util.py:463:  [ 33/154] readline-0:8.2-8.fc40.x86_64  100% |  41.7 MiB/s | 213.3 KiB |  00m00s
DEBUG util.py:463:  [ 34/154] mpfr-0:4.2.1-4.fc41.x86_64    100% |  10.5 MiB/s | 345.2 KiB |  00m00s
DEBUG util.py:463:  [ 35/154] openssl-libs-1:3.2.2-2.fc41.x 100% |  37.2 MiB/s |   2.3 MiB |  00m00s
DEBUG util.py:463:  [ 36/154] glibc-common-0:2.39.9000-26.f 100% |  12.6 MiB/s | 400.3 KiB |  00m00s
DEBUG util.py:463:  [ 37/154] ed-0:1.20.2-1.fc41.x86_64     100% |  10.0 MiB/s |  81.9 KiB |  00m00s
DEBUG util.py:463:  [ 38/154] pcre2-0:10.44-1.fc41.x86_64   100% |   7.9 MiB/s | 243.0 KiB |  00m00s
DEBUG util.py:463:  [ 39/154] ansible-srpm-macros-0:1-15.fc 100% |   3.4 MiB/s |  20.9 KiB |  00m00s
DEBUG util.py:463:  [ 40/154] build-reproducibility-srpm-ma 100% |   1.9 MiB/s |   9.8 KiB |  00m00s
DEBUG util.py:463:  [ 41/154] efi-srpm-macros-0:5-11.fc40.n 100% |  10.9 MiB/s |  22.3 KiB |  00m00s
DEBUG util.py:463:  [ 42/154] file-0:5.45-6.fc41.x86_64     100% |  16.0 MiB/s |  49.1 KiB |  00m00s
DEBUG util.py:463:  [ 43/154] fonts-srpm-macros-1:2.0.5-16. 100% |  13.1 MiB/s |  26.9 KiB |  00m00s
DEBUG util.py:463:  [ 44/154] dwz-0:0.15-6.fc40.x86_64      100% |  16.8 MiB/s | 137.8 KiB |  00m00s
DEBUG util.py:463:  [ 45/154] forge-srpm-macros-0:0.3.1-1.f 100% |   4.7 MiB/s |  19.4 KiB |  00m00s
DEBUG util.py:463:  [ 46/154] fpc-srpm-macros-0:1.3-12.fc40 100% |   1.9 MiB/s |   7.8 KiB |  00m00s
DEBUG util.py:463:  [ 47/154] ghc-srpm-macros-0:1.9.1-1.fc4 100% |   2.9 MiB/s |   9.0 KiB |  00m00s
DEBUG util.py:463:  [ 48/154] gnat-srpm-macros-0:6-5.fc40.n 100% |   4.3 MiB/s |   8.8 KiB |  00m00s
DEBUG util.py:463:  [ 49/154] go-srpm-macros-0:3.6.0-1.fc41 100% |   9.1 MiB/s |  27.9 KiB |  00m00s
DEBUG util.py:463:  [ 50/154] kernel-srpm-macros-0:1.0-23.f 100% |   3.2 MiB/s |   9.8 KiB |  00m00s
DEBUG util.py:463:  [ 51/154] lua-srpm-macros-0:1-13.fc40.n 100% |   4.3 MiB/s |   8.7 KiB |  00m00s
DEBUG util.py:463:  [ 52/154] ocaml-srpm-macros-0:10-2.fc41 100% |   3.0 MiB/s |   9.1 KiB |  00m00s
DEBUG util.py:463:  [ 53/154] openblas-srpm-macros-0:2-17.f 100% |   2.5 MiB/s |   7.7 KiB |  00m00s
DEBUG util.py:463:  [ 54/154] package-notes-srpm-macros-0:0 100% |   4.9 MiB/s |   9.9 KiB |  00m00s
DEBUG util.py:463:  [ 55/154] perl-srpm-macros-0:1-55.fc41. 100% |   2.7 MiB/s |   8.4 KiB |  00m00s
DEBUG util.py:463:  [ 56/154] pyproject-srpm-macros-0:1.12. 100% |   4.1 MiB/s |  12.7 KiB |  00m00s
DEBUG util.py:463:  [ 57/154] python-srpm-macros-0:3.13-2.f 100% |   7.8 MiB/s |  23.8 KiB |  00m00s
DEBUG util.py:463:  [ 58/154] qt5-srpm-macros-0:5.15.14-1.f 100% |   2.9 MiB/s |   8.9 KiB |  00m00s
DEBUG util.py:463:  [ 59/154] rust-srpm-macros-0:26.3-1.fc4 100% |   6.1 MiB/s |  12.5 KiB |  00m00s
DEBUG util.py:463:  [ 60/154] qt6-srpm-macros-0:6.7.1-1.fc4 100% |   1.7 MiB/s |   8.9 KiB |  00m00s
DEBUG util.py:463:  [ 61/154] zig-srpm-macros-0:1-2.fc40.no 100% |   2.6 MiB/s |   8.0 KiB |  00m00s
DEBUG util.py:463:  [ 62/154] rpm-0:4.19.92-1.fc41.x86_64   100% |  39.2 MiB/s | 522.2 KiB |  00m00s
DEBUG util.py:463:  [ 63/154] zip-0:3.0-40.fc40.x86_64      100% |  21.5 MiB/s | 264.8 KiB |  00m00s
DEBUG util.py:463:  [ 64/154] debugedit-0:5.0-16.fc41.x86_6 100% |  13.0 MiB/s |  79.7 KiB |  00m00s
DEBUG util.py:463:  [ 65/154] elfutils-libelf-0:0.191-7.fc4 100% |  33.9 MiB/s | 208.5 KiB |  00m00s
DEBUG util.py:463:  [ 66/154] elfutils-0:0.191-7.fc41.x86_6 100% |  36.6 MiB/s | 524.4 KiB |  00m00s
DEBUG util.py:463:  [ 67/154] libarchive-0:3.7.4-1.fc41.x86 100% |  33.2 MiB/s | 407.6 KiB |  00m00s
DEBUG util.py:463:  [ 68/154] pkgconf-pkg-config-0:2.1.1-1. 100% |   1.4 MiB/s |   9.9 KiB |  00m00s
DEBUG util.py:463:  [ 69/154] popt-0:1.19-6.fc40.x86_64     100% |  19.4 MiB/s |  59.6 KiB |  00m00s
DEBUG util.py:463:  [ 70/154] rpm-build-libs-0:4.19.92-1.fc 100% |  24.2 MiB/s |  99.2 KiB |  00m00s
DEBUG util.py:463:  [ 71/154] rpm-libs-0:4.19.92-1.fc41.x86 100% |  37.8 MiB/s | 309.6 KiB |  00m00s
DEBUG util.py:463:  [ 72/154] zstd-0:1.5.6-1.fc41.x86_64    100% |  33.4 MiB/s | 479.3 KiB |  00m00s
DEBUG util.py:463:  [ 73/154] audit-libs-0:4.0.1-3.fc41.x86 100% |  15.3 MiB/s | 125.3 KiB |  00m00s
DEBUG util.py:463:  [ 74/154] libeconf-0:0.6.2-2.fc41.x86_6 100% |   7.8 MiB/s |  32.0 KiB |  00m00s
DEBUG util.py:463:  [ 75/154] libsemanage-0:3.6-4.fc41.x86_ 100% |  28.3 MiB/s | 115.8 KiB |  00m00s
DEBUG util.py:463:  [ 76/154] libxcrypt-0:4.4.36-5.fc40.x86 100% |  23.1 MiB/s | 118.1 KiB |  00m00s
DEBUG util.py:463:  [ 77/154] pam-libs-0:1.6.1-3.fc41.x86_6 100% |  13.9 MiB/s |  57.1 KiB |  00m00s
DEBUG util.py:463:  [ 78/154] setup-0:2.15.0-4.fc41.noarch  100% |  29.0 MiB/s | 148.5 KiB |  00m00s
DEBUG util.py:463:  [ 79/154] authselect-libs-0:1.5.0-5.fc4 100% |  28.6 MiB/s | 204.9 KiB |  00m00s
DEBUG util.py:463:  [ 80/154] libblkid-0:2.40.1-2.fc41.x86_ 100% |  20.2 MiB/s | 124.2 KiB |  00m00s
DEBUG util.py:463:  [ 81/154] libcap-ng-0:0.8.5-2.fc41.x86_ 100% |  10.6 MiB/s |  32.5 KiB |  00m00s
DEBUG util.py:463:  [ 82/154] libfdisk-0:2.40.1-2.fc41.x86_ 100% |  38.9 MiB/s | 159.3 KiB |  00m00s
DEBUG util.py:463:  [ 83/154] libmount-0:2.40.1-2.fc41.x86_ 100% |  25.2 MiB/s | 154.8 KiB |  00m00s
DEBUG util.py:463:  [ 84/154] libsmartcols-0:2.40.1-2.fc41. 100% |  16.3 MiB/s |  83.4 KiB |  00m00s
DEBUG util.py:463:  [ 85/154] libutempter-0:1.2.1-13.fc40.x 100% |   8.6 MiB/s |  26.4 KiB |  00m00s
DEBUG util.py:463:  [ 86/154] libuuid-0:2.40.1-2.fc41.x86_6 100% |   9.3 MiB/s |  28.5 KiB |  00m00s
DEBUG util.py:463:  [ 87/154] pam-0:1.6.1-3.fc41.x86_64     100% |  42.1 MiB/s | 517.3 KiB |  00m00s
DEBUG util.py:463:  [ 88/154] systemd-libs-0:256.1-3.fc41.x 100% |  37.5 MiB/s | 729.0 KiB |  00m00s
DEBUG util.py:463:  [ 89/154] zlib-ng-compat-0:2.1.7-1.fc41 100% |  12.6 MiB/s |  77.7 KiB |  00m00s
DEBUG util.py:463:  [ 90/154] util-linux-core-0:2.40.1-2.fc 100% |  23.1 MiB/s | 521.1 KiB |  00m00s
DEBUG util.py:463:  [ 91/154] binutils-0:2.42.50-14.fc41.x8 100% |  35.7 MiB/s |   6.3 MiB |  00m00s
DEBUG util.py:463:  [ 92/154] xz-libs-1:5.6.2-1.fc41.x86_64 100% |   1.9 MiB/s | 111.6 KiB |  00m00s
DEBUG util.py:463:  [ 93/154] basesystem-0:11-20.fc40.noarc 100% |   2.3 MiB/s |   7.2 KiB |  00m00s
DEBUG util.py:463:  [ 94/154] libgcc-0:14.1.1-6.fc41.x86_64 100% |  31.7 MiB/s | 130.0 KiB |  00m00s
DEBUG util.py:463:  [ 95/154] ncurses-base-0:6.4-12.2024012 100% |  15.6 MiB/s |  63.8 KiB |  00m00s
DEBUG util.py:463:  [ 96/154] libsepol-0:3.6-3.fc40.x86_64  100% |  41.5 MiB/s | 340.1 KiB |  00m00s
DEBUG util.py:463:  [ 97/154] crypto-policies-0:20240628-1. 100% |  16.0 MiB/s |  65.4 KiB |  00m00s
DEBUG util.py:463:  [ 98/154] fedora-repos-0:41-0.2.noarch  100% |   4.6 MiB/s |   9.3 KiB |  00m00s
DEBUG util.py:463:  [ 99/154] ca-certificates-0:2024.2.68_v 100% |  39.0 MiB/s | 879.1 KiB |  00m00s
DEBUG util.py:463:  [100/154] glibc-gconv-extra-0:2.39.9000 100% |  16.6 MiB/s |   1.6 MiB |  00m00s
DEBUG util.py:463:  [101/154] pcre2-syntax-0:10.44-1.fc41.n 100% |   5.4 MiB/s | 149.8 KiB |  00m00s
DEBUG util.py:463:  [102/154] curl-0:8.8.0-1.fc41.x86_64    100% |  42.1 MiB/s | 301.5 KiB |  00m00s
DEBUG util.py:463:  [103/154] add-determinism-0:0.3.2-1.fc4 100% |  23.1 MiB/s | 850.1 KiB |  00m00s
DEBUG util.py:463:  [104/154] alternatives-0:1.28-1.fc41.x8 100% |   4.0 MiB/s |  40.8 KiB |  00m00s
DEBUG util.py:463:  [105/154] elfutils-debuginfod-client-0: 100% |  18.7 MiB/s |  38.2 KiB |  00m00s
DEBUG util.py:463:  [106/154] jansson-0:2.13.1-9.fc40.x86_6 100% |  21.6 MiB/s |  44.2 KiB |  00m00s
DEBUG util.py:463:  [107/154] file-libs-0:5.45-6.fc41.x86_6 100% |  21.9 MiB/s | 761.7 KiB |  00m00s
DEBUG util.py:463:  [108/154] elfutils-libs-0:0.191-7.fc41. 100% |  14.8 MiB/s | 258.1 KiB |  00m00s
DEBUG util.py:463:  [109/154] libzstd-0:1.5.6-1.fc41.x86_64 100% |  30.2 MiB/s | 308.9 KiB |  00m00s
DEBUG util.py:463:  [110/154] libstdc++-0:14.1.1-6.fc41.x86 100% |  25.5 MiB/s | 886.6 KiB |  00m00s
DEBUG util.py:463:  [111/154] lz4-libs-0:1.9.4-6.fc40.x86_6 100% |   6.6 MiB/s |  67.2 KiB |  00m00s
DEBUG util.py:463:  [112/154] pkgconf-0:2.1.1-1.fc41.x86_64 100% |  14.3 MiB/s |  43.9 KiB |  00m00s
DEBUG util.py:463:  [113/154] pkgconf-m4-0:2.1.1-1.fc41.noa 100% |   6.9 MiB/s |  14.1 KiB |  00m00s
DEBUG util.py:463:  [114/154] libxml2-0:2.12.8-1.fc41.x86_6 100% |  24.9 MiB/s | 687.3 KiB |  00m00s
DEBUG util.py:463:  [115/154] libgomp-0:14.1.1-6.fc41.x86_6 100% |  26.3 MiB/s | 350.5 KiB |  00m00s
DEBUG util.py:463:  [116/154] lua-libs-0:5.4.6-5.fc40.x86_6 100% |   9.2 MiB/s | 131.9 KiB |  00m00s
DEBUG util.py:463:  [117/154] authselect-0:1.5.0-5.fc41.x86 100% |  27.6 MiB/s | 141.1 KiB |  00m00s
DEBUG util.py:463:  [118/154] sqlite-libs-0:3.46.0-2.fc41.x 100% |  43.5 MiB/s | 712.5 KiB |  00m00s
DEBUG util.py:463:  [119/154] gdbm-1:1.23-6.fc40.x86_64     100% |  14.4 MiB/s | 147.4 KiB |  00m00s
DEBUG util.py:463:  [120/154] rpm-sequoia-0:1.6.0-3.fc41.x8 100% |  26.7 MiB/s | 846.1 KiB |  00m00s
DEBUG util.py:463:  [121/154] libnsl2-0:2.0.1-1.fc40.x86_64 100% |   3.2 MiB/s |  29.6 KiB |  00m00s
DEBUG util.py:463:  [122/154] gdbm-libs-1:1.23-6.fc40.x86_6 100% |   5.5 MiB/s |  56.2 KiB |  00m00s
DEBUG util.py:463:  [123/154] libpwquality-0:1.4.5-10.fc41. 100% |  21.1 MiB/s | 108.1 KiB |  00m00s
DEBUG util.py:463:  [124/154] libtirpc-0:1.3.4-1.rc3.fc41.x 100% |  18.1 MiB/s |  92.5 KiB |  00m00s
DEBUG util.py:463:  [125/154] p11-kit-0:0.25.3-4.fc40.x86_6 100% |  46.4 MiB/s | 475.5 KiB |  00m00s
DEBUG util.py:463:  [126/154] p11-kit-trust-0:0.25.3-4.fc40 100% |  14.3 MiB/s | 131.5 KiB |  00m00s
DEBUG util.py:463:  [127/154] fedora-gpg-keys-0:41-0.2.noar 100% |  11.9 MiB/s | 121.8 KiB |  00m00s
DEBUG util.py:463:  [128/154] fedora-repos-rawhide-0:41-0.2 100% |   1.7 MiB/s |   8.9 KiB |  00m00s
DEBUG util.py:463:  [129/154] libpkgconf-0:2.1.1-1.fc41.x86 100% |  18.5 MiB/s |  38.0 KiB |  00m00s
DEBUG util.py:463:  [130/154] elfutils-default-yama-scope-0 100% |   3.3 MiB/s |  13.3 KiB |  00m00s
DEBUG util.py:463:  [131/154] cracklib-0:2.9.11-5.fc40.x86_ 100% |  19.9 MiB/s |  81.6 KiB |  00m00s
DEBUG util.py:463:  [132/154] libcom_err-0:1.47.1-1.fc41.x8 100% |  12.8 MiB/s |  26.2 KiB |  00m00s
DEBUG util.py:463:  [133/154] libffi-0:3.4.6-1.fc41.x86_64  100% |  19.6 MiB/s |  40.0 KiB |  00m00s
DEBUG util.py:463:  [134/154] libtasn1-0:4.19.0-6.fc40.x86_ 100% |  24.0 MiB/s |  73.7 KiB |  00m00s
DEBUG util.py:463:  [135/154] keyutils-libs-0:1.6.3-3.fc40. 100% |  10.2 MiB/s |  31.5 KiB |  00m00s
DEBUG util.py:463:  [136/154] libverto-0:0.3.2-8.fc40.x86_6 100% |  10.0 MiB/s |  20.5 KiB |  00m00s
DEBUG util.py:463:  [137/154] fedora-release-identity-basic 100% |   6.0 MiB/s |  12.3 KiB |  00m00s
DEBUG util.py:463:  [138/154] krb5-libs-0:1.21.2-5.fc40.x86 100% |  31.9 MiB/s | 751.4 KiB |  00m00s
DEBUG util.py:463:  [139/154] xxhash-libs-0:0.8.2-2.fc40.x8 100% |   3.3 MiB/s |  36.9 KiB |  00m00s
DEBUG util.py:463:  [140/154] gmp-1:6.3.0-1.fc41.x86_64     100% |  38.7 MiB/s | 316.8 KiB |  00m00s
DEBUG util.py:463:  [141/154] libcurl-0:8.8.0-1.fc41.x86_64 100% |  26.7 MiB/s | 355.3 KiB |  00m00s
DEBUG util.py:463:  [142/154] libbrotli-0:1.1.0-4.fc41.x86_ 100% |  33.0 MiB/s | 337.9 KiB |  00m00s
DEBUG util.py:463:  [143/154] libidn2-0:2.3.7-1.fc40.x86_64 100% |  13.7 MiB/s | 112.4 KiB |  00m00s
DEBUG util.py:463:  [144/154] libnghttp2-0:1.62.1-1.fc41.x8 100% |  25.0 MiB/s |  76.7 KiB |  00m00s
DEBUG util.py:463:  [145/154] libpsl-0:0.21.5-3.fc40.x86_64 100% |  12.5 MiB/s |  63.9 KiB |  00m00s
DEBUG util.py:463:  [146/154] libssh-0:0.10.6-6.fc41.x86_64 100% |  34.4 MiB/s | 211.5 KiB |  00m00s
DEBUG util.py:463:  [147/154] openldap-0:2.6.8-3.fc41.x86_6 100% |  27.7 MiB/s | 255.5 KiB |  00m00s
DEBUG util.py:463:  [148/154] publicsuffix-list-dafsa-0:202 100% |  18.9 MiB/s |  58.1 KiB |  00m00s
DEBUG util.py:463:  [149/154] libunistring-0:1.1-7.fc41.x86 100% |  41.0 MiB/s | 545.4 KiB |  00m00s
DEBUG util.py:463:  [150/154] libssh-config-0:0.10.6-6.fc41 100% |   1.3 MiB/s |   9.1 KiB |  00m00s
DEBUG util.py:463:  [151/154] libevent-0:2.1.12-13.fc41.x86 100% |  35.9 MiB/s | 257.2 KiB |  00m00s
DEBUG util.py:463:  [152/154] libtool-ltdl-0:2.4.7-11.fc41. 100% |  17.3 MiB/s |  35.4 KiB |  00m00s
DEBUG util.py:463:  [153/154] cyrus-sasl-lib-0:2.1.28-24.fc 100% |  40.8 MiB/s | 794.6 KiB |  00m00s
DEBUG util.py:463:  [154/154] gdb-minimal-0:14.2-13.fc41.x8 100% |  36.7 MiB/s |   4.3 MiB |  00m00s
DEBUG util.py:463:  --------------------------------------------------------------------------------
DEBUG util.py:463:  [154/154] Total                         100% |  62.9 MiB/s |  52.4 MiB |  00m01s
DEBUG util.py:463:  Running transaction
DEBUG util.py:463:  [  1/156] Verify package files          100% | 320.0   B/s | 154.0   B |  00m00s
DEBUG util.py:463:  >>> Running pre-transaction scriptlet: filesystem-0:3.18-9.fc41.x86_64
DEBUG util.py:463:  >>> Stop pre-transaction scriptlet: filesystem-0:3.18-9.fc41.x86_64
DEBUG util.py:463:  [  2/156] Prepare transaction           100% |   1.9 KiB/s | 154.0   B |  00m00s
DEBUG util.py:463:  [  3/156] Installing libgcc-0:14.1.1-6. 100% |  45.0 MiB/s | 276.3 KiB |  00m00s
DEBUG util.py:463:  >>> Running post-install scriptlet: libgcc-0:14.1.1-6.fc41.x86_64
DEBUG util.py:463:  >>> Stop post-install scriptlet: libgcc-0:14.1.1-6.fc41.x86_64
DEBUG util.py:463:  [  4/156] Installing crypto-policies-0: 100% |   7.7 MiB/s | 150.4 KiB |  00m00s
DEBUG util.py:463:  >>> Running post-install scriptlet: crypto-policies-0:20240628-1.gitddd11d3.fc41
DEBUG util.py:463:  >>> Stop post-install scriptlet: crypto-policies-0:20240628-1.gitddd11d3.fc41.no
DEBUG util.py:463:  [  5/156] Installing libssh-config-0:0. 100% | 398.4 KiB/s | 816.0   B |  00m00s
DEBUG util.py:463:  [  6/156] Installing publicsuffix-list- 100% |  33.3 MiB/s |  68.3 KiB |  00m00s
DEBUG util.py:463:  [  7/156] Installing fedora-release-ide 100% | 309.9 KiB/s | 952.0   B |  00m00s
DEBUG util.py:463:  [  8/156] Installing fedora-gpg-keys-0: 100% |   7.5 MiB/s | 169.7 KiB |  00m00s
DEBUG util.py:463:  [  9/156] Installing fedora-repos-rawhi 100% |   1.2 MiB/s |   2.4 KiB |  00m00s
DEBUG util.py:463:  [ 10/156] Installing fedora-repos-0:41- 100% |   2.8 MiB/s |   5.7 KiB |  00m00s
DEBUG util.py:463:  [ 11/156] Installing fedora-release-com 100% |   4.6 MiB/s |  23.5 KiB |  00m00s
DEBUG util.py:463:  [ 12/156] Installing fedora-release-0:4 100% |  60.5 KiB/s | 124.0   B |  00m00s
DEBUG util.py:463:  [ 13/156] Installing setup-0:2.15.0-4.f 100% |  27.3 MiB/s | 726.1 KiB |  00m00s
DEBUG util.py:463:  >>> Running post-install scriptlet: setup-0:2.15.0-4.fc41.noarch
DEBUG util.py:463:  >>> Stop post-install scriptlet: setup-0:2.15.0-4.fc41.noarch
DEBUG util.py:463:  [ 14/156] Installing filesystem-0:3.18- 100% |   1.2 MiB/s | 212.5 KiB |  00m00s
DEBUG util.py:463:  [ 15/156] Installing basesystem-0:11-20 100% | 121.1 KiB/s | 124.0   B |  00m00s
DEBUG util.py:463:  [ 16/156] Installing pkgconf-m4-0:2.1.1 100% |   7.0 MiB/s |  14.3 KiB |  00m00s
DEBUG util.py:463:  [ 17/156] Installing pcre2-syntax-0:10. 100% |  49.6 MiB/s | 254.1 KiB |  00m00s
DEBUG util.py:463:  [ 18/156] Installing ncurses-base-0:6.4 100% |  16.4 MiB/s | 351.6 KiB |  00m00s
DEBUG util.py:463:  [ 19/156] Installing glibc-minimal-lang 100% |  60.5 KiB/s | 124.0   B |  00m00s
DEBUG util.py:463:  [ 20/156] Installing ncurses-libs-0:6.4 100% |  72.8 MiB/s | 969.7 KiB |  00m00s
DEBUG util.py:463:  >>> Running pre-install scriptlet: glibc-0:2.39.9000-26.fc41.x86_64
DEBUG util.py:463:  >>> Stop pre-install scriptlet: glibc-0:2.39.9000-26.fc41.x86_64
DEBUG util.py:461:  warning: posix.fork(): .fork(), .exec(), .wait() and .redirect2null() are deprecated, use rpm.execute() instead
DEBUG util.py:461:  warning: posix.wait(): .fork(), .exec(), .wait() and .redirect2null() are deprecated, use rpm.execute() instead
DEBUG util.py:461:  warning: posix.exec(): .fork(), .exec(), .wait() and .redirect2null() are deprecated, use rpm.execute() instead
DEBUG util.py:461:  warning: posix.fork(): .fork(), .exec(), .wait() and .redirect2null() are deprecated, use rpm.execute() instead
DEBUG util.py:461:  warning: posix.wait(): .fork(), .exec(), .wait() and .redirect2null() are deprecated, use rpm.execute() instead
DEBUG util.py:461:  warning: posix.exec(): .fork(), .exec(), .wait() and .redirect2null() are deprecated, use rpm.execute() instead
DEBUG util.py:463:  [ 21/156] Installing glibc-0:2.39.9000- 100% |  96.8 MiB/s |   6.7 MiB |  00m00s
DEBUG util.py:463:  >>> Running post-install scriptlet: glibc-0:2.39.9000-26.fc41.x86_64
DEBUG util.py:463:  >>> Stop post-install scriptlet: glibc-0:2.39.9000-26.fc41.x86_64
DEBUG util.py:463:  [ 22/156] Installing bash-0:5.2.26-3.fc 100% | 127.5 MiB/s |   8.2 MiB |  00m00s
DEBUG util.py:463:  >>> Running post-install scriptlet: bash-0:5.2.26-3.fc40.x86_64
DEBUG util.py:463:  >>> Stop post-install scriptlet: bash-0:5.2.26-3.fc40.x86_64
DEBUG util.py:463:  [ 23/156] Installing glibc-common-0:2.3 100% |  60.9 MiB/s |   1.0 MiB |  00m00s
DEBUG util.py:461:  warning: posix.fork(): .fork(), .exec(), .wait() and .redirect2null() are deprecated, use rpm.execute() instead
DEBUG util.py:461:  warning: posix.wait(): .fork(), .exec(), .wait() and .redirect2null() are deprecated, use rpm.execute() instead
DEBUG util.py:461:  warning: posix.exec(): .fork(), .exec(), .wait() and .redirect2null() are deprecated, use rpm.execute() instead
DEBUG util.py:463:  [ 24/156] Installing glibc-gconv-extra- 100% |  73.5 MiB/s |   7.9 MiB |  00m00s
DEBUG util.py:463:  >>> Running post-install scriptlet: glibc-gconv-extra-0:2.39.9000-26.fc41.x86_64
DEBUG util.py:463:  >>> Stop post-install scriptlet: glibc-gconv-extra-0:2.39.9000-26.fc41.x86_64
DEBUG util.py:463:  [ 25/156] Installing zlib-ng-compat-0:2 100% |  32.9 MiB/s | 134.8 KiB |  00m00s
DEBUG util.py:463:  [ 26/156] Installing bzip2-libs-0:1.0.8 100% |  26.6 MiB/s |  81.8 KiB |  00m00s
DEBUG util.py:463:  [ 27/156] Installing xz-libs-1:5.6.2-1. 100% |  52.6 MiB/s | 215.5 KiB |  00m00s
DEBUG util.py:463:  [ 28/156] Installing readline-0:8.2-8.f 100% |  80.0 MiB/s | 491.4 KiB |  00m00s
DEBUG util.py:463:  [ 29/156] Installing popt-0:1.19-6.fc40 100% |  15.6 MiB/s | 143.5 KiB |  00m00s
DEBUG util.py:463:  [ 30/156] Installing libuuid-0:2.40.1-2 100% |  12.5 MiB/s |  38.4 KiB |  00m00s
DEBUG util.py:463:  [ 31/156] Installing libblkid-0:2.40.1- 100% |  63.4 MiB/s | 259.5 KiB |  00m00s
DEBUG util.py:463:  [ 32/156] Installing libattr-0:2.5.2-3. 100% |   9.6 MiB/s |  29.5 KiB |  00m00s
DEBUG util.py:463:  [ 33/156] Installing libacl-0:2.3.2-1.f 100% |  19.9 MiB/s |  40.8 KiB |  00m00s
DEBUG util.py:463:  [ 34/156] Installing libxcrypt-0:4.4.36 100% |  43.2 MiB/s | 265.5 KiB |  00m00s
DEBUG util.py:463:  [ 35/156] Installing libstdc++-0:14.1.1 100% | 128.6 MiB/s |   3.0 MiB |  00m00s
DEBUG util.py:463:  [ 36/156] Installing libzstd-0:1.5.6-1. 100% | 110.1 MiB/s | 789.2 KiB |  00m00s
DEBUG util.py:463:  [ 37/156] Installing elfutils-libelf-0: 100% | 116.9 MiB/s |   1.2 MiB |  00m00s
DEBUG util.py:463:  [ 38/156] Installing gmp-1:6.3.0-1.fc41 100% |  98.3 MiB/s | 805.6 KiB |  00m00s
DEBUG util.py:463:  [ 39/156] Installing libeconf-0:0.6.2-2 100% |  19.4 MiB/s |  59.7 KiB |  00m00s
DEBUG util.py:463:  [ 40/156] Installing gdbm-libs-1:1.23-6 100% |  30.2 MiB/s | 123.6 KiB |  00m00s
DEBUG util.py:463:  [ 41/156] Installing mpfr-0:4.2.1-4.fc4 100% |  90.0 MiB/s | 829.7 KiB |  00m00s
DEBUG util.py:463:  [ 42/156] Installing gawk-0:5.3.0-3.fc4 100% |  78.5 MiB/s |   1.7 MiB |  00m00s
DEBUG util.py:463:  [ 43/156] Installing dwz-0:0.15-6.fc40. 100% |  57.1 MiB/s | 292.3 KiB |  00m00s
DEBUG util.py:463:  [ 44/156] Installing unzip-0:6.0-63.fc4 100% |  62.9 MiB/s | 386.3 KiB |  00m00s
DEBUG util.py:463:  [ 45/156] Installing file-libs-0:5.45-6 100% | 202.7 MiB/s |   9.9 MiB |  00m00s
DEBUG util.py:463:  [ 46/156] Installing file-0:5.45-6.fc41 100% |  25.6 MiB/s | 105.0 KiB |  00m00s
DEBUG util.py:463:  [ 47/156] Installing pcre2-0:10.44-1.fc 100% |  91.4 MiB/s | 654.9 KiB |  00m00s
DEBUG util.py:463:  [ 48/156] Installing grep-0:3.11-8.fc41 100% |  58.8 MiB/s |   1.0 MiB |  00m00s
DEBUG util.py:463:  [ 49/156] Installing xz-1:5.6.2-1.fc41. 100% |  54.8 MiB/s |   1.2 MiB |  00m00s
DEBUG util.py:463:  [ 50/156] Installing libcap-ng-0:0.8.5- 100% |  23.1 MiB/s |  71.0 KiB |  00m00s
DEBUG util.py:463:  [ 51/156] Installing audit-libs-0:4.0.1 100% |  53.6 MiB/s | 329.4 KiB |  00m00s
DEBUG util.py:463:  [ 52/156] Installing pam-libs-0:1.6.1-3 100% |  26.8 MiB/s | 137.4 KiB |  00m00s
DEBUG util.py:463:  [ 53/156] Installing libcap-0:2.70-2.fc 100% |  31.4 MiB/s | 225.2 KiB |  00m00s
DEBUG util.py:463:  [ 54/156] Installing systemd-libs-0:256 100% | 119.4 MiB/s |   2.0 MiB |  00m00s
DEBUG util.py:463:  [ 55/156] Installing libsmartcols-0:2.4 100% |  44.3 MiB/s | 181.5 KiB |  00m00s
DEBUG util.py:463:  [ 56/156] Installing libsepol-0:3.6-3.f 100% |  98.0 MiB/s | 803.0 KiB |  00m00s
DEBUG util.py:463:  [ 57/156] Installing libselinux-0:3.6-6 100% |  43.5 MiB/s | 178.3 KiB |  00m00s
DEBUG util.py:463:  [ 58/156] Installing sed-0:4.9-1.fc40.x 100% |  56.6 MiB/s | 869.7 KiB |  00m00s
DEBUG util.py:463:  [ 59/156] Installing findutils-1:4.10.0 100% |  92.9 MiB/s |   1.9 MiB |  00m00s
DEBUG util.py:463:  [ 60/156] Installing libmount-0:2.40.1- 100% |  68.9 MiB/s | 352.9 KiB |  00m00s
DEBUG util.py:463:  [ 61/156] Installing alternatives-0:1.2 100% |  16.6 MiB/s |  68.0 KiB |  00m00s
DEBUG util.py:463:  [ 62/156] Installing lz4-libs-0:1.9.4-6 100% |  42.5 MiB/s | 130.5 KiB |  00m00s
DEBUG util.py:463:  [ 63/156] Installing lua-libs-0:5.4.6-5 100% |  68.9 MiB/s | 282.3 KiB |  00m00s
DEBUG util.py:463:  [ 64/156] Installing libcom_err-0:1.47. 100% |  22.2 MiB/s |  68.3 KiB |  00m00s
DEBUG util.py:463:  [ 65/156] Installing libtasn1-0:4.19.0- 100% |  43.3 MiB/s | 177.5 KiB |  00m00s
DEBUG util.py:463:  [ 66/156] Installing libunistring-0:1.1 100% | 123.6 MiB/s |   1.7 MiB |  00m00s
DEBUG util.py:463:  [ 67/156] Installing libidn2-0:2.3.7-1. 100% |  32.7 MiB/s | 335.0 KiB |  00m00s
DEBUG util.py:463:  [ 68/156] Installing libpsl-0:0.21.5-3. 100% |  19.9 MiB/s |  81.6 KiB |  00m00s
DEBUG util.py:463:  [ 69/156] Installing zstd-0:1.5.6-1.fc4 100% | 119.7 MiB/s |   1.7 MiB |  00m00s
DEBUG util.py:463:  [ 70/156] Installing util-linux-core-0: 100% |  59.4 MiB/s |   1.5 MiB |  00m00s
DEBUG util.py:463:  [ 71/156] Installing tar-2:1.35-3.fc40. 100% | 109.3 MiB/s |   3.0 MiB |  00m00s
DEBUG util.py:463:  [ 72/156] Installing libsemanage-0:3.6- 100% |  48.1 MiB/s | 295.3 KiB |  00m00s
DEBUG util.py:463:  [ 73/156] Installing shadow-utils-2:4.1 100% |  45.8 MiB/s |   4.2 MiB |  00m00s
DEBUG util.py:463:  >>> Running pre-install scriptlet: libutempter-0:1.2.1-13.fc40.x86_64
DEBUG util.py:463:  >>> Stop pre-install scriptlet: libutempter-0:1.2.1-13.fc40.x86_64
DEBUG util.py:463:  [ 74/156] Installing libutempter-0:1.2. 100% |  14.6 MiB/s |  59.7 KiB |  00m00s
DEBUG util.py:463:  [ 75/156] Installing zip-0:3.0-40.fc40. 100% |  76.7 MiB/s | 707.1 KiB |  00m00s
DEBUG util.py:463:  [ 76/156] Installing gdbm-1:1.23-6.fc40 100% |  50.5 MiB/s | 465.8 KiB |  00m00s
DEBUG util.py:463:  [ 77/156] Installing cyrus-sasl-lib-0:2 100% | 115.3 MiB/s |   2.3 MiB |  00m00s
DEBUG util.py:463:  [ 78/156] Installing libfdisk-0:2.40.1- 100% |  59.2 MiB/s | 363.9 KiB |  00m00s
DEBUG util.py:463:  [ 79/156] Installing libxml2-0:2.12.8-1 100% | 114.1 MiB/s |   1.7 MiB |  00m00s
DEBUG util.py:463:  [ 80/156] Installing bzip2-0:1.0.8-18.f 100% |  18.8 MiB/s |  96.2 KiB |  00m00s
DEBUG util.py:463:  [ 81/156] Installing add-determinism-0: 100% | 132.8 MiB/s |   2.3 MiB |  00m00s
DEBUG util.py:463:  [ 82/156] Installing build-reproducibil 100% | 500.0 KiB/s |   1.0 KiB |  00m00s
DEBUG util.py:463:  [ 83/156] Installing sqlite-libs-0:3.46 100% | 119.1 MiB/s |   1.4 MiB |  00m00s
DEBUG util.py:463:  [ 84/156] Installing ed-0:1.20.2-1.fc41 100% |  29.1 MiB/s | 149.2 KiB |  00m00s
DEBUG util.py:463:  [ 85/156] Installing patch-0:2.7.6-24.f 100% |  51.6 MiB/s | 264.3 KiB |  00m00s
DEBUG util.py:463:  [ 86/156] Installing elfutils-default-y 100% | 227.0 KiB/s |   2.0 KiB |  00m00s
DEBUG util.py:463:  >>> Running post-install scriptlet: elfutils-default-yama-scope-0:0.191-7.fc41.n
DEBUG util.py:463:  >>> Stop post-install scriptlet: elfutils-default-yama-scope-0:0.191-7.fc41.noar
DEBUG util.py:463:  [ 87/156] Installing elfutils-libs-0:0. 100% |  79.1 MiB/s | 648.0 KiB |  00m00s
DEBUG util.py:463:  [ 88/156] Installing cpio-0:2.15-1.fc40 100% |  73.3 MiB/s |   1.1 MiB |  00m00s
DEBUG util.py:463:  [ 89/156] Installing diffutils-0:3.10-5 100% |  66.1 MiB/s |   1.6 MiB |  00m00s
DEBUG util.py:463:  [ 90/156] Installing jansson-0:2.13.1-9 100% |  21.9 MiB/s |  89.7 KiB |  00m00s
DEBUG util.py:463:  [ 91/156] Installing libgomp-0:14.1.1-6 100% |  85.4 MiB/s | 524.7 KiB |  00m00s
DEBUG util.py:463:  [ 92/156] Installing libpkgconf-0:2.1.1 100% |  24.5 MiB/s |  75.3 KiB |  00m00s
DEBUG util.py:463:  [ 93/156] Installing pkgconf-0:2.1.1-1. 100% |  16.7 MiB/s |  85.4 KiB |  00m00s
DEBUG util.py:463:  [ 94/156] Installing pkgconf-pkg-config 100% | 886.7 KiB/s |   1.8 KiB |  00m00s
DEBUG util.py:463:  [ 95/156] Installing libffi-0:3.4.6-1.f 100% |  20.5 MiB/s |  83.8 KiB |  00m00s
DEBUG util.py:463:  [ 96/156] Installing p11-kit-0:0.25.3-4 100% |  75.7 MiB/s |   2.2 MiB |  00m00s
DEBUG util.py:463:  [ 97/156] Installing p11-kit-trust-0:0. 100% |  25.6 MiB/s | 393.1 KiB |  00m00s
DEBUG util.py:463:  >>> Running post-install scriptlet: p11-kit-trust-0:0.25.3-4.fc40.x86_64
DEBUG util.py:463:  >>> Stop post-install scriptlet: p11-kit-trust-0:0.25.3-4.fc40.x86_64
DEBUG util.py:463:  [ 98/156] Installing keyutils-libs-0:1. 100% |  18.2 MiB/s |  55.8 KiB |  00m00s
DEBUG util.py:463:  [ 99/156] Installing libverto-0:0.3.2-8 100% |  10.2 MiB/s |  31.3 KiB |  00m00s
DEBUG util.py:463:  [100/156] Installing xxhash-libs-0:0.8. 100% |  21.9 MiB/s |  89.9 KiB |  00m00s
DEBUG util.py:463:  [101/156] Installing libbrotli-0:1.1.0- 100% |  90.3 MiB/s | 831.8 KiB |  00m00s
DEBUG util.py:463:  [102/156] Installing libnghttp2-0:1.62. 100% |  40.8 MiB/s | 167.2 KiB |  00m00s
DEBUG util.py:463:  [103/156] Installing libtool-ltdl-0:2.4 100% |  21.9 MiB/s |  67.3 KiB |  00m00s
DEBUG util.py:463:  [104/156] Installing rust-srpm-macros-0 100% |   2.7 MiB/s |   5.6 KiB |  00m00s
DEBUG util.py:463:  [105/156] Installing qt6-srpm-macros-0: 100% | 357.4 KiB/s | 732.0   B |  00m00s
DEBUG util.py:463:  [106/156] Installing qt5-srpm-macros-0: 100% | 378.9 KiB/s | 776.0   B |  00m00s
DEBUG util.py:463:  [107/156] Installing perl-srpm-macros-0 100% | 556.6 KiB/s |   1.1 KiB |  00m00s
DEBUG util.py:463:  [108/156] Installing package-notes-srpm 100% |   1.0 MiB/s |   2.0 KiB |  00m00s
DEBUG util.py:463:  [109/156] Installing openblas-srpm-macr 100% | 191.4 KiB/s | 392.0   B |  00m00s
DEBUG util.py:463:  [110/156] Installing ocaml-srpm-macros- 100% |   1.1 MiB/s |   2.2 KiB |  00m00s
DEBUG util.py:463:  [111/156] Installing kernel-srpm-macros 100% |   1.1 MiB/s |   2.3 KiB |  00m00s
DEBUG util.py:463:  [112/156] Installing gnat-srpm-macros-0 100% | 632.8 KiB/s |   1.3 KiB |  00m00s
DEBUG util.py:463:  [113/156] Installing ghc-srpm-macros-0: 100% | 500.0 KiB/s |   1.0 KiB |  00m00s
DEBUG util.py:463:  [114/156] Installing fpc-srpm-macros-0: 100% | 205.1 KiB/s | 420.0   B |  00m00s
DEBUG util.py:463:  [115/156] Installing ansible-srpm-macro 100% |  11.8 MiB/s |  36.2 KiB |  00m00s
DEBUG util.py:463:  [116/156] Installing coreutils-common-0 100% | 114.2 MiB/s |  11.2 MiB |  00m00s
DEBUG util.py:463:  [117/156] Installing openssl-libs-1:3.2 100% | 153.4 MiB/s |   7.8 MiB |  00m00s
DEBUG util.py:463:  [118/156] Installing coreutils-0:9.5-2. 100% |  88.7 MiB/s |   5.6 MiB |  00m00s
DEBUG util.py:463:  >>> Running pre-install scriptlet: ca-certificates-0:2024.2.68_v8.0.302-2.fc41.n
DEBUG util.py:463:  >>> Stop pre-install scriptlet: ca-certificates-0:2024.2.68_v8.0.302-2.fc41.noar
DEBUG util.py:463:  [119/156] Installing ca-certificates-0: 100% |   1.7 MiB/s |   2.4 MiB |  00m01s
DEBUG util.py:463:  >>> Running post-install scriptlet: ca-certificates-0:2024.2.68_v8.0.302-2.fc41.
DEBUG util.py:463:  >>> Stop post-install scriptlet: ca-certificates-0:2024.2.68_v8.0.302-2.fc41.noa
DEBUG util.py:463:  [120/156] Installing krb5-libs-0:1.21.2 100% |  91.8 MiB/s |   2.3 MiB |  00m00s
DEBUG util.py:463:  [121/156] Installing libarchive-0:3.7.4 100% |  81.4 MiB/s | 916.6 KiB |  00m00s
DEBUG util.py:463:  [122/156] Installing libtirpc-0:1.3.4-1 100% |  33.3 MiB/s | 204.6 KiB |  00m00s
DEBUG util.py:463:  [123/156] Installing gzip-0:1.13-1.fc40 100% |  38.1 MiB/s | 390.6 KiB |  00m00s
DEBUG util.py:463:  [124/156] Installing authselect-libs-0: 100% |  40.7 MiB/s | 833.2 KiB |  00m00s
DEBUG util.py:463:  [125/156] Installing authselect-0:1.5.0 100% |  19.3 MiB/s | 157.9 KiB |  00m00s
DEBUG util.py:463:  [126/156] Installing cracklib-0:2.9.11- 100% |  16.3 MiB/s | 250.3 KiB |  00m00s
DEBUG util.py:463:  [127/156] Installing libpwquality-0:1.4 100% |  24.7 MiB/s | 430.1 KiB |  00m00s
DEBUG util.py:463:  [128/156] Installing libnsl2-0:2.0.1-1. 100% |  14.4 MiB/s |  59.0 KiB |  00m00s
DEBUG util.py:463:  [129/156] Installing pam-0:1.6.1-3.fc41 100% |  37.9 MiB/s |   1.8 MiB |  00m00s
DEBUG util.py:463:  [130/156] Installing libssh-0:0.10.6-6. 100% |  71.9 MiB/s | 515.4 KiB |  00m00s
DEBUG util.py:463:  [131/156] Installing rpm-sequoia-0:1.6. 100% | 130.0 MiB/s |   2.2 MiB |  00m00s
DEBUG util.py:463:  [132/156] Installing rpm-libs-0:4.19.92 100% |  87.8 MiB/s | 719.5 KiB |  00m00s
DEBUG util.py:463:  [133/156] Installing rpm-build-libs-0:4 100% |  40.5 MiB/s | 207.5 KiB |  00m00s
DEBUG util.py:463:  [134/156] Installing libevent-0:2.1.12- 100% |  87.8 MiB/s | 899.4 KiB |  00m00s
DEBUG util.py:463:  [135/156] Installing openldap-0:2.6.8-3 100% |  62.9 MiB/s | 644.1 KiB |  00m00s
DEBUG util.py:463:  [136/156] Installing libcurl-0:8.8.0-1. 100% |  87.5 MiB/s | 806.8 KiB |  00m00s
DEBUG util.py:463:  [137/156] Installing elfutils-debuginfo 100% |  13.1 MiB/s |  66.9 KiB |  00m00s
DEBUG util.py:463:  [138/156] Installing binutils-0:2.42.50 100% | 141.0 MiB/s |  26.8 MiB |  00m00s
DEBUG util.py:463:  >>> Running post-install scriptlet: binutils-0:2.42.50-14.fc41.x86_64
DEBUG util.py:463:  >>> Stop post-install scriptlet: binutils-0:2.42.50-14.fc41.x86_64
DEBUG util.py:463:  [139/156] Installing elfutils-0:0.191-7 100% | 111.0 MiB/s |   2.6 MiB |  00m00s
DEBUG util.py:463:  [140/156] Installing gdb-minimal-0:14.2 100% | 153.6 MiB/s |  12.7 MiB |  00m00s
DEBUG util.py:463:  [141/156] Installing debugedit-0:5.0-16 100% |  32.9 MiB/s | 202.0 KiB |  00m00s
DEBUG util.py:463:  [142/156] Installing curl-0:8.8.0-1.fc4 100% |  34.7 MiB/s | 746.2 KiB |  00m00s
DEBUG util.py:463:  >>> Running pre-install scriptlet: rpm-0:4.19.92-1.fc41.x86_64
DEBUG util.py:463:  >>> Stop pre-install scriptlet: rpm-0:4.19.92-1.fc41.x86_64
DEBUG util.py:463:  [143/156] Installing rpm-0:4.19.92-1.fc 100% |  48.8 MiB/s |   2.5 MiB |  00m00s
DEBUG util.py:463:  [144/156] Installing efi-srpm-macros-0: 100% |  13.4 MiB/s |  41.2 KiB |  00m00s
DEBUG util.py:463:  [145/156] Installing lua-srpm-macros-0: 100% | 951.2 KiB/s |   1.9 KiB |  00m00s
DEBUG util.py:463:  [146/156] Installing zig-srpm-macros-0: 100% | 832.0 KiB/s |   1.7 KiB |  00m00s
DEBUG util.py:463:  [147/156] Installing fonts-srpm-macros- 100% |  18.6 MiB/s |  57.0 KiB |  00m00s
DEBUG util.py:463:  [148/156] Installing forge-srpm-macros- 100% |  13.1 MiB/s |  40.3 KiB |  00m00s
DEBUG util.py:463:  [149/156] Installing go-srpm-macros-0:3 100% |  20.2 MiB/s |  62.0 KiB |  00m00s
DEBUG util.py:463:  [150/156] Installing python-srpm-macros 100% |  17.0 MiB/s |  52.2 KiB |  00m00s
DEBUG util.py:463:  [151/156] Installing redhat-rpm-config- 100% |  23.2 MiB/s | 190.1 KiB |  00m00s
DEBUG util.py:463:  [152/156] Installing rpm-build-0:4.19.9 100% |  19.8 MiB/s | 202.6 KiB |  00m00s
DEBUG util.py:463:  [153/156] Installing pyproject-srpm-mac 100% | 518.6 KiB/s |   2.1 KiB |  00m00s
DEBUG util.py:463:  [154/156] Installing util-linux-0:2.40. 100% |  51.3 MiB/s |   3.7 MiB |  00m00s
DEBUG util.py:463:  >>> Running post-install scriptlet: util-linux-0:2.40.1-2.fc41.x86_64
DEBUG util.py:463:  >>> Stop post-install scriptlet: util-linux-0:2.40.1-2.fc41.x86_64
DEBUG util.py:463:  [155/156] Installing which-0:2.21-41.fc 100% |  16.1 MiB/s |  82.4 KiB |  00m00s
DEBUG util.py:461:  warning: posix.fork(): .fork(), .exec(), .wait() and .redirect2null() are deprecated, use rpm.execute() instead
DEBUG util.py:461:  warning: posix.wait(): .fork(), .exec(), .wait() and .redirect2null() are deprecated, use rpm.execute() instead
DEBUG util.py:461:  warning: posix.exec(): .fork(), .exec(), .wait() and .redirect2null() are deprecated, use rpm.execute() instead
DEBUG util.py:463:  [156/156] Installing info-0:7.1-2.fc40. 100% |  91.7 KiB/s | 358.2 KiB |  00m04s
DEBUG util.py:463:  >>> Running post-transaction scriptlet: filesystem-0:3.18-9.fc41.x86_64
DEBUG util.py:463:  >>> Stop post-transaction scriptlet: filesystem-0:3.18-9.fc41.x86_64
DEBUG util.py:463:  >>> Running post-transaction scriptlet: ca-certificates-0:2024.2.68_v8.0.302-2.f
DEBUG util.py:463:  >>> Stop post-transaction scriptlet: ca-certificates-0:2024.2.68_v8.0.302-2.fc41
DEBUG util.py:463:  >>> Running post-transaction scriptlet: authselect-libs-0:1.5.0-5.fc41.x86_64
DEBUG util.py:463:  >>> Stop post-transaction scriptlet: authselect-libs-0:1.5.0-5.fc41.x86_64
DEBUG util.py:463:  >>> Running post-transaction scriptlet: rpm-0:4.19.92-1.fc41.x86_64
DEBUG util.py:463:  >>> Stop post-transaction scriptlet: rpm-0:4.19.92-1.fc41.x86_64
DEBUG util.py:463:  >>> Running trigger-install scriptlet: glibc-common-0:2.39.9000-26.fc41.x86_64
DEBUG util.py:463:  >>> Stop trigger-install scriptlet: glibc-common-0:2.39.9000-26.fc41.x86_64
DEBUG util.py:463:  >>> Running trigger-install scriptlet: info-0:7.1-2.fc40.x86_64
DEBUG util.py:463:  >>> Stop trigger-install scriptlet: info-0:7.1-2.fc40.x86_64
DEBUG util.py:461:  Warning: skipped PGP checks for 154 packages from repository: build
DEBUG util.py:610:  Child return code was: 0
DEBUG util.py:185:  kill orphans in chroot /var/lib/mock/f41-build-51933390-6217774/root
DEBUG util.py:185:  kill orphans in chroot /var/lib/mock/f41-build-51933390-6217774-bootstrap/root/var/lib/mock/f41-build-51933390-6217774/root
DEBUG util.py:636:  child environment: None
DEBUG util.py:558:  Executing command: ['/bin/umount', '-n', '-l', '/var/lib/mock/f41-build-51933390-6217774-bootstrap/root/var/lib/mock/f41-build-51933390-6217774/root'] with env {'TERM': 'vt100', 'SHELL': '/bin/sh', 'HOME': '/builddir', 'HOSTNAME': 'mock', 'PATH': '/usr/bin:/bin:/usr/sbin:/sbin', 'LANG': 'C.UTF-8'} and shell False
DEBUG util.py:610:  Child return code was: 0
DEBUG util.py:636:  child environment: None
DEBUG util.py:558:  Executing command: ['/bin/umount', '-n', '-l', '/var/lib/mock/f41-build-51933390-6217774-bootstrap/root/var/lib/mock/f41-build-51933390-6217774/root'] with env {'TERM': 'vt100', 'SHELL': '/bin/sh', 'HOME': '/builddir', 'HOSTNAME': 'mock', 'PATH': '/usr/bin:/bin:/usr/sbin:/sbin', 'LANG': 'C.UTF-8'} and shell False
DEBUG util.py:610:  Child return code was: 0
DEBUG util.py:636:  child environment: None
DEBUG util.py:558:  Executing command: ['/bin/umount', '-n', '-l', '/var/lib/mock/f41-build-51933390-6217774/root/sys/fs/selinux'] with env {'TERM': 'vt100', 'SHELL': '/bin/sh', 'HOME': '/builddir', 'HOSTNAME': 'mock', 'PATH': '/usr/bin:/bin:/usr/sbin:/sbin', 'LANG': 'C.UTF-8'} and shell False
DEBUG util.py:610:  Child return code was: 0
DEBUG util.py:636:  child environment: None
DEBUG util.py:558:  Executing command: ['/bin/umount', '-n', '/var/lib/mock/f41-build-51933390-6217774/root/proc/filesystems'] with env {'TERM': 'vt100', 'SHELL': '/bin/sh', 'HOME': '/builddir', 'HOSTNAME': 'mock', 'PATH': '/usr/bin:/bin:/usr/sbin:/sbin', 'LANG': 'C.UTF-8'} and shell False
DEBUG util.py:610:  Child return code was: 0
DEBUG util.py:636:  child environment: None
DEBUG util.py:558:  Executing command: ['/bin/umount', '-n', '-l', '/var/lib/mock/f41-build-51933390-6217774/root/dev/pts'] with env {'TERM': 'vt100', 'SHELL': '/bin/sh', 'HOME': '/builddir', 'HOSTNAME': 'mock', 'PATH': '/usr/bin:/bin:/usr/sbin:/sbin', 'LANG': 'C.UTF-8'} and shell False
DEBUG util.py:610:  Child return code was: 0
DEBUG util.py:636:  child environment: None
DEBUG util.py:558:  Executing command: ['/bin/umount', '-n', '-l', '/var/lib/mock/f41-build-51933390-6217774/root/dev/shm'] with env {'TERM': 'vt100', 'SHELL': '/bin/sh', 'HOME': '/builddir', 'HOSTNAME': 'mock', 'PATH': '/usr/bin:/bin:/usr/sbin:/sbin', 'LANG': 'C.UTF-8'} and shell False
DEBUG util.py:610:  Child return code was: 0
DEBUG util.py:636:  child environment: None
DEBUG util.py:558:  Executing command: ['/bin/umount', '-n', '-l', '/var/lib/mock/f41-build-51933390-6217774/root/sys'] with env {'TERM': 'vt100', 'SHELL': '/bin/sh', 'HOME': '/builddir', 'HOSTNAME': 'mock', 'PATH': '/usr/bin:/bin:/usr/sbin:/sbin', 'LANG': 'C.UTF-8'} and shell False
DEBUG util.py:610:  Child return code was: 0
DEBUG util.py:636:  child environment: None
DEBUG util.py:558:  Executing command: ['/bin/umount', '-n', '-l', '/var/lib/mock/f41-build-51933390-6217774/root/sys'] with env {'TERM': 'vt100', 'SHELL': '/bin/sh', 'HOME': '/builddir', 'HOSTNAME': 'mock', 'PATH': '/usr/bin:/bin:/usr/sbin:/sbin', 'LANG': 'C.UTF-8'} and shell False
DEBUG util.py:610:  Child return code was: 0
DEBUG util.py:636:  child environment: None
DEBUG util.py:558:  Executing command: ['/bin/umount', '-n', '-l', '/var/lib/mock/f41-build-51933390-6217774/root/proc'] with env {'TERM': 'vt100', 'SHELL': '/bin/sh', 'HOME': '/builddir', 'HOSTNAME': 'mock', 'PATH': '/usr/bin:/bin:/usr/sbin:/sbin', 'LANG': 'C.UTF-8'} and shell False
DEBUG util.py:610:  Child return code was: 0
DEBUG util.py:636:  child environment: None
DEBUG util.py:558:  Executing command: ['/bin/umount', '-n', '-l', '/var/lib/mock/f41-build-51933390-6217774/root/proc'] with env {'TERM': 'vt100', 'SHELL': '/bin/sh', 'HOME': '/builddir', 'HOSTNAME': 'mock', 'PATH': '/usr/bin:/bin:/usr/sbin:/sbin', 'LANG': 'C.UTF-8'} and shell False
DEBUG util.py:610:  Child return code was: 0
DEBUG file_util.py:30:  touching file: /var/lib/mock/f41-build-51933390-6217774/root/etc/os-release
DEBUG file_util.py:18:  ensuring that dir exists: /var/lib/mock/f41-build-51933390-6217774/root/builddir/build
DEBUG file_util.py:21:  created dir: /var/lib/mock/f41-build-51933390-6217774/root/builddir/build
DEBUG file_util.py:18:  ensuring that dir exists: /var/lib/mock/f41-build-51933390-6217774/root/builddir/build/RPMS
DEBUG file_util.py:21:  created dir: /var/lib/mock/f41-build-51933390-6217774/root/builddir/build/RPMS
DEBUG file_util.py:18:  ensuring that dir exists: /var/lib/mock/f41-build-51933390-6217774/root/builddir/build/SPECS
DEBUG file_util.py:21:  created dir: /var/lib/mock/f41-build-51933390-6217774/root/builddir/build/SPECS
DEBUG file_util.py:18:  ensuring that dir exists: /var/lib/mock/f41-build-51933390-6217774/root/builddir/build/SRPMS
DEBUG file_util.py:21:  created dir: /var/lib/mock/f41-build-51933390-6217774/root/builddir/build/SRPMS
DEBUG file_util.py:18:  ensuring that dir exists: /var/lib/mock/f41-build-51933390-6217774/root/builddir/build/SOURCES
DEBUG file_util.py:21:  created dir: /var/lib/mock/f41-build-51933390-6217774/root/builddir/build/SOURCES
DEBUG file_util.py:18:  ensuring that dir exists: /var/lib/mock/f41-build-51933390-6217774/root/builddir/build/BUILD
DEBUG file_util.py:21:  created dir: /var/lib/mock/f41-build-51933390-6217774/root/builddir/build/BUILD
DEBUG file_util.py:18:  ensuring that dir exists: /var/lib/mock/f41-build-51933390-6217774/root/builddir/build/BUILDROOT
DEBUG file_util.py:21:  created dir: /var/lib/mock/f41-build-51933390-6217774/root/builddir/build/BUILDROOT
DEBUG file_util.py:18:  ensuring that dir exists: /var/lib/mock/f41-build-51933390-6217774/root/builddir/build/originals
DEBUG file_util.py:21:  created dir: /var/lib/mock/f41-build-51933390-6217774/root/builddir/build/originals
DEBUG file_util.py:18:  ensuring that dir exists: /var/lib/mock/f41-build-51933390-6217774/root/builddir
DEBUG util.py:636:  child environment: None
DEBUG util.py:558:  Executing command: ['userdel', '-f', 'mockbuild', '--prefix', '/var/lib/mock/f41-build-51933390-6217774/root'] with env {'TERM': 'vt100', 'SHELL': '/bin/sh', 'HOME': '/builddir', 'HOSTNAME': 'mock', 'PATH': '/usr/bin:/bin:/usr/sbin:/sbin', 'LANG': 'C.UTF-8'} and shell False
DEBUG util.py:461:  userdel: user 'mockbuild' does not exist
DEBUG util.py:610:  Child return code was: 6
DEBUG util.py:636:  child environment: None
DEBUG util.py:558:  Executing command: ['groupdel', 'mock', '--prefix', '/var/lib/mock/f41-build-51933390-6217774/root'] with env {'TERM': 'vt100', 'SHELL': '/bin/sh', 'HOME': '/builddir', 'HOSTNAME': 'mock', 'PATH': '/usr/bin:/bin:/usr/sbin:/sbin', 'LANG': 'C.UTF-8'} and shell False
DEBUG util.py:461:  groupdel: group 'mock' does not exist
DEBUG util.py:610:  Child return code was: 6
DEBUG util.py:636:  child environment: None
DEBUG util.py:558:  Executing command: ['groupadd', 'mock', '-g', '425', '--prefix', '/var/lib/mock/f41-build-51933390-6217774/root'] with env {'TERM': 'vt100', 'SHELL': '/bin/sh', 'HOME': '/builddir', 'HOSTNAME': 'mock', 'PATH': '/usr/bin:/bin:/usr/sbin:/sbin', 'LANG': 'C.UTF-8'} and shell False
DEBUG util.py:610:  Child return code was: 0
DEBUG util.py:636:  child environment: None
DEBUG util.py:558:  Executing command: ['useradd', 'mockbuild', '-o', '-u', '1000', '-g', '425', '-N', '-d', '/builddir', '--prefix', '/var/lib/mock/f41-build-51933390-6217774/root'] with env {'TERM': 'vt100', 'SHELL': '/bin/sh', 'HOME': '/builddir', 'HOSTNAME': 'mock', 'PATH': '/usr/bin:/bin:/usr/sbin:/sbin', 'LANG': 'C.UTF-8'} and shell False
DEBUG util.py:461:  useradd: warning: the home directory /builddir already exists.
DEBUG util.py:461:  useradd: Not copying any file from skel directory into it.
DEBUG util.py:610:  Child return code was: 0
DEBUG file_util.py:30:  touching file: /var/lib/mock/f41-build-51933390-6217774/root/.initialized
DEBUG file_util.py:18:  ensuring that dir exists: /var/lib/mock/f41-build-51933390-6217774-bootstrap/root/var/lib/mock/f41-build-51933390-6217774/root
DEBUG util.py:636:  child environment: None
DEBUG util.py:558:  Executing command: ['/bin/mount', '-n', '-t', 'tmpfs', '-o', 'private,mode=0755', 'tmpfs', '/var/lib/mock/f41-build-51933390-6217774-bootstrap/root/var/lib/mock/f41-build-51933390-6217774/root'] with env {'TERM': 'vt100', 'SHELL': '/bin/sh', 'HOME': '/builddir', 'HOSTNAME': 'mock', 'PATH': '/usr/bin:/bin:/usr/sbin:/sbin', 'LANG': 'C.UTF-8'} and shell False
DEBUG util.py:610:  Child return code was: 0
DEBUG file_util.py:18:  ensuring that dir exists: /var/lib/mock/f41-build-51933390-6217774-bootstrap/root/var/lib/mock/f41-build-51933390-6217774/root
DEBUG util.py:636:  child environment: None
DEBUG util.py:558:  Executing command: ['/bin/mount', '-n', '-o', 'rbind', '/var/lib/mock/f41-build-51933390-6217774/root', '/var/lib/mock/f41-build-51933390-6217774-bootstrap/root/var/lib/mock/f41-build-51933390-6217774/root'] with env {'TERM': 'vt100', 'SHELL': '/bin/sh', 'HOME': '/builddir', 'HOSTNAME': 'mock', 'PATH': '/usr/bin:/bin:/usr/sbin:/sbin', 'LANG': 'C.UTF-8'} and shell False
DEBUG util.py:610:  Child return code was: 0
DEBUG util.py:636:  child environment: None
DEBUG util.py:558:  Executing command: ['/bin/mount', '-n', '-o', 'remount,private,rbind', '--target', '/var/lib/mock/f41-build-51933390-6217774-bootstrap/root/var/lib/mock/f41-build-51933390-6217774/root'] with env {'TERM': 'vt100', 'SHELL': '/bin/sh', 'HOME': '/builddir', 'HOSTNAME': 'mock', 'PATH': '/usr/bin:/bin:/usr/sbin:/sbin', 'LANG': 'C.UTF-8'} and shell False
DEBUG util.py:610:  Child return code was: 0
DEBUG util.py:636:  child environment: None
DEBUG util.py:553:  Using nspawn with args None
DEBUG util.py:558:  Executing command: ['/usr/bin/systemd-nspawn', '-q', '-M', 'f617af2d65ff4933951a293c490ed39c', '-D', '/var/lib/mock/f41-build-51933390-6217774-bootstrap/root', '-a', '--console=pipe', '--setenv=TERM=vt100', '--setenv=SHELL=/bin/bash', '--setenv=HOME=/builddir', '--setenv=HOSTNAME=mock', '--setenv=PATH=/usr/bin:/bin:/usr/sbin:/sbin', '--setenv=PROMPT_COMMAND=printf "\\033]0;<mock-chroot>\\007"', '--setenv=PS1=<mock-chroot> \\s-\\v\\$ ', '--setenv=LANG=C.UTF-8', '--resolv-conf=off', '/bin/rpm', '-qa', '--root', '/var/lib/mock/f41-build-51933390-6217774/root'] with env {'TERM': 'vt100', 'SHELL': '/bin/bash', 'HOME': '/builddir', 'HOSTNAME': 'mock', 'PATH': '/usr/bin:/bin:/usr/sbin:/sbin', 'PROMPT_COMMAND': 'printf "\\033]0;<mock-chroot>\\007"', 'PS1': '<mock-chroot> \\s-\\v\\$ ', 'LANG': 'C.UTF-8', 'SYSTEMD_NSPAWN_TMPFS_TMP': '0', 'SYSTEMD_SECCOMP': '0'} and shell False
DEBUG util.py:463:  libgcc-14.1.1-6.fc41.x86_64
DEBUG util.py:463:  crypto-policies-20240628-1.gitddd11d3.fc41.noarch
DEBUG util.py:463:  libssh-config-0.10.6-6.fc41.noarch
DEBUG util.py:463:  publicsuffix-list-dafsa-20240107-3.fc40.noarch
DEBUG util.py:463:  fedora-release-identity-basic-41-0.14.noarch
DEBUG util.py:463:  fedora-gpg-keys-41-0.2.noarch
DEBUG util.py:463:  fedora-repos-rawhide-41-0.2.noarch
DEBUG util.py:463:  fedora-repos-41-0.2.noarch
DEBUG util.py:463:  fedora-release-common-41-0.14.noarch
DEBUG util.py:463:  fedora-release-41-0.14.noarch
DEBUG util.py:463:  setup-2.15.0-4.fc41.noarch
DEBUG util.py:463:  filesystem-3.18-9.fc41.x86_64
DEBUG util.py:463:  basesystem-11-20.fc40.noarch
DEBUG util.py:463:  pkgconf-m4-2.1.1-1.fc41.noarch
DEBUG util.py:463:  pcre2-syntax-10.44-1.fc41.noarch
DEBUG util.py:463:  ncurses-base-6.4-12.20240127.fc40.noarch
DEBUG util.py:463:  glibc-minimal-langpack-2.39.9000-26.fc41.x86_64
DEBUG util.py:463:  ncurses-libs-6.4-12.20240127.fc40.x86_64
DEBUG util.py:463:  glibc-2.39.9000-26.fc41.x86_64
DEBUG util.py:463:  bash-5.2.26-3.fc40.x86_64
DEBUG util.py:463:  glibc-common-2.39.9000-26.fc41.x86_64
DEBUG util.py:463:  glibc-gconv-extra-2.39.9000-26.fc41.x86_64
DEBUG util.py:463:  zlib-ng-compat-2.1.7-1.fc41.x86_64
DEBUG util.py:463:  bzip2-libs-1.0.8-18.fc40.x86_64
DEBUG util.py:463:  xz-libs-5.6.2-1.fc41.x86_64
DEBUG util.py:463:  readline-8.2-8.fc40.x86_64
DEBUG util.py:463:  popt-1.19-6.fc40.x86_64
DEBUG util.py:463:  libuuid-2.40.1-2.fc41.x86_64
DEBUG util.py:463:  libblkid-2.40.1-2.fc41.x86_64
DEBUG util.py:463:  libattr-2.5.2-3.fc40.x86_64
DEBUG util.py:463:  libacl-2.3.2-1.fc40.x86_64
DEBUG util.py:463:  libxcrypt-4.4.36-5.fc40.x86_64
DEBUG util.py:463:  libstdc++-14.1.1-6.fc41.x86_64
DEBUG util.py:463:  libzstd-1.5.6-1.fc41.x86_64
DEBUG util.py:463:  elfutils-libelf-0.191-7.fc41.x86_64
DEBUG util.py:463:  gmp-6.3.0-1.fc41.x86_64
DEBUG util.py:463:  libeconf-0.6.2-2.fc41.x86_64
DEBUG util.py:463:  gdbm-libs-1.23-6.fc40.x86_64
DEBUG util.py:463:  mpfr-4.2.1-4.fc41.x86_64
DEBUG util.py:463:  gawk-5.3.0-3.fc40.x86_64
DEBUG util.py:463:  dwz-0.15-6.fc40.x86_64
DEBUG util.py:463:  unzip-6.0-63.fc40.x86_64
DEBUG util.py:463:  file-libs-5.45-6.fc41.x86_64
DEBUG util.py:463:  file-5.45-6.fc41.x86_64
DEBUG util.py:463:  pcre2-10.44-1.fc41.x86_64
DEBUG util.py:463:  grep-3.11-8.fc41.x86_64
DEBUG util.py:463:  xz-5.6.2-1.fc41.x86_64
DEBUG util.py:463:  libcap-ng-0.8.5-2.fc41.x86_64
DEBUG util.py:463:  audit-libs-4.0.1-3.fc41.x86_64
DEBUG util.py:463:  pam-libs-1.6.1-3.fc41.x86_64
DEBUG util.py:463:  libcap-2.70-2.fc41.x86_64
DEBUG util.py:463:  systemd-libs-256.1-3.fc41.x86_64
DEBUG util.py:463:  libsmartcols-2.40.1-2.fc41.x86_64
DEBUG util.py:463:  libsepol-3.6-3.fc40.x86_64
DEBUG util.py:463:  libselinux-3.6-6.fc41.x86_64
DEBUG util.py:463:  sed-4.9-1.fc40.x86_64
DEBUG util.py:463:  findutils-4.10.0-2.fc41.x86_64
DEBUG util.py:463:  libmount-2.40.1-2.fc41.x86_64
DEBUG util.py:463:  alternatives-1.28-1.fc41.x86_64
DEBUG util.py:463:  lz4-libs-1.9.4-6.fc40.x86_64
DEBUG util.py:463:  lua-libs-5.4.6-5.fc40.x86_64
DEBUG util.py:463:  libcom_err-1.47.1-1.fc41.x86_64
DEBUG util.py:463:  libtasn1-4.19.0-6.fc40.x86_64
DEBUG util.py:463:  libunistring-1.1-7.fc41.x86_64
DEBUG util.py:463:  libidn2-2.3.7-1.fc40.x86_64
DEBUG util.py:463:  libpsl-0.21.5-3.fc40.x86_64
DEBUG util.py:463:  zstd-1.5.6-1.fc41.x86_64
DEBUG util.py:463:  util-linux-core-2.40.1-2.fc41.x86_64
DEBUG util.py:463:  tar-1.35-3.fc40.x86_64
DEBUG util.py:463:  libsemanage-3.6-4.fc41.x86_64
DEBUG util.py:463:  shadow-utils-4.15.1-5.fc41.x86_64
DEBUG util.py:463:  libutempter-1.2.1-13.fc40.x86_64
DEBUG util.py:463:  zip-3.0-40.fc40.x86_64
DEBUG util.py:463:  gdbm-1.23-6.fc40.x86_64
DEBUG util.py:463:  cyrus-sasl-lib-2.1.28-24.fc41.x86_64
DEBUG util.py:463:  libfdisk-2.40.1-2.fc41.x86_64
DEBUG util.py:463:  libxml2-2.12.8-1.fc41.x86_64
DEBUG util.py:463:  bzip2-1.0.8-18.fc40.x86_64
DEBUG util.py:463:  add-determinism-0.3.2-1.fc41.x86_64
DEBUG util.py:463:  build-reproducibility-srpm-macros-0.3.2-1.fc41.noarch
DEBUG util.py:463:  sqlite-libs-3.46.0-2.fc41.x86_64
DEBUG util.py:463:  ed-1.20.2-1.fc41.x86_64
DEBUG util.py:463:  patch-2.7.6-24.fc40.x86_64
DEBUG util.py:463:  elfutils-default-yama-scope-0.191-7.fc41.noarch
DEBUG util.py:463:  elfutils-libs-0.191-7.fc41.x86_64
DEBUG util.py:463:  cpio-2.15-1.fc40.x86_64
DEBUG util.py:463:  diffutils-3.10-5.fc40.x86_64
DEBUG util.py:463:  jansson-2.13.1-9.fc40.x86_64
DEBUG util.py:463:  libgomp-14.1.1-6.fc41.x86_64
DEBUG util.py:463:  libpkgconf-2.1.1-1.fc41.x86_64
DEBUG util.py:463:  pkgconf-2.1.1-1.fc41.x86_64
DEBUG util.py:463:  pkgconf-pkg-config-2.1.1-1.fc41.x86_64
DEBUG util.py:463:  libffi-3.4.6-1.fc41.x86_64
DEBUG util.py:463:  p11-kit-0.25.3-4.fc40.x86_64
DEBUG util.py:463:  p11-kit-trust-0.25.3-4.fc40.x86_64
DEBUG util.py:463:  keyutils-libs-1.6.3-3.fc40.x86_64
DEBUG util.py:463:  libverto-0.3.2-8.fc40.x86_64
DEBUG util.py:463:  xxhash-libs-0.8.2-2.fc40.x86_64
DEBUG util.py:463:  libbrotli-1.1.0-4.fc41.x86_64
DEBUG util.py:463:  libnghttp2-1.62.1-1.fc41.x86_64
DEBUG util.py:463:  libtool-ltdl-2.4.7-11.fc41.x86_64
DEBUG util.py:463:  rust-srpm-macros-26.3-1.fc41.noarch
DEBUG util.py:463:  qt6-srpm-macros-6.7.1-1.fc41.noarch
DEBUG util.py:463:  qt5-srpm-macros-5.15.14-1.fc41.noarch
DEBUG util.py:463:  perl-srpm-macros-1-55.fc41.noarch
DEBUG util.py:463:  package-notes-srpm-macros-0.5-11.fc40.noarch
DEBUG util.py:463:  openblas-srpm-macros-2-17.fc41.noarch
DEBUG util.py:463:  ocaml-srpm-macros-10-2.fc41.noarch
DEBUG util.py:463:  kernel-srpm-macros-1.0-23.fc41.noarch
DEBUG util.py:463:  gnat-srpm-macros-6-5.fc40.noarch
DEBUG util.py:463:  ghc-srpm-macros-1.9.1-1.fc41.noarch
DEBUG util.py:463:  fpc-srpm-macros-1.3-12.fc40.noarch
DEBUG util.py:463:  ansible-srpm-macros-1-15.fc41.noarch
DEBUG util.py:463:  coreutils-common-9.5-2.fc41.x86_64
DEBUG util.py:463:  openssl-libs-3.2.2-2.fc41.x86_64
DEBUG util.py:463:  coreutils-9.5-2.fc41.x86_64
DEBUG util.py:463:  ca-certificates-2024.2.68_v8.0.302-2.fc41.noarch
DEBUG util.py:463:  krb5-libs-1.21.2-5.fc40.x86_64
DEBUG util.py:463:  libarchive-3.7.4-1.fc41.x86_64
DEBUG util.py:463:  libtirpc-1.3.4-1.rc3.fc41.x86_64
DEBUG util.py:463:  gzip-1.13-1.fc40.x86_64
DEBUG util.py:463:  authselect-libs-1.5.0-5.fc41.x86_64
DEBUG util.py:463:  authselect-1.5.0-5.fc41.x86_64
DEBUG util.py:463:  cracklib-2.9.11-5.fc40.x86_64
DEBUG util.py:463:  libpwquality-1.4.5-10.fc41.x86_64
DEBUG util.py:463:  libnsl2-2.0.1-1.fc40.x86_64
DEBUG util.py:463:  pam-1.6.1-3.fc41.x86_64
DEBUG util.py:463:  libssh-0.10.6-6.fc41.x86_64
DEBUG util.py:463:  rpm-sequoia-1.6.0-3.fc41.x86_64
DEBUG util.py:463:  rpm-libs-4.19.92-1.fc41.x86_64
DEBUG util.py:463:  rpm-build-libs-4.19.92-1.fc41.x86_64
DEBUG util.py:463:  libevent-2.1.12-13.fc41.x86_64
DEBUG util.py:463:  openldap-2.6.8-3.fc41.x86_64
DEBUG util.py:463:  libcurl-8.8.0-1.fc41.x86_64
DEBUG util.py:463:  elfutils-debuginfod-client-0.191-7.fc41.x86_64
DEBUG util.py:463:  binutils-2.42.50-14.fc41.x86_64
DEBUG util.py:463:  elfutils-0.191-7.fc41.x86_64
DEBUG util.py:463:  gdb-minimal-14.2-13.fc41.x86_64
DEBUG util.py:463:  debugedit-5.0-16.fc41.x86_64
DEBUG util.py:463:  curl-8.8.0-1.fc41.x86_64
DEBUG util.py:463:  rpm-4.19.92-1.fc41.x86_64
DEBUG util.py:463:  efi-srpm-macros-5-11.fc40.noarch
DEBUG util.py:463:  lua-srpm-macros-1-13.fc40.noarch
DEBUG util.py:463:  zig-srpm-macros-1-2.fc40.noarch
DEBUG util.py:463:  fonts-srpm-macros-2.0.5-16.fc41.noarch
DEBUG util.py:463:  forge-srpm-macros-0.3.1-1.fc41.noarch
DEBUG util.py:463:  go-srpm-macros-3.6.0-1.fc41.noarch
DEBUG util.py:463:  python-srpm-macros-3.13-2.fc41.noarch
DEBUG util.py:463:  redhat-rpm-config-293-1.fc41.noarch
DEBUG util.py:463:  rpm-build-4.19.92-1.fc41.x86_64
DEBUG util.py:463:  pyproject-srpm-macros-1.12.2-1.fc41.noarch
DEBUG util.py:463:  util-linux-2.40.1-2.fc41.x86_64
DEBUG util.py:463:  which-2.21-41.fc40.x86_64
DEBUG util.py:463:  info-7.1-2.fc40.x86_64
DEBUG util.py:610:  Child return code was: 0
DEBUG util.py:185:  kill orphans in chroot /var/lib/mock/f41-build-51933390-6217774/root
DEBUG util.py:185:  kill orphans in chroot /var/lib/mock/f41-build-51933390-6217774-bootstrap/root/var/lib/mock/f41-build-51933390-6217774/root
DEBUG util.py:636:  child environment: None
DEBUG util.py:558:  Executing command: ['/bin/umount', '-n', '-l', '/var/lib/mock/f41-build-51933390-6217774-bootstrap/root/var/lib/mock/f41-build-51933390-6217774/root'] with env {'TERM': 'vt100', 'SHELL': '/bin/sh', 'HOME': '/builddir', 'HOSTNAME': 'mock', 'PATH': '/usr/bin:/bin:/usr/sbin:/sbin', 'LANG': 'C.UTF-8'} and shell False
DEBUG util.py:610:  Child return code was: 0
DEBUG util.py:636:  child environment: None
DEBUG util.py:558:  Executing command: ['/bin/umount', '-n', '-l', '/var/lib/mock/f41-build-51933390-6217774-bootstrap/root/var/lib/mock/f41-build-51933390-6217774/root'] with env {'TERM': 'vt100', 'SHELL': '/bin/sh', 'HOME': '/builddir', 'HOSTNAME': 'mock', 'PATH': '/usr/bin:/bin:/usr/sbin:/sbin', 'LANG': 'C.UTF-8'} and shell False
DEBUG util.py:610:  Child return code was: 0
INFO backend.py:234:  Installed packages:
INFO backend.py:235:  add-determinism-0.3.2-1.fc41.x86_64
alternatives-1.28-1.fc41.x86_64
ansible-srpm-macros-1-15.fc41.noarch
audit-libs-4.0.1-3.fc41.x86_64
authselect-1.5.0-5.fc41.x86_64
authselect-libs-1.5.0-5.fc41.x86_64
basesystem-11-20.fc40.noarch
bash-5.2.26-3.fc40.x86_64
binutils-2.42.50-14.fc41.x86_64
build-reproducibility-srpm-macros-0.3.2-1.fc41.noarch
bzip2-1.0.8-18.fc40.x86_64
bzip2-libs-1.0.8-18.fc40.x86_64
ca-certificates-2024.2.68_v8.0.302-2.fc41.noarch
coreutils-9.5-2.fc41.x86_64
coreutils-common-9.5-2.fc41.x86_64
cpio-2.15-1.fc40.x86_64
cracklib-2.9.11-5.fc40.x86_64
crypto-policies-20240628-1.gitddd11d3.fc41.noarch
curl-8.8.0-1.fc41.x86_64
cyrus-sasl-lib-2.1.28-24.fc41.x86_64
debugedit-5.0-16.fc41.x86_64
diffutils-3.10-5.fc40.x86_64
dwz-0.15-6.fc40.x86_64
ed-1.20.2-1.fc41.x86_64
efi-srpm-macros-5-11.fc40.noarch
elfutils-0.191-7.fc41.x86_64
elfutils-debuginfod-client-0.191-7.fc41.x86_64
elfutils-default-yama-scope-0.191-7.fc41.noarch
elfutils-libelf-0.191-7.fc41.x86_64
elfutils-libs-0.191-7.fc41.x86_64
fedora-gpg-keys-41-0.2.noarch
fedora-release-41-0.14.noarch
fedora-release-common-41-0.14.noarch
fedora-release-identity-basic-41-0.14.noarch
fedora-repos-41-0.2.noarch
fedora-repos-rawhide-41-0.2.noarch
file-5.45-6.fc41.x86_64
file-libs-5.45-6.fc41.x86_64
filesystem-3.18-9.fc41.x86_64
findutils-4.10.0-2.fc41.x86_64
fonts-srpm-macros-2.0.5-16.fc41.noarch
forge-srpm-macros-0.3.1-1.fc41.noarch
fpc-srpm-macros-1.3-12.fc40.noarch
gawk-5.3.0-3.fc40.x86_64
gdb-minimal-14.2-13.fc41.x86_64
gdbm-1.23-6.fc40.x86_64
gdbm-libs-1.23-6.fc40.x86_64
ghc-srpm-macros-1.9.1-1.fc41.noarch
glibc-2.39.9000-26.fc41.x86_64
glibc-common-2.39.9000-26.fc41.x86_64
glibc-gconv-extra-2.39.9000-26.fc41.x86_64
glibc-minimal-langpack-2.39.9000-26.fc41.x86_64
gmp-6.3.0-1.fc41.x86_64
gnat-srpm-macros-6-5.fc40.noarch
go-srpm-macros-3.6.0-1.fc41.noarch
grep-3.11-8.fc41.x86_64
gzip-1.13-1.fc40.x86_64
info-7.1-2.fc40.x86_64
jansson-2.13.1-9.fc40.x86_64
kernel-srpm-macros-1.0-23.fc41.noarch
keyutils-libs-1.6.3-3.fc40.x86_64
krb5-libs-1.21.2-5.fc40.x86_64
libacl-2.3.2-1.fc40.x86_64
libarchive-3.7.4-1.fc41.x86_64
libattr-2.5.2-3.fc40.x86_64
libblkid-2.40.1-2.fc41.x86_64
libbrotli-1.1.0-4.fc41.x86_64
libcap-2.70-2.fc41.x86_64
libcap-ng-0.8.5-2.fc41.x86_64
libcom_err-1.47.1-1.fc41.x86_64
libcurl-8.8.0-1.fc41.x86_64
libeconf-0.6.2-2.fc41.x86_64
libevent-2.1.12-13.fc41.x86_64
libfdisk-2.40.1-2.fc41.x86_64
libffi-3.4.6-1.fc41.x86_64
libgcc-14.1.1-6.fc41.x86_64
libgomp-14.1.1-6.fc41.x86_64
libidn2-2.3.7-1.fc40.x86_64
libmount-2.40.1-2.fc41.x86_64
libnghttp2-1.62.1-1.fc41.x86_64
libnsl2-2.0.1-1.fc40.x86_64
libpkgconf-2.1.1-1.fc41.x86_64
libpsl-0.21.5-3.fc40.x86_64
libpwquality-1.4.5-10.fc41.x86_64
libselinux-3.6-6.fc41.x86_64
libsemanage-3.6-4.fc41.x86_64
libsepol-3.6-3.fc40.x86_64
libsmartcols-2.40.1-2.fc41.x86_64
libssh-0.10.6-6.fc41.x86_64
libssh-config-0.10.6-6.fc41.noarch
libstdc++-14.1.1-6.fc41.x86_64
libtasn1-4.19.0-6.fc40.x86_64
libtirpc-1.3.4-1.rc3.fc41.x86_64
libtool-ltdl-2.4.7-11.fc41.x86_64
libunistring-1.1-7.fc41.x86_64
libutempter-1.2.1-13.fc40.x86_64
libuuid-2.40.1-2.fc41.x86_64
libverto-0.3.2-8.fc40.x86_64
libxcrypt-4.4.36-5.fc40.x86_64
libxml2-2.12.8-1.fc41.x86_64
libzstd-1.5.6-1.fc41.x86_64
lua-libs-5.4.6-5.fc40.x86_64
lua-srpm-macros-1-13.fc40.noarch
lz4-libs-1.9.4-6.fc40.x86_64
mpfr-4.2.1-4.fc41.x86_64
ncurses-base-6.4-12.20240127.fc40.noarch
ncurses-libs-6.4-12.20240127.fc40.x86_64
ocaml-srpm-macros-10-2.fc41.noarch
openblas-srpm-macros-2-17.fc41.noarch
openldap-2.6.8-3.fc41.x86_64
openssl-libs-3.2.2-2.fc41.x86_64
p11-kit-0.25.3-4.fc40.x86_64
p11-kit-trust-0.25.3-4.fc40.x86_64
package-notes-srpm-macros-0.5-11.fc40.noarch
pam-1.6.1-3.fc41.x86_64
pam-libs-1.6.1-3.fc41.x86_64
patch-2.7.6-24.fc40.x86_64
pcre2-10.44-1.fc41.x86_64
pcre2-syntax-10.44-1.fc41.noarch
perl-srpm-macros-1-55.fc41.noarch
pkgconf-2.1.1-1.fc41.x86_64
pkgconf-m4-2.1.1-1.fc41.noarch
pkgconf-pkg-config-2.1.1-1.fc41.x86_64
popt-1.19-6.fc40.x86_64
publicsuffix-list-dafsa-20240107-3.fc40.noarch
pyproject-srpm-macros-1.12.2-1.fc41.noarch
python-srpm-macros-3.13-2.fc41.noarch
qt5-srpm-macros-5.15.14-1.fc41.noarch
qt6-srpm-macros-6.7.1-1.fc41.noarch
readline-8.2-8.fc40.x86_64
redhat-rpm-config-293-1.fc41.noarch
rpm-4.19.92-1.fc41.x86_64
rpm-build-4.19.92-1.fc41.x86_64
rpm-build-libs-4.19.92-1.fc41.x86_64
rpm-libs-4.19.92-1.fc41.x86_64
rpm-sequoia-1.6.0-3.fc41.x86_64
rust-srpm-macros-26.3-1.fc41.noarch
sed-4.9-1.fc40.x86_64
setup-2.15.0-4.fc41.noarch
shadow-utils-4.15.1-5.fc41.x86_64
sqlite-libs-3.46.0-2.fc41.x86_64
systemd-libs-256.1-3.fc41.x86_64
tar-1.35-3.fc40.x86_64
unzip-6.0-63.fc40.x86_64
util-linux-2.40.1-2.fc41.x86_64
util-linux-core-2.40.1-2.fc41.x86_64
which-2.21-41.fc40.x86_64
xxhash-libs-0.8.2-2.fc40.x86_64
xz-5.6.2-1.fc41.x86_64
xz-libs-5.6.2-1.fc41.x86_64
zig-srpm-macros-1-2.fc40.noarch
zip-3.0-40.fc40.x86_64
zlib-ng-compat-2.1.7-1.fc41.x86_64
zstd-1.5.6-1.fc41.x86_64
DEBUG util.py:185:  kill orphans in chroot /var/lib/mock/f41-build-51933390-6217774/root
DEBUG util.py:185:  kill orphans in chroot /var/lib/mock/f41-build-51933390-6217774-bootstrap/root
INFO buildroot.py:605:  Mock Version: 5.6
DEBUG file_util.py:18:  ensuring that dir exists: /var/lib/mock/f41-build-51933390-6217774/root
DEBUG file_util.py:18:  ensuring that dir exists: /var/lib/mock/f41-build-51933390-6217774-bootstrap
DEBUG file_util.py:18:  ensuring that dir exists: /var/lib/mock/f41-build-51933390-6217774-bootstrap
DEBUG file_util.py:18:  ensuring that dir exists: /var/lib/mock/f41-build-51933390-6217774-bootstrap/root
DEBUG file_util.py:18:  ensuring that dir exists: /var/lib/mock/f41-build-51933390-6217774-bootstrap/results
INFO buildroot.py:284:  calling preinit hooks
DEBUG buildroot.py:661:  create skeleton dirs
DEBUG file_util.py:18:  ensuring that dir exists: /var/lib/mock/f41-build-51933390-6217774-bootstrap/root/var/lib/rpm
DEBUG file_util.py:18:  ensuring that dir exists: /var/lib/mock/f41-build-51933390-6217774-bootstrap/root/var/lib/yum
DEBUG file_util.py:18:  ensuring that dir exists: /var/lib/mock/f41-build-51933390-6217774-bootstrap/root/var/lib/dbus
DEBUG file_util.py:18:  ensuring that dir exists: /var/lib/mock/f41-build-51933390-6217774-bootstrap/root/var/log
DEBUG file_util.py:18:  ensuring that dir exists: /var/lib/mock/f41-build-51933390-6217774-bootstrap/root/var/cache/dnf
DEBUG file_util.py:18:  ensuring that dir exists: /var/lib/mock/f41-build-51933390-6217774-bootstrap/root/var/cache/yum
DEBUG file_util.py:18:  ensuring that dir exists: /var/lib/mock/f41-build-51933390-6217774-bootstrap/root/etc/rpm
DEBUG file_util.py:18:  ensuring that dir exists: /var/lib/mock/f41-build-51933390-6217774-bootstrap/root/tmp
DEBUG file_util.py:18:  ensuring that dir exists: /var/lib/mock/f41-build-51933390-6217774-bootstrap/root/tmp/ccache
DEBUG file_util.py:18:  ensuring that dir exists: /var/lib/mock/f41-build-51933390-6217774-bootstrap/root/var/tmp
DEBUG file_util.py:18:  ensuring that dir exists: /var/lib/mock/f41-build-51933390-6217774-bootstrap/root/etc/dnf
DEBUG file_util.py:18:  ensuring that dir exists: /var/lib/mock/f41-build-51933390-6217774-bootstrap/root/etc/dnf/vars
DEBUG file_util.py:18:  ensuring that dir exists: /var/lib/mock/f41-build-51933390-6217774-bootstrap/root/etc/yum.repos.d
DEBUG file_util.py:18:  ensuring that dir exists: /var/lib/mock/f41-build-51933390-6217774-bootstrap/root/etc/yum
DEBUG file_util.py:18:  ensuring that dir exists: /var/lib/mock/f41-build-51933390-6217774-bootstrap/root/proc
DEBUG file_util.py:18:  ensuring that dir exists: /var/lib/mock/f41-build-51933390-6217774-bootstrap/root/sys
DEBUG file_util.py:18:  ensuring that dir exists: /var/lib/mock/f41-build-51933390-6217774-bootstrap/root/dev/pts
DEBUG file_util.py:18:  ensuring that dir exists: /var/lib/mock/f41-build-51933390-6217774-bootstrap/root/dev/shm
DEBUG file_util.py:18:  ensuring that dir exists: /var/lib/mock/f41-build-51933390-6217774-bootstrap/root/dev/mapper
DEBUG file_util.py:21:  created dir: /var/lib/mock/f41-build-51933390-6217774-bootstrap/root/dev/mapper
DEBUG buildroot.py:805:  kernel version == 6.8.9-200.fc39.x86_64
DEBUG file_util.py:30:  touching file: /var/lib/mock/f41-build-51933390-6217774-bootstrap/root/etc/fstab
DEBUG file_util.py:30:  touching file: /var/lib/mock/f41-build-51933390-6217774-bootstrap/root/etc/yum/yum.conf
DEBUG file_util.py:30:  touching file: /var/lib/mock/f41-build-51933390-6217774-bootstrap/root/etc/dnf/dnf.conf
DEBUG file_util.py:30:  touching file: /var/lib/mock/f41-build-51933390-6217774-bootstrap/root/var/log/yum.log
DEBUG buildroot.py:298:  rootdir = /var/lib/mock/f41-build-51933390-6217774-bootstrap/root
DEBUG buildroot.py:299:  resultdir = /var/lib/mock/f41-build-51933390-6217774-bootstrap/results
DEBUG package_manager.py:56:  searching for 'dnf5' package manager or alternatives
INFO buildroot.py:174:  Package manager dnf5 detected and used (fallback)
DEBUG file_util.py:18:  ensuring that dir exists: /var/lib/mock/f41-build-51933390-6217774-bootstrap/root/etc/pki/mock
DEBUG file_util.py:158:  Updating files in /var/lib/mock/f41-build-51933390-6217774-bootstrap/root/etc/pki/ca-trust with files from /etc/pki/ca-trust
DEBUG file_util.py:18:  ensuring that dir exists: /var/lib/mock/f41-build-51933390-6217774-bootstrap/root/etc/pki/ca-trust
DEBUG file_util.py:18:  ensuring that dir exists: /var/lib/mock/f41-build-51933390-6217774-bootstrap/root/etc/pki/ca-trust/./extracted
DEBUG file_util.py:18:  ensuring that dir exists: /var/lib/mock/f41-build-51933390-6217774-bootstrap/root/etc/pki/ca-trust/./source
DEBUG file_util.py:18:  ensuring that dir exists: /var/lib/mock/f41-build-51933390-6217774-bootstrap/root/etc/pki/ca-trust/extracted/edk2
DEBUG file_util.py:18:  ensuring that dir exists: /var/lib/mock/f41-build-51933390-6217774-bootstrap/root/etc/pki/ca-trust/extracted/java
DEBUG file_util.py:18:  ensuring that dir exists: /var/lib/mock/f41-build-51933390-6217774-bootstrap/root/etc/pki/ca-trust/extracted/openssl
DEBUG file_util.py:18:  ensuring that dir exists: /var/lib/mock/f41-build-51933390-6217774-bootstrap/root/etc/pki/ca-trust/extracted/pem
DEBUG file_util.py:18:  ensuring that dir exists: /var/lib/mock/f41-build-51933390-6217774-bootstrap/root/etc/pki/ca-trust/extracted/pem/directory-hash
DEBUG file_util.py:18:  ensuring that dir exists: /var/lib/mock/f41-build-51933390-6217774-bootstrap/root/etc/pki/ca-trust/source/anchors
DEBUG file_util.py:18:  ensuring that dir exists: /var/lib/mock/f41-build-51933390-6217774-bootstrap/root/etc/pki/ca-trust/source/blacklist
DEBUG file_util.py:18:  ensuring that dir exists: /var/lib/mock/f41-build-51933390-6217774-bootstrap/root/etc/pki/ca-trust/source/blocklist
DEBUG file_util.py:158:  Updating files in /var/lib/mock/f41-build-51933390-6217774-bootstrap/root/usr/share/pki/ca-trust-source with files from /usr/share/pki/ca-trust-source
DEBUG file_util.py:18:  ensuring that dir exists: /var/lib/mock/f41-build-51933390-6217774-bootstrap/root/usr/share/pki/ca-trust-source
DEBUG file_util.py:18:  ensuring that dir exists: /var/lib/mock/f41-build-51933390-6217774-bootstrap/root/usr/share/pki/ca-trust-source/./anchors
DEBUG file_util.py:18:  ensuring that dir exists: /var/lib/mock/f41-build-51933390-6217774-bootstrap/root/usr/share/pki/ca-trust-source/./blacklist
DEBUG file_util.py:18:  ensuring that dir exists: /var/lib/mock/f41-build-51933390-6217774-bootstrap/root/usr/share/pki/ca-trust-source/./blocklist
DEBUG file_util.py:18:  ensuring that dir exists: /var/lib/mock/f41-build-51933390-6217774-bootstrap/root/usr/share
DEBUG package_manager.py:382:  Copying /usr/share/distribution-gpg-keys to the bootstrap chroot
DEBUG util.py:636:  child environment: None
DEBUG util.py:558:  Executing command: ['cp', '-a', '/usr/share/distribution-gpg-keys', '/var/lib/mock/f41-build-51933390-6217774-bootstrap/root/usr/share'] with env {'TERM': 'vt100', 'SHELL': '/bin/sh', 'HOME': '/builddir', 'HOSTNAME': 'mock', 'PATH': '/usr/bin:/bin:/usr/sbin:/sbin', 'LANG': 'C.UTF-8'} and shell False
DEBUG util.py:610:  Child return code was: 0
DEBUG file_util.py:18:  ensuring that dir exists: /var/lib/mock/f41-build-51933390-6217774-bootstrap/root/etc/dnf
DEBUG package_manager.py:683:  configure DNF vars
DEBUG file_util.py:18:  ensuring that dir exists: /var/lib/mock/f41-build-51933390-6217774-bootstrap/root/etc
DEBUG file_util.py:18:  ensuring that dir exists: /var/lib/mock/f41-build-51933390-6217774-bootstrap/root/etc
DEBUG buildroot.py:38:  method _make_users skipped in bootstrap
DEBUG file_util.py:30:  touching file: /var/lib/mock/f41-build-51933390-6217774-bootstrap/root/.initialized
DEBUG file_util.py:18:  ensuring that dir exists: /var/lib/mock/f41-build-51933390-6217774
DEBUG file_util.py:18:  ensuring that dir exists: /var/lib/mock/f41-build-51933390-6217774/root
DEBUG file_util.py:18:  ensuring that dir exists: /var/lib/mock/f41-build-51933390-6217774/result
INFO buildroot.py:284:  calling preinit hooks
DEBUG util.py:636:  child environment: None
DEBUG util.py:558:  Executing command: ['/usr/bin/lscpu'] with env {'TERM': 'vt100', 'SHELL': '/bin/sh', 'HOME': '/builddir', 'HOSTNAME': 'mock', 'PATH': '/usr/bin:/bin:/usr/sbin:/sbin', 'LANG': 'C.UTF-8'} and shell False
DEBUG util.py:463:  Architecture:                         x86_64
DEBUG util.py:463:  CPU op-mode(s):                       32-bit, 64-bit
DEBUG util.py:463:  Address sizes:                        46 bits physical, 48 bits virtual
DEBUG util.py:463:  Byte Order:                           Little Endian
DEBUG util.py:463:  CPU(s):                               48
DEBUG util.py:463:  On-line CPU(s) list:                  0-47
DEBUG util.py:463:  Vendor ID:                            GenuineIntel
DEBUG util.py:463:  Model name:                           Intel(R) Xeon(R) CPU E5-2670 v3 @ 2.30GHz
DEBUG util.py:463:  CPU family:                           6
DEBUG util.py:463:  Model:                                63
DEBUG util.py:463:  Thread(s) per core:                   2
DEBUG util.py:463:  Core(s) per socket:                   12
DEBUG util.py:463:  Socket(s):                            2
DEBUG util.py:463:  Stepping:                             2
DEBUG util.py:463:  CPU(s) scaling MHz:                   41%
DEBUG util.py:463:  CPU max MHz:                          3100.0000
DEBUG util.py:463:  CPU min MHz:                          1200.0000
DEBUG util.py:463:  BogoMIPS:                             4600.42
DEBUG util.py:463:  Flags:                                fpu vme de pse tsc msr pae mce cx8 apic sep mtrr pge mca cmov pat pse36 clflush dts acpi mmx fxsr sse sse2 ss ht tm pbe syscall nx pdpe1gb rdtscp lm constant_tsc arch_perfmon pebs bts rep_good nopl xtopology nonstop_tsc cpuid aperfmperf pni pclmulqdq dtes64 monitor ds_cpl vmx smx est tm2 ssse3 sdbg fma cx16 xtpr pdcm pcid dca sse4_1 sse4_2 x2apic movbe popcnt tsc_deadline_timer aes xsave avx f16c rdrand lahf_lm abm cpuid_fault epb pti ssbd ibrs ibpb stibp tpr_shadow flexpriority ept vpid ept_ad fsgsbase tsc_adjust bmi1 avx2 smep bmi2 erms invpcid cqm xsaveopt cqm_llc cqm_occup_llc dtherm ida arat pln pts vnmi md_clear flush_l1d
DEBUG util.py:463:  Virtualization:                       VT-x
DEBUG util.py:463:  L1d cache:                            768 KiB (24 instances)
DEBUG util.py:463:  L1i cache:                            768 KiB (24 instances)
DEBUG util.py:463:  L2 cache:                             6 MiB (24 instances)
DEBUG util.py:463:  L3 cache:                             60 MiB (2 instances)
DEBUG util.py:463:  NUMA node(s):                         2
DEBUG util.py:463:  NUMA node0 CPU(s):                    0,2,4,6,8,10,12,14,16,18,20,22,24,26,28,30,32,34,36,38,40,42,44,46
DEBUG util.py:463:  NUMA node1 CPU(s):                    1,3,5,7,9,11,13,15,17,19,21,23,25,27,29,31,33,35,37,39,41,43,45,47
DEBUG util.py:463:  Vulnerability Gather data sampling:   Not affected
DEBUG util.py:463:  Vulnerability Itlb multihit:          KVM: Mitigation: VMX disabled
DEBUG util.py:463:  Vulnerability L1tf:                   Mitigation; PTE Inversion; VMX conditional cache flushes, SMT vulnerable
DEBUG util.py:463:  Vulnerability Mds:                    Mitigation; Clear CPU buffers; SMT vulnerable
DEBUG util.py:463:  Vulnerability Meltdown:               Mitigation; PTI
DEBUG util.py:463:  Vulnerability Mmio stale data:        Mitigation; Clear CPU buffers; SMT vulnerable
DEBUG util.py:463:  Vulnerability Reg file data sampling: Not affected
DEBUG util.py:463:  Vulnerability Retbleed:               Not affected
DEBUG util.py:463:  Vulnerability Spec rstack overflow:   Not affected
DEBUG util.py:463:  Vulnerability Spec store bypass:      Mitigation; Speculative Store Bypass disabled via prctl
DEBUG util.py:463:  Vulnerability Spectre v1:             Mitigation; usercopy/swapgs barriers and __user pointer sanitization
DEBUG util.py:463:  Vulnerability Spectre v2:             Mitigation; Retpolines; IBPB conditional; IBRS_FW; STIBP conditional; RSB filling; PBRSB-eIBRS Not affected; BHI Not affected
DEBUG util.py:463:  Vulnerability Srbds:                  Not affected
DEBUG util.py:463:  Vulnerability Tsx async abort:        Not affected
DEBUG util.py:610:  Child return code was: 0
DEBUG util.py:636:  child environment: None
DEBUG util.py:558:  Executing command: ['/bin/free'] with env {'TERM': 'vt100', 'SHELL': '/bin/sh', 'HOME': '/builddir', 'HOSTNAME': 'mock', 'PATH': '/usr/bin:/bin:/usr/sbin:/sbin', 'LANG': 'C.UTF-8'} and shell False
DEBUG util.py:463:                 total        used        free      shared  buff/cache   available
DEBUG util.py:463:  Mem:       131882104     3287328    68471108        3584    61190308   128594776
DEBUG util.py:463:  Swap:        8388604       55296     8333308
DEBUG util.py:610:  Child return code was: 0
DEBUG util.py:636:  child environment: None
DEBUG util.py:558:  Executing command: ['/bin/df', '-H', '-T', '/var/lib/mock/f41-build-51933390-6217774/root', '/var/cache/mock'] with env {'TERM': 'vt100', 'SHELL': '/bin/sh', 'HOME': '/builddir', 'HOSTNAME': 'mock', 'PATH': '/usr/bin:/bin:/usr/sbin:/sbin', 'LANG': 'C.UTF-8'} and shell False
DEBUG util.py:463:  Filesystem                                            Type   Size  Used Avail Use% Mounted on
DEBUG util.py:463:  /dev/mapper/luks-3aa4fbe3-5a19-4025-b70c-1d3038b76bd4 btrfs  399G   31G  334G   9% /
DEBUG util.py:463:  /dev/mapper/luks-3aa4fbe3-5a19-4025-b70c-1d3038b76bd4 btrfs  399G   31G  334G   9% /
DEBUG util.py:610:  Child return code was: 0
DEBUG buildroot.py:661:  create skeleton dirs
DEBUG file_util.py:18:  ensuring that dir exists: /var/lib/mock/f41-build-51933390-6217774/root/var/lib/rpm
DEBUG file_util.py:18:  ensuring that dir exists: /var/lib/mock/f41-build-51933390-6217774/root/var/lib/yum
DEBUG file_util.py:18:  ensuring that dir exists: /var/lib/mock/f41-build-51933390-6217774/root/var/lib/dbus
DEBUG file_util.py:18:  ensuring that dir exists: /var/lib/mock/f41-build-51933390-6217774/root/var/log
DEBUG file_util.py:18:  ensuring that dir exists: /var/lib/mock/f41-build-51933390-6217774/root/var/cache/dnf
DEBUG file_util.py:18:  ensuring that dir exists: /var/lib/mock/f41-build-51933390-6217774/root/var/cache/yum
DEBUG file_util.py:18:  ensuring that dir exists: /var/lib/mock/f41-build-51933390-6217774/root/etc/rpm
DEBUG file_util.py:18:  ensuring that dir exists: /var/lib/mock/f41-build-51933390-6217774/root/tmp
DEBUG file_util.py:18:  ensuring that dir exists: /var/lib/mock/f41-build-51933390-6217774/root/tmp/ccache
DEBUG file_util.py:18:  ensuring that dir exists: /var/lib/mock/f41-build-51933390-6217774/root/var/tmp
DEBUG file_util.py:18:  ensuring that dir exists: /var/lib/mock/f41-build-51933390-6217774/root/etc/dnf
DEBUG file_util.py:18:  ensuring that dir exists: /var/lib/mock/f41-build-51933390-6217774/root/etc/dnf/vars
DEBUG file_util.py:18:  ensuring that dir exists: /var/lib/mock/f41-build-51933390-6217774/root/etc/yum.repos.d
DEBUG file_util.py:18:  ensuring that dir exists: /var/lib/mock/f41-build-51933390-6217774/root/etc/yum
DEBUG file_util.py:18:  ensuring that dir exists: /var/lib/mock/f41-build-51933390-6217774/root/proc
DEBUG file_util.py:18:  ensuring that dir exists: /var/lib/mock/f41-build-51933390-6217774/root/sys
DEBUG file_util.py:18:  ensuring that dir exists: /var/lib/mock/f41-build-51933390-6217774/root/dev/pts
DEBUG file_util.py:18:  ensuring that dir exists: /var/lib/mock/f41-build-51933390-6217774/root/dev/shm
DEBUG file_util.py:18:  ensuring that dir exists: /var/lib/mock/f41-build-51933390-6217774/root/dev/mapper
DEBUG file_util.py:21:  created dir: /var/lib/mock/f41-build-51933390-6217774/root/dev/mapper
DEBUG buildroot.py:805:  kernel version == 6.8.9-200.fc39.x86_64
DEBUG file_util.py:30:  touching file: /var/lib/mock/f41-build-51933390-6217774/root/etc/fstab
DEBUG file_util.py:30:  touching file: /var/lib/mock/f41-build-51933390-6217774/root/etc/yum/yum.conf
DEBUG file_util.py:30:  touching file: /var/lib/mock/f41-build-51933390-6217774/root/etc/dnf/dnf.conf
DEBUG file_util.py:30:  touching file: /var/lib/mock/f41-build-51933390-6217774/root/var/log/yum.log
DEBUG buildroot.py:298:  rootdir = /var/lib/mock/f41-build-51933390-6217774/root
DEBUG buildroot.py:299:  resultdir = /var/lib/mock/f41-build-51933390-6217774/result
INFO buildroot.py:174:  Package manager dnf5 detected and used (direct choice)
DEBUG file_util.py:18:  ensuring that dir exists: /var/lib/mock/f41-build-51933390-6217774/root/etc/pki/mock
DEBUG file_util.py:158:  Updating files in /var/lib/mock/f41-build-51933390-6217774/root/etc/pki/ca-trust with files from /etc/pki/ca-trust
DEBUG file_util.py:18:  ensuring that dir exists: /var/lib/mock/f41-build-51933390-6217774/root/etc/pki/ca-trust
DEBUG file_util.py:18:  ensuring that dir exists: /var/lib/mock/f41-build-51933390-6217774/root/etc/pki/ca-trust/./extracted
DEBUG file_util.py:18:  ensuring that dir exists: /var/lib/mock/f41-build-51933390-6217774/root/etc/pki/ca-trust/./source
DEBUG file_util.py:18:  ensuring that dir exists: /var/lib/mock/f41-build-51933390-6217774/root/etc/pki/ca-trust/extracted/edk2
DEBUG file_util.py:18:  ensuring that dir exists: /var/lib/mock/f41-build-51933390-6217774/root/etc/pki/ca-trust/extracted/java
DEBUG file_util.py:18:  ensuring that dir exists: /var/lib/mock/f41-build-51933390-6217774/root/etc/pki/ca-trust/extracted/openssl
DEBUG file_util.py:18:  ensuring that dir exists: /var/lib/mock/f41-build-51933390-6217774/root/etc/pki/ca-trust/extracted/pem
DEBUG file_util.py:18:  ensuring that dir exists: /var/lib/mock/f41-build-51933390-6217774/root/etc/pki/ca-trust/extracted/pem/directory-hash
DEBUG file_util.py:18:  ensuring that dir exists: /var/lib/mock/f41-build-51933390-6217774/root/etc/pki/ca-trust/source/anchors
DEBUG file_util.py:18:  ensuring that dir exists: /var/lib/mock/f41-build-51933390-6217774/root/etc/pki/ca-trust/source/blacklist
DEBUG file_util.py:18:  ensuring that dir exists: /var/lib/mock/f41-build-51933390-6217774/root/etc/pki/ca-trust/source/blocklist
DEBUG file_util.py:158:  Updating files in /var/lib/mock/f41-build-51933390-6217774/root/usr/share/pki/ca-trust-source with files from /usr/share/pki/ca-trust-source
DEBUG file_util.py:18:  ensuring that dir exists: /var/lib/mock/f41-build-51933390-6217774/root/usr/share/pki/ca-trust-source
DEBUG file_util.py:18:  ensuring that dir exists: /var/lib/mock/f41-build-51933390-6217774/root/usr/share/pki/ca-trust-source/./anchors
DEBUG file_util.py:18:  ensuring that dir exists: /var/lib/mock/f41-build-51933390-6217774/root/usr/share/pki/ca-trust-source/./blacklist
DEBUG file_util.py:18:  ensuring that dir exists: /var/lib/mock/f41-build-51933390-6217774/root/usr/share/pki/ca-trust-source/./blocklist
DEBUG file_util.py:18:  ensuring that dir exists: /var/lib/mock/f41-build-51933390-6217774/root/etc/dnf
DEBUG package_manager.py:683:  configure DNF vars
DEBUG util.py:636:  child environment: None
DEBUG util.py:558:  Executing command: ['userdel', '-f', 'mockbuild', '--prefix', '/var/lib/mock/f41-build-51933390-6217774/root'] with env {'TERM': 'vt100', 'SHELL': '/bin/sh', 'HOME': '/builddir', 'HOSTNAME': 'mock', 'PATH': '/usr/bin:/bin:/usr/sbin:/sbin', 'LANG': 'C.UTF-8'} and shell False
DEBUG util.py:610:  Child return code was: 0
DEBUG util.py:636:  child environment: None
DEBUG util.py:558:  Executing command: ['groupdel', 'mock', '--prefix', '/var/lib/mock/f41-build-51933390-6217774/root'] with env {'TERM': 'vt100', 'SHELL': '/bin/sh', 'HOME': '/builddir', 'HOSTNAME': 'mock', 'PATH': '/usr/bin:/bin:/usr/sbin:/sbin', 'LANG': 'C.UTF-8'} and shell False
DEBUG util.py:610:  Child return code was: 0
DEBUG util.py:636:  child environment: None
DEBUG util.py:558:  Executing command: ['groupadd', 'mock', '-g', '425', '--prefix', '/var/lib/mock/f41-build-51933390-6217774/root'] with env {'TERM': 'vt100', 'SHELL': '/bin/sh', 'HOME': '/builddir', 'HOSTNAME': 'mock', 'PATH': '/usr/bin:/bin:/usr/sbin:/sbin', 'LANG': 'C.UTF-8'} and shell False
DEBUG util.py:610:  Child return code was: 0
DEBUG util.py:636:  child environment: None
DEBUG util.py:558:  Executing command: ['useradd', 'mockbuild', '-o', '-u', '1000', '-g', '425', '-N', '-d', '/builddir', '--prefix', '/var/lib/mock/f41-build-51933390-6217774/root'] with env {'TERM': 'vt100', 'SHELL': '/bin/sh', 'HOME': '/builddir', 'HOSTNAME': 'mock', 'PATH': '/usr/bin:/bin:/usr/sbin:/sbin', 'LANG': 'C.UTF-8'} and shell False
DEBUG util.py:461:  useradd: warning: the home directory /builddir already exists.
DEBUG util.py:461:  useradd: Not copying any file from skel directory into it.
DEBUG util.py:461:  Creating mailbox file: File exists
DEBUG util.py:610:  Child return code was: 0
DEBUG file_util.py:30:  touching file: /var/lib/mock/f41-build-51933390-6217774/root/.initialized
INFO backend.py:391:  Running in chroot: ['uname -r']
DEBUG util.py:636:  child environment: None
DEBUG util.py:553:  Using nspawn with args ['--capability=cap_ipc_lock', '--bind=/tmp/mock-resolv.sn7s6697:/etc/resolv.conf', '--bind=/dev/btrfs-control', '--bind=/dev/mapper/control', '--bind=/dev/fuse', '--bind=/dev/loop-control', '--bind=/dev/loop0', '--bind=/dev/loop1', '--bind=/dev/loop2', '--bind=/dev/loop3', '--bind=/dev/loop4', '--bind=/dev/loop5', '--bind=/dev/loop6', '--bind=/dev/loop7', '--bind=/dev/loop8', '--bind=/dev/loop9', '--bind=/dev/loop10', '--bind=/dev/loop11']
DEBUG util.py:558:  Executing command: ['/usr/bin/systemd-nspawn', '-q', '-M', 'fb840f15e0a1442a87b09b9b0f625ece', '-D', '/var/lib/mock/f41-build-51933390-6217774/root', '-a', '--capability=cap_ipc_lock', '--bind=/tmp/mock-resolv.sn7s6697:/etc/resolv.conf', '--bind=/dev/btrfs-control', '--bind=/dev/mapper/control', '--bind=/dev/fuse', '--bind=/dev/loop-control', '--bind=/dev/loop0', '--bind=/dev/loop1', '--bind=/dev/loop2', '--bind=/dev/loop3', '--bind=/dev/loop4', '--bind=/dev/loop5', '--bind=/dev/loop6', '--bind=/dev/loop7', '--bind=/dev/loop8', '--bind=/dev/loop9', '--bind=/dev/loop10', '--bind=/dev/loop11', '--console=pipe', '--setenv=TERM=vt100', '--setenv=SHELL=/bin/bash', '--setenv=HOME=/builddir', '--setenv=HOSTNAME=mock', '--setenv=PATH=/usr/bin:/bin:/usr/sbin:/sbin', '--setenv=PROMPT_COMMAND=printf "\\033]0;<mock-chroot>\\007"', '--setenv=PS1=<mock-chroot> \\s-\\v\\$ ', '--setenv=LANG=C.UTF-8', '--resolv-conf=off', '/bin/sh', '-c', 'uname -r'] with env {'TERM': 'vt100', 'SHELL': '/bin/bash', 'HOME': '/builddir', 'HOSTNAME': 'mock', 'PATH': '/usr/bin:/bin:/usr/sbin:/sbin', 'PROMPT_COMMAND': 'printf "\\033]0;<mock-chroot>\\007"', 'PS1': '<mock-chroot> \\s-\\v\\$ ', 'LANG': 'C.UTF-8', 'SYSTEMD_NSPAWN_TMPFS_TMP': '0', 'SYSTEMD_SECCOMP': '0'} and shell False
DEBUG util.py:463:  6.8.9-200.fc39.x86_64
DEBUG util.py:610:  Child return code was: 0
DEBUG util.py:185:  kill orphans in chroot /var/lib/mock/f41-build-51933390-6217774/root
DEBUG util.py:185:  kill orphans in chroot /var/lib/mock/f41-build-51933390-6217774-bootstrap/root
INFO buildroot.py:605:  Mock Version: 5.6
DEBUG file_util.py:18:  ensuring that dir exists: /var/lib/mock/f41-build-51933390-6217774/root
DEBUG file_util.py:18:  ensuring that dir exists: /var/lib/mock/f41-build-51933390-6217774-bootstrap
DEBUG file_util.py:18:  ensuring that dir exists: /var/lib/mock/f41-build-51933390-6217774-bootstrap
DEBUG file_util.py:18:  ensuring that dir exists: /var/lib/mock/f41-build-51933390-6217774-bootstrap/root
DEBUG file_util.py:18:  ensuring that dir exists: /var/lib/mock/f41-build-51933390-6217774-bootstrap/results
INFO buildroot.py:284:  calling preinit hooks
DEBUG buildroot.py:661:  create skeleton dirs
DEBUG file_util.py:18:  ensuring that dir exists: /var/lib/mock/f41-build-51933390-6217774-bootstrap/root/var/lib/rpm
DEBUG file_util.py:18:  ensuring that dir exists: /var/lib/mock/f41-build-51933390-6217774-bootstrap/root/var/lib/yum
DEBUG file_util.py:18:  ensuring that dir exists: /var/lib/mock/f41-build-51933390-6217774-bootstrap/root/var/lib/dbus
DEBUG file_util.py:18:  ensuring that dir exists: /var/lib/mock/f41-build-51933390-6217774-bootstrap/root/var/log
DEBUG file_util.py:18:  ensuring that dir exists: /var/lib/mock/f41-build-51933390-6217774-bootstrap/root/var/cache/dnf
DEBUG file_util.py:18:  ensuring that dir exists: /var/lib/mock/f41-build-51933390-6217774-bootstrap/root/var/cache/yum
DEBUG file_util.py:18:  ensuring that dir exists: /var/lib/mock/f41-build-51933390-6217774-bootstrap/root/etc/rpm
DEBUG file_util.py:18:  ensuring that dir exists: /var/lib/mock/f41-build-51933390-6217774-bootstrap/root/tmp
DEBUG file_util.py:18:  ensuring that dir exists: /var/lib/mock/f41-build-51933390-6217774-bootstrap/root/tmp/ccache
DEBUG file_util.py:18:  ensuring that dir exists: /var/lib/mock/f41-build-51933390-6217774-bootstrap/root/var/tmp
DEBUG file_util.py:18:  ensuring that dir exists: /var/lib/mock/f41-build-51933390-6217774-bootstrap/root/etc/dnf
DEBUG file_util.py:18:  ensuring that dir exists: /var/lib/mock/f41-build-51933390-6217774-bootstrap/root/etc/dnf/vars
DEBUG file_util.py:18:  ensuring that dir exists: /var/lib/mock/f41-build-51933390-6217774-bootstrap/root/etc/yum.repos.d
DEBUG file_util.py:21:  created dir: /var/lib/mock/f41-build-51933390-6217774-bootstrap/root/etc/yum.repos.d
DEBUG file_util.py:18:  ensuring that dir exists: /var/lib/mock/f41-build-51933390-6217774-bootstrap/root/etc/yum
DEBUG file_util.py:18:  ensuring that dir exists: /var/lib/mock/f41-build-51933390-6217774-bootstrap/root/proc
DEBUG file_util.py:18:  ensuring that dir exists: /var/lib/mock/f41-build-51933390-6217774-bootstrap/root/sys
DEBUG file_util.py:18:  ensuring that dir exists: /var/lib/mock/f41-build-51933390-6217774-bootstrap/root/dev/pts
DEBUG file_util.py:18:  ensuring that dir exists: /var/lib/mock/f41-build-51933390-6217774-bootstrap/root/dev/shm
DEBUG file_util.py:18:  ensuring that dir exists: /var/lib/mock/f41-build-51933390-6217774-bootstrap/root/dev/mapper
DEBUG file_util.py:21:  created dir: /var/lib/mock/f41-build-51933390-6217774-bootstrap/root/dev/mapper
DEBUG buildroot.py:805:  kernel version == 6.8.9-200.fc39.x86_64
DEBUG file_util.py:30:  touching file: /var/lib/mock/f41-build-51933390-6217774-bootstrap/root/etc/fstab
DEBUG file_util.py:30:  touching file: /var/lib/mock/f41-build-51933390-6217774-bootstrap/root/etc/yum/yum.conf
DEBUG file_util.py:30:  touching file: /var/lib/mock/f41-build-51933390-6217774-bootstrap/root/etc/dnf/dnf.conf
DEBUG file_util.py:30:  touching file: /var/lib/mock/f41-build-51933390-6217774-bootstrap/root/var/log/yum.log
DEBUG buildroot.py:298:  rootdir = /var/lib/mock/f41-build-51933390-6217774-bootstrap/root
DEBUG buildroot.py:299:  resultdir = /var/lib/mock/f41-build-51933390-6217774-bootstrap/results
DEBUG package_manager.py:56:  searching for 'dnf5' package manager or alternatives
INFO buildroot.py:174:  Package manager dnf5 detected and used (fallback)
DEBUG file_util.py:18:  ensuring that dir exists: /var/lib/mock/f41-build-51933390-6217774-bootstrap/root/etc/pki/mock
DEBUG file_util.py:158:  Updating files in /var/lib/mock/f41-build-51933390-6217774-bootstrap/root/etc/pki/ca-trust with files from /etc/pki/ca-trust
DEBUG file_util.py:18:  ensuring that dir exists: /var/lib/mock/f41-build-51933390-6217774-bootstrap/root/etc/pki/ca-trust
DEBUG file_util.py:18:  ensuring that dir exists: /var/lib/mock/f41-build-51933390-6217774-bootstrap/root/etc/pki/ca-trust/./extracted
DEBUG file_util.py:18:  ensuring that dir exists: /var/lib/mock/f41-build-51933390-6217774-bootstrap/root/etc/pki/ca-trust/./source
DEBUG file_util.py:18:  ensuring that dir exists: /var/lib/mock/f41-build-51933390-6217774-bootstrap/root/etc/pki/ca-trust/extracted/edk2
DEBUG file_util.py:18:  ensuring that dir exists: /var/lib/mock/f41-build-51933390-6217774-bootstrap/root/etc/pki/ca-trust/extracted/java
DEBUG file_util.py:18:  ensuring that dir exists: /var/lib/mock/f41-build-51933390-6217774-bootstrap/root/etc/pki/ca-trust/extracted/openssl
DEBUG file_util.py:18:  ensuring that dir exists: /var/lib/mock/f41-build-51933390-6217774-bootstrap/root/etc/pki/ca-trust/extracted/pem
DEBUG file_util.py:18:  ensuring that dir exists: /var/lib/mock/f41-build-51933390-6217774-bootstrap/root/etc/pki/ca-trust/extracted/pem/directory-hash
DEBUG file_util.py:18:  ensuring that dir exists: /var/lib/mock/f41-build-51933390-6217774-bootstrap/root/etc/pki/ca-trust/source/anchors
DEBUG file_util.py:18:  ensuring that dir exists: /var/lib/mock/f41-build-51933390-6217774-bootstrap/root/etc/pki/ca-trust/source/blacklist
DEBUG file_util.py:18:  ensuring that dir exists: /var/lib/mock/f41-build-51933390-6217774-bootstrap/root/etc/pki/ca-trust/source/blocklist
DEBUG file_util.py:158:  Updating files in /var/lib/mock/f41-build-51933390-6217774-bootstrap/root/usr/share/pki/ca-trust-source with files from /usr/share/pki/ca-trust-source
DEBUG file_util.py:18:  ensuring that dir exists: /var/lib/mock/f41-build-51933390-6217774-bootstrap/root/usr/share/pki/ca-trust-source
DEBUG file_util.py:18:  ensuring that dir exists: /var/lib/mock/f41-build-51933390-6217774-bootstrap/root/usr/share/pki/ca-trust-source/./anchors
DEBUG file_util.py:18:  ensuring that dir exists: /var/lib/mock/f41-build-51933390-6217774-bootstrap/root/usr/share/pki/ca-trust-source/./blacklist
DEBUG file_util.py:18:  ensuring that dir exists: /var/lib/mock/f41-build-51933390-6217774-bootstrap/root/usr/share/pki/ca-trust-source/./blocklist
DEBUG file_util.py:18:  ensuring that dir exists: /var/lib/mock/f41-build-51933390-6217774-bootstrap/root/usr/share
DEBUG package_manager.py:382:  Copying /usr/share/distribution-gpg-keys to the bootstrap chroot
DEBUG util.py:636:  child environment: None
DEBUG util.py:558:  Executing command: ['cp', '-a', '/usr/share/distribution-gpg-keys', '/var/lib/mock/f41-build-51933390-6217774-bootstrap/root/usr/share'] with env {'TERM': 'vt100', 'SHELL': '/bin/sh', 'HOME': '/builddir', 'HOSTNAME': 'mock', 'PATH': '/usr/bin:/bin:/usr/sbin:/sbin', 'LANG': 'C.UTF-8'} and shell False
DEBUG util.py:610:  Child return code was: 0
DEBUG file_util.py:18:  ensuring that dir exists: /var/lib/mock/f41-build-51933390-6217774-bootstrap/root/etc/dnf
DEBUG package_manager.py:683:  configure DNF vars
DEBUG file_util.py:18:  ensuring that dir exists: /var/lib/mock/f41-build-51933390-6217774-bootstrap/root/etc
DEBUG file_util.py:18:  ensuring that dir exists: /var/lib/mock/f41-build-51933390-6217774-bootstrap/root/etc
DEBUG buildroot.py:38:  method _cleanup_homedir skipped in bootstrap
DEBUG buildroot.py:38:  method _setup_build_dirs skipped in bootstrap
DEBUG buildroot.py:38:  method _make_users skipped in bootstrap
DEBUG file_util.py:30:  touching file: /var/lib/mock/f41-build-51933390-6217774-bootstrap/root/.initialized
DEBUG file_util.py:18:  ensuring that dir exists: /var/lib/mock/f41-build-51933390-6217774
DEBUG file_util.py:18:  ensuring that dir exists: /var/lib/mock/f41-build-51933390-6217774/root
DEBUG file_util.py:18:  ensuring that dir exists: /var/lib/mock/f41-build-51933390-6217774/result
INFO buildroot.py:284:  calling preinit hooks
DEBUG util.py:636:  child environment: None
DEBUG util.py:558:  Executing command: ['/usr/bin/lscpu'] with env {'TERM': 'vt100', 'SHELL': '/bin/sh', 'HOME': '/builddir', 'HOSTNAME': 'mock', 'PATH': '/usr/bin:/bin:/usr/sbin:/sbin', 'LANG': 'C.UTF-8'} and shell False
DEBUG util.py:463:  Architecture:                         x86_64
DEBUG util.py:463:  CPU op-mode(s):                       32-bit, 64-bit
DEBUG util.py:463:  Address sizes:                        46 bits physical, 48 bits virtual
DEBUG util.py:463:  Byte Order:                           Little Endian
DEBUG util.py:463:  CPU(s):                               48
DEBUG util.py:463:  On-line CPU(s) list:                  0-47
DEBUG util.py:463:  Vendor ID:                            GenuineIntel
DEBUG util.py:463:  Model name:                           Intel(R) Xeon(R) CPU E5-2670 v3 @ 2.30GHz
DEBUG util.py:463:  CPU family:                           6
DEBUG util.py:463:  Model:                                63
DEBUG util.py:463:  Thread(s) per core:                   2
DEBUG util.py:463:  Core(s) per socket:                   12
DEBUG util.py:463:  Socket(s):                            2
DEBUG util.py:463:  Stepping:                             2
DEBUG util.py:463:  CPU(s) scaling MHz:                   41%
DEBUG util.py:463:  CPU max MHz:                          3100.0000
DEBUG util.py:463:  CPU min MHz:                          1200.0000
DEBUG util.py:463:  BogoMIPS:                             4600.42
DEBUG util.py:463:  Flags:                                fpu vme de pse tsc msr pae mce cx8 apic sep mtrr pge mca cmov pat pse36 clflush dts acpi mmx fxsr sse sse2 ss ht tm pbe syscall nx pdpe1gb rdtscp lm constant_tsc arch_perfmon pebs bts rep_good nopl xtopology nonstop_tsc cpuid aperfmperf pni pclmulqdq dtes64 monitor ds_cpl vmx smx est tm2 ssse3 sdbg fma cx16 xtpr pdcm pcid dca sse4_1 sse4_2 x2apic movbe popcnt tsc_deadline_timer aes xsave avx f16c rdrand lahf_lm abm cpuid_fault epb pti ssbd ibrs ibpb stibp tpr_shadow flexpriority ept vpid ept_ad fsgsbase tsc_adjust bmi1 avx2 smep bmi2 erms invpcid cqm xsaveopt cqm_llc cqm_occup_llc dtherm ida arat pln pts vnmi md_clear flush_l1d
DEBUG util.py:463:  Virtualization:                       VT-x
DEBUG util.py:463:  L1d cache:                            768 KiB (24 instances)
DEBUG util.py:463:  L1i cache:                            768 KiB (24 instances)
DEBUG util.py:463:  L2 cache:                             6 MiB (24 instances)
DEBUG util.py:463:  L3 cache:                             60 MiB (2 instances)
DEBUG util.py:463:  NUMA node(s):                         2
DEBUG util.py:463:  NUMA node0 CPU(s):                    0,2,4,6,8,10,12,14,16,18,20,22,24,26,28,30,32,34,36,38,40,42,44,46
DEBUG util.py:463:  NUMA node1 CPU(s):                    1,3,5,7,9,11,13,15,17,19,21,23,25,27,29,31,33,35,37,39,41,43,45,47
DEBUG util.py:463:  Vulnerability Gather data sampling:   Not affected
DEBUG util.py:463:  Vulnerability Itlb multihit:          KVM: Mitigation: VMX disabled
DEBUG util.py:463:  Vulnerability L1tf:                   Mitigation; PTE Inversion; VMX conditional cache flushes, SMT vulnerable
DEBUG util.py:463:  Vulnerability Mds:                    Mitigation; Clear CPU buffers; SMT vulnerable
DEBUG util.py:463:  Vulnerability Meltdown:               Mitigation; PTI
DEBUG util.py:463:  Vulnerability Mmio stale data:        Mitigation; Clear CPU buffers; SMT vulnerable
DEBUG util.py:463:  Vulnerability Reg file data sampling: Not affected
DEBUG util.py:463:  Vulnerability Retbleed:               Not affected
DEBUG util.py:463:  Vulnerability Spec rstack overflow:   Not affected
DEBUG util.py:463:  Vulnerability Spec store bypass:      Mitigation; Speculative Store Bypass disabled via prctl
DEBUG util.py:463:  Vulnerability Spectre v1:             Mitigation; usercopy/swapgs barriers and __user pointer sanitization
DEBUG util.py:463:  Vulnerability Spectre v2:             Mitigation; Retpolines; IBPB conditional; IBRS_FW; STIBP conditional; RSB filling; PBRSB-eIBRS Not affected; BHI Not affected
DEBUG util.py:463:  Vulnerability Srbds:                  Not affected
DEBUG util.py:463:  Vulnerability Tsx async abort:        Not affected
DEBUG util.py:610:  Child return code was: 0
DEBUG util.py:636:  child environment: None
DEBUG util.py:558:  Executing command: ['/bin/free'] with env {'TERM': 'vt100', 'SHELL': '/bin/sh', 'HOME': '/builddir', 'HOSTNAME': 'mock', 'PATH': '/usr/bin:/bin:/usr/sbin:/sbin', 'LANG': 'C.UTF-8'} and shell False
DEBUG util.py:463:                 total        used        free      shared  buff/cache   available
DEBUG util.py:463:  Mem:       131882104     3377156    68379720        3584    61191876   128504948
DEBUG util.py:463:  Swap:        8388604       55296     8333308
DEBUG util.py:610:  Child return code was: 0
DEBUG util.py:636:  child environment: None
DEBUG util.py:558:  Executing command: ['/bin/df', '-H', '-T', '/var/lib/mock/f41-build-51933390-6217774/root', '/var/cache/mock'] with env {'TERM': 'vt100', 'SHELL': '/bin/sh', 'HOME': '/builddir', 'HOSTNAME': 'mock', 'PATH': '/usr/bin:/bin:/usr/sbin:/sbin', 'LANG': 'C.UTF-8'} and shell False
DEBUG util.py:463:  Filesystem                                            Type   Size  Used Avail Use% Mounted on
DEBUG util.py:463:  /dev/mapper/luks-3aa4fbe3-5a19-4025-b70c-1d3038b76bd4 btrfs  399G   31G  334G   9% /
DEBUG util.py:463:  /dev/mapper/luks-3aa4fbe3-5a19-4025-b70c-1d3038b76bd4 btrfs  399G   31G  334G   9% /
DEBUG util.py:610:  Child return code was: 0
DEBUG buildroot.py:661:  create skeleton dirs
DEBUG file_util.py:18:  ensuring that dir exists: /var/lib/mock/f41-build-51933390-6217774/root/var/lib/rpm
DEBUG file_util.py:18:  ensuring that dir exists: /var/lib/mock/f41-build-51933390-6217774/root/var/lib/yum
DEBUG file_util.py:18:  ensuring that dir exists: /var/lib/mock/f41-build-51933390-6217774/root/var/lib/dbus
DEBUG file_util.py:18:  ensuring that dir exists: /var/lib/mock/f41-build-51933390-6217774/root/var/log
DEBUG file_util.py:18:  ensuring that dir exists: /var/lib/mock/f41-build-51933390-6217774/root/var/cache/dnf
DEBUG file_util.py:18:  ensuring that dir exists: /var/lib/mock/f41-build-51933390-6217774/root/var/cache/yum
DEBUG file_util.py:18:  ensuring that dir exists: /var/lib/mock/f41-build-51933390-6217774/root/etc/rpm
DEBUG file_util.py:18:  ensuring that dir exists: /var/lib/mock/f41-build-51933390-6217774/root/tmp
DEBUG file_util.py:18:  ensuring that dir exists: /var/lib/mock/f41-build-51933390-6217774/root/tmp/ccache
DEBUG file_util.py:18:  ensuring that dir exists: /var/lib/mock/f41-build-51933390-6217774/root/var/tmp
DEBUG file_util.py:18:  ensuring that dir exists: /var/lib/mock/f41-build-51933390-6217774/root/etc/dnf
DEBUG file_util.py:18:  ensuring that dir exists: /var/lib/mock/f41-build-51933390-6217774/root/etc/dnf/vars
DEBUG file_util.py:18:  ensuring that dir exists: /var/lib/mock/f41-build-51933390-6217774/root/etc/yum.repos.d
DEBUG file_util.py:21:  created dir: /var/lib/mock/f41-build-51933390-6217774/root/etc/yum.repos.d
DEBUG file_util.py:18:  ensuring that dir exists: /var/lib/mock/f41-build-51933390-6217774/root/etc/yum
DEBUG file_util.py:18:  ensuring that dir exists: /var/lib/mock/f41-build-51933390-6217774/root/proc
DEBUG file_util.py:18:  ensuring that dir exists: /var/lib/mock/f41-build-51933390-6217774/root/sys
DEBUG file_util.py:18:  ensuring that dir exists: /var/lib/mock/f41-build-51933390-6217774/root/dev/pts
DEBUG file_util.py:18:  ensuring that dir exists: /var/lib/mock/f41-build-51933390-6217774/root/dev/shm
DEBUG file_util.py:18:  ensuring that dir exists: /var/lib/mock/f41-build-51933390-6217774/root/dev/mapper
DEBUG file_util.py:21:  created dir: /var/lib/mock/f41-build-51933390-6217774/root/dev/mapper
DEBUG buildroot.py:805:  kernel version == 6.8.9-200.fc39.x86_64
DEBUG file_util.py:30:  touching file: /var/lib/mock/f41-build-51933390-6217774/root/etc/fstab
DEBUG file_util.py:30:  touching file: /var/lib/mock/f41-build-51933390-6217774/root/etc/yum/yum.conf
DEBUG file_util.py:30:  touching file: /var/lib/mock/f41-build-51933390-6217774/root/etc/dnf/dnf.conf
DEBUG file_util.py:30:  touching file: /var/lib/mock/f41-build-51933390-6217774/root/var/log/yum.log
DEBUG buildroot.py:298:  rootdir = /var/lib/mock/f41-build-51933390-6217774/root
DEBUG buildroot.py:299:  resultdir = /var/lib/mock/f41-build-51933390-6217774/result
INFO buildroot.py:174:  Package manager dnf5 detected and used (direct choice)
DEBUG file_util.py:18:  ensuring that dir exists: /var/lib/mock/f41-build-51933390-6217774/root/etc/pki/mock
DEBUG file_util.py:158:  Updating files in /var/lib/mock/f41-build-51933390-6217774/root/etc/pki/ca-trust with files from /etc/pki/ca-trust
DEBUG file_util.py:18:  ensuring that dir exists: /var/lib/mock/f41-build-51933390-6217774/root/etc/pki/ca-trust
DEBUG file_util.py:18:  ensuring that dir exists: /var/lib/mock/f41-build-51933390-6217774/root/etc/pki/ca-trust/./extracted
DEBUG file_util.py:18:  ensuring that dir exists: /var/lib/mock/f41-build-51933390-6217774/root/etc/pki/ca-trust/./source
DEBUG file_util.py:18:  ensuring that dir exists: /var/lib/mock/f41-build-51933390-6217774/root/etc/pki/ca-trust/extracted/edk2
DEBUG file_util.py:18:  ensuring that dir exists: /var/lib/mock/f41-build-51933390-6217774/root/etc/pki/ca-trust/extracted/java
DEBUG file_util.py:18:  ensuring that dir exists: /var/lib/mock/f41-build-51933390-6217774/root/etc/pki/ca-trust/extracted/openssl
DEBUG file_util.py:18:  ensuring that dir exists: /var/lib/mock/f41-build-51933390-6217774/root/etc/pki/ca-trust/extracted/pem
DEBUG file_util.py:18:  ensuring that dir exists: /var/lib/mock/f41-build-51933390-6217774/root/etc/pki/ca-trust/extracted/pem/directory-hash
DEBUG file_util.py:18:  ensuring that dir exists: /var/lib/mock/f41-build-51933390-6217774/root/etc/pki/ca-trust/source/anchors
DEBUG file_util.py:18:  ensuring that dir exists: /var/lib/mock/f41-build-51933390-6217774/root/etc/pki/ca-trust/source/blacklist
DEBUG file_util.py:18:  ensuring that dir exists: /var/lib/mock/f41-build-51933390-6217774/root/etc/pki/ca-trust/source/blocklist
DEBUG file_util.py:158:  Updating files in /var/lib/mock/f41-build-51933390-6217774/root/usr/share/pki/ca-trust-source with files from /usr/share/pki/ca-trust-source
DEBUG file_util.py:18:  ensuring that dir exists: /var/lib/mock/f41-build-51933390-6217774/root/usr/share/pki/ca-trust-source
DEBUG file_util.py:18:  ensuring that dir exists: /var/lib/mock/f41-build-51933390-6217774/root/usr/share/pki/ca-trust-source/./anchors
DEBUG file_util.py:18:  ensuring that dir exists: /var/lib/mock/f41-build-51933390-6217774/root/usr/share/pki/ca-trust-source/./blacklist
DEBUG file_util.py:18:  ensuring that dir exists: /var/lib/mock/f41-build-51933390-6217774/root/usr/share/pki/ca-trust-source/./blocklist
DEBUG file_util.py:18:  ensuring that dir exists: /var/lib/mock/f41-build-51933390-6217774/root/etc/dnf
DEBUG package_manager.py:683:  configure DNF vars
DEBUG util.py:636:  child environment: None
DEBUG util.py:558:  Executing command: ['rpm', '-q', 'rpm', 'rpm-sequoia', 'python3-dnf', 'python3-dnf-plugins-core', 'yum', 'yum-utils', 'dnf5', 'dnf5-plugins', '--root', '/var/lib/mock/f41-build-51933390-6217774-bootstrap/root'] with env {'TERM': 'vt100', 'SHELL': '/bin/sh', 'HOME': '/builddir', 'HOSTNAME': 'mock', 'PATH': '/usr/bin:/bin:/usr/sbin:/sbin', 'LANG': 'C.UTF-8'} and shell False
DEBUG util.py:463:  rpm-4.19.92-1.fc41.x86_64
DEBUG util.py:463:  rpm-sequoia-1.6.0-3.fc41.x86_64
DEBUG util.py:463:  package python3-dnf is not installed
DEBUG util.py:463:  package python3-dnf-plugins-core is not installed
DEBUG util.py:463:  package yum is not installed
DEBUG util.py:463:  package yum-utils is not installed
DEBUG util.py:463:  dnf5-5.2.3.0-3.fc41.x86_64
DEBUG util.py:463:  dnf5-plugins-5.2.3.0-3.fc41.x86_64
DEBUG util.py:610:  Child return code was: 4
INFO package_manager.py:195:  Buildroot is handled by package management installed into bootstrap:
  rpm-4.19.92-1.fc41.x86_64
  rpm-sequoia-1.6.0-3.fc41.x86_64
  dnf5-5.2.3.0-3.fc41.x86_64
  dnf5-plugins-5.2.3.0-3.fc41.x86_64
DEBUG file_util.py:18:  ensuring that dir exists: /var/lib/mock/f41-build-51933390-6217774/root/builddir/build
DEBUG file_util.py:18:  ensuring that dir exists: /var/lib/mock/f41-build-51933390-6217774/root/builddir/build/RPMS
DEBUG file_util.py:21:  created dir: /var/lib/mock/f41-build-51933390-6217774/root/builddir/build/RPMS
DEBUG file_util.py:18:  ensuring that dir exists: /var/lib/mock/f41-build-51933390-6217774/root/builddir/build/SPECS
DEBUG file_util.py:21:  created dir: /var/lib/mock/f41-build-51933390-6217774/root/builddir/build/SPECS
DEBUG file_util.py:18:  ensuring that dir exists: /var/lib/mock/f41-build-51933390-6217774/root/builddir/build/SRPMS
DEBUG file_util.py:21:  created dir: /var/lib/mock/f41-build-51933390-6217774/root/builddir/build/SRPMS
DEBUG file_util.py:18:  ensuring that dir exists: /var/lib/mock/f41-build-51933390-6217774/root/builddir/build/SOURCES
DEBUG file_util.py:18:  ensuring that dir exists: /var/lib/mock/f41-build-51933390-6217774/root/builddir/build/BUILD
DEBUG file_util.py:21:  created dir: /var/lib/mock/f41-build-51933390-6217774/root/builddir/build/BUILD
DEBUG file_util.py:18:  ensuring that dir exists: /var/lib/mock/f41-build-51933390-6217774/root/builddir/build/BUILDROOT
DEBUG file_util.py:21:  created dir: /var/lib/mock/f41-build-51933390-6217774/root/builddir/build/BUILDROOT
DEBUG file_util.py:18:  ensuring that dir exists: /var/lib/mock/f41-build-51933390-6217774/root/builddir/build/originals
DEBUG file_util.py:21:  created dir: /var/lib/mock/f41-build-51933390-6217774/root/builddir/build/originals
DEBUG file_util.py:18:  ensuring that dir exists: /var/lib/mock/f41-build-51933390-6217774/root/builddir
DEBUG util.py:636:  child environment: None
DEBUG util.py:558:  Executing command: ['userdel', '-f', 'mockbuild', '--prefix', '/var/lib/mock/f41-build-51933390-6217774/root'] with env {'TERM': 'vt100', 'SHELL': '/bin/sh', 'HOME': '/builddir', 'HOSTNAME': 'mock', 'PATH': '/usr/bin:/bin:/usr/sbin:/sbin', 'LANG': 'C.UTF-8'} and shell False
DEBUG util.py:610:  Child return code was: 0
DEBUG util.py:636:  child environment: None
DEBUG util.py:558:  Executing command: ['groupdel', 'mock', '--prefix', '/var/lib/mock/f41-build-51933390-6217774/root'] with env {'TERM': 'vt100', 'SHELL': '/bin/sh', 'HOME': '/builddir', 'HOSTNAME': 'mock', 'PATH': '/usr/bin:/bin:/usr/sbin:/sbin', 'LANG': 'C.UTF-8'} and shell False
DEBUG util.py:610:  Child return code was: 0
DEBUG util.py:636:  child environment: None
DEBUG util.py:558:  Executing command: ['groupadd', 'mock', '-g', '425', '--prefix', '/var/lib/mock/f41-build-51933390-6217774/root'] with env {'TERM': 'vt100', 'SHELL': '/bin/sh', 'HOME': '/builddir', 'HOSTNAME': 'mock', 'PATH': '/usr/bin:/bin:/usr/sbin:/sbin', 'LANG': 'C.UTF-8'} and shell False
DEBUG util.py:610:  Child return code was: 0
DEBUG util.py:636:  child environment: None
DEBUG util.py:558:  Executing command: ['useradd', 'mockbuild', '-o', '-u', '1000', '-g', '425', '-N', '-d', '/builddir', '--prefix', '/var/lib/mock/f41-build-51933390-6217774/root'] with env {'TERM': 'vt100', 'SHELL': '/bin/sh', 'HOME': '/builddir', 'HOSTNAME': 'mock', 'PATH': '/usr/bin:/bin:/usr/sbin:/sbin', 'LANG': 'C.UTF-8'} and shell False
DEBUG util.py:461:  useradd: warning: the home directory /builddir already exists.
DEBUG util.py:461:  useradd: Not copying any file from skel directory into it.
DEBUG util.py:461:  Creating mailbox file: File exists
DEBUG util.py:610:  Child return code was: 0
DEBUG file_util.py:30:  touching file: /var/lib/mock/f41-build-51933390-6217774/root/.initialized
DEBUG util.py:636:  child environment: None
DEBUG util.py:553:  Using nspawn with args ['--capability=cap_ipc_lock', '--bind=/tmp/mock-resolv.teiq309a:/etc/resolv.conf', '--bind=/dev/btrfs-control', '--bind=/dev/mapper/control', '--bind=/dev/fuse', '--bind=/dev/loop-control', '--bind=/dev/loop0', '--bind=/dev/loop1', '--bind=/dev/loop2', '--bind=/dev/loop3', '--bind=/dev/loop4', '--bind=/dev/loop5', '--bind=/dev/loop6', '--bind=/dev/loop7', '--bind=/dev/loop8', '--bind=/dev/loop9', '--bind=/dev/loop10', '--bind=/dev/loop11']
DEBUG util.py:558:  Executing command: ['/usr/bin/systemd-nspawn', '-q', '-M', 'b3d3f332edcb4eab9ed61ae366730413', '-D', '/var/lib/mock/f41-build-51933390-6217774/root', '-a', '-u', 'mockbuild', '--capability=cap_ipc_lock', '--bind=/tmp/mock-resolv.teiq309a:/etc/resolv.conf', '--bind=/dev/btrfs-control', '--bind=/dev/mapper/control', '--bind=/dev/fuse', '--bind=/dev/loop-control', '--bind=/dev/loop0', '--bind=/dev/loop1', '--bind=/dev/loop2', '--bind=/dev/loop3', '--bind=/dev/loop4', '--bind=/dev/loop5', '--bind=/dev/loop6', '--bind=/dev/loop7', '--bind=/dev/loop8', '--bind=/dev/loop9', '--bind=/dev/loop10', '--bind=/dev/loop11', '--console=pipe', '--setenv=TERM=vt100', '--setenv=SHELL=/bin/bash', '--setenv=HOME=/builddir', '--setenv=HOSTNAME=mock', '--setenv=PATH=/usr/bin:/bin:/usr/sbin:/sbin', '--setenv=PROMPT_COMMAND=printf "\\033]0;<mock-chroot>\\007"', '--setenv=PS1=<mock-chroot> \\s-\\v\\$ ', '--setenv=LANG=C.UTF-8', '--resolv-conf=off', '/bin/rpm', '-Uvh', '--nodeps', '/builddir/build/originals/scipy-1.14.0-1.fc41.src.rpm'] with env {'TERM': 'vt100', 'SHELL': '/bin/bash', 'HOME': '/builddir', 'HOSTNAME': 'mock', 'PATH': '/usr/bin:/bin:/usr/sbin:/sbin', 'PROMPT_COMMAND': 'printf "\\033]0;<mock-chroot>\\007"', 'PS1': '<mock-chroot> \\s-\\v\\$ ', 'LANG': 'C.UTF-8', 'SYSTEMD_NSPAWN_TMPFS_TMP': '0', 'SYSTEMD_SECCOMP': '0'} and shell False
DEBUG util.py:463:  Updating / installing...
DEBUG util.py:463:  scipy-1.14.0-1.fc41                   ########################################
DEBUG util.py:610:  Child return code was: 0
DEBUG util.py:636:  child environment: None
DEBUG util.py:553:  Using nspawn with args ['--capability=cap_ipc_lock', '--bind=/tmp/mock-resolv.teiq309a:/etc/resolv.conf', '--bind=/dev/btrfs-control', '--bind=/dev/mapper/control', '--bind=/dev/fuse', '--bind=/dev/loop-control', '--bind=/dev/loop0', '--bind=/dev/loop1', '--bind=/dev/loop2', '--bind=/dev/loop3', '--bind=/dev/loop4', '--bind=/dev/loop5', '--bind=/dev/loop6', '--bind=/dev/loop7', '--bind=/dev/loop8', '--bind=/dev/loop9', '--bind=/dev/loop10', '--bind=/dev/loop11']
DEBUG util.py:558:  Executing command: ['/usr/bin/systemd-nspawn', '-q', '-M', '66675b34f1a34b628832050cb15fd153', '-D', '/var/lib/mock/f41-build-51933390-6217774/root', '-a', '-u', 'mockbuild', '--capability=cap_ipc_lock', '--bind=/tmp/mock-resolv.teiq309a:/etc/resolv.conf', '--bind=/dev/btrfs-control', '--bind=/dev/mapper/control', '--bind=/dev/fuse', '--bind=/dev/loop-control', '--bind=/dev/loop0', '--bind=/dev/loop1', '--bind=/dev/loop2', '--bind=/dev/loop3', '--bind=/dev/loop4', '--bind=/dev/loop5', '--bind=/dev/loop6', '--bind=/dev/loop7', '--bind=/dev/loop8', '--bind=/dev/loop9', '--bind=/dev/loop10', '--bind=/dev/loop11', '--console=pipe', '--setenv=TERM=vt100', '--setenv=SHELL=/bin/bash', '--setenv=HOME=/builddir', '--setenv=HOSTNAME=mock', '--setenv=PATH=/usr/bin:/bin:/usr/sbin:/sbin', '--setenv=PROMPT_COMMAND=printf "\\033]0;<mock-chroot>\\007"', '--setenv=PS1=<mock-chroot> \\s-\\v\\$ ', '--setenv=LANG=C.UTF-8', '--resolv-conf=off', '/bin/rpm', '-qpl', '/builddir/build/originals/scipy-1.14.0-1.fc41.src.rpm'] with env {'TERM': 'vt100', 'SHELL': '/bin/bash', 'HOME': '/builddir', 'HOSTNAME': 'mock', 'PATH': '/usr/bin:/bin:/usr/sbin:/sbin', 'PROMPT_COMMAND': 'printf "\\033]0;<mock-chroot>\\007"', 'PS1': '<mock-chroot> \\s-\\v\\$ ', 'LANG': 'C.UTF-8', 'SYSTEMD_NSPAWN_TMPFS_TMP': '0', 'SYSTEMD_SECCOMP': '0'} and shell False
DEBUG util.py:463:  scipy-1.14.0.tar.gz
DEBUG util.py:463:  scipy.spec
DEBUG util.py:610:  Child return code was: 0
DEBUG util.py:636:  child environment: None
DEBUG util.py:553:  Using nspawn with args None
DEBUG util.py:558:  Executing command: ['/usr/bin/systemd-nspawn', '-q', '-M', '251ce0e3b8164f7d8c629519128eecb9', '-D', '/var/lib/mock/f41-build-51933390-6217774/root', '-a', '--console=pipe', '--setenv=TERM=vt100', '--setenv=SHELL=/bin/bash', '--setenv=HOME=/builddir', '--setenv=HOSTNAME=mock', '--setenv=PATH=/usr/bin:/bin:/usr/sbin:/sbin', '--setenv=PROMPT_COMMAND=printf "\\033]0;<mock-chroot>\\007"', '--setenv=PS1=<mock-chroot> \\s-\\v\\$ ', '--setenv=LANG=C.UTF-8', '--resolv-conf=off', '/bin/sh', '-c', 'case $(rpmbuild --help) in *--noclean*) exit 0; esac; exit 1'] with env {'TERM': 'vt100', 'SHELL': '/bin/bash', 'HOME': '/builddir', 'HOSTNAME': 'mock', 'PATH': '/usr/bin:/bin:/usr/sbin:/sbin', 'PROMPT_COMMAND': 'printf "\\033]0;<mock-chroot>\\007"', 'PS1': '<mock-chroot> \\s-\\v\\$ ', 'LANG': 'C.UTF-8', 'SYSTEMD_NSPAWN_TMPFS_TMP': '0', 'SYSTEMD_SECCOMP': '0'} and shell False
DEBUG util.py:610:  Child return code was: 0
DEBUG util.py:636:  child environment: None
DEBUG file_util.py:18:  ensuring that dir exists: /var/lib/mock/f41-build-51933390-6217774/root/proc
DEBUG util.py:636:  child environment: None
DEBUG util.py:558:  Executing command: ['/bin/mount', '-n', '-t', 'tmpfs', '-o', 'rprivate,mode=0755', 'tmpfs', '/var/lib/mock/f41-build-51933390-6217774/root/proc'] with env {'TERM': 'vt100', 'SHELL': '/bin/sh', 'HOME': '/builddir', 'HOSTNAME': 'mock', 'PATH': '/usr/bin:/bin:/usr/sbin:/sbin', 'LANG': 'C.UTF-8'} and shell False
DEBUG util.py:610:  Child return code was: 0
DEBUG file_util.py:18:  ensuring that dir exists: /var/lib/mock/f41-build-51933390-6217774/root/proc
DEBUG util.py:636:  child environment: None
DEBUG util.py:558:  Executing command: ['/bin/mount', '-n', '-o', 'rbind', '/proc', '/var/lib/mock/f41-build-51933390-6217774/root/proc'] with env {'TERM': 'vt100', 'SHELL': '/bin/sh', 'HOME': '/builddir', 'HOSTNAME': 'mock', 'PATH': '/usr/bin:/bin:/usr/sbin:/sbin', 'LANG': 'C.UTF-8'} and shell False
DEBUG util.py:610:  Child return code was: 0
DEBUG util.py:636:  child environment: None
DEBUG util.py:558:  Executing command: ['/bin/mount', '-n', '-o', 'remount,nodev,noexec,nosuid,readonly,rprivate,rbind', '--target', '/var/lib/mock/f41-build-51933390-6217774/root/proc'] with env {'TERM': 'vt100', 'SHELL': '/bin/sh', 'HOME': '/builddir', 'HOSTNAME': 'mock', 'PATH': '/usr/bin:/bin:/usr/sbin:/sbin', 'LANG': 'C.UTF-8'} and shell False
DEBUG util.py:610:  Child return code was: 0
DEBUG file_util.py:18:  ensuring that dir exists: /var/lib/mock/f41-build-51933390-6217774/root/sys
DEBUG util.py:636:  child environment: None
DEBUG util.py:558:  Executing command: ['/bin/mount', '-n', '-t', 'tmpfs', '-o', 'rprivate,mode=0755', 'tmpfs', '/var/lib/mock/f41-build-51933390-6217774/root/sys'] with env {'TERM': 'vt100', 'SHELL': '/bin/sh', 'HOME': '/builddir', 'HOSTNAME': 'mock', 'PATH': '/usr/bin:/bin:/usr/sbin:/sbin', 'LANG': 'C.UTF-8'} and shell False
DEBUG util.py:610:  Child return code was: 0
DEBUG file_util.py:18:  ensuring that dir exists: /var/lib/mock/f41-build-51933390-6217774/root/sys
DEBUG util.py:636:  child environment: None
DEBUG util.py:558:  Executing command: ['/bin/mount', '-n', '-o', 'rbind', '/sys', '/var/lib/mock/f41-build-51933390-6217774/root/sys'] with env {'TERM': 'vt100', 'SHELL': '/bin/sh', 'HOME': '/builddir', 'HOSTNAME': 'mock', 'PATH': '/usr/bin:/bin:/usr/sbin:/sbin', 'LANG': 'C.UTF-8'} and shell False
DEBUG util.py:610:  Child return code was: 0
DEBUG util.py:636:  child environment: None
DEBUG util.py:558:  Executing command: ['/bin/mount', '-n', '-o', 'remount,nodev,noexec,nosuid,readonly,rprivate,rbind', '--target', '/var/lib/mock/f41-build-51933390-6217774/root/sys'] with env {'TERM': 'vt100', 'SHELL': '/bin/sh', 'HOME': '/builddir', 'HOSTNAME': 'mock', 'PATH': '/usr/bin:/bin:/usr/sbin:/sbin', 'LANG': 'C.UTF-8'} and shell False
DEBUG util.py:610:  Child return code was: 0
DEBUG file_util.py:18:  ensuring that dir exists: /var/lib/mock/f41-build-51933390-6217774/root/dev/shm
DEBUG util.py:636:  child environment: None
DEBUG util.py:558:  Executing command: ['/bin/mount', '-n', '-t', 'tmpfs', 'tmpfs', '/var/lib/mock/f41-build-51933390-6217774/root/dev/shm'] with env {'TERM': 'vt100', 'SHELL': '/bin/sh', 'HOME': '/builddir', 'HOSTNAME': 'mock', 'PATH': '/usr/bin:/bin:/usr/sbin:/sbin', 'LANG': 'C.UTF-8'} and shell False
DEBUG util.py:610:  Child return code was: 0
DEBUG file_util.py:18:  ensuring that dir exists: /var/lib/mock/f41-build-51933390-6217774/root/dev/pts
DEBUG util.py:636:  child environment: None
DEBUG util.py:558:  Executing command: ['/bin/mount', '-n', '-t', 'devpts', '-o', 'gid=5,mode=0620,ptmxmode=0666,newinstance', 'devpts', '/var/lib/mock/f41-build-51933390-6217774/root/dev/pts'] with env {'TERM': 'vt100', 'SHELL': '/bin/sh', 'HOME': '/builddir', 'HOSTNAME': 'mock', 'PATH': '/usr/bin:/bin:/usr/sbin:/sbin', 'LANG': 'C.UTF-8'} and shell False
DEBUG util.py:610:  Child return code was: 0
DEBUG util.py:636:  child environment: None
DEBUG util.py:558:  Executing command: ['/bin/mount', '-n', '-o', 'bind', '/tmp/mock-selinux-plugin.w5dtg8k_', '/var/lib/mock/f41-build-51933390-6217774/root/proc/filesystems'] with env {'TERM': 'vt100', 'SHELL': '/bin/sh', 'HOME': '/builddir', 'HOSTNAME': 'mock', 'PATH': '/usr/bin:/bin:/usr/sbin:/sbin', 'LANG': 'C.UTF-8'} and shell False
DEBUG util.py:610:  Child return code was: 0
DEBUG file_util.py:18:  ensuring that dir exists: /var/lib/mock/f41-build-51933390-6217774/root/sys/fs/selinux
DEBUG util.py:636:  child environment: None
DEBUG util.py:558:  Executing command: ['/bin/mount', '-n', '-t', 'tmpfs', 'tmpfs', '/var/lib/mock/f41-build-51933390-6217774/root/sys/fs/selinux'] with env {'TERM': 'vt100', 'SHELL': '/bin/sh', 'HOME': '/builddir', 'HOSTNAME': 'mock', 'PATH': '/usr/bin:/bin:/usr/sbin:/sbin', 'LANG': 'C.UTF-8'} and shell False
DEBUG util.py:610:  Child return code was: 0
DEBUG file_util.py:18:  ensuring that dir exists: /var/lib/mock/f41-build-51933390-6217774-bootstrap/root/var/lib/mock/f41-build-51933390-6217774/root
DEBUG util.py:636:  child environment: None
DEBUG util.py:558:  Executing command: ['/bin/mount', '-n', '-t', 'tmpfs', '-o', 'private,mode=0755', 'tmpfs', '/var/lib/mock/f41-build-51933390-6217774-bootstrap/root/var/lib/mock/f41-build-51933390-6217774/root'] with env {'TERM': 'vt100', 'SHELL': '/bin/sh', 'HOME': '/builddir', 'HOSTNAME': 'mock', 'PATH': '/usr/bin:/bin:/usr/sbin:/sbin', 'LANG': 'C.UTF-8'} and shell False
DEBUG util.py:610:  Child return code was: 0
DEBUG file_util.py:18:  ensuring that dir exists: /var/lib/mock/f41-build-51933390-6217774-bootstrap/root/var/lib/mock/f41-build-51933390-6217774/root
DEBUG util.py:636:  child environment: None
DEBUG util.py:558:  Executing command: ['/bin/mount', '-n', '-o', 'rbind', '/var/lib/mock/f41-build-51933390-6217774/root', '/var/lib/mock/f41-build-51933390-6217774-bootstrap/root/var/lib/mock/f41-build-51933390-6217774/root'] with env {'TERM': 'vt100', 'SHELL': '/bin/sh', 'HOME': '/builddir', 'HOSTNAME': 'mock', 'PATH': '/usr/bin:/bin:/usr/sbin:/sbin', 'LANG': 'C.UTF-8'} and shell False
DEBUG util.py:610:  Child return code was: 0
DEBUG util.py:636:  child environment: None
DEBUG util.py:558:  Executing command: ['/bin/mount', '-n', '-o', 'remount,private,rbind', '--target', '/var/lib/mock/f41-build-51933390-6217774-bootstrap/root/var/lib/mock/f41-build-51933390-6217774/root'] with env {'TERM': 'vt100', 'SHELL': '/bin/sh', 'HOME': '/builddir', 'HOSTNAME': 'mock', 'PATH': '/usr/bin:/bin:/usr/sbin:/sbin', 'LANG': 'C.UTF-8'} and shell False
DEBUG util.py:610:  Child return code was: 0
DEBUG file_util.py:18:  ensuring that dir exists: /var/lib/mock/f41-build-51933390-6217774/root/installation-homedir
DEBUG package_manager.py:289:  ['/usr/bin/dnf5', 'builddep', '--installroot', '/var/lib/mock/f41-build-51933390-6217774/root/', '/var/lib/mock/f41-build-51933390-6217774/root//builddir/build/SRPMS/scipy-1.14.0-1.fc41.src.rpm', '--setopt=deltarpm=False', '--setopt=allow_vendor_change=yes', '--allowerasing']
DEBUG util.py:636:  child environment: None
DEBUG util.py:553:  Using nspawn with args ['--capability=cap_ipc_lock', '--bind=/tmp/mock-resolv.2_tdunre:/etc/resolv.conf']
DEBUG util.py:558:  Executing command: ['/usr/bin/systemd-nspawn', '-q', '-M', '5e7683260f594601b117933eec108a5f', '-D', '/var/lib/mock/f41-build-51933390-6217774-bootstrap/root', '-a', '--capability=cap_ipc_lock', '--bind=/tmp/mock-resolv.2_tdunre:/etc/resolv.conf', '--console=pipe', '--setenv=TERM=vt100', '--setenv=SHELL=/bin/bash', '--setenv=HOME=/var/lib/mock/f41-build-51933390-6217774/root/installation-homedir', '--setenv=HOSTNAME=mock', '--setenv=PATH=/usr/bin:/bin:/usr/sbin:/sbin', '--setenv=PROMPT_COMMAND=printf "\\033]0;<mock-chroot>\\007"', '--setenv=PS1=<mock-chroot> \\s-\\v\\$ ', '--setenv=LANG=C.UTF-8', '--setenv=LC_MESSAGES=C.UTF-8', '--resolv-conf=off', '/usr/bin/dnf5', 'builddep', '--installroot', '/var/lib/mock/f41-build-51933390-6217774/root/', '/var/lib/mock/f41-build-51933390-6217774/root//builddir/build/SRPMS/scipy-1.14.0-1.fc41.src.rpm', '--setopt=deltarpm=False', '--setopt=allow_vendor_change=yes', '--allowerasing', '--setopt=tsflags=nocontexts'] with env {'TERM': 'vt100', 'SHELL': '/bin/bash', 'HOME': '/var/lib/mock/f41-build-51933390-6217774/root/installation-homedir', 'HOSTNAME': 'mock', 'PATH': '/usr/bin:/bin:/usr/sbin:/sbin', 'PROMPT_COMMAND': 'printf "\\033]0;<mock-chroot>\\007"', 'PS1': '<mock-chroot> \\s-\\v\\$ ', 'LANG': 'C.UTF-8', 'LC_MESSAGES': 'C.UTF-8', 'SYSTEMD_NSPAWN_TMPFS_TMP': '0', 'SYSTEMD_SECCOMP': '0'} and shell False
DEBUG util.py:463:  Updating and loading repositories:
DEBUG util.py:463:   build                                  100% | 189.5 KiB/s |   3.8 KiB |  00m00s
DEBUG util.py:463:  Repositories loaded.
DEBUG util.py:463:  Package                      Arch   Version              Repository      Size
DEBUG util.py:463:  Installing:
DEBUG util.py:463:   flexiblas-devel             x86_64 3.4.4-1.fc41         build        4.7 MiB
DEBUG util.py:463:   gcc-c++                     x86_64 14.1.1-6.fc41        build       38.1 MiB
DEBUG util.py:463:   gcc-gfortran                x86_64 14.1.1-6.fc41        build       37.2 MiB
DEBUG util.py:463:   pybind11-devel              x86_64 2.12.0-2.fc41        build      825.8 KiB
DEBUG util.py:463:   python3-devel               x86_64 3.13.0~b3-1.fc41     build        1.8 MiB
DEBUG util.py:463:   python3-numpy-f2py          x86_64 1:1.26.4-7.fc41      build        2.8 MiB
DEBUG util.py:463:  Installing dependencies:
DEBUG util.py:463:   annobin-docs                noarch 12.59-1.fc41         build       96.2 KiB
DEBUG util.py:463:   annobin-plugin-gcc          x86_64 12.59-1.fc41         build      975.9 KiB
DEBUG util.py:463:   cmake                       x86_64 3.28.3-6.fc41        build       31.5 MiB
DEBUG util.py:463:   cmake-data                  noarch 3.28.3-6.fc41        build        8.0 MiB
DEBUG util.py:463:   cmake-filesystem            x86_64 3.28.3-6.fc41        build        0.0   B
DEBUG util.py:463:   cmake-rpm-macros            noarch 3.28.3-6.fc41        build        7.5 KiB
DEBUG util.py:463:   cpp                         x86_64 14.1.1-6.fc41        build       35.0 MiB
DEBUG util.py:463:   emacs-filesystem            noarch 1:30.0-2.fc41        build        0.0   B
DEBUG util.py:463:   expat                       x86_64 2.6.2-1.fc41         build      280.8 KiB
DEBUG util.py:463:   flexiblas                   x86_64 3.4.4-1.fc41         build       48.5 KiB
DEBUG util.py:463:   flexiblas-netlib            x86_64 3.4.4-1.fc41         build       10.4 MiB
DEBUG util.py:463:   flexiblas-netlib64          x86_64 3.4.4-1.fc41         build       10.5 MiB
DEBUG util.py:463:   flexiblas-openblas-openmp   x86_64 3.4.4-1.fc41         build       39.3 KiB
DEBUG util.py:463:   flexiblas-openblas-openmp64 x86_64 3.4.4-1.fc41         build       39.3 KiB
DEBUG util.py:463:   gc                          x86_64 8.2.2-6.fc40         build      258.7 KiB
DEBUG util.py:463:   gcc                         x86_64 14.1.1-6.fc41        build      104.1 MiB
DEBUG util.py:463:   gcc-plugin-annobin          x86_64 14.1.1-6.fc41        build       57.1 KiB
DEBUG util.py:463:   glibc-devel                 x86_64 2.39.9000-26.fc41    build       36.8 KiB
DEBUG util.py:463:   glibc-headers-x86           noarch 2.39.9000-26.fc41    build        2.2 MiB
DEBUG util.py:463:   guile30                     x86_64 3.0.9-1.fc41         build       52.7 MiB
DEBUG util.py:463:   jsoncpp                     x86_64 1.9.5-7.fc40         build      253.4 KiB
DEBUG util.py:463:   kernel-headers              x86_64 6.10.0-0.rc5.43.fc41 build        6.3 MiB
DEBUG util.py:463:   libb2                       x86_64 0.98.1-11.fc40       build       42.2 KiB
DEBUG util.py:463:   libgfortran                 x86_64 14.1.1-6.fc41        build        3.0 MiB
DEBUG util.py:463:   libmpc                      x86_64 1.3.1-5.fc40         build      164.7 KiB
DEBUG util.py:463:   libquadmath                 x86_64 14.1.1-6.fc41        build      325.9 KiB
DEBUG util.py:463:   libquadmath-devel           x86_64 14.1.1-6.fc41        build       21.8 KiB
DEBUG util.py:463:   libstdc++-devel             x86_64 14.1.1-6.fc41        build       15.4 MiB
DEBUG util.py:463:   libuv                       x86_64 1:1.48.0-1.fc40      build      538.8 KiB
DEBUG util.py:463:   libxcrypt-devel             x86_64 4.4.36-5.fc40        build       30.3 KiB
DEBUG util.py:463:   make                        x86_64 1:4.4.1-6.fc40       build        1.8 MiB
DEBUG util.py:463:   mpdecimal                   x86_64 2.5.1-9.fc40         build      200.9 KiB
DEBUG util.py:463:   openblas                    x86_64 0.3.26-4.fc40        build       96.0 KiB
DEBUG util.py:463:   openblas-openmp             x86_64 0.3.26-4.fc40        build       38.9 MiB
DEBUG util.py:463:   openblas-openmp64           x86_64 0.3.26-4.fc40        build       39.1 MiB
DEBUG util.py:463:   pyproject-rpm-macros        noarch 1.12.2-1.fc41        build       99.6 KiB
DEBUG util.py:463:   python-pip-wheel            noarch 24.1.1-1.fc41        build        1.2 MiB
DEBUG util.py:463:   python-rpm-macros           noarch 3.13-2.fc41          build       22.1 KiB
DEBUG util.py:463:   python3                     x86_64 3.13.0~b3-1.fc41     build       31.8 KiB
DEBUG util.py:463:   python3-libs                x86_64 3.13.0~b3-1.fc41     build       40.5 MiB
DEBUG util.py:463:   python3-numpy               x86_64 1:1.26.4-7.fc41      build       44.1 MiB
DEBUG util.py:463:   python3-packaging           noarch 24.1-1.fc41          build      422.7 KiB
DEBUG util.py:463:   python3-rpm-generators      noarch 14-10.fc40           build       81.7 KiB
DEBUG util.py:463:   python3-rpm-macros          noarch 3.13-2.fc41          build        6.4 KiB
DEBUG util.py:463:   rhash                       x86_64 1.4.4-1.fc41         build      349.9 KiB
DEBUG util.py:463:   tzdata                      noarch 2024a-8.fc41         build        1.7 MiB
DEBUG util.py:463:   vim-filesystem              noarch 2:9.1.452-1.fc41     build       40.0   B
DEBUG util.py:463:  Transaction Summary:
DEBUG util.py:463:   Installing:       53 packages
DEBUG util.py:463:  Total size of inbound packages is 140 MiB. Need to download 140 MiB.
DEBUG util.py:463:  After this operation 536 MiB will be used (install 536 MiB, remove 0 B).
DEBUG util.py:463:  [ 1/53] flexiblas-devel-0:3.4.4-1.fc41. 100% | 891.0 KiB/s | 112.3 KiB |  00m00s
DEBUG util.py:463:  [ 2/53] pybind11-devel-0:2.12.0-2.fc41. 100% |  16.8 MiB/s | 172.0 KiB |  00m00s
DEBUG util.py:463:  [ 3/53] python3-devel-0:3.13.0~b3-1.fc4 100% |  23.1 MiB/s | 354.7 KiB |  00m00s
DEBUG util.py:463:  [ 4/53] python3-numpy-f2py-1:1.26.4-7.f 100% |  17.9 MiB/s | 496.1 KiB |  00m00s
DEBUG util.py:463:  [ 5/53] flexiblas-0:3.4.4-1.fc41.x86_64 100% |   4.1 MiB/s |  25.4 KiB |  00m00s
DEBUG util.py:463:  [ 6/53] gcc-c++-0:14.1.1-6.fc41.x86_64  100% |  39.6 MiB/s |  14.2 MiB |  00m00s
DEBUG util.py:463:  [ 7/53] flexiblas-netlib-0:3.4.4-1.fc41 100% |  15.1 MiB/s |   3.2 MiB |  00m00s
DEBUG util.py:463:  [ 8/53] flexiblas-netlib64-0:3.4.4-1.fc 100% |  36.7 MiB/s |   3.0 MiB |  00m00s
DEBUG util.py:463:  [ 9/53] libmpc-0:1.3.1-5.fc40.x86_64    100% |  13.9 MiB/s |  71.1 KiB |  00m00s
DEBUG util.py:463:  [10/53] libstdc++-devel-0:14.1.1-6.fc41 100% |  42.8 MiB/s |   2.6 MiB |  00m00s
DEBUG util.py:463:  [11/53] gcc-gfortran-0:14.1.1-6.fc41.x8 100% |  21.5 MiB/s |  13.4 MiB |  00m01s
DEBUG util.py:463:  [12/53] libgfortran-0:14.1.1-6.fc41.x86 100% |   7.6 MiB/s | 936.4 KiB |  00m00s
DEBUG util.py:463:  [13/53] libquadmath-0:14.1.1-6.fc41.x86 100% |  16.2 MiB/s | 199.0 KiB |  00m00s
DEBUG util.py:463:  [14/53] libquadmath-devel-0:14.1.1-6.fc 100% |   8.0 MiB/s |  41.0 KiB |  00m00s
DEBUG util.py:463:  [15/53] cmake-filesystem-0:3.28.3-6.fc4 100% |   8.8 MiB/s |  18.1 KiB |  00m00s
DEBUG util.py:463:  [16/53] python3-0:3.13.0~b3-1.fc41.x86_ 100% |   8.6 MiB/s |  26.3 KiB |  00m00s
DEBUG util.py:463:  [17/53] cmake-0:3.28.3-6.fc41.x86_64    100% |  25.0 MiB/s |   9.6 MiB |  00m00s
DEBUG util.py:463:  [18/53] python3-libs-0:3.13.0~b3-1.fc41 100% |  19.4 MiB/s |   8.8 MiB |  00m00s
DEBUG util.py:463:  [19/53] flexiblas-openblas-openmp-0:3.4 100% |   4.2 MiB/s |  17.2 KiB |  00m00s
DEBUG util.py:463:  [20/53] flexiblas-openblas-openmp64-0:3 100% |   4.2 MiB/s |  17.2 KiB |  00m00s
DEBUG util.py:463:  [21/53] python3-numpy-1:1.26.4-7.fc41.x 100% |  35.0 MiB/s |   7.2 MiB |  00m00s
DEBUG util.py:463:  [22/53] glibc-devel-0:2.39.9000-26.fc41 100% |  20.8 MiB/s | 128.0 KiB |  00m00s
DEBUG util.py:463:  [23/53] make-1:4.4.1-6.fc40.x86_64      100% |  43.6 MiB/s | 580.0 KiB |  00m00s
DEBUG util.py:463:  [24/53] cmake-data-0:3.28.3-6.fc41.noar 100% |  43.9 MiB/s |   1.8 MiB |  00m00s
DEBUG util.py:463:  [25/53] expat-0:2.6.2-1.fc41.x86_64     100% |  27.6 MiB/s | 113.2 KiB |  00m00s
DEBUG util.py:463:  [26/53] jsoncpp-0:1.9.5-7.fc40.x86_64   100% |  32.3 MiB/s |  99.3 KiB |  00m00s
DEBUG util.py:463:  [27/53] libuv-1:1.48.0-1.fc40.x86_64    100% |  41.1 MiB/s | 252.4 KiB |  00m00s
DEBUG util.py:463:  [28/53] rhash-0:1.4.4-1.fc41.x86_64     100% |  17.4 MiB/s | 195.8 KiB |  00m00s
DEBUG util.py:463:  [29/53] libb2-0:0.98.1-11.fc40.x86_64   100% |   8.3 MiB/s |  25.5 KiB |  00m00s
DEBUG util.py:463:  [30/53] cpp-0:14.1.1-6.fc41.x86_64      100% |  39.6 MiB/s |  11.9 MiB |  00m00s
DEBUG util.py:463:  [31/53] mpdecimal-0:2.5.1-9.fc40.x86_64 100% | 973.5 KiB/s |  88.6 KiB |  00m00s
DEBUG util.py:463:  [32/53] tzdata-0:2024a-8.fc41.noarch    100% |  35.1 MiB/s | 430.8 KiB |  00m00s
DEBUG util.py:463:  [33/53] python-pip-wheel-0:24.1.1-1.fc4 100% |  44.8 MiB/s |   1.2 MiB |  00m00s
DEBUG util.py:463:  [34/53] openblas-openmp-0:0.3.26-4.fc40 100% |  49.6 MiB/s |   5.1 MiB |  00m00s
DEBUG util.py:463:  [35/53] openblas-openmp64-0:0.3.26-4.fc 100% |  36.1 MiB/s |   4.9 MiB |  00m00s
DEBUG util.py:463:  [36/53] gcc-0:14.1.1-6.fc41.x86_64      100% |  25.4 MiB/s |  37.0 MiB |  00m01s
DEBUG util.py:463:  [37/53] glibc-headers-x86-0:2.39.9000-2 100% |   1.6 MiB/s | 548.4 KiB |  00m00s
DEBUG util.py:463:  [38/53] libxcrypt-devel-0:4.4.36-5.fc40 100% |   3.5 MiB/s |  28.6 KiB |  00m00s
DEBUG util.py:463:  [39/53] emacs-filesystem-1:30.0-2.fc41. 100% |   3.5 MiB/s |   7.1 KiB |  00m00s
DEBUG util.py:463:  [40/53] vim-filesystem-2:9.1.452-1.fc41 100% |   8.3 MiB/s |  16.9 KiB |  00m00s
DEBUG util.py:463:  [41/53] openblas-0:0.3.26-4.fc40.x86_64 100% |   7.5 MiB/s |  38.6 KiB |  00m00s
DEBUG util.py:463:  [42/53] kernel-headers-0:6.10.0-0.rc5.4 100% |   4.7 MiB/s |   1.5 MiB |  00m00s
DEBUG util.py:463:  [43/53] gc-0:8.2.2-6.fc40.x86_64        100% |   6.3 MiB/s | 110.2 KiB |  00m00s
DEBUG util.py:463:  [44/53] gcc-plugin-annobin-0:14.1.1-6.f 100% |  16.9 MiB/s |  51.9 KiB |  00m00s
DEBUG util.py:463:  [45/53] annobin-docs-0:12.59-1.fc41.noa 100% |  22.0 MiB/s |  90.1 KiB |  00m00s
DEBUG util.py:463:  [46/53] annobin-plugin-gcc-0:12.59-1.fc 100% |  42.9 MiB/s | 966.3 KiB |  00m00s
DEBUG util.py:463:  [47/53] pyproject-rpm-macros-0:1.12.2-1 100% |   3.6 MiB/s |  40.7 KiB |  00m00s
DEBUG util.py:463:  [48/53] python-rpm-macros-0:3.13-2.fc41 100% |   8.7 MiB/s |  17.8 KiB |  00m00s
DEBUG util.py:463:  [49/53] python3-rpm-generators-0:14-10. 100% |  14.5 MiB/s |  29.6 KiB |  00m00s
DEBUG util.py:463:  [50/53] python3-rpm-macros-0:3.13-2.fc4 100% |   6.1 MiB/s |  12.5 KiB |  00m00s
DEBUG util.py:463:  [51/53] cmake-rpm-macros-0:3.28.3-6.fc4 100% |   8.6 MiB/s |  17.6 KiB |  00m00s
DEBUG util.py:463:  [52/53] python3-packaging-0:24.1-1.fc41 100% |  37.9 MiB/s | 116.4 KiB |  00m00s
DEBUG util.py:463:  [53/53] guile30-0:3.0.9-1.fc41.x86_64   100% |  56.2 MiB/s |   8.2 MiB |  00m00s
DEBUG util.py:463:  --------------------------------------------------------------------------------
DEBUG util.py:463:  [53/53] Total                           100% |  69.5 MiB/s | 139.9 MiB |  00m02s
DEBUG util.py:463:  Running transaction
DEBUG util.py:463:  [ 1/55] Verify package files            100% |  44.0   B/s |  53.0   B |  00m01s
DEBUG util.py:463:  [ 2/55] Prepare transaction             100% | 360.0   B/s |  53.0   B |  00m00s
DEBUG util.py:463:  [ 3/55] Installing libgfortran-0:14.1.1 100% | 117.1 MiB/s |   3.0 MiB |  00m00s
DEBUG util.py:463:  [ 4/55] Installing libquadmath-0:14.1.1 100% |  63.9 MiB/s | 327.2 KiB |  00m00s
DEBUG util.py:463:  [ 5/55] Installing libmpc-0:1.3.1-5.fc4 100% |  40.6 MiB/s | 166.2 KiB |  00m00s
DEBUG util.py:463:  [ 6/55] Installing python-rpm-macros-0: 100% |   7.4 MiB/s |  22.8 KiB |  00m00s
DEBUG util.py:463:  [ 7/55] Installing cmake-filesystem-0:3 100% |   1.4 MiB/s |   7.1 KiB |  00m00s
DEBUG util.py:463:  [ 8/55] Installing python3-rpm-macros-0 100% |   3.3 MiB/s |   6.7 KiB |  00m00s
DEBUG util.py:463:  [ 9/55] Installing openblas-0:0.3.26-4. 100% |  23.9 MiB/s |  97.8 KiB |  00m00s
DEBUG util.py:463:  [10/55] Installing expat-0:2.6.2-1.fc41 100% |  46.0 MiB/s | 282.9 KiB |  00m00s
DEBUG util.py:463:  [11/55] Installing openblas-openmp-0:0. 100% | 203.7 MiB/s |  38.9 MiB |  00m00s
DEBUG util.py:463:  [12/55] Installing flexiblas-netlib-0:3 100% | 155.0 MiB/s |  10.4 MiB |  00m00s
DEBUG util.py:463:  [13/55] Installing flexiblas-0:3.4.4-1. 100% |  16.2 MiB/s |  49.7 KiB |  00m00s
DEBUG util.py:463:  [14/55] Installing flexiblas-openblas-o 100% |  13.1 MiB/s |  40.1 KiB |  00m00s
DEBUG util.py:463:  [15/55] Installing openblas-openmp64-0: 100% | 205.7 MiB/s |  39.1 MiB |  00m00s
DEBUG util.py:463:  [16/55] Installing flexiblas-netlib64-0 100% | 156.6 MiB/s |  10.5 MiB |  00m00s
DEBUG util.py:463:  [17/55] Installing flexiblas-openblas-o 100% |  13.1 MiB/s |  40.2 KiB |  00m00s
DEBUG util.py:463:  [18/55] Installing pyproject-rpm-macros 100% |  24.8 MiB/s | 101.6 KiB |  00m00s
DEBUG util.py:463:  [19/55] Installing cpp-0:14.1.1-6.fc41. 100% | 158.4 MiB/s |  35.0 MiB |  00m00s
DEBUG util.py:463:  [20/55] Installing annobin-docs-0:12.59 100% |  31.7 MiB/s |  97.3 KiB |  00m00s
DEBUG util.py:463:  [21/55] Installing gc-0:8.2.2-6.fc40.x8 100% |  31.9 MiB/s | 261.2 KiB |  00m00s
DEBUG util.py:463:  [22/55] Installing guile30-0:3.0.9-1.fc 100% | 148.3 MiB/s |  52.8 MiB |  00m00s
DEBUG util.py:463:  [23/55] Installing make-1:4.4.1-6.fc40. 100% |  90.0 MiB/s |   1.8 MiB |  00m00s
DEBUG util.py:463:  [24/55] Installing vim-filesystem-2:9.1 100% |   1.2 MiB/s |   4.7 KiB |  00m00s
DEBUG util.py:463:  [25/55] Installing emacs-filesystem-1:3 100% | 132.8 KiB/s | 544.0   B |  00m00s
DEBUG util.py:463:  [26/55] Installing kernel-headers-0:6.1 100% |  46.7 MiB/s |   6.4 MiB |  00m00s
DEBUG util.py:463:  [27/55] Installing glibc-headers-x86-0: 100% |  35.1 MiB/s |   2.3 MiB |  00m00s
DEBUG util.py:463:  [28/55] Installing libxcrypt-devel-0:4. 100% |   6.4 MiB/s |  32.6 KiB |  00m00s
DEBUG util.py:463:  [29/55] Installing glibc-devel-0:2.39.9 100% |   5.7 MiB/s |  40.5 KiB |  00m00s
DEBUG util.py:463:  [30/55] Installing gcc-0:14.1.1-6.fc41. 100% | 162.5 MiB/s | 104.2 MiB |  00m01s
DEBUG util.py:463:  >>> Running trigger-install scriptlet: redhat-rpm-config-0:293-1.fc41.noarch
DEBUG util.py:463:  >>> Stop trigger-install scriptlet: redhat-rpm-config-0:293-1.fc41.noarch
DEBUG util.py:463:  [31/55] Installing libquadmath-devel-0: 100% |   3.2 MiB/s |  23.3 KiB |  00m00s
DEBUG util.py:463:  [32/55] Installing tzdata-0:2024a-8.fc4 100% |  11.7 MiB/s |   1.9 MiB |  00m00s
DEBUG util.py:463:  [33/55] Installing python-pip-wheel-0:2 100% | 156.2 MiB/s |   1.2 MiB |  00m00s
DEBUG util.py:463:  [34/55] Installing mpdecimal-0:2.5.1-9. 100% |  39.5 MiB/s | 202.0 KiB |  00m00s
DEBUG util.py:463:  [35/55] Installing libb2-0:0.98.1-11.fc 100% |   5.3 MiB/s |  43.3 KiB |  00m00s
DEBUG util.py:463:  [36/55] Installing python3-libs-0:3.13. 100% |  97.7 MiB/s |  40.8 MiB |  00m00s
DEBUG util.py:463:  [37/55] Installing python3-0:3.13.0~b3- 100% |   8.2 MiB/s |  33.6 KiB |  00m00s
DEBUG util.py:463:  [38/55] Installing cmake-rpm-macros-0:3 100% |   1.3 MiB/s |   8.1 KiB |  00m00s
DEBUG util.py:463:  [39/55] Installing python3-numpy-1:1.26 100% | 116.2 MiB/s |  44.4 MiB |  00m00s
DEBUG util.py:463:  [40/55] Installing python3-packaging-0: 100% |  42.3 MiB/s | 433.5 KiB |  00m00s
DEBUG util.py:463:  [41/55] Installing python3-rpm-generato 100% |  20.2 MiB/s |  82.9 KiB |  00m00s
DEBUG util.py:463:  [42/55] Installing python3-devel-0:3.13 100% |  44.1 MiB/s |   1.8 MiB |  00m00s
DEBUG util.py:463:  [43/55] Installing rhash-0:1.4.4-1.fc41 100% |  38.5 MiB/s | 355.2 KiB |  00m00s
DEBUG util.py:463:  [44/55] Installing libuv-1:1.48.0-1.fc4 100% |  48.1 MiB/s | 541.6 KiB |  00m00s
DEBUG util.py:463:  [45/55] Installing jsoncpp-0:1.9.5-7.fc 100% |  19.2 MiB/s | 254.9 KiB |  00m00s
DEBUG util.py:463:  [46/55] Installing cmake-data-0:3.28.3- 100% |  23.7 MiB/s |   8.5 MiB |  00m00s
DEBUG util.py:463:  [47/55] Installing cmake-0:3.28.3-6.fc4 100% | 164.9 MiB/s |  31.5 MiB |  00m00s
DEBUG util.py:463:  [48/55] Installing libstdc++-devel-0:14 100% |  93.7 MiB/s |  15.6 MiB |  00m00s
DEBUG util.py:463:  [49/55] Installing gcc-c++-0:14.1.1-6.f 100% | 161.7 MiB/s |  38.2 MiB |  00m00s
DEBUG util.py:463:  [50/55] Installing pybind11-devel-0:2.1 100% |  62.6 MiB/s | 833.3 KiB |  00m00s
DEBUG util.py:463:  [51/55] Installing python3-numpy-f2py-1 100% |  55.7 MiB/s |   2.8 MiB |  00m00s
DEBUG util.py:463:  [52/55] Installing gcc-gfortran-0:14.1. 100% | 157.2 MiB/s |  37.2 MiB |  00m00s
DEBUG util.py:463:  [53/55] Installing annobin-plugin-gcc-0 100% |  30.8 MiB/s | 977.6 KiB |  00m00s
DEBUG util.py:463:  >>> Running trigger-install scriptlet: redhat-rpm-config-0:293-1.fc41.noarch
DEBUG util.py:463:  >>> Stop trigger-install scriptlet: redhat-rpm-config-0:293-1.fc41.noarch
DEBUG util.py:463:  [54/55] Installing gcc-plugin-annobin-0 100% |   2.3 MiB/s |  58.6 KiB |  00m00s
DEBUG util.py:463:  >>> Running trigger-install scriptlet: redhat-rpm-config-0:293-1.fc41.noarch
DEBUG util.py:463:  >>> Stop trigger-install scriptlet: redhat-rpm-config-0:293-1.fc41.noarch
DEBUG util.py:461:  warning: posix.fork(): .fork(), .exec(), .wait() and .redirect2null() are deprecated, use rpm.execute() instead
DEBUG util.py:461:  warning: posix.wait(): .fork(), .exec(), .wait() and .redirect2null() are deprecated, use rpm.execute() instead
DEBUG util.py:461:  warning: posix.exec(): .fork(), .exec(), .wait() and .redirect2null() are deprecated, use rpm.execute() instead
DEBUG util.py:463:  [55/55] Installing flexiblas-devel-0:3. 100% |   1.2 MiB/s |   4.7 MiB |  00m04s
DEBUG util.py:463:  >>> Running trigger-install scriptlet: glibc-common-0:2.39.9000-26.fc41.x86_64
DEBUG util.py:463:  >>> Stop trigger-install scriptlet: glibc-common-0:2.39.9000-26.fc41.x86_64
DEBUG util.py:463:  >>> Running trigger-install scriptlet: info-0:7.1-2.fc40.x86_64
DEBUG util.py:463:  >>> Stop trigger-install scriptlet: info-0:7.1-2.fc40.x86_64
DEBUG util.py:461:  Warning: skipped PGP checks for 53 packages from repository: build
DEBUG util.py:610:  Child return code was: 0
DEBUG util.py:185:  kill orphans in chroot /var/lib/mock/f41-build-51933390-6217774/root
DEBUG util.py:185:  kill orphans in chroot /var/lib/mock/f41-build-51933390-6217774-bootstrap/root/var/lib/mock/f41-build-51933390-6217774/root
DEBUG util.py:636:  child environment: None
DEBUG util.py:558:  Executing command: ['/bin/umount', '-n', '-l', '/var/lib/mock/f41-build-51933390-6217774-bootstrap/root/var/lib/mock/f41-build-51933390-6217774/root'] with env {'TERM': 'vt100', 'SHELL': '/bin/sh', 'HOME': '/builddir', 'HOSTNAME': 'mock', 'PATH': '/usr/bin:/bin:/usr/sbin:/sbin', 'LANG': 'C.UTF-8'} and shell False
DEBUG util.py:610:  Child return code was: 0
DEBUG util.py:636:  child environment: None
DEBUG util.py:558:  Executing command: ['/bin/umount', '-n', '-l', '/var/lib/mock/f41-build-51933390-6217774-bootstrap/root/var/lib/mock/f41-build-51933390-6217774/root'] with env {'TERM': 'vt100', 'SHELL': '/bin/sh', 'HOME': '/builddir', 'HOSTNAME': 'mock', 'PATH': '/usr/bin:/bin:/usr/sbin:/sbin', 'LANG': 'C.UTF-8'} and shell False
DEBUG util.py:610:  Child return code was: 0
DEBUG util.py:636:  child environment: None
DEBUG util.py:558:  Executing command: ['/bin/umount', '-n', '-l', '/var/lib/mock/f41-build-51933390-6217774/root/sys/fs/selinux'] with env {'TERM': 'vt100', 'SHELL': '/bin/sh', 'HOME': '/builddir', 'HOSTNAME': 'mock', 'PATH': '/usr/bin:/bin:/usr/sbin:/sbin', 'LANG': 'C.UTF-8'} and shell False
DEBUG util.py:610:  Child return code was: 0
DEBUG util.py:636:  child environment: None
DEBUG util.py:558:  Executing command: ['/bin/umount', '-n', '/var/lib/mock/f41-build-51933390-6217774/root/proc/filesystems'] with env {'TERM': 'vt100', 'SHELL': '/bin/sh', 'HOME': '/builddir', 'HOSTNAME': 'mock', 'PATH': '/usr/bin:/bin:/usr/sbin:/sbin', 'LANG': 'C.UTF-8'} and shell False
DEBUG util.py:610:  Child return code was: 0
DEBUG util.py:636:  child environment: None
DEBUG util.py:558:  Executing command: ['/bin/umount', '-n', '-l', '/var/lib/mock/f41-build-51933390-6217774/root/dev/pts'] with env {'TERM': 'vt100', 'SHELL': '/bin/sh', 'HOME': '/builddir', 'HOSTNAME': 'mock', 'PATH': '/usr/bin:/bin:/usr/sbin:/sbin', 'LANG': 'C.UTF-8'} and shell False
DEBUG util.py:610:  Child return code was: 0
DEBUG util.py:636:  child environment: None
DEBUG util.py:558:  Executing command: ['/bin/umount', '-n', '-l', '/var/lib/mock/f41-build-51933390-6217774/root/dev/shm'] with env {'TERM': 'vt100', 'SHELL': '/bin/sh', 'HOME': '/builddir', 'HOSTNAME': 'mock', 'PATH': '/usr/bin:/bin:/usr/sbin:/sbin', 'LANG': 'C.UTF-8'} and shell False
DEBUG util.py:610:  Child return code was: 0
DEBUG util.py:636:  child environment: None
DEBUG util.py:558:  Executing command: ['/bin/umount', '-n', '-l', '/var/lib/mock/f41-build-51933390-6217774/root/sys'] with env {'TERM': 'vt100', 'SHELL': '/bin/sh', 'HOME': '/builddir', 'HOSTNAME': 'mock', 'PATH': '/usr/bin:/bin:/usr/sbin:/sbin', 'LANG': 'C.UTF-8'} and shell False
DEBUG util.py:610:  Child return code was: 0
DEBUG util.py:636:  child environment: None
DEBUG util.py:558:  Executing command: ['/bin/umount', '-n', '-l', '/var/lib/mock/f41-build-51933390-6217774/root/sys'] with env {'TERM': 'vt100', 'SHELL': '/bin/sh', 'HOME': '/builddir', 'HOSTNAME': 'mock', 'PATH': '/usr/bin:/bin:/usr/sbin:/sbin', 'LANG': 'C.UTF-8'} and shell False
DEBUG util.py:610:  Child return code was: 0
DEBUG util.py:636:  child environment: None
DEBUG util.py:558:  Executing command: ['/bin/umount', '-n', '-l', '/var/lib/mock/f41-build-51933390-6217774/root/proc'] with env {'TERM': 'vt100', 'SHELL': '/bin/sh', 'HOME': '/builddir', 'HOSTNAME': 'mock', 'PATH': '/usr/bin:/bin:/usr/sbin:/sbin', 'LANG': 'C.UTF-8'} and shell False
DEBUG util.py:610:  Child return code was: 0
DEBUG util.py:636:  child environment: None
DEBUG util.py:558:  Executing command: ['/bin/umount', '-n', '-l', '/var/lib/mock/f41-build-51933390-6217774/root/proc'] with env {'TERM': 'vt100', 'SHELL': '/bin/sh', 'HOME': '/builddir', 'HOSTNAME': 'mock', 'PATH': '/usr/bin:/bin:/usr/sbin:/sbin', 'LANG': 'C.UTF-8'} and shell False
DEBUG util.py:610:  Child return code was: 0
DEBUG file_util.py:18:  ensuring that dir exists: /var/lib/mock/f41-build-51933390-6217774-bootstrap/root/var/lib/mock/f41-build-51933390-6217774/root
DEBUG util.py:636:  child environment: None
DEBUG util.py:558:  Executing command: ['/bin/mount', '-n', '-t', 'tmpfs', '-o', 'private,mode=0755', 'tmpfs', '/var/lib/mock/f41-build-51933390-6217774-bootstrap/root/var/lib/mock/f41-build-51933390-6217774/root'] with env {'TERM': 'vt100', 'SHELL': '/bin/sh', 'HOME': '/builddir', 'HOSTNAME': 'mock', 'PATH': '/usr/bin:/bin:/usr/sbin:/sbin', 'LANG': 'C.UTF-8'} and shell False
DEBUG util.py:610:  Child return code was: 0
DEBUG file_util.py:18:  ensuring that dir exists: /var/lib/mock/f41-build-51933390-6217774-bootstrap/root/var/lib/mock/f41-build-51933390-6217774/root
DEBUG util.py:636:  child environment: None
DEBUG util.py:558:  Executing command: ['/bin/mount', '-n', '-o', 'rbind', '/var/lib/mock/f41-build-51933390-6217774/root', '/var/lib/mock/f41-build-51933390-6217774-bootstrap/root/var/lib/mock/f41-build-51933390-6217774/root'] with env {'TERM': 'vt100', 'SHELL': '/bin/sh', 'HOME': '/builddir', 'HOSTNAME': 'mock', 'PATH': '/usr/bin:/bin:/usr/sbin:/sbin', 'LANG': 'C.UTF-8'} and shell False
DEBUG util.py:610:  Child return code was: 0
DEBUG util.py:636:  child environment: None
DEBUG util.py:558:  Executing command: ['/bin/mount', '-n', '-o', 'remount,private,rbind', '--target', '/var/lib/mock/f41-build-51933390-6217774-bootstrap/root/var/lib/mock/f41-build-51933390-6217774/root'] with env {'TERM': 'vt100', 'SHELL': '/bin/sh', 'HOME': '/builddir', 'HOSTNAME': 'mock', 'PATH': '/usr/bin:/bin:/usr/sbin:/sbin', 'LANG': 'C.UTF-8'} and shell False
DEBUG util.py:610:  Child return code was: 0
DEBUG util.py:636:  child environment: None
DEBUG util.py:553:  Using nspawn with args None
DEBUG util.py:558:  Executing command: ['/usr/bin/systemd-nspawn', '-q', '-M', '3532416c885f4a5ca8b5923620cfa408', '-D', '/var/lib/mock/f41-build-51933390-6217774-bootstrap/root', '-a', '--console=pipe', '--setenv=TERM=vt100', '--setenv=SHELL=/bin/bash', '--setenv=HOME=/builddir', '--setenv=HOSTNAME=mock', '--setenv=PATH=/usr/bin:/bin:/usr/sbin:/sbin', '--setenv=PROMPT_COMMAND=printf "\\033]0;<mock-chroot>\\007"', '--setenv=PS1=<mock-chroot> \\s-\\v\\$ ', '--setenv=LANG=C.UTF-8', '--resolv-conf=off', '/bin/rpm', '-qa', '--root', '/var/lib/mock/f41-build-51933390-6217774/root'] with env {'TERM': 'vt100', 'SHELL': '/bin/bash', 'HOME': '/builddir', 'HOSTNAME': 'mock', 'PATH': '/usr/bin:/bin:/usr/sbin:/sbin', 'PROMPT_COMMAND': 'printf "\\033]0;<mock-chroot>\\007"', 'PS1': '<mock-chroot> \\s-\\v\\$ ', 'LANG': 'C.UTF-8', 'SYSTEMD_NSPAWN_TMPFS_TMP': '0', 'SYSTEMD_SECCOMP': '0'} and shell False
DEBUG util.py:463:  libgcc-14.1.1-6.fc41.x86_64
DEBUG util.py:463:  crypto-policies-20240628-1.gitddd11d3.fc41.noarch
DEBUG util.py:463:  libssh-config-0.10.6-6.fc41.noarch
DEBUG util.py:463:  publicsuffix-list-dafsa-20240107-3.fc40.noarch
DEBUG util.py:463:  fedora-release-identity-basic-41-0.14.noarch
DEBUG util.py:463:  fedora-gpg-keys-41-0.2.noarch
DEBUG util.py:463:  fedora-repos-rawhide-41-0.2.noarch
DEBUG util.py:463:  fedora-repos-41-0.2.noarch
DEBUG util.py:463:  fedora-release-common-41-0.14.noarch
DEBUG util.py:463:  fedora-release-41-0.14.noarch
DEBUG util.py:463:  setup-2.15.0-4.fc41.noarch
DEBUG util.py:463:  filesystem-3.18-9.fc41.x86_64
DEBUG util.py:463:  basesystem-11-20.fc40.noarch
DEBUG util.py:463:  pkgconf-m4-2.1.1-1.fc41.noarch
DEBUG util.py:463:  pcre2-syntax-10.44-1.fc41.noarch
DEBUG util.py:463:  ncurses-base-6.4-12.20240127.fc40.noarch
DEBUG util.py:463:  glibc-minimal-langpack-2.39.9000-26.fc41.x86_64
DEBUG util.py:463:  ncurses-libs-6.4-12.20240127.fc40.x86_64
DEBUG util.py:463:  glibc-2.39.9000-26.fc41.x86_64
DEBUG util.py:463:  bash-5.2.26-3.fc40.x86_64
DEBUG util.py:463:  glibc-common-2.39.9000-26.fc41.x86_64
DEBUG util.py:463:  glibc-gconv-extra-2.39.9000-26.fc41.x86_64
DEBUG util.py:463:  zlib-ng-compat-2.1.7-1.fc41.x86_64
DEBUG util.py:463:  bzip2-libs-1.0.8-18.fc40.x86_64
DEBUG util.py:463:  xz-libs-5.6.2-1.fc41.x86_64
DEBUG util.py:463:  readline-8.2-8.fc40.x86_64
DEBUG util.py:463:  popt-1.19-6.fc40.x86_64
DEBUG util.py:463:  libuuid-2.40.1-2.fc41.x86_64
DEBUG util.py:463:  libblkid-2.40.1-2.fc41.x86_64
DEBUG util.py:463:  libattr-2.5.2-3.fc40.x86_64
DEBUG util.py:463:  libacl-2.3.2-1.fc40.x86_64
DEBUG util.py:463:  libxcrypt-4.4.36-5.fc40.x86_64
DEBUG util.py:463:  libstdc++-14.1.1-6.fc41.x86_64
DEBUG util.py:463:  libzstd-1.5.6-1.fc41.x86_64
DEBUG util.py:463:  elfutils-libelf-0.191-7.fc41.x86_64
DEBUG util.py:463:  gmp-6.3.0-1.fc41.x86_64
DEBUG util.py:463:  libeconf-0.6.2-2.fc41.x86_64
DEBUG util.py:463:  gdbm-libs-1.23-6.fc40.x86_64
DEBUG util.py:463:  mpfr-4.2.1-4.fc41.x86_64
DEBUG util.py:463:  gawk-5.3.0-3.fc40.x86_64
DEBUG util.py:463:  dwz-0.15-6.fc40.x86_64
DEBUG util.py:463:  unzip-6.0-63.fc40.x86_64
DEBUG util.py:463:  file-libs-5.45-6.fc41.x86_64
DEBUG util.py:463:  file-5.45-6.fc41.x86_64
DEBUG util.py:463:  pcre2-10.44-1.fc41.x86_64
DEBUG util.py:463:  grep-3.11-8.fc41.x86_64
DEBUG util.py:463:  xz-5.6.2-1.fc41.x86_64
DEBUG util.py:463:  libcap-ng-0.8.5-2.fc41.x86_64
DEBUG util.py:463:  audit-libs-4.0.1-3.fc41.x86_64
DEBUG util.py:463:  pam-libs-1.6.1-3.fc41.x86_64
DEBUG util.py:463:  libcap-2.70-2.fc41.x86_64
DEBUG util.py:463:  systemd-libs-256.1-3.fc41.x86_64
DEBUG util.py:463:  libsmartcols-2.40.1-2.fc41.x86_64
DEBUG util.py:463:  libsepol-3.6-3.fc40.x86_64
DEBUG util.py:463:  libselinux-3.6-6.fc41.x86_64
DEBUG util.py:463:  sed-4.9-1.fc40.x86_64
DEBUG util.py:463:  findutils-4.10.0-2.fc41.x86_64
DEBUG util.py:463:  libmount-2.40.1-2.fc41.x86_64
DEBUG util.py:463:  alternatives-1.28-1.fc41.x86_64
DEBUG util.py:463:  lz4-libs-1.9.4-6.fc40.x86_64
DEBUG util.py:463:  lua-libs-5.4.6-5.fc40.x86_64
DEBUG util.py:463:  libcom_err-1.47.1-1.fc41.x86_64
DEBUG util.py:463:  libtasn1-4.19.0-6.fc40.x86_64
DEBUG util.py:463:  libunistring-1.1-7.fc41.x86_64
DEBUG util.py:463:  libidn2-2.3.7-1.fc40.x86_64
DEBUG util.py:463:  libpsl-0.21.5-3.fc40.x86_64
DEBUG util.py:463:  zstd-1.5.6-1.fc41.x86_64
DEBUG util.py:463:  util-linux-core-2.40.1-2.fc41.x86_64
DEBUG util.py:463:  tar-1.35-3.fc40.x86_64
DEBUG util.py:463:  libsemanage-3.6-4.fc41.x86_64
DEBUG util.py:463:  shadow-utils-4.15.1-5.fc41.x86_64
DEBUG util.py:463:  libutempter-1.2.1-13.fc40.x86_64
DEBUG util.py:463:  zip-3.0-40.fc40.x86_64
DEBUG util.py:463:  gdbm-1.23-6.fc40.x86_64
DEBUG util.py:463:  cyrus-sasl-lib-2.1.28-24.fc41.x86_64
DEBUG util.py:463:  libfdisk-2.40.1-2.fc41.x86_64
DEBUG util.py:463:  libxml2-2.12.8-1.fc41.x86_64
DEBUG util.py:463:  bzip2-1.0.8-18.fc40.x86_64
DEBUG util.py:463:  add-determinism-0.3.2-1.fc41.x86_64
DEBUG util.py:463:  build-reproducibility-srpm-macros-0.3.2-1.fc41.noarch
DEBUG util.py:463:  sqlite-libs-3.46.0-2.fc41.x86_64
DEBUG util.py:463:  ed-1.20.2-1.fc41.x86_64
DEBUG util.py:463:  patch-2.7.6-24.fc40.x86_64
DEBUG util.py:463:  elfutils-default-yama-scope-0.191-7.fc41.noarch
DEBUG util.py:463:  elfutils-libs-0.191-7.fc41.x86_64
DEBUG util.py:463:  cpio-2.15-1.fc40.x86_64
DEBUG util.py:463:  diffutils-3.10-5.fc40.x86_64
DEBUG util.py:463:  jansson-2.13.1-9.fc40.x86_64
DEBUG util.py:463:  libgomp-14.1.1-6.fc41.x86_64
DEBUG util.py:463:  libpkgconf-2.1.1-1.fc41.x86_64
DEBUG util.py:463:  pkgconf-2.1.1-1.fc41.x86_64
DEBUG util.py:463:  pkgconf-pkg-config-2.1.1-1.fc41.x86_64
DEBUG util.py:463:  libffi-3.4.6-1.fc41.x86_64
DEBUG util.py:463:  p11-kit-0.25.3-4.fc40.x86_64
DEBUG util.py:463:  p11-kit-trust-0.25.3-4.fc40.x86_64
DEBUG util.py:463:  keyutils-libs-1.6.3-3.fc40.x86_64
DEBUG util.py:463:  libverto-0.3.2-8.fc40.x86_64
DEBUG util.py:463:  xxhash-libs-0.8.2-2.fc40.x86_64
DEBUG util.py:463:  libbrotli-1.1.0-4.fc41.x86_64
DEBUG util.py:463:  libnghttp2-1.62.1-1.fc41.x86_64
DEBUG util.py:463:  libtool-ltdl-2.4.7-11.fc41.x86_64
DEBUG util.py:463:  rust-srpm-macros-26.3-1.fc41.noarch
DEBUG util.py:463:  qt6-srpm-macros-6.7.1-1.fc41.noarch
DEBUG util.py:463:  qt5-srpm-macros-5.15.14-1.fc41.noarch
DEBUG util.py:463:  perl-srpm-macros-1-55.fc41.noarch
DEBUG util.py:463:  package-notes-srpm-macros-0.5-11.fc40.noarch
DEBUG util.py:463:  openblas-srpm-macros-2-17.fc41.noarch
DEBUG util.py:463:  ocaml-srpm-macros-10-2.fc41.noarch
DEBUG util.py:463:  kernel-srpm-macros-1.0-23.fc41.noarch
DEBUG util.py:463:  gnat-srpm-macros-6-5.fc40.noarch
DEBUG util.py:463:  ghc-srpm-macros-1.9.1-1.fc41.noarch
DEBUG util.py:463:  fpc-srpm-macros-1.3-12.fc40.noarch
DEBUG util.py:463:  ansible-srpm-macros-1-15.fc41.noarch
DEBUG util.py:463:  coreutils-common-9.5-2.fc41.x86_64
DEBUG util.py:463:  openssl-libs-3.2.2-2.fc41.x86_64
DEBUG util.py:463:  coreutils-9.5-2.fc41.x86_64
DEBUG util.py:463:  ca-certificates-2024.2.68_v8.0.302-2.fc41.noarch
DEBUG util.py:463:  krb5-libs-1.21.2-5.fc40.x86_64
DEBUG util.py:463:  libarchive-3.7.4-1.fc41.x86_64
DEBUG util.py:463:  libtirpc-1.3.4-1.rc3.fc41.x86_64
DEBUG util.py:463:  gzip-1.13-1.fc40.x86_64
DEBUG util.py:463:  authselect-libs-1.5.0-5.fc41.x86_64
DEBUG util.py:463:  authselect-1.5.0-5.fc41.x86_64
DEBUG util.py:463:  cracklib-2.9.11-5.fc40.x86_64
DEBUG util.py:463:  libpwquality-1.4.5-10.fc41.x86_64
DEBUG util.py:463:  libnsl2-2.0.1-1.fc40.x86_64
DEBUG util.py:463:  pam-1.6.1-3.fc41.x86_64
DEBUG util.py:463:  libssh-0.10.6-6.fc41.x86_64
DEBUG util.py:463:  rpm-sequoia-1.6.0-3.fc41.x86_64
DEBUG util.py:463:  rpm-libs-4.19.92-1.fc41.x86_64
DEBUG util.py:463:  rpm-build-libs-4.19.92-1.fc41.x86_64
DEBUG util.py:463:  libevent-2.1.12-13.fc41.x86_64
DEBUG util.py:463:  openldap-2.6.8-3.fc41.x86_64
DEBUG util.py:463:  libcurl-8.8.0-1.fc41.x86_64
DEBUG util.py:463:  elfutils-debuginfod-client-0.191-7.fc41.x86_64
DEBUG util.py:463:  binutils-2.42.50-14.fc41.x86_64
DEBUG util.py:463:  elfutils-0.191-7.fc41.x86_64
DEBUG util.py:463:  gdb-minimal-14.2-13.fc41.x86_64
DEBUG util.py:463:  debugedit-5.0-16.fc41.x86_64
DEBUG util.py:463:  curl-8.8.0-1.fc41.x86_64
DEBUG util.py:463:  rpm-4.19.92-1.fc41.x86_64
DEBUG util.py:463:  efi-srpm-macros-5-11.fc40.noarch
DEBUG util.py:463:  lua-srpm-macros-1-13.fc40.noarch
DEBUG util.py:463:  zig-srpm-macros-1-2.fc40.noarch
DEBUG util.py:463:  fonts-srpm-macros-2.0.5-16.fc41.noarch
DEBUG util.py:463:  forge-srpm-macros-0.3.1-1.fc41.noarch
DEBUG util.py:463:  go-srpm-macros-3.6.0-1.fc41.noarch
DEBUG util.py:463:  python-srpm-macros-3.13-2.fc41.noarch
DEBUG util.py:463:  redhat-rpm-config-293-1.fc41.noarch
DEBUG util.py:463:  rpm-build-4.19.92-1.fc41.x86_64
DEBUG util.py:463:  pyproject-srpm-macros-1.12.2-1.fc41.noarch
DEBUG util.py:463:  util-linux-2.40.1-2.fc41.x86_64
DEBUG util.py:463:  which-2.21-41.fc40.x86_64
DEBUG util.py:463:  info-7.1-2.fc40.x86_64
DEBUG util.py:463:  libgfortran-14.1.1-6.fc41.x86_64
DEBUG util.py:463:  libquadmath-14.1.1-6.fc41.x86_64
DEBUG util.py:463:  libmpc-1.3.1-5.fc40.x86_64
DEBUG util.py:463:  python-rpm-macros-3.13-2.fc41.noarch
DEBUG util.py:463:  cmake-filesystem-3.28.3-6.fc41.x86_64
DEBUG util.py:463:  python3-rpm-macros-3.13-2.fc41.noarch
DEBUG util.py:463:  openblas-0.3.26-4.fc40.x86_64
DEBUG util.py:463:  expat-2.6.2-1.fc41.x86_64
DEBUG util.py:463:  openblas-openmp-0.3.26-4.fc40.x86_64
DEBUG util.py:463:  flexiblas-netlib-3.4.4-1.fc41.x86_64
DEBUG util.py:463:  flexiblas-3.4.4-1.fc41.x86_64
DEBUG util.py:463:  flexiblas-openblas-openmp-3.4.4-1.fc41.x86_64
DEBUG util.py:463:  openblas-openmp64-0.3.26-4.fc40.x86_64
DEBUG util.py:463:  flexiblas-netlib64-3.4.4-1.fc41.x86_64
DEBUG util.py:463:  flexiblas-openblas-openmp64-3.4.4-1.fc41.x86_64
DEBUG util.py:463:  pyproject-rpm-macros-1.12.2-1.fc41.noarch
DEBUG util.py:463:  cpp-14.1.1-6.fc41.x86_64
DEBUG util.py:463:  annobin-docs-12.59-1.fc41.noarch
DEBUG util.py:463:  gc-8.2.2-6.fc40.x86_64
DEBUG util.py:463:  guile30-3.0.9-1.fc41.x86_64
DEBUG util.py:463:  make-4.4.1-6.fc40.x86_64
DEBUG util.py:463:  vim-filesystem-9.1.452-1.fc41.noarch
DEBUG util.py:463:  emacs-filesystem-30.0-2.fc41.noarch
DEBUG util.py:463:  kernel-headers-6.10.0-0.rc5.43.fc41.x86_64
DEBUG util.py:463:  glibc-headers-x86-2.39.9000-26.fc41.noarch
DEBUG util.py:463:  libxcrypt-devel-4.4.36-5.fc40.x86_64
DEBUG util.py:463:  glibc-devel-2.39.9000-26.fc41.x86_64
DEBUG util.py:463:  gcc-14.1.1-6.fc41.x86_64
DEBUG util.py:463:  libquadmath-devel-14.1.1-6.fc41.x86_64
DEBUG util.py:463:  tzdata-2024a-8.fc41.noarch
DEBUG util.py:463:  python-pip-wheel-24.1.1-1.fc41.noarch
DEBUG util.py:463:  mpdecimal-2.5.1-9.fc40.x86_64
DEBUG util.py:463:  libb2-0.98.1-11.fc40.x86_64
DEBUG util.py:463:  python3-libs-3.13.0~b3-1.fc41.x86_64
DEBUG util.py:463:  python3-3.13.0~b3-1.fc41.x86_64
DEBUG util.py:463:  cmake-rpm-macros-3.28.3-6.fc41.noarch
DEBUG util.py:463:  python3-numpy-1.26.4-7.fc41.x86_64
DEBUG util.py:463:  python3-packaging-24.1-1.fc41.noarch
DEBUG util.py:463:  python3-rpm-generators-14-10.fc40.noarch
DEBUG util.py:463:  python3-devel-3.13.0~b3-1.fc41.x86_64
DEBUG util.py:463:  rhash-1.4.4-1.fc41.x86_64
DEBUG util.py:463:  libuv-1.48.0-1.fc40.x86_64
DEBUG util.py:463:  jsoncpp-1.9.5-7.fc40.x86_64
DEBUG util.py:463:  cmake-data-3.28.3-6.fc41.noarch
DEBUG util.py:463:  cmake-3.28.3-6.fc41.x86_64
DEBUG util.py:463:  libstdc++-devel-14.1.1-6.fc41.x86_64
DEBUG util.py:463:  gcc-c++-14.1.1-6.fc41.x86_64
DEBUG util.py:463:  pybind11-devel-2.12.0-2.fc41.x86_64
DEBUG util.py:463:  python3-numpy-f2py-1.26.4-7.fc41.x86_64
DEBUG util.py:463:  gcc-gfortran-14.1.1-6.fc41.x86_64
DEBUG util.py:463:  annobin-plugin-gcc-12.59-1.fc41.x86_64
DEBUG util.py:463:  gcc-plugin-annobin-14.1.1-6.fc41.x86_64
DEBUG util.py:463:  flexiblas-devel-3.4.4-1.fc41.x86_64
DEBUG util.py:610:  Child return code was: 0
DEBUG util.py:185:  kill orphans in chroot /var/lib/mock/f41-build-51933390-6217774/root
DEBUG util.py:185:  kill orphans in chroot /var/lib/mock/f41-build-51933390-6217774-bootstrap/root/var/lib/mock/f41-build-51933390-6217774/root
DEBUG util.py:636:  child environment: None
DEBUG util.py:558:  Executing command: ['/bin/umount', '-n', '-l', '/var/lib/mock/f41-build-51933390-6217774-bootstrap/root/var/lib/mock/f41-build-51933390-6217774/root'] with env {'TERM': 'vt100', 'SHELL': '/bin/sh', 'HOME': '/builddir', 'HOSTNAME': 'mock', 'PATH': '/usr/bin:/bin:/usr/sbin:/sbin', 'LANG': 'C.UTF-8'} and shell False
DEBUG util.py:610:  Child return code was: 0
DEBUG util.py:636:  child environment: None
DEBUG util.py:558:  Executing command: ['/bin/umount', '-n', '-l', '/var/lib/mock/f41-build-51933390-6217774-bootstrap/root/var/lib/mock/f41-build-51933390-6217774/root'] with env {'TERM': 'vt100', 'SHELL': '/bin/sh', 'HOME': '/builddir', 'HOSTNAME': 'mock', 'PATH': '/usr/bin:/bin:/usr/sbin:/sbin', 'LANG': 'C.UTF-8'} and shell False
DEBUG util.py:610:  Child return code was: 0
DEBUG util.py:636:  child environment: None
INFO backend.py:777:  Going to install missing dynamic buildrequires
DEBUG file_util.py:18:  ensuring that dir exists: /var/lib/mock/f41-build-51933390-6217774/root/proc
DEBUG util.py:636:  child environment: None
DEBUG util.py:558:  Executing command: ['/bin/mount', '-n', '-t', 'tmpfs', '-o', 'rprivate,mode=0755', 'tmpfs', '/var/lib/mock/f41-build-51933390-6217774/root/proc'] with env {'TERM': 'vt100', 'SHELL': '/bin/sh', 'HOME': '/builddir', 'HOSTNAME': 'mock', 'PATH': '/usr/bin:/bin:/usr/sbin:/sbin', 'LANG': 'C.UTF-8'} and shell False
DEBUG util.py:610:  Child return code was: 0
DEBUG file_util.py:18:  ensuring that dir exists: /var/lib/mock/f41-build-51933390-6217774/root/proc
DEBUG util.py:636:  child environment: None
DEBUG util.py:558:  Executing command: ['/bin/mount', '-n', '-o', 'rbind', '/proc', '/var/lib/mock/f41-build-51933390-6217774/root/proc'] with env {'TERM': 'vt100', 'SHELL': '/bin/sh', 'HOME': '/builddir', 'HOSTNAME': 'mock', 'PATH': '/usr/bin:/bin:/usr/sbin:/sbin', 'LANG': 'C.UTF-8'} and shell False
DEBUG util.py:610:  Child return code was: 0
DEBUG util.py:636:  child environment: None
DEBUG util.py:558:  Executing command: ['/bin/mount', '-n', '-o', 'remount,nodev,noexec,nosuid,readonly,rprivate,rbind', '--target', '/var/lib/mock/f41-build-51933390-6217774/root/proc'] with env {'TERM': 'vt100', 'SHELL': '/bin/sh', 'HOME': '/builddir', 'HOSTNAME': 'mock', 'PATH': '/usr/bin:/bin:/usr/sbin:/sbin', 'LANG': 'C.UTF-8'} and shell False
DEBUG util.py:610:  Child return code was: 0
DEBUG file_util.py:18:  ensuring that dir exists: /var/lib/mock/f41-build-51933390-6217774/root/sys
DEBUG util.py:636:  child environment: None
DEBUG util.py:558:  Executing command: ['/bin/mount', '-n', '-t', 'tmpfs', '-o', 'rprivate,mode=0755', 'tmpfs', '/var/lib/mock/f41-build-51933390-6217774/root/sys'] with env {'TERM': 'vt100', 'SHELL': '/bin/sh', 'HOME': '/builddir', 'HOSTNAME': 'mock', 'PATH': '/usr/bin:/bin:/usr/sbin:/sbin', 'LANG': 'C.UTF-8'} and shell False
DEBUG util.py:610:  Child return code was: 0
DEBUG file_util.py:18:  ensuring that dir exists: /var/lib/mock/f41-build-51933390-6217774/root/sys
DEBUG util.py:636:  child environment: None
DEBUG util.py:558:  Executing command: ['/bin/mount', '-n', '-o', 'rbind', '/sys', '/var/lib/mock/f41-build-51933390-6217774/root/sys'] with env {'TERM': 'vt100', 'SHELL': '/bin/sh', 'HOME': '/builddir', 'HOSTNAME': 'mock', 'PATH': '/usr/bin:/bin:/usr/sbin:/sbin', 'LANG': 'C.UTF-8'} and shell False
DEBUG util.py:610:  Child return code was: 0
DEBUG util.py:636:  child environment: None
DEBUG util.py:558:  Executing command: ['/bin/mount', '-n', '-o', 'remount,nodev,noexec,nosuid,readonly,rprivate,rbind', '--target', '/var/lib/mock/f41-build-51933390-6217774/root/sys'] with env {'TERM': 'vt100', 'SHELL': '/bin/sh', 'HOME': '/builddir', 'HOSTNAME': 'mock', 'PATH': '/usr/bin:/bin:/usr/sbin:/sbin', 'LANG': 'C.UTF-8'} and shell False
DEBUG util.py:610:  Child return code was: 0
DEBUG file_util.py:18:  ensuring that dir exists: /var/lib/mock/f41-build-51933390-6217774/root/dev/shm
DEBUG util.py:636:  child environment: None
DEBUG util.py:558:  Executing command: ['/bin/mount', '-n', '-t', 'tmpfs', 'tmpfs', '/var/lib/mock/f41-build-51933390-6217774/root/dev/shm'] with env {'TERM': 'vt100', 'SHELL': '/bin/sh', 'HOME': '/builddir', 'HOSTNAME': 'mock', 'PATH': '/usr/bin:/bin:/usr/sbin:/sbin', 'LANG': 'C.UTF-8'} and shell False
DEBUG util.py:610:  Child return code was: 0
DEBUG file_util.py:18:  ensuring that dir exists: /var/lib/mock/f41-build-51933390-6217774/root/dev/pts
DEBUG util.py:636:  child environment: None
DEBUG util.py:558:  Executing command: ['/bin/mount', '-n', '-t', 'devpts', '-o', 'gid=5,mode=0620,ptmxmode=0666,newinstance', 'devpts', '/var/lib/mock/f41-build-51933390-6217774/root/dev/pts'] with env {'TERM': 'vt100', 'SHELL': '/bin/sh', 'HOME': '/builddir', 'HOSTNAME': 'mock', 'PATH': '/usr/bin:/bin:/usr/sbin:/sbin', 'LANG': 'C.UTF-8'} and shell False
DEBUG util.py:610:  Child return code was: 0
DEBUG util.py:636:  child environment: None
DEBUG util.py:558:  Executing command: ['/bin/mount', '-n', '-o', 'bind', '/tmp/mock-selinux-plugin.w5dtg8k_', '/var/lib/mock/f41-build-51933390-6217774/root/proc/filesystems'] with env {'TERM': 'vt100', 'SHELL': '/bin/sh', 'HOME': '/builddir', 'HOSTNAME': 'mock', 'PATH': '/usr/bin:/bin:/usr/sbin:/sbin', 'LANG': 'C.UTF-8'} and shell False
DEBUG util.py:610:  Child return code was: 0
DEBUG file_util.py:18:  ensuring that dir exists: /var/lib/mock/f41-build-51933390-6217774/root/sys/fs/selinux
DEBUG util.py:636:  child environment: None
DEBUG util.py:558:  Executing command: ['/bin/mount', '-n', '-t', 'tmpfs', 'tmpfs', '/var/lib/mock/f41-build-51933390-6217774/root/sys/fs/selinux'] with env {'TERM': 'vt100', 'SHELL': '/bin/sh', 'HOME': '/builddir', 'HOSTNAME': 'mock', 'PATH': '/usr/bin:/bin:/usr/sbin:/sbin', 'LANG': 'C.UTF-8'} and shell False
DEBUG util.py:610:  Child return code was: 0
DEBUG file_util.py:18:  ensuring that dir exists: /var/lib/mock/f41-build-51933390-6217774-bootstrap/root/var/lib/mock/f41-build-51933390-6217774/root
DEBUG util.py:636:  child environment: None
DEBUG util.py:558:  Executing command: ['/bin/mount', '-n', '-t', 'tmpfs', '-o', 'private,mode=0755', 'tmpfs', '/var/lib/mock/f41-build-51933390-6217774-bootstrap/root/var/lib/mock/f41-build-51933390-6217774/root'] with env {'TERM': 'vt100', 'SHELL': '/bin/sh', 'HOME': '/builddir', 'HOSTNAME': 'mock', 'PATH': '/usr/bin:/bin:/usr/sbin:/sbin', 'LANG': 'C.UTF-8'} and shell False
DEBUG util.py:610:  Child return code was: 0
DEBUG file_util.py:18:  ensuring that dir exists: /var/lib/mock/f41-build-51933390-6217774-bootstrap/root/var/lib/mock/f41-build-51933390-6217774/root
DEBUG util.py:636:  child environment: None
DEBUG util.py:558:  Executing command: ['/bin/mount', '-n', '-o', 'rbind', '/var/lib/mock/f41-build-51933390-6217774/root', '/var/lib/mock/f41-build-51933390-6217774-bootstrap/root/var/lib/mock/f41-build-51933390-6217774/root'] with env {'TERM': 'vt100', 'SHELL': '/bin/sh', 'HOME': '/builddir', 'HOSTNAME': 'mock', 'PATH': '/usr/bin:/bin:/usr/sbin:/sbin', 'LANG': 'C.UTF-8'} and shell False
DEBUG util.py:610:  Child return code was: 0
DEBUG util.py:636:  child environment: None
DEBUG util.py:558:  Executing command: ['/bin/mount', '-n', '-o', 'remount,private,rbind', '--target', '/var/lib/mock/f41-build-51933390-6217774-bootstrap/root/var/lib/mock/f41-build-51933390-6217774/root'] with env {'TERM': 'vt100', 'SHELL': '/bin/sh', 'HOME': '/builddir', 'HOSTNAME': 'mock', 'PATH': '/usr/bin:/bin:/usr/sbin:/sbin', 'LANG': 'C.UTF-8'} and shell False
DEBUG util.py:610:  Child return code was: 0
DEBUG file_util.py:18:  ensuring that dir exists: /var/lib/mock/f41-build-51933390-6217774/root/installation-homedir
DEBUG package_manager.py:289:  ['/usr/bin/dnf5', 'builddep', '--installroot', '/var/lib/mock/f41-build-51933390-6217774/root/', '/var/lib/mock/f41-build-51933390-6217774/root/builddir/build/SRPMS/scipy-1.14.0-1.fc41.buildreqs.nosrc.rpm', '--setopt=deltarpm=False', '--setopt=allow_vendor_change=yes', '--allowerasing']
DEBUG util.py:636:  child environment: None
DEBUG util.py:553:  Using nspawn with args ['--capability=cap_ipc_lock', '--bind=/tmp/mock-resolv.2_tdunre:/etc/resolv.conf']
DEBUG util.py:558:  Executing command: ['/usr/bin/systemd-nspawn', '-q', '-M', '259e19ee78c249ed9f496f102956e8ee', '-D', '/var/lib/mock/f41-build-51933390-6217774-bootstrap/root', '-a', '--capability=cap_ipc_lock', '--bind=/tmp/mock-resolv.2_tdunre:/etc/resolv.conf', '--console=pipe', '--setenv=TERM=vt100', '--setenv=SHELL=/bin/bash', '--setenv=HOME=/var/lib/mock/f41-build-51933390-6217774/root/installation-homedir', '--setenv=HOSTNAME=mock', '--setenv=PATH=/usr/bin:/bin:/usr/sbin:/sbin', '--setenv=PROMPT_COMMAND=printf "\\033]0;<mock-chroot>\\007"', '--setenv=PS1=<mock-chroot> \\s-\\v\\$ ', '--setenv=LANG=C.UTF-8', '--setenv=LC_MESSAGES=C.UTF-8', '--resolv-conf=off', '/usr/bin/dnf5', 'builddep', '--installroot', '/var/lib/mock/f41-build-51933390-6217774/root/', '/var/lib/mock/f41-build-51933390-6217774/root/builddir/build/SRPMS/scipy-1.14.0-1.fc41.buildreqs.nosrc.rpm', '--setopt=deltarpm=False', '--setopt=allow_vendor_change=yes', '--allowerasing', '--setopt=tsflags=nocontexts'] with env {'TERM': 'vt100', 'SHELL': '/bin/bash', 'HOME': '/var/lib/mock/f41-build-51933390-6217774/root/installation-homedir', 'HOSTNAME': 'mock', 'PATH': '/usr/bin:/bin:/usr/sbin:/sbin', 'PROMPT_COMMAND': 'printf "\\033]0;<mock-chroot>\\007"', 'PS1': '<mock-chroot> \\s-\\v\\$ ', 'LANG': 'C.UTF-8', 'LC_MESSAGES': 'C.UTF-8', 'SYSTEMD_NSPAWN_TMPFS_TMP': '0', 'SYSTEMD_SECCOMP': '0'} and shell False
DEBUG util.py:463:  Updating and loading repositories:
DEBUG util.py:463:  Repositories loaded.
DEBUG util.py:461:  Failed to resolve the transaction:
DEBUG util.py:461:  Package "flexiblas-devel-3.4.4-1.fc41.x86_64" is already installed.
DEBUG util.py:461:  Package "gcc-c++-14.1.1-6.fc41.x86_64" is already installed.
DEBUG util.py:461:  Package "gcc-gfortran-14.1.1-6.fc41.x86_64" is already installed.
DEBUG util.py:461:  Package "pybind11-devel-2.12.0-2.fc41.x86_64" is already installed.
DEBUG util.py:461:  Package "pyproject-rpm-macros-1.12.2-1.fc41.noarch" is already installed.
DEBUG util.py:461:  Package "python3-devel-3.13.0~b3-1.fc41.x86_64" is already installed.
DEBUG util.py:461:  Package "python3-numpy-f2py-1:1.26.4-7.fc41.x86_64" is already installed.
DEBUG util.py:461:  No match for argument: python3dist(array-api-strict)
DEBUG util.py:461:  Package "python3-packaging-24.1-1.fc41.noarch" is already installed.
DEBUG util.py:461:  You can try to add to command line:
DEBUG util.py:461:    --skip-unavailable to skip unavailable packages
DEBUG util.py:610:  Child return code was: 1
DEBUG util.py:185:  kill orphans in chroot /var/lib/mock/f41-build-51933390-6217774/root
DEBUG util.py:185:  kill orphans in chroot /var/lib/mock/f41-build-51933390-6217774-bootstrap/root/var/lib/mock/f41-build-51933390-6217774/root
DEBUG util.py:636:  child environment: None
DEBUG util.py:558:  Executing command: ['/bin/umount', '-n', '-l', '/var/lib/mock/f41-build-51933390-6217774-bootstrap/root/var/lib/mock/f41-build-51933390-6217774/root'] with env {'TERM': 'vt100', 'SHELL': '/bin/sh', 'HOME': '/builddir', 'HOSTNAME': 'mock', 'PATH': '/usr/bin:/bin:/usr/sbin:/sbin', 'LANG': 'C.UTF-8'} and shell False
DEBUG util.py:610:  Child return code was: 0
DEBUG util.py:636:  child environment: None
DEBUG util.py:558:  Executing command: ['/bin/umount', '-n', '-l', '/var/lib/mock/f41-build-51933390-6217774-bootstrap/root/var/lib/mock/f41-build-51933390-6217774/root'] with env {'TERM': 'vt100', 'SHELL': '/bin/sh', 'HOME': '/builddir', 'HOSTNAME': 'mock', 'PATH': '/usr/bin:/bin:/usr/sbin:/sbin', 'LANG': 'C.UTF-8'} and shell False
DEBUG util.py:610:  Child return code was: 0
DEBUG util.py:636:  child environment: None
DEBUG util.py:558:  Executing command: ['/bin/umount', '-n', '-l', '/var/lib/mock/f41-build-51933390-6217774/root/sys/fs/selinux'] with env {'TERM': 'vt100', 'SHELL': '/bin/sh', 'HOME': '/builddir', 'HOSTNAME': 'mock', 'PATH': '/usr/bin:/bin:/usr/sbin:/sbin', 'LANG': 'C.UTF-8'} and shell False
DEBUG util.py:610:  Child return code was: 0
DEBUG util.py:636:  child environment: None
DEBUG util.py:558:  Executing command: ['/bin/umount', '-n', '/var/lib/mock/f41-build-51933390-6217774/root/proc/filesystems'] with env {'TERM': 'vt100', 'SHELL': '/bin/sh', 'HOME': '/builddir', 'HOSTNAME': 'mock', 'PATH': '/usr/bin:/bin:/usr/sbin:/sbin', 'LANG': 'C.UTF-8'} and shell False
DEBUG util.py:610:  Child return code was: 0
DEBUG util.py:636:  child environment: None
DEBUG util.py:558:  Executing command: ['/bin/umount', '-n', '-l', '/var/lib/mock/f41-build-51933390-6217774/root/dev/pts'] with env {'TERM': 'vt100', 'SHELL': '/bin/sh', 'HOME': '/builddir', 'HOSTNAME': 'mock', 'PATH': '/usr/bin:/bin:/usr/sbin:/sbin', 'LANG': 'C.UTF-8'} and shell False
DEBUG util.py:610:  Child return code was: 0
DEBUG util.py:636:  child environment: None
DEBUG util.py:558:  Executing command: ['/bin/umount', '-n', '-l', '/var/lib/mock/f41-build-51933390-6217774/root/dev/shm'] with env {'TERM': 'vt100', 'SHELL': '/bin/sh', 'HOME': '/builddir', 'HOSTNAME': 'mock', 'PATH': '/usr/bin:/bin:/usr/sbin:/sbin', 'LANG': 'C.UTF-8'} and shell False
DEBUG util.py:610:  Child return code was: 0
DEBUG util.py:636:  child environment: None
DEBUG util.py:558:  Executing command: ['/bin/umount', '-n', '-l', '/var/lib/mock/f41-build-51933390-6217774/root/sys'] with env {'TERM': 'vt100', 'SHELL': '/bin/sh', 'HOME': '/builddir', 'HOSTNAME': 'mock', 'PATH': '/usr/bin:/bin:/usr/sbin:/sbin', 'LANG': 'C.UTF-8'} and shell False
DEBUG util.py:610:  Child return code was: 0
DEBUG util.py:636:  child environment: None
DEBUG util.py:558:  Executing command: ['/bin/umount', '-n', '-l', '/var/lib/mock/f41-build-51933390-6217774/root/sys'] with env {'TERM': 'vt100', 'SHELL': '/bin/sh', 'HOME': '/builddir', 'HOSTNAME': 'mock', 'PATH': '/usr/bin:/bin:/usr/sbin:/sbin', 'LANG': 'C.UTF-8'} and shell False
DEBUG util.py:610:  Child return code was: 0
DEBUG util.py:636:  child environment: None
DEBUG util.py:558:  Executing command: ['/bin/umount', '-n', '-l', '/var/lib/mock/f41-build-51933390-6217774/root/proc'] with env {'TERM': 'vt100', 'SHELL': '/bin/sh', 'HOME': '/builddir', 'HOSTNAME': 'mock', 'PATH': '/usr/bin:/bin:/usr/sbin:/sbin', 'LANG': 'C.UTF-8'} and shell False
DEBUG util.py:610:  Child return code was: 0
DEBUG util.py:636:  child environment: None
DEBUG util.py:558:  Executing command: ['/bin/umount', '-n', '-l', '/var/lib/mock/f41-build-51933390-6217774/root/proc'] with env {'TERM': 'vt100', 'SHELL': '/bin/sh', 'HOME': '/builddir', 'HOSTNAME': 'mock', 'PATH': '/usr/bin:/bin:/usr/sbin:/sbin', 'LANG': 'C.UTF-8'} and shell False
DEBUG util.py:610:  Child return code was: 0
DEBUG util.py:185:  kill orphans in chroot /var/lib/mock/f41-build-51933390-6217774/root
DEBUG util.py:185:  kill orphans in chroot /var/lib/mock/f41-build-51933390-6217774-bootstrap/root
