INFO buildroot.py:667:  Mock Version: 6.1
DEBUG file_util.py:18:  ensuring that dir exists: /var/lib/mock/f41-build-59817139-6576644/root
DEBUG file_util.py:21:  created dir: /var/lib/mock/f41-build-59817139-6576644/root
DEBUG file_util.py:18:  ensuring that dir exists: /var/lib/mock/f41-build-59817139-6576644-bootstrap
DEBUG file_util.py:21:  created dir: /var/lib/mock/f41-build-59817139-6576644-bootstrap
DEBUG file_util.py:18:  ensuring that dir exists: /var/lib/mock/f41-build-59817139-6576644-bootstrap
DEBUG file_util.py:18:  ensuring that dir exists: /var/lib/mock/f41-build-59817139-6576644-bootstrap/root
DEBUG file_util.py:21:  created dir: /var/lib/mock/f41-build-59817139-6576644-bootstrap/root
DEBUG file_util.py:18:  ensuring that dir exists: /var/lib/mock/f41-build-59817139-6576644-bootstrap/results
DEBUG file_util.py:21:  created dir: /var/lib/mock/f41-build-59817139-6576644-bootstrap/results
INFO buildroot.py:318:  calling preinit hooks
DEBUG buildroot.py:723:  create skeleton dirs
DEBUG file_util.py:18:  ensuring that dir exists: /var/lib/mock/f41-build-59817139-6576644-bootstrap/root/var/lib/rpm
DEBUG file_util.py:21:  created dir: /var/lib/mock/f41-build-59817139-6576644-bootstrap/root/var/lib/rpm
DEBUG file_util.py:18:  ensuring that dir exists: /var/lib/mock/f41-build-59817139-6576644-bootstrap/root/var/lib/yum
DEBUG file_util.py:21:  created dir: /var/lib/mock/f41-build-59817139-6576644-bootstrap/root/var/lib/yum
DEBUG file_util.py:18:  ensuring that dir exists: /var/lib/mock/f41-build-59817139-6576644-bootstrap/root/var/lib/dbus
DEBUG file_util.py:21:  created dir: /var/lib/mock/f41-build-59817139-6576644-bootstrap/root/var/lib/dbus
DEBUG file_util.py:18:  ensuring that dir exists: /var/lib/mock/f41-build-59817139-6576644-bootstrap/root/var/log
DEBUG file_util.py:21:  created dir: /var/lib/mock/f41-build-59817139-6576644-bootstrap/root/var/log
DEBUG file_util.py:18:  ensuring that dir exists: /var/lib/mock/f41-build-59817139-6576644-bootstrap/root/var/cache/dnf
DEBUG file_util.py:21:  created dir: /var/lib/mock/f41-build-59817139-6576644-bootstrap/root/var/cache/dnf
DEBUG file_util.py:18:  ensuring that dir exists: /var/lib/mock/f41-build-59817139-6576644-bootstrap/root/var/cache/yum
DEBUG file_util.py:21:  created dir: /var/lib/mock/f41-build-59817139-6576644-bootstrap/root/var/cache/yum
DEBUG file_util.py:18:  ensuring that dir exists: /var/lib/mock/f41-build-59817139-6576644-bootstrap/root/etc/rpm
DEBUG file_util.py:21:  created dir: /var/lib/mock/f41-build-59817139-6576644-bootstrap/root/etc/rpm
DEBUG file_util.py:18:  ensuring that dir exists: /var/lib/mock/f41-build-59817139-6576644-bootstrap/root/tmp
DEBUG file_util.py:21:  created dir: /var/lib/mock/f41-build-59817139-6576644-bootstrap/root/tmp
DEBUG file_util.py:18:  ensuring that dir exists: /var/lib/mock/f41-build-59817139-6576644-bootstrap/root/tmp/ccache
DEBUG file_util.py:21:  created dir: /var/lib/mock/f41-build-59817139-6576644-bootstrap/root/tmp/ccache
DEBUG file_util.py:18:  ensuring that dir exists: /var/lib/mock/f41-build-59817139-6576644-bootstrap/root/var/tmp
DEBUG file_util.py:21:  created dir: /var/lib/mock/f41-build-59817139-6576644-bootstrap/root/var/tmp
DEBUG file_util.py:18:  ensuring that dir exists: /var/lib/mock/f41-build-59817139-6576644-bootstrap/root/etc/dnf
DEBUG file_util.py:21:  created dir: /var/lib/mock/f41-build-59817139-6576644-bootstrap/root/etc/dnf
DEBUG file_util.py:18:  ensuring that dir exists: /var/lib/mock/f41-build-59817139-6576644-bootstrap/root/etc/dnf/vars
DEBUG file_util.py:21:  created dir: /var/lib/mock/f41-build-59817139-6576644-bootstrap/root/etc/dnf/vars
DEBUG file_util.py:18:  ensuring that dir exists: /var/lib/mock/f41-build-59817139-6576644-bootstrap/root/etc/yum.repos.d
DEBUG file_util.py:21:  created dir: /var/lib/mock/f41-build-59817139-6576644-bootstrap/root/etc/yum.repos.d
DEBUG file_util.py:18:  ensuring that dir exists: /var/lib/mock/f41-build-59817139-6576644-bootstrap/root/etc/yum
DEBUG file_util.py:21:  created dir: /var/lib/mock/f41-build-59817139-6576644-bootstrap/root/etc/yum
DEBUG file_util.py:18:  ensuring that dir exists: /var/lib/mock/f41-build-59817139-6576644-bootstrap/root/proc
DEBUG file_util.py:21:  created dir: /var/lib/mock/f41-build-59817139-6576644-bootstrap/root/proc
DEBUG file_util.py:18:  ensuring that dir exists: /var/lib/mock/f41-build-59817139-6576644-bootstrap/root/sys
DEBUG file_util.py:21:  created dir: /var/lib/mock/f41-build-59817139-6576644-bootstrap/root/sys
DEBUG file_util.py:18:  ensuring that dir exists: /var/lib/mock/f41-build-59817139-6576644-bootstrap/root/dev/pts
DEBUG file_util.py:21:  created dir: /var/lib/mock/f41-build-59817139-6576644-bootstrap/root/dev/pts
DEBUG file_util.py:18:  ensuring that dir exists: /var/lib/mock/f41-build-59817139-6576644-bootstrap/root/dev/shm
DEBUG file_util.py:21:  created dir: /var/lib/mock/f41-build-59817139-6576644-bootstrap/root/dev/shm
DEBUG file_util.py:18:  ensuring that dir exists: /var/lib/mock/f41-build-59817139-6576644-bootstrap/root/dev/mapper
DEBUG file_util.py:21:  created dir: /var/lib/mock/f41-build-59817139-6576644-bootstrap/root/dev/mapper
DEBUG buildroot.py:867:  kernel version == 6.12.13-200.fc41.ppc64le
DEBUG file_util.py:30:  touching file: /var/lib/mock/f41-build-59817139-6576644-bootstrap/root/etc/fstab
DEBUG file_util.py:30:  touching file: /var/lib/mock/f41-build-59817139-6576644-bootstrap/root/etc/yum/yum.conf
DEBUG file_util.py:30:  touching file: /var/lib/mock/f41-build-59817139-6576644-bootstrap/root/etc/dnf/dnf.conf
DEBUG file_util.py:30:  touching file: /var/lib/mock/f41-build-59817139-6576644-bootstrap/root/var/log/yum.log
DEBUG buildroot.py:332:  rootdir = /var/lib/mock/f41-build-59817139-6576644-bootstrap/root
DEBUG buildroot.py:333:  resultdir = /var/lib/mock/f41-build-59817139-6576644-bootstrap/results
DEBUG package_manager.py:63:  searching for 'dnf5' package manager or alternatives
INFO buildroot.py:181:  Package manager dnf5 detected and used (fallback)
DEBUG file_util.py:18:  ensuring that dir exists: /var/lib/mock/f41-build-59817139-6576644-bootstrap/root/etc/pki/mock
DEBUG file_util.py:21:  created dir: /var/lib/mock/f41-build-59817139-6576644-bootstrap/root/etc/pki/mock
DEBUG file_util.py:158:  Updating files in /var/lib/mock/f41-build-59817139-6576644-bootstrap/root/etc/pki/ca-trust with files from /etc/pki/ca-trust
DEBUG file_util.py:18:  ensuring that dir exists: /var/lib/mock/f41-build-59817139-6576644-bootstrap/root/etc/pki/ca-trust
DEBUG file_util.py:21:  created dir: /var/lib/mock/f41-build-59817139-6576644-bootstrap/root/etc/pki/ca-trust
DEBUG file_util.py:18:  ensuring that dir exists: /var/lib/mock/f41-build-59817139-6576644-bootstrap/root/etc/pki/ca-trust/./extracted
DEBUG file_util.py:21:  created dir: /var/lib/mock/f41-build-59817139-6576644-bootstrap/root/etc/pki/ca-trust/./extracted
DEBUG file_util.py:18:  ensuring that dir exists: /var/lib/mock/f41-build-59817139-6576644-bootstrap/root/etc/pki/ca-trust/./source
DEBUG file_util.py:21:  created dir: /var/lib/mock/f41-build-59817139-6576644-bootstrap/root/etc/pki/ca-trust/./source
DEBUG file_util.py:18:  ensuring that dir exists: /var/lib/mock/f41-build-59817139-6576644-bootstrap/root/etc/pki/ca-trust/extracted/edk2
DEBUG file_util.py:21:  created dir: /var/lib/mock/f41-build-59817139-6576644-bootstrap/root/etc/pki/ca-trust/extracted/edk2
DEBUG file_util.py:18:  ensuring that dir exists: /var/lib/mock/f41-build-59817139-6576644-bootstrap/root/etc/pki/ca-trust/extracted/java
DEBUG file_util.py:21:  created dir: /var/lib/mock/f41-build-59817139-6576644-bootstrap/root/etc/pki/ca-trust/extracted/java
DEBUG file_util.py:18:  ensuring that dir exists: /var/lib/mock/f41-build-59817139-6576644-bootstrap/root/etc/pki/ca-trust/extracted/openssl
DEBUG file_util.py:21:  created dir: /var/lib/mock/f41-build-59817139-6576644-bootstrap/root/etc/pki/ca-trust/extracted/openssl
DEBUG file_util.py:18:  ensuring that dir exists: /var/lib/mock/f41-build-59817139-6576644-bootstrap/root/etc/pki/ca-trust/extracted/pem
DEBUG file_util.py:21:  created dir: /var/lib/mock/f41-build-59817139-6576644-bootstrap/root/etc/pki/ca-trust/extracted/pem
DEBUG file_util.py:18:  ensuring that dir exists: /var/lib/mock/f41-build-59817139-6576644-bootstrap/root/etc/pki/ca-trust/extracted/pem/directory-hash
DEBUG file_util.py:21:  created dir: /var/lib/mock/f41-build-59817139-6576644-bootstrap/root/etc/pki/ca-trust/extracted/pem/directory-hash
DEBUG file_util.py:18:  ensuring that dir exists: /var/lib/mock/f41-build-59817139-6576644-bootstrap/root/etc/pki/ca-trust/source/anchors
DEBUG file_util.py:21:  created dir: /var/lib/mock/f41-build-59817139-6576644-bootstrap/root/etc/pki/ca-trust/source/anchors
DEBUG file_util.py:18:  ensuring that dir exists: /var/lib/mock/f41-build-59817139-6576644-bootstrap/root/etc/pki/ca-trust/source/blocklist
DEBUG file_util.py:21:  created dir: /var/lib/mock/f41-build-59817139-6576644-bootstrap/root/etc/pki/ca-trust/source/blocklist
DEBUG file_util.py:158:  Updating files in /var/lib/mock/f41-build-59817139-6576644-bootstrap/root/usr/share/pki/ca-trust-source with files from /usr/share/pki/ca-trust-source
DEBUG file_util.py:18:  ensuring that dir exists: /var/lib/mock/f41-build-59817139-6576644-bootstrap/root/usr/share/pki/ca-trust-source
DEBUG file_util.py:21:  created dir: /var/lib/mock/f41-build-59817139-6576644-bootstrap/root/usr/share/pki/ca-trust-source
DEBUG file_util.py:18:  ensuring that dir exists: /var/lib/mock/f41-build-59817139-6576644-bootstrap/root/usr/share/pki/ca-trust-source/./anchors
DEBUG file_util.py:21:  created dir: /var/lib/mock/f41-build-59817139-6576644-bootstrap/root/usr/share/pki/ca-trust-source/./anchors
DEBUG file_util.py:18:  ensuring that dir exists: /var/lib/mock/f41-build-59817139-6576644-bootstrap/root/usr/share/pki/ca-trust-source/./blocklist
DEBUG file_util.py:21:  created dir: /var/lib/mock/f41-build-59817139-6576644-bootstrap/root/usr/share/pki/ca-trust-source/./blocklist
DEBUG file_util.py:18:  ensuring that dir exists: /var/lib/mock/f41-build-59817139-6576644-bootstrap/root/usr/share
DEBUG package_manager.py:388:  Copying /usr/share/distribution-gpg-keys to the bootstrap chroot
DEBUG util.py:634:  child environment: None
DEBUG util.py:556:  Executing command: ['cp', '-a', '/usr/share/distribution-gpg-keys', '/var/lib/mock/f41-build-59817139-6576644-bootstrap/root/usr/share'] with env {'TERM': 'vt100', 'SHELL': '/bin/sh', 'HOME': '/builddir', 'HOSTNAME': 'mock', 'PATH': '/usr/bin:/bin:/usr/sbin:/sbin', 'LANG': 'C.UTF-8'} and shell False
DEBUG util.py:608:  Child return code was: 0
DEBUG file_util.py:18:  ensuring that dir exists: /var/lib/mock/f41-build-59817139-6576644-bootstrap/root/etc/dnf
DEBUG package_manager.py:689:  configure DNF vars
DEBUG file_util.py:18:  ensuring that dir exists: /var/lib/mock/f41-build-59817139-6576644-bootstrap/root/etc
DEBUG file_util.py:18:  ensuring that dir exists: /var/lib/mock/f41-build-59817139-6576644-bootstrap/root/etc
DEBUG file_util.py:18:  ensuring that dir exists: /var/lib/mock/f41-build-59817139-6576644-bootstrap/root/proc
DEBUG util.py:634:  child environment: None
DEBUG util.py:556:  Executing command: ['/bin/mount', '-n', '-t', 'tmpfs', '-o', 'rprivate,mode=0755', 'tmpfs', '/var/lib/mock/f41-build-59817139-6576644-bootstrap/root/proc'] with env {'TERM': 'vt100', 'SHELL': '/bin/sh', 'HOME': '/builddir', 'HOSTNAME': 'mock', 'PATH': '/usr/bin:/bin:/usr/sbin:/sbin', 'LANG': 'C.UTF-8'} and shell False
DEBUG util.py:608:  Child return code was: 0
DEBUG file_util.py:18:  ensuring that dir exists: /var/lib/mock/f41-build-59817139-6576644-bootstrap/root/proc
DEBUG util.py:634:  child environment: None
DEBUG util.py:556:  Executing command: ['/bin/mount', '-n', '-o', 'rbind', '/proc', '/var/lib/mock/f41-build-59817139-6576644-bootstrap/root/proc'] with env {'TERM': 'vt100', 'SHELL': '/bin/sh', 'HOME': '/builddir', 'HOSTNAME': 'mock', 'PATH': '/usr/bin:/bin:/usr/sbin:/sbin', 'LANG': 'C.UTF-8'} and shell False
DEBUG util.py:608:  Child return code was: 0
DEBUG util.py:634:  child environment: None
DEBUG util.py:556:  Executing command: ['/bin/mount', '-n', '-o', 'remount,nodev,noexec,nosuid,readonly,rprivate,rbind', '--target', '/var/lib/mock/f41-build-59817139-6576644-bootstrap/root/proc'] with env {'TERM': 'vt100', 'SHELL': '/bin/sh', 'HOME': '/builddir', 'HOSTNAME': 'mock', 'PATH': '/usr/bin:/bin:/usr/sbin:/sbin', 'LANG': 'C.UTF-8'} and shell False
DEBUG util.py:608:  Child return code was: 0
DEBUG file_util.py:18:  ensuring that dir exists: /var/lib/mock/f41-build-59817139-6576644-bootstrap/root/sys
DEBUG util.py:634:  child environment: None
DEBUG util.py:556:  Executing command: ['/bin/mount', '-n', '-t', 'tmpfs', '-o', 'rprivate,mode=0755', 'tmpfs', '/var/lib/mock/f41-build-59817139-6576644-bootstrap/root/sys'] with env {'TERM': 'vt100', 'SHELL': '/bin/sh', 'HOME': '/builddir', 'HOSTNAME': 'mock', 'PATH': '/usr/bin:/bin:/usr/sbin:/sbin', 'LANG': 'C.UTF-8'} and shell False
DEBUG util.py:608:  Child return code was: 0
DEBUG file_util.py:18:  ensuring that dir exists: /var/lib/mock/f41-build-59817139-6576644-bootstrap/root/sys
DEBUG util.py:634:  child environment: None
DEBUG util.py:556:  Executing command: ['/bin/mount', '-n', '-o', 'rbind', '/sys', '/var/lib/mock/f41-build-59817139-6576644-bootstrap/root/sys'] with env {'TERM': 'vt100', 'SHELL': '/bin/sh', 'HOME': '/builddir', 'HOSTNAME': 'mock', 'PATH': '/usr/bin:/bin:/usr/sbin:/sbin', 'LANG': 'C.UTF-8'} and shell False
DEBUG util.py:608:  Child return code was: 0
DEBUG util.py:634:  child environment: None
DEBUG util.py:556:  Executing command: ['/bin/mount', '-n', '-o', 'remount,nodev,noexec,nosuid,readonly,rprivate,rbind', '--target', '/var/lib/mock/f41-build-59817139-6576644-bootstrap/root/sys'] with env {'TERM': 'vt100', 'SHELL': '/bin/sh', 'HOME': '/builddir', 'HOSTNAME': 'mock', 'PATH': '/usr/bin:/bin:/usr/sbin:/sbin', 'LANG': 'C.UTF-8'} and shell False
DEBUG util.py:608:  Child return code was: 0
DEBUG file_util.py:18:  ensuring that dir exists: /var/lib/mock/f41-build-59817139-6576644-bootstrap/root/dev/shm
DEBUG util.py:634:  child environment: None
DEBUG util.py:556:  Executing command: ['/bin/mount', '-n', '-t', 'tmpfs', 'tmpfs', '/var/lib/mock/f41-build-59817139-6576644-bootstrap/root/dev/shm'] with env {'TERM': 'vt100', 'SHELL': '/bin/sh', 'HOME': '/builddir', 'HOSTNAME': 'mock', 'PATH': '/usr/bin:/bin:/usr/sbin:/sbin', 'LANG': 'C.UTF-8'} and shell False
DEBUG util.py:608:  Child return code was: 0
DEBUG file_util.py:18:  ensuring that dir exists: /var/lib/mock/f41-build-59817139-6576644-bootstrap/root/dev/pts
DEBUG util.py:634:  child environment: None
DEBUG util.py:556:  Executing command: ['/bin/mount', '-n', '-t', 'devpts', '-o', 'gid=5,mode=0620,ptmxmode=0666,newinstance', 'devpts', '/var/lib/mock/f41-build-59817139-6576644-bootstrap/root/dev/pts'] with env {'TERM': 'vt100', 'SHELL': '/bin/sh', 'HOME': '/builddir', 'HOSTNAME': 'mock', 'PATH': '/usr/bin:/bin:/usr/sbin:/sbin', 'LANG': 'C.UTF-8'} and shell False
DEBUG util.py:608:  Child return code was: 0
DEBUG util.py:634:  child environment: None
DEBUG util.py:556:  Executing command: ['/bin/mount', '-n', '-o', 'bind', '/tmp/mock-selinux-plugin.349kin3r', '/var/lib/mock/f41-build-59817139-6576644-bootstrap/root/proc/filesystems'] with env {'TERM': 'vt100', 'SHELL': '/bin/sh', 'HOME': '/builddir', 'HOSTNAME': 'mock', 'PATH': '/usr/bin:/bin:/usr/sbin:/sbin', 'LANG': 'C.UTF-8'} and shell False
DEBUG util.py:608:  Child return code was: 0
DEBUG file_util.py:18:  ensuring that dir exists: /var/lib/mock/f41-build-59817139-6576644-bootstrap/root/sys/fs/selinux
DEBUG util.py:634:  child environment: None
DEBUG util.py:556:  Executing command: ['/bin/mount', '-n', '-t', 'tmpfs', 'tmpfs', '/var/lib/mock/f41-build-59817139-6576644-bootstrap/root/sys/fs/selinux'] with env {'TERM': 'vt100', 'SHELL': '/bin/sh', 'HOME': '/builddir', 'HOSTNAME': 'mock', 'PATH': '/usr/bin:/bin:/usr/sbin:/sbin', 'LANG': 'C.UTF-8'} and shell False
DEBUG util.py:608:  Child return code was: 0
DEBUG file_util.py:18:  ensuring that dir exists: /var/lib/mock/f41-build-59817139-6576644-bootstrap/root/installation-homedir
DEBUG file_util.py:21:  created dir: /var/lib/mock/f41-build-59817139-6576644-bootstrap/root/installation-homedir
DEBUG package_manager.py:295:  ['/usr/bin/dnf5', '--installroot', '/var/lib/mock/f41-build-59817139-6576644-bootstrap/root/', 'install', 'dnf5', 'dnf5-plugins', '--setopt=deltarpm=False', '--setopt=allow_vendor_change=yes', '--allowerasing']
DEBUG util.py:634:  child environment: None
DEBUG util.py:556:  Executing command: ['/usr/bin/dnf5', '--installroot', '/var/lib/mock/f41-build-59817139-6576644-bootstrap/root/', 'install', 'dnf5', 'dnf5-plugins', '--setopt=deltarpm=False', '--setopt=allow_vendor_change=yes', '--allowerasing', '--setopt=tsflags=nocontexts'] with env {'TERM': 'vt100', 'SHELL': '/bin/bash', 'HOME': '/var/lib/mock/f41-build-59817139-6576644-bootstrap/root/installation-homedir', 'HOSTNAME': 'mock', 'PATH': '/usr/bin:/bin:/usr/sbin:/sbin', 'PROMPT_COMMAND': 'printf "\\033]0;<mock-chroot>\\007"', 'PS1': '<mock-chroot> \\s-\\v\\$ ', 'LANG': 'C.UTF-8', 'LC_MESSAGES': 'C.UTF-8'} and shell False
DEBUG util.py:459:  Updating and loading repositories:
DEBUG util.py:459:   build                                  100% |  79.4 MiB/s |  15.1 MiB |  00m00s
DEBUG util.py:459:  Repositories loaded.
DEBUG util.py:461:  Package                        Arch    Version                     Repository      Size
DEBUG util.py:461:  Installing:
DEBUG util.py:461:   dnf5                          ppc64le 5.2.13.1-1.fc41             build        2.5 MiB
DEBUG util.py:461:   dnf5-plugins                  ppc64le 5.2.13.1-1.fc41             build        1.5 MiB
DEBUG util.py:461:  Installing dependencies:
DEBUG util.py:461:   alternatives                  ppc64le 1.31-1.fc41                 build       88.7 KiB
DEBUG util.py:461:   audit-libs                    ppc64le 4.0.3-1.fc41                build      479.0 KiB
DEBUG util.py:461:   basesystem                    noarch  11-21.fc41                  build        0.0   B
DEBUG util.py:461:   bash                          ppc64le 5.2.32-1.fc41               build        8.7 MiB
DEBUG util.py:461:   bzip2-libs                    ppc64le 1.0.8-19.fc41               build      200.6 KiB
DEBUG util.py:461:   ca-certificates               noarch  2024.2.69_v8.0.401-1.0.fc41 build        2.4 MiB
DEBUG util.py:461:   coreutils                     ppc64le 9.5-11.fc41                 build        9.3 MiB
DEBUG util.py:461:   coreutils-common              ppc64le 9.5-11.fc41                 build       11.2 MiB
DEBUG util.py:461:   crypto-policies               noarch  20250124-1.git4d262e7.fc41  build      137.4 KiB
DEBUG util.py:461:   curl                          ppc64le 8.9.1-3.fc41                build      857.4 KiB
DEBUG util.py:461:   cyrus-sasl-lib                ppc64le 2.1.28-27.fc41              build        3.5 MiB
DEBUG util.py:461:   elfutils-default-yama-scope   noarch  0.193-2.fc41                build        1.8 KiB
DEBUG util.py:461:   elfutils-libelf               ppc64le 0.193-2.fc41                build        1.2 MiB
DEBUG util.py:461:   elfutils-libs                 ppc64le 0.193-2.fc41                build      874.7 KiB
DEBUG util.py:461:   fedora-gpg-keys               noarch  41-1                        build      126.4 KiB
DEBUG util.py:461:   fedora-release                noarch  41-32                       build        0.0   B
DEBUG util.py:461:   fedora-release-common         noarch  41-32                       build       19.7 KiB
DEBUG util.py:461:   fedora-release-identity-basic noarch  41-32                       build      654.0   B
DEBUG util.py:461:   fedora-repos                  noarch  41-1                        build        4.9 KiB
DEBUG util.py:461:   file-libs                     ppc64le 5.45-7.fc41                 build       10.1 MiB
DEBUG util.py:461:   filesystem                    ppc64le 3.18-23.fc41                build      106.0   B
DEBUG util.py:461:   findutils                     ppc64le 1:4.10.0-4.fc41             build        2.2 MiB
DEBUG util.py:461:   fmt                           ppc64le 11.0.2-2.fc41               build      312.5 KiB
DEBUG util.py:461:   gawk                          ppc64le 5.3.0-4.fc41                build        4.5 MiB
DEBUG util.py:461:   gdbm-libs                     ppc64le 1:1.23-7.fc41               build      425.5 KiB
DEBUG util.py:461:   glib2                         ppc64le 2.82.5-1.fc41               build       16.2 MiB
DEBUG util.py:461:   glibc                         ppc64le 2.40-25.fc41                build       11.6 MiB
DEBUG util.py:461:   glibc-common                  ppc64le 2.40-25.fc41                build        1.5 MiB
DEBUG util.py:461:   glibc-minimal-langpack        ppc64le 2.40-25.fc41                build        0.0   B
DEBUG util.py:461:   gmp                           ppc64le 1:6.3.0-2.fc41              build      850.3 KiB
DEBUG util.py:461:   gnutls                        ppc64le 3.8.9-2.fc41                build        3.8 MiB
DEBUG util.py:461:   grep                          ppc64le 3.11-9.fc41                 build        1.2 MiB
DEBUG util.py:461:   json-c                        ppc64le 0.17-4.fc41                 build      202.3 KiB
DEBUG util.py:461:   keyutils-libs                 ppc64le 1.6.3-4.fc41                build      226.1 KiB
DEBUG util.py:461:   krb5-libs                     ppc64le 1.21.3-4.fc41               build        3.0 MiB
DEBUG util.py:461:   libacl                        ppc64le 2.3.2-2.fc41                build      195.7 KiB
DEBUG util.py:461:   libarchive                    ppc64le 3.7.4-4.fc41                build        1.3 MiB
DEBUG util.py:461:   libattr                       ppc64le 2.5.2-4.fc41                build      196.3 KiB
DEBUG util.py:461:   libblkid                      ppc64le 2.40.4-1.fc41               build      349.1 KiB
DEBUG util.py:461:   libbrotli                     ppc64le 1.1.0-5.fc41                build        1.3 MiB
DEBUG util.py:461:   libcap                        ppc64le 2.70-4.fc41                 build        1.4 MiB
DEBUG util.py:461:   libcap-ng                     ppc64le 0.8.5-3.fc41                build      416.5 KiB
DEBUG util.py:461:   libcom_err                    ppc64le 1.47.1-6.fc41               build      111.1 KiB
DEBUG util.py:461:   libcurl                       ppc64le 8.9.1-3.fc41                build        1.0 MiB
DEBUG util.py:461:   libdnf5                       ppc64le 5.2.13.1-1.fc41             build        3.9 MiB
DEBUG util.py:461:   libdnf5-cli                   ppc64le 5.2.13.1-1.fc41             build        1.0 MiB
DEBUG util.py:461:   libeconf                      ppc64le 0.6.2-3.fc41                build      206.0 KiB
DEBUG util.py:461:   libevent                      ppc64le 2.1.12-14.fc41              build        1.6 MiB
DEBUG util.py:461:   libffi                        ppc64le 3.4.6-3.fc41                build      218.0 KiB
DEBUG util.py:461:   libgcc                        ppc64le 14.2.1-7.fc41               build      282.8 KiB
DEBUG util.py:461:   libgomp                       ppc64le 14.2.1-7.fc41               build      621.9 KiB
DEBUG util.py:461:   libidn2                       ppc64le 2.3.8-1.fc41                build      560.3 KiB
DEBUG util.py:461:   libmodulemd                   ppc64le 2.15.0-14.fc41              build        1.1 MiB
DEBUG util.py:461:   libmount                      ppc64le 2.40.4-1.fc41               build      476.7 KiB
DEBUG util.py:461:   libnghttp2                    ppc64le 1.62.1-3.fc41               build      198.1 KiB
DEBUG util.py:461:   libpsl                        ppc64le 0.21.5-4.fc41               build      196.2 KiB
DEBUG util.py:461:   librepo                       ppc64le 1.19.0-1.fc41               build      292.2 KiB
DEBUG util.py:461:   libselinux                    ppc64le 3.7-5.fc41                  build      329.1 KiB
DEBUG util.py:461:   libsemanage                   ppc64le 3.7-2.fc41                  build      489.5 KiB
DEBUG util.py:461:   libsepol                      ppc64le 3.7-2.fc41                  build        1.1 MiB
DEBUG util.py:461:   libsmartcols                  ppc64le 2.40.4-1.fc41               build      284.3 KiB
DEBUG util.py:461:   libsolv                       ppc64le 0.7.32-4.fc41               build        1.3 MiB
DEBUG util.py:461:   libssh                        ppc64le 0.10.6-8.fc41               build      773.4 KiB
DEBUG util.py:461:   libssh-config                 noarch  0.10.6-8.fc41               build      277.0   B
DEBUG util.py:461:   libstdc++                     ppc64le 14.2.1-7.fc41               build        3.7 MiB
DEBUG util.py:461:   libtasn1                      ppc64le 4.20.0-1.fc41               build      220.1 KiB
DEBUG util.py:461:   libtool-ltdl                  ppc64le 2.4.7-12.fc41               build      222.1 KiB
DEBUG util.py:461:   libunistring                  ppc64le 1.1-8.fc41                  build        1.9 MiB
DEBUG util.py:461:   libuuid                       ppc64le 2.40.4-1.fc41               build       67.7 KiB
DEBUG util.py:461:   libverto                      ppc64le 0.3.2-9.fc41                build      197.2 KiB
DEBUG util.py:461:   libxcrypt                     ppc64le 4.4.38-7.fc41               build      336.3 KiB
DEBUG util.py:461:   libxml2                       ppc64le 2.12.10-1.fc41              build        2.3 MiB
DEBUG util.py:461:   libyaml                       ppc64le 0.2.5-16.fc41               build      198.4 KiB
DEBUG util.py:461:   libzstd                       ppc64le 1.5.7-1.fc41                build      924.1 KiB
DEBUG util.py:461:   lua-libs                      ppc64le 5.4.7-3.fc41                build      393.0 KiB
DEBUG util.py:461:   lz4-libs                      ppc64le 1.10.0-1.fc41               build      325.2 KiB
DEBUG util.py:461:   mpfr                          ppc64le 4.2.1-5.fc41                build      976.9 KiB
DEBUG util.py:461:   ncurses-base                  noarch  6.5-2.20240629.fc41         build      326.3 KiB
DEBUG util.py:461:   ncurses-libs                  ppc64le 6.5-2.20240629.fc41         build        2.4 MiB
DEBUG util.py:461:   nettle                        ppc64le 3.10-3.fc41                 build        1.0 MiB
DEBUG util.py:461:   openldap                      ppc64le 2.6.9-1.fc41                build      889.2 KiB
DEBUG util.py:461:   openssl-libs                  ppc64le 1:3.2.4-1.fc41              build        7.7 MiB
DEBUG util.py:461:   p11-kit                       ppc64le 0.25.5-3.fc41               build        3.1 MiB
DEBUG util.py:461:   p11-kit-trust                 ppc64le 0.25.5-3.fc41               build      655.4 KiB
DEBUG util.py:461:   pam-libs                      ppc64le 1.6.1-7.fc41                build      286.5 KiB
DEBUG util.py:461:   pcre2                         ppc64le 10.44-1.fc41.1              build      968.8 KiB
DEBUG util.py:461:   pcre2-syntax                  noarch  10.44-1.fc41.1              build      251.6 KiB
DEBUG util.py:461:   popt                          ppc64le 1.19-7.fc41                 build      272.8 KiB
DEBUG util.py:461:   publicsuffix-list-dafsa       noarch  20250116-1.fc41             build       68.5 KiB
DEBUG util.py:461:   readline                      ppc64le 8.2-10.fc41                 build      881.0 KiB
DEBUG util.py:461:   rpm                           ppc64le 4.20.1-1.fc41               build        4.2 MiB
DEBUG util.py:461:   rpm-build-libs                ppc64le 4.20.1-1.fc41               build      262.6 KiB
DEBUG util.py:461:   rpm-libs                      ppc64le 4.20.1-1.fc41               build      990.2 KiB
DEBUG util.py:461:   rpm-sequoia                   ppc64le 1.7.0-5.fc41                build        2.8 MiB
DEBUG util.py:461:   sdbus-cpp                     ppc64le 1.5.0-3.fc41                build      365.6 KiB
DEBUG util.py:461:   sed                           ppc64le 4.9-3.fc41                  build        1.0 MiB
DEBUG util.py:461:   setup                         noarch  2.15.0-8.fc41               build      720.7 KiB
DEBUG util.py:461:   shadow-utils                  ppc64le 2:4.15.1-12.fc41            build        5.0 MiB
DEBUG util.py:461:   sqlite-libs                   ppc64le 3.46.1-3.fc41               build        1.9 MiB
DEBUG util.py:461:   systemd-libs                  ppc64le 256.12-1.fc41               build        2.6 MiB
DEBUG util.py:461:   xz-libs                       ppc64le 1:5.8.1-2.fc41              build      265.4 KiB
DEBUG util.py:461:   zchunk-libs                   ppc64le 1.5.1-1.fc41                build      265.1 KiB
DEBUG util.py:461:   zlib-ng-compat                ppc64le 2.2.3-2.fc41                build      197.6 KiB
DEBUG util.py:461:  Transaction Summary:
DEBUG util.py:461:   Installing:       105 packages
DEBUG util.py:459:  Total size of inbound packages is 43 MiB. Need to download 43 MiB.
DEBUG util.py:459:  After this operation, 171 MiB extra will be used (install 171 MiB, remove 0 B).
DEBUG util.py:459:  [  1/105] dnf5-plugins-0:5.2.13.1-1.fc4 100% |   6.1 MiB/s | 435.5 KiB |  00m00s
DEBUG util.py:459:  [  2/105] fmt-0:11.0.2-2.fc41.ppc64le   100% |  14.9 MiB/s | 121.9 KiB |  00m00s
DEBUG util.py:459:  [  3/105] dnf5-0:5.2.13.1-1.fc41.ppc64l 100% |   8.9 MiB/s | 839.6 KiB |  00m00s
DEBUG util.py:459:  [  4/105] bash-0:5.2.32-1.fc41.ppc64le  100% |  14.1 MiB/s |   1.9 MiB |  00m00s
DEBUG util.py:459:  [  5/105] libdnf5-cli-0:5.2.13.1-1.fc41 100% |  25.1 MiB/s | 360.3 KiB |  00m00s
DEBUG util.py:459:  [  6/105] libdnf5-0:5.2.13.1-1.fc41.ppc 100% |  18.3 MiB/s |   1.2 MiB |  00m00s
DEBUG util.py:459:  [  7/105] libgcc-0:14.2.1-7.fc41.ppc64l 100% |   5.9 MiB/s | 114.5 KiB |  00m00s
DEBUG util.py:459:  [  8/105] rpm-libs-0:4.20.1-1.fc41.ppc6 100% |  26.9 MiB/s | 358.1 KiB |  00m00s
DEBUG util.py:459:  [  9/105] sdbus-cpp-0:1.5.0-3.fc41.ppc6 100% |  17.7 MiB/s | 108.7 KiB |  00m00s
DEBUG util.py:459:  [ 10/105] libstdc++-0:14.2.1-7.fc41.ppc 100% |  24.6 MiB/s | 955.7 KiB |  00m00s
DEBUG util.py:459:  [ 11/105] json-c-0:0.17-4.fc41.ppc64le  100% |  12.0 MiB/s |  49.0 KiB |  00m00s
DEBUG util.py:459:  [ 12/105] glibc-0:2.40-25.fc41.ppc64le  100% |  20.7 MiB/s |   3.1 MiB |  00m00s
DEBUG util.py:459:  [ 13/105] rpm-build-libs-0:4.20.1-1.fc4 100% |   2.5 MiB/s | 106.8 KiB |  00m00s
DEBUG util.py:459:  [ 14/105] systemd-libs-0:256.12-1.fc41. 100% |  11.3 MiB/s | 776.3 KiB |  00m00s
DEBUG util.py:459:  [ 15/105] zlib-ng-compat-0:2.2.3-2.fc41 100% |   6.4 MiB/s |  79.1 KiB |  00m00s
DEBUG util.py:459:  [ 16/105] basesystem-0:11-21.fc41.noarc 100% |   2.4 MiB/s |   7.4 KiB |  00m00s
DEBUG util.py:459:  [ 17/105] ncurses-libs-0:6.5-2.20240629 100% |  26.4 MiB/s | 378.3 KiB |  00m00s
DEBUG util.py:459:  [ 18/105] glibc-common-0:2.40-25.fc41.p 100% |  26.8 MiB/s | 384.9 KiB |  00m00s
DEBUG util.py:459:  [ 19/105] filesystem-0:3.18-23.fc41.ppc 100% |  23.3 MiB/s |   1.1 MiB |  00m00s
DEBUG util.py:459:  [ 20/105] libmodulemd-0:2.15.0-14.fc41. 100% |  12.6 MiB/s | 231.8 KiB |  00m00s
DEBUG util.py:459:  [ 21/105] librepo-0:1.19.0-1.fc41.ppc64 100% |  13.3 MiB/s | 108.6 KiB |  00m00s
DEBUG util.py:459:  [ 22/105] libsolv-0:0.7.32-4.fc41.ppc64 100% |  32.8 MiB/s | 504.5 KiB |  00m00s
DEBUG util.py:459:  [ 23/105] libxml2-0:2.12.10-1.fc41.ppc6 100% |  30.0 MiB/s | 767.5 KiB |  00m00s
DEBUG util.py:459:  [ 24/105] libsmartcols-0:2.40.4-1.fc41. 100% |  20.4 MiB/s | 104.7 KiB |  00m00s
DEBUG util.py:459:  [ 25/105] bzip2-libs-0:1.0.8-19.fc41.pp 100% |  15.2 MiB/s |  46.7 KiB |  00m00s
DEBUG util.py:459:  [ 26/105] sqlite-libs-0:3.46.1-3.fc41.p 100% |  29.9 MiB/s | 857.1 KiB |  00m00s
DEBUG util.py:459:  [ 27/105] libacl-0:2.3.2-2.fc41.ppc64le 100% |   4.4 MiB/s |  27.3 KiB |  00m00s
DEBUG util.py:459:  [ 28/105] libcap-0:2.70-4.fc41.ppc64le  100% |  30.4 MiB/s |  93.4 KiB |  00m00s
DEBUG util.py:459:  [ 29/105] libzstd-0:1.5.7-1.fc41.ppc64l 100% |  47.5 MiB/s | 340.8 KiB |  00m00s
DEBUG util.py:459:  [ 30/105] lua-libs-0:5.4.7-3.fc41.ppc64 100% |  18.1 MiB/s | 148.0 KiB |  00m00s
DEBUG util.py:459:  [ 31/105] popt-0:1.19-7.fc41.ppc64le    100% |  15.6 MiB/s |  63.9 KiB |  00m00s
DEBUG util.py:459:  [ 32/105] glib2-0:2.82.5-1.fc41.ppc64le 100% |  29.6 MiB/s |   3.2 MiB |  00m00s
DEBUG util.py:459:  [ 33/105] rpm-0:4.20.1-1.fc41.ppc64le   100% |  19.4 MiB/s | 517.3 KiB |  00m00s
DEBUG util.py:459:  [ 34/105] xz-libs-1:5.8.1-2.fc41.ppc64l 100% |  15.3 MiB/s | 125.3 KiB |  00m00s
DEBUG util.py:459:  [ 35/105] elfutils-libelf-0:0.193-2.fc4 100% |  42.2 MiB/s | 215.9 KiB |  00m00s
DEBUG util.py:459:  [ 36/105] elfutils-libs-0:0.193-2.fc41. 100% |  37.5 MiB/s | 307.4 KiB |  00m00s
DEBUG util.py:459:  [ 37/105] rpm-sequoia-0:1.7.0-5.fc41.pp 100% |  24.0 MiB/s |   1.0 MiB |  00m00s
DEBUG util.py:459:  [ 38/105] libgomp-0:14.2.1-7.fc41.ppc64 100% |  29.5 MiB/s | 362.6 KiB |  00m00s
DEBUG util.py:459:  [ 39/105] setup-0:2.15.0-8.fc41.noarch  100% |  20.7 MiB/s | 148.4 KiB |  00m00s
DEBUG util.py:459:  [ 40/105] ncurses-base-0:6.5-2.20240629 100% |  15.6 MiB/s |  63.8 KiB |  00m00s
DEBUG util.py:459:  [ 41/105] file-libs-0:5.45-7.fc41.ppc64 100% |  27.0 MiB/s | 774.4 KiB |  00m00s
DEBUG util.py:459:  [ 42/105] libffi-0:3.4.6-3.fc41.ppc64le 100% |   5.3 MiB/s |  38.2 KiB |  00m00s
DEBUG util.py:459:  [ 43/105] libmount-0:2.40.4-1.fc41.ppc6 100% |  33.3 MiB/s | 170.6 KiB |  00m00s
DEBUG util.py:459:  [ 44/105] libselinux-0:3.7-5.fc41.ppc64 100% |  19.6 MiB/s | 100.2 KiB |  00m00s
DEBUG util.py:459:  [ 45/105] pcre2-0:10.44-1.fc41.1.ppc64l 100% |  41.0 MiB/s | 251.9 KiB |  00m00s
DEBUG util.py:459:  [ 46/105] libyaml-0:0.2.5-16.fc41.ppc64 100% |  11.3 MiB/s |  69.2 KiB |  00m00s
DEBUG util.py:459:  [ 47/105] zchunk-libs-0:1.5.1-1.fc41.pp 100% |  18.7 MiB/s |  57.3 KiB |  00m00s
DEBUG util.py:459:  [ 48/105] gnutls-0:3.8.9-2.fc41.ppc64le 100% |  34.2 MiB/s |   1.2 MiB |  00m00s
DEBUG util.py:459:  [ 49/105] libattr-0:2.5.2-4.fc41.ppc64l 100% |   2.1 MiB/s |  18.9 KiB |  00m00s
DEBUG util.py:459:  [ 50/105] pam-libs-0:1.6.1-7.fc41.ppc64 100% |  20.7 MiB/s |  63.5 KiB |  00m00s
DEBUG util.py:459:  [ 51/105] curl-0:8.9.1-3.fc41.ppc64le   100% |  28.1 MiB/s | 316.5 KiB |  00m00s
DEBUG util.py:459:  [ 52/105] findutils-1:4.10.0-4.fc41.ppc 100% |  31.4 MiB/s | 579.3 KiB |  00m00s
DEBUG util.py:459:  [ 53/105] libarchive-0:3.7.4-4.fc41.ppc 100% |  33.2 MiB/s | 476.2 KiB |  00m00s
DEBUG util.py:459:  [ 54/105] elfutils-default-yama-scope-0 100% |   4.1 MiB/s |  12.6 KiB |  00m00s
DEBUG util.py:459:  [ 55/105] sed-0:4.9-3.fc41.ppc64le      100% |  27.9 MiB/s | 314.8 KiB |  00m00s
DEBUG util.py:459:  [ 56/105] crypto-policies-0:20250124-1. 100% |  14.3 MiB/s |  73.1 KiB |  00m00s
DEBUG util.py:459:  [ 57/105] gmp-1:6.3.0-2.fc41.ppc64le    100% |  43.1 MiB/s | 309.0 KiB |  00m00s
DEBUG util.py:459:  [ 58/105] openssl-libs-1:3.2.4-1.fc41.p 100% |  34.2 MiB/s |   2.5 MiB |  00m00s
DEBUG util.py:459:  [ 59/105] libidn2-0:2.3.8-1.fc41.ppc64l 100% |   8.0 MiB/s | 171.2 KiB |  00m00s
DEBUG util.py:459:  [ 60/105] libtasn1-0:4.20.0-1.fc41.ppc6 100% |   4.3 MiB/s |  79.8 KiB |  00m00s
DEBUG util.py:459:  [ 61/105] nettle-0:3.10-3.fc41.ppc64le  100% |  45.4 MiB/s | 464.6 KiB |  00m00s
DEBUG util.py:459:  [ 62/105] libunistring-0:1.1-8.fc41.ppc 100% |  31.2 MiB/s | 575.2 KiB |  00m00s
DEBUG util.py:459:  [ 63/105] p11-kit-0:0.25.5-3.fc41.ppc64 100% |  27.7 MiB/s | 482.4 KiB |  00m00s
DEBUG util.py:459:  [ 64/105] p11-kit-trust-0:0.25.5-3.fc41 100% |  14.5 MiB/s | 148.4 KiB |  00m00s
DEBUG util.py:459:  [ 65/105] libblkid-0:2.40.4-1.fc41.ppc6 100% |  14.8 MiB/s | 136.0 KiB |  00m00s
DEBUG util.py:459:  [ 66/105] libuuid-0:2.40.4-1.fc41.ppc64 100% |   7.0 MiB/s |  28.6 KiB |  00m00s
DEBUG util.py:459:  [ 67/105] pcre2-syntax-0:10.44-1.fc41.1 100% |  36.6 MiB/s | 149.9 KiB |  00m00s
DEBUG util.py:459:  [ 68/105] libsepol-0:3.7-2.fc41.ppc64le 100% |  30.4 MiB/s | 373.0 KiB |  00m00s
DEBUG util.py:459:  [ 69/105] audit-libs-0:4.0.3-1.fc41.ppc 100% |  19.6 MiB/s | 140.7 KiB |  00m00s
DEBUG util.py:459:  [ 70/105] libeconf-0:0.6.2-3.fc41.ppc64 100% |   8.8 MiB/s |  36.2 KiB |  00m00s
DEBUG util.py:459:  [ 71/105] lz4-libs-0:1.10.0-1.fc41.ppc6 100% |  23.8 MiB/s |  97.7 KiB |  00m00s
DEBUG util.py:459:  [ 72/105] alternatives-0:1.31-1.fc41.pp 100% |  10.2 MiB/s |  41.8 KiB |  00m00s
DEBUG util.py:459:  [ 73/105] ca-certificates-0:2024.2.69_v 100% |  34.0 MiB/s | 871.2 KiB |  00m00s
DEBUG util.py:459:  [ 74/105] libcap-ng-0:0.8.5-3.fc41.ppc6 100% |   4.1 MiB/s |  33.7 KiB |  00m00s
DEBUG util.py:459:  [ 75/105] grep-0:3.11-9.fc41.ppc64le    100% |  22.5 MiB/s | 299.4 KiB |  00m00s
DEBUG util.py:459:  [ 76/105] fedora-release-0:41-32.noarch 100% |   3.2 MiB/s |  13.1 KiB |  00m00s
DEBUG util.py:459:  [ 77/105] fedora-release-common-0:41-32 100% |   4.7 MiB/s |  23.9 KiB |  00m00s
DEBUG util.py:459:  [ 78/105] fedora-repos-0:41-1.noarch    100% |   2.3 MiB/s |   9.2 KiB |  00m00s
DEBUG util.py:459:  [ 79/105] fedora-gpg-keys-0:41-1.noarch 100% |  30.1 MiB/s | 123.5 KiB |  00m00s
DEBUG util.py:459:  [ 80/105] libcurl-0:8.9.1-3.fc41.ppc64l 100% |  42.4 MiB/s | 390.4 KiB |  00m00s
DEBUG util.py:459:  [ 81/105] coreutils-0:9.5-11.fc41.ppc64 100% |  51.0 MiB/s |   1.2 MiB |  00m00s
DEBUG util.py:459:  [ 82/105] libbrotli-0:1.1.0-5.fc41.ppc6 100% |  46.6 MiB/s | 382.0 KiB |  00m00s
DEBUG util.py:459:  [ 83/105] krb5-libs-0:1.21.3-4.fc41.ppc 100% |  34.2 MiB/s | 840.1 KiB |  00m00s
DEBUG util.py:459:  [ 84/105] libnghttp2-0:1.62.1-3.fc41.pp 100% |  10.4 MiB/s |  85.4 KiB |  00m00s
DEBUG util.py:459:  [ 85/105] coreutils-common-0:9.5-11.fc4 100% |  40.3 MiB/s |   2.1 MiB |  00m00s
DEBUG util.py:459:  [ 86/105] libpsl-0:0.21.5-4.fc41.ppc64l 100% |   4.3 MiB/s |  65.7 KiB |  00m00s
DEBUG util.py:459:  [ 87/105] libssh-0:0.10.6-8.fc41.ppc64l 100% |  14.7 MiB/s | 241.2 KiB |  00m00s
DEBUG util.py:459:  [ 88/105] openldap-0:2.6.9-1.fc41.ppc64 100% |  35.1 MiB/s | 287.7 KiB |  00m00s
DEBUG util.py:459:  [ 89/105] keyutils-libs-0:1.6.3-4.fc41. 100% |   5.3 MiB/s |  32.8 KiB |  00m00s
DEBUG util.py:459:  [ 90/105] libcom_err-0:1.47.1-6.fc41.pp 100% |   8.8 MiB/s |  27.0 KiB |  00m00s
DEBUG util.py:459:  [ 91/105] libverto-0:0.3.2-9.fc41.ppc64 100% |   5.4 MiB/s |  22.2 KiB |  00m00s
DEBUG util.py:459:  [ 92/105] gawk-0:5.3.0-4.fc41.ppc64le   100% |  49.8 MiB/s |   1.1 MiB |  00m00s
DEBUG util.py:459:  [ 93/105] libssh-config-0:0.10.6-8.fc41 100% |   1.0 MiB/s |   9.2 KiB |  00m00s
DEBUG util.py:459:  [ 94/105] publicsuffix-list-dafsa-0:202 100% |   5.2 MiB/s |  58.8 KiB |  00m00s
DEBUG util.py:459:  [ 95/105] libtool-ltdl-0:2.4.7-12.fc41. 100% |  12.9 MiB/s |  39.7 KiB |  00m00s
DEBUG util.py:459:  [ 96/105] libevent-0:2.1.12-14.fc41.ppc 100% |  33.5 MiB/s | 274.8 KiB |  00m00s
DEBUG util.py:459:  [ 97/105] cyrus-sasl-lib-0:2.1.28-27.fc 100% |  45.4 MiB/s | 883.1 KiB |  00m00s
DEBUG util.py:459:  [ 98/105] mpfr-0:4.2.1-5.fc41.ppc64le   100% |  26.7 MiB/s | 354.9 KiB |  00m00s
DEBUG util.py:459:  [ 99/105] readline-0:8.2-10.fc41.ppc64l 100% |  28.1 MiB/s | 230.2 KiB |  00m00s
DEBUG util.py:459:  [100/105] gdbm-libs-1:1.23-7.fc41.ppc64 100% |  10.0 MiB/s |  61.7 KiB |  00m00s
DEBUG util.py:459:  [101/105] libxcrypt-0:4.4.38-7.fc41.ppc 100% |  19.5 MiB/s | 139.8 KiB |  00m00s
DEBUG util.py:459:  [102/105] shadow-utils-2:4.15.1-12.fc41 100% |  34.5 MiB/s |   1.3 MiB |  00m00s
DEBUG util.py:459:  [103/105] libsemanage-0:3.7-2.fc41.ppc6 100% |   8.3 MiB/s | 128.1 KiB |  00m00s
DEBUG util.py:459:  [104/105] glibc-minimal-langpack-0:2.40 100% |   8.0 MiB/s |  89.6 KiB |  00m00s
DEBUG util.py:459:  [105/105] fedora-release-identity-basic 100% |   3.4 MiB/s |  13.8 KiB |  00m00s
DEBUG util.py:459:  --------------------------------------------------------------------------------
DEBUG util.py:459:  [105/105] Total                         100% |  59.4 MiB/s |  42.9 MiB |  00m01s
DEBUG util.py:459:  Running transaction
DEBUG util.py:459:  [  1/107] Verify package files          100% | 202.0   B/s | 105.0   B |  00m01s
DEBUG util.py:459:  [  2/107] Prepare transaction           100% |   1.2 KiB/s | 105.0   B |  00m00s
DEBUG util.py:459:  [  3/107] Installing libgcc-0:14.2.1-7. 100% |  34.7 MiB/s | 284.5 KiB |  00m00s
DEBUG util.py:459:  [  4/107] Installing fedora-release-ide 100% | 222.7 KiB/s | 912.0   B |  00m00s
DEBUG util.py:459:  [  5/107] Installing fedora-gpg-keys-0: 100% |   5.1 MiB/s | 172.2 KiB |  00m00s
DEBUG util.py:459:  [  6/107] Installing fedora-repos-0:41- 100% |   1.9 MiB/s |   5.7 KiB |  00m00s
DEBUG util.py:459:  [  7/107] Installing fedora-release-com 100% |   2.6 MiB/s |  24.0 KiB |  00m00s
DEBUG util.py:459:  [  8/107] Installing fedora-release-0:4 100% |  40.4 KiB/s | 124.0   B |  00m00s
DEBUG util.py:459:  [  9/107] Installing setup-0:2.15.0-8.f 100% |  18.2 MiB/s | 726.5 KiB |  00m00s
DEBUG util.py:459:  >>> [RPM] /etc/hosts created as /etc/hosts.rpmnew                               
DEBUG util.py:459:  [ 10/107] Installing filesystem-0:3.18- 100% | 668.2 KiB/s | 212.5 KiB |  00m00s
DEBUG util.py:459:  [ 11/107] Installing basesystem-0:11-21 100% | 121.1 KiB/s | 124.0   B |  00m00s
DEBUG util.py:459:  [ 12/107] Installing libssh-config-0:0. 100% | 398.4 KiB/s | 816.0   B |  00m00s
DEBUG util.py:459:  [ 13/107] Installing publicsuffix-list- 100% |  16.9 MiB/s |  69.2 KiB |  00m00s
DEBUG util.py:459:  [ 14/107] Installing coreutils-common-0 100% |  96.5 MiB/s |  11.2 MiB |  00m00s
DEBUG util.py:459:  [ 15/107] Installing pcre2-syntax-0:10. 100% |  41.4 MiB/s | 254.1 KiB |  00m00s
DEBUG util.py:459:  [ 16/107] Installing ncurses-base-0:6.5 100% |  12.3 MiB/s | 351.7 KiB |  00m00s
DEBUG util.py:459:  [ 17/107] Installing ncurses-libs-0:6.5 100% | 101.4 MiB/s |   2.4 MiB |  00m00s
DEBUG util.py:459:  [ 18/107] Installing glibc-0:2.40-25.fc 100% | 110.5 MiB/s |  11.6 MiB |  00m00s
DEBUG util.py:459:  [ 19/107] Installing bash-0:5.2.32-1.fc 100% | 110.0 MiB/s |   8.7 MiB |  00m00s
DEBUG util.py:459:  [ 20/107] Installing glibc-common-0:2.4 100% |  71.7 MiB/s |   1.5 MiB |  00m00s
DEBUG util.py:459:  [ 21/107] Installing glibc-minimal-lang 100% |  60.5 KiB/s | 124.0   B |  00m00s
DEBUG util.py:459:  [ 22/107] Installing zlib-ng-compat-0:2 100% |  48.4 MiB/s | 198.4 KiB |  00m00s
DEBUG util.py:459:  [ 23/107] Installing libstdc++-0:14.2.1 100% | 123.7 MiB/s |   3.7 MiB |  00m00s
DEBUG util.py:459:  [ 24/107] Installing libzstd-0:1.5.7-1. 100% |  90.4 MiB/s | 925.3 KiB |  00m00s
DEBUG util.py:459:  [ 25/107] Installing bzip2-libs-0:1.0.8 100% |  49.3 MiB/s | 201.8 KiB |  00m00s
DEBUG util.py:459:  [ 26/107] Installing xz-libs-1:5.8.1-2. 100% |  52.1 MiB/s | 266.5 KiB |  00m00s
DEBUG util.py:459:  [ 27/107] Installing gmp-1:6.3.0-2.fc41 100% |  83.3 MiB/s | 852.5 KiB |  00m00s
DEBUG util.py:459:  [ 28/107] Installing libxml2-0:2.12.10- 100% | 113.4 MiB/s |   2.3 MiB |  00m00s
DEBUG util.py:459:  [ 29/107] Installing fmt-0:11.0.2-2.fc4 100% |  25.6 MiB/s | 314.0 KiB |  00m00s
DEBUG util.py:459:  [ 30/107] Installing crypto-policies-0: 100% |   5.0 MiB/s | 163.7 KiB |  00m00s
DEBUG util.py:459:  [ 31/107] Installing json-c-0:0.17-4.fc 100% |  49.7 MiB/s | 203.6 KiB |  00m00s
DEBUG util.py:459:  [ 32/107] Installing popt-0:1.19-7.fc41 100% |  19.5 MiB/s | 279.4 KiB |  00m00s
DEBUG util.py:459:  [ 33/107] Installing libffi-0:3.4.6-3.f 100% |  53.6 MiB/s | 219.4 KiB |  00m00s
DEBUG util.py:459:  [ 34/107] Installing pcre2-0:10.44-1.fc 100% |  94.8 MiB/s | 970.3 KiB |  00m00s
DEBUG util.py:459:  [ 35/107] Installing libattr-0:2.5.2-4. 100% |  48.1 MiB/s | 197.2 KiB |  00m00s
DEBUG util.py:459:  [ 36/107] Installing libacl-0:2.3.2-2.f 100% |  64.0 MiB/s | 196.6 KiB |  00m00s
DEBUG util.py:459:  [ 37/107] Installing libtasn1-0:4.20.0- 100% |  36.1 MiB/s | 222.0 KiB |  00m00s
DEBUG util.py:459:  [ 38/107] Installing p11-kit-0:0.25.5-3 100% |  74.9 MiB/s |   3.1 MiB |  00m00s
DEBUG util.py:459:  [ 39/107] Installing libunistring-0:1.1 100% | 104.0 MiB/s |   1.9 MiB |  00m00s
DEBUG util.py:459:  [ 40/107] Installing libidn2-0:2.3.8-1. 100% |  34.6 MiB/s | 566.5 KiB |  00m00s
DEBUG util.py:459:  [ 41/107] Installing elfutils-libelf-0: 100% | 104.4 MiB/s |   1.3 MiB |  00m00s
DEBUG util.py:459:  [ 42/107] Installing sqlite-libs-0:3.46 100% | 113.9 MiB/s |   1.9 MiB |  00m00s
DEBUG util.py:459:  [ 43/107] Installing lua-libs-0:5.4.7-3 100% |  64.2 MiB/s | 394.2 KiB |  00m00s
DEBUG util.py:459:  [ 44/107] Installing libuuid-0:2.40.4-1 100% |  22.4 MiB/s |  68.7 KiB |  00m00s
DEBUG util.py:459:  [ 45/107] Installing libsepol-0:3.7-2.f 100% | 110.5 MiB/s |   1.1 MiB |  00m00s
DEBUG util.py:459:  [ 46/107] Installing libselinux-0:3.7-5 100% |  53.8 MiB/s | 330.3 KiB |  00m00s
DEBUG util.py:459:  [ 47/107] Installing sed-0:4.9-3.fc41.p 100% |  29.0 MiB/s |   1.0 MiB |  00m00s
DEBUG util.py:459:  [ 48/107] Installing libeconf-0:0.6.2-3 100% |  33.8 MiB/s | 207.6 KiB |  00m00s
DEBUG util.py:459:  [ 49/107] Installing libxcrypt-0:4.4.38 100% |  47.3 MiB/s | 339.0 KiB |  00m00s
DEBUG util.py:459:  [ 50/107] Installing findutils-1:4.10.0 100% |  65.8 MiB/s |   2.2 MiB |  00m00s
DEBUG util.py:459:  [ 51/107] Installing libblkid-0:2.40.4- 100% |  57.0 MiB/s | 350.2 KiB |  00m00s
DEBUG util.py:459:  [ 52/107] Installing libmount-0:2.40.4- 100% |  77.8 MiB/s | 477.9 KiB |  00m00s
DEBUG util.py:459:  [ 53/107] Installing libpsl-0:0.21.5-4. 100% |   4.6 MiB/s | 197.3 KiB |  00m00s
DEBUG util.py:459:  [ 54/107] Installing grep-0:3.11-9.fc41 100% |  40.0 MiB/s |   1.2 MiB |  00m00s
DEBUG util.py:459:  [ 55/107] Installing nettle-0:3.10-3.fc 100% |  83.4 MiB/s |   1.0 MiB |  00m00s
DEBUG util.py:459:  [ 56/107] Installing mpfr-0:4.2.1-5.fc4 100% |  86.9 MiB/s | 978.6 KiB |  00m00s
DEBUG util.py:459:  [ 57/107] Installing file-libs-0:5.45-7 100% | 183.4 MiB/s |  10.1 MiB |  00m00s
DEBUG util.py:459:  [ 58/107] Installing elfutils-default-y 100% | 255.4 KiB/s |   2.0 KiB |  00m00s
DEBUG util.py:459:  [ 59/107] Installing elfutils-libs-0:0. 100% |  77.8 MiB/s | 876.6 KiB |  00m00s
DEBUG util.py:459:  [ 60/107] Installing libsmartcols-0:2.4 100% |  55.7 MiB/s | 285.4 KiB |  00m00s
DEBUG util.py:459:  [ 61/107] Installing libgomp-0:14.2.1-7 100% |  60.9 MiB/s | 623.3 KiB |  00m00s
DEBUG util.py:459:  [ 62/107] Installing libyaml-0:0.2.5-16 100% |  19.5 MiB/s | 199.8 KiB |  00m00s
DEBUG util.py:459:  [ 63/107] Installing lz4-libs-0:1.10.0- 100% |  45.5 MiB/s | 326.3 KiB |  00m00s
DEBUG util.py:459:  [ 64/107] Installing alternatives-0:1.3 100% |  22.0 MiB/s |  90.2 KiB |  00m00s
DEBUG util.py:459:  [ 65/107] Installing p11-kit-trust-0:0. 100% |  45.8 MiB/s | 657.0 KiB |  00m00s
DEBUG util.py:459:  [ 66/107] Installing gnutls-0:3.8.9-2.f 100% | 112.0 MiB/s |   3.8 MiB |  00m00s
DEBUG util.py:459:  [ 67/107] Installing glib2-0:2.82.5-1.f 100% | 116.6 MiB/s |  16.2 MiB |  00m00s
DEBUG util.py:459:  [ 68/107] Installing libcap-ng-0:0.8.5- 100% |  68.1 MiB/s | 418.4 KiB |  00m00s
DEBUG util.py:459:  [ 69/107] Installing audit-libs-0:4.0.3 100% |  67.1 MiB/s | 481.1 KiB |  00m00s
DEBUG util.py:459:  [ 70/107] Installing pam-libs-0:1.6.1-7 100% |  47.0 MiB/s | 288.8 KiB |  00m00s
DEBUG util.py:459:  [ 71/107] Installing libcap-0:2.70-4.fc 100% | 105.8 MiB/s |   1.4 MiB |  00m00s
DEBUG util.py:459:  [ 72/107] Installing openssl-libs-1:3.2 100% | 118.7 MiB/s |   7.7 MiB |  00m00s
DEBUG util.py:459:  [ 73/107] Installing coreutils-0:9.5-11 100% |  97.5 MiB/s |   9.4 MiB |  00m00s
DEBUG util.py:459:  [ 74/107] Installing ca-certificates-0: 100% |   1.2 MiB/s |   2.4 MiB |  00m02s
DEBUG util.py:459:  [ 75/107] Installing zchunk-libs-0:1.5. 100% |  43.4 MiB/s | 266.5 KiB |  00m00s
DEBUG util.py:459:  [ 76/107] Installing systemd-libs-0:256 100% | 103.3 MiB/s |   2.6 MiB |  00m00s
DEBUG util.py:459:  [ 77/107] Installing sdbus-cpp-0:1.5.0- 100% |  59.8 MiB/s | 367.3 KiB |  00m00s
DEBUG util.py:459:  [ 78/107] Installing rpm-sequoia-0:1.7. 100% | 116.8 MiB/s |   2.8 MiB |  00m00s
DEBUG util.py:459:  [ 79/107] Installing rpm-libs-0:4.20.1- 100% |  88.0 MiB/s | 991.7 KiB |  00m00s
DEBUG util.py:459:  [ 80/107] Installing rpm-build-libs-0:4 100% |  36.8 MiB/s | 263.4 KiB |  00m00s
DEBUG util.py:459:  [ 81/107] Installing libmodulemd-0:2.15 100% |  90.3 MiB/s |   1.1 MiB |  00m00s
DEBUG util.py:459:  [ 82/107] Installing libsolv-0:0.7.32-4 100% |  80.8 MiB/s |   1.3 MiB |  00m00s
DEBUG util.py:459:  [ 83/107] Installing libarchive-0:3.7.4 100% |  79.1 MiB/s |   1.3 MiB |  00m00s
DEBUG util.py:459:  [ 84/107] Installing libevent-0:2.1.12- 100% |  61.0 MiB/s |   1.6 MiB |  00m00s
DEBUG util.py:459:  [ 85/107] Installing libsemanage-0:3.7- 100% |  32.0 MiB/s | 491.3 KiB |  00m00s
DEBUG util.py:459:  [ 86/107] Installing shadow-utils-2:4.1 100% |  30.3 MiB/s |   5.1 MiB |  00m00s
DEBUG util.py:459:  [ 87/107] Installing libbrotli-0:1.1.0- 100% |  90.4 MiB/s |   1.3 MiB |  00m00s
DEBUG util.py:459:  [ 88/107] Installing libnghttp2-0:1.62. 100% |  27.8 MiB/s | 199.2 KiB |  00m00s
DEBUG util.py:459:  [ 89/107] Installing keyutils-libs-0:1. 100% |  31.7 MiB/s | 227.5 KiB |  00m00s
DEBUG util.py:459:  [ 90/107] Installing libcom_err-0:1.47. 100% |  18.3 MiB/s | 112.2 KiB |  00m00s
DEBUG util.py:459:  [ 91/107] Installing libverto-0:0.3.2-9 100% |  32.4 MiB/s | 199.0 KiB |  00m00s
DEBUG util.py:459:  [ 92/107] Installing libtool-ltdl-0:2.4 100% |  43.6 MiB/s | 223.2 KiB |  00m00s
DEBUG util.py:459:  [ 93/107] Installing readline-0:8.2-10. 100% |  78.4 MiB/s | 883.1 KiB |  00m00s
DEBUG util.py:459:  [ 94/107] Installing gawk-0:5.3.0-4.fc4 100% | 107.4 MiB/s |   4.5 MiB |  00m00s
DEBUG util.py:459:  [ 95/107] Installing krb5-libs-0:1.21.3 100% |  90.0 MiB/s |   3.0 MiB |  00m00s
DEBUG util.py:459:  [ 96/107] Installing libssh-0:0.10.6-8. 100% |  68.8 MiB/s | 775.5 KiB |  00m00s
DEBUG util.py:459:  [ 97/107] Installing gdbm-libs-1:1.23-7 100% |  69.5 MiB/s | 427.2 KiB |  00m00s
DEBUG util.py:459:  [ 98/107] Installing cyrus-sasl-lib-0:2 100% | 110.8 MiB/s |   3.5 MiB |  00m00s
DEBUG util.py:459:  [ 99/107] Installing openldap-0:2.6.9-1 100% |  67.1 MiB/s | 893.0 KiB |  00m00s
DEBUG util.py:459:  [100/107] Installing libcurl-0:8.9.1-3. 100% |  92.2 MiB/s |   1.0 MiB |  00m00s
DEBUG util.py:459:  [101/107] Installing librepo-0:1.19.0-1 100% |  40.9 MiB/s | 293.4 KiB |  00m00s
DEBUG util.py:459:  [102/107] Installing libdnf5-0:5.2.13.1 100% | 103.7 MiB/s |   3.9 MiB |  00m00s
DEBUG util.py:459:  >>> [RPM] /etc/dnf/dnf.conf created as /etc/dnf/dnf.conf.rpmnew                 
DEBUG util.py:459:  [103/107] Installing libdnf5-cli-0:5.2. 100% |  57.7 MiB/s |   1.0 MiB |  00m00s
DEBUG util.py:459:  [104/107] Installing dnf5-0:5.2.13.1-1. 100% |  53.3 MiB/s |   2.6 MiB |  00m00s
DEBUG util.py:459:  [105/107] Installing curl-0:8.9.1-3.fc4 100% |  38.2 MiB/s | 859.9 KiB |  00m00s
DEBUG util.py:459:  [106/107] Installing rpm-0:4.20.1-1.fc4 100% |  38.6 MiB/s |   2.7 MiB |  00m00s
DEBUG util.py:459:  [107/107] Installing dnf5-plugins-0:5.2 100% | 618.8 KiB/s |   1.5 MiB |  00m02s
DEBUG util.py:459:  Warning: skipped OpenPGP checks for 105 packages from repository: build
DEBUG util.py:459:  Complete!
DEBUG util.py:608:  Child return code was: 0
DEBUG util.py:183:  kill orphans in chroot /var/lib/mock/f41-build-59817139-6576644-bootstrap/root
DEBUG util.py:634:  child environment: None
DEBUG util.py:556:  Executing command: ['/bin/umount', '-n', '-l', '/var/lib/mock/f41-build-59817139-6576644-bootstrap/root/sys/fs/selinux'] with env {'TERM': 'vt100', 'SHELL': '/bin/sh', 'HOME': '/builddir', 'HOSTNAME': 'mock', 'PATH': '/usr/bin:/bin:/usr/sbin:/sbin', 'LANG': 'C.UTF-8'} and shell False
DEBUG util.py:608:  Child return code was: 0
DEBUG util.py:634:  child environment: None
DEBUG util.py:556:  Executing command: ['/bin/umount', '-n', '/var/lib/mock/f41-build-59817139-6576644-bootstrap/root/proc/filesystems'] with env {'TERM': 'vt100', 'SHELL': '/bin/sh', 'HOME': '/builddir', 'HOSTNAME': 'mock', 'PATH': '/usr/bin:/bin:/usr/sbin:/sbin', 'LANG': 'C.UTF-8'} and shell False
DEBUG util.py:608:  Child return code was: 0
DEBUG util.py:634:  child environment: None
DEBUG util.py:556:  Executing command: ['/bin/umount', '-n', '-l', '/var/lib/mock/f41-build-59817139-6576644-bootstrap/root/dev/pts'] with env {'TERM': 'vt100', 'SHELL': '/bin/sh', 'HOME': '/builddir', 'HOSTNAME': 'mock', 'PATH': '/usr/bin:/bin:/usr/sbin:/sbin', 'LANG': 'C.UTF-8'} and shell False
DEBUG util.py:608:  Child return code was: 0
DEBUG util.py:634:  child environment: None
DEBUG util.py:556:  Executing command: ['/bin/umount', '-n', '-l', '/var/lib/mock/f41-build-59817139-6576644-bootstrap/root/dev/shm'] with env {'TERM': 'vt100', 'SHELL': '/bin/sh', 'HOME': '/builddir', 'HOSTNAME': 'mock', 'PATH': '/usr/bin:/bin:/usr/sbin:/sbin', 'LANG': 'C.UTF-8'} and shell False
DEBUG util.py:608:  Child return code was: 0
DEBUG util.py:634:  child environment: None
DEBUG util.py:556:  Executing command: ['/bin/umount', '-n', '-l', '/var/lib/mock/f41-build-59817139-6576644-bootstrap/root/sys'] with env {'TERM': 'vt100', 'SHELL': '/bin/sh', 'HOME': '/builddir', 'HOSTNAME': 'mock', 'PATH': '/usr/bin:/bin:/usr/sbin:/sbin', 'LANG': 'C.UTF-8'} and shell False
DEBUG util.py:608:  Child return code was: 0
DEBUG util.py:634:  child environment: None
DEBUG util.py:556:  Executing command: ['/bin/umount', '-n', '-l', '/var/lib/mock/f41-build-59817139-6576644-bootstrap/root/sys'] with env {'TERM': 'vt100', 'SHELL': '/bin/sh', 'HOME': '/builddir', 'HOSTNAME': 'mock', 'PATH': '/usr/bin:/bin:/usr/sbin:/sbin', 'LANG': 'C.UTF-8'} and shell False
DEBUG util.py:608:  Child return code was: 0
DEBUG util.py:634:  child environment: None
DEBUG util.py:556:  Executing command: ['/bin/umount', '-n', '-l', '/var/lib/mock/f41-build-59817139-6576644-bootstrap/root/proc'] with env {'TERM': 'vt100', 'SHELL': '/bin/sh', 'HOME': '/builddir', 'HOSTNAME': 'mock', 'PATH': '/usr/bin:/bin:/usr/sbin:/sbin', 'LANG': 'C.UTF-8'} and shell False
DEBUG util.py:608:  Child return code was: 0
DEBUG util.py:634:  child environment: None
DEBUG util.py:556:  Executing command: ['/bin/umount', '-n', '-l', '/var/lib/mock/f41-build-59817139-6576644-bootstrap/root/proc'] with env {'TERM': 'vt100', 'SHELL': '/bin/sh', 'HOME': '/builddir', 'HOSTNAME': 'mock', 'PATH': '/usr/bin:/bin:/usr/sbin:/sbin', 'LANG': 'C.UTF-8'} and shell False
DEBUG util.py:608:  Child return code was: 0
DEBUG file_util.py:30:  touching file: /var/lib/mock/f41-build-59817139-6576644-bootstrap/root/etc/os-release
DEBUG buildroot.py:38:  method _setup_build_dirs skipped in bootstrap
DEBUG buildroot.py:38:  method _make_users skipped in bootstrap
DEBUG file_util.py:30:  touching file: /var/lib/mock/f41-build-59817139-6576644-bootstrap/root/.initialized
DEBUG file_util.py:18:  ensuring that dir exists: /var/lib/mock/f41-build-59817139-6576644
DEBUG file_util.py:18:  ensuring that dir exists: /var/lib/mock/f41-build-59817139-6576644/root
DEBUG file_util.py:18:  ensuring that dir exists: /var/lib/mock/f41-build-59817139-6576644/result
INFO buildroot.py:318:  calling preinit hooks
DEBUG util.py:634:  child environment: None
DEBUG util.py:556:  Executing command: ['/usr/bin/lscpu'] with env {'TERM': 'vt100', 'SHELL': '/bin/sh', 'HOME': '/builddir', 'HOSTNAME': 'mock', 'PATH': '/usr/bin:/bin:/usr/sbin:/sbin', 'LANG': 'C.UTF-8'} and shell False
DEBUG util.py:461:  Architecture:                         ppc64le
DEBUG util.py:461:  Byte Order:                           Little Endian
DEBUG util.py:461:  CPU(s):                               8
DEBUG util.py:461:  On-line CPU(s) list:                  0-7
DEBUG util.py:461:  Model name:                           POWER9 (architected), altivec supported
DEBUG util.py:461:  Model:                                2.2 (pvr 004e 1202)
DEBUG util.py:461:  Thread(s) per core:                   1
DEBUG util.py:461:  Core(s) per socket:                   1
DEBUG util.py:461:  Socket(s):                            8
DEBUG util.py:461:  Hypervisor vendor:                    KVM
DEBUG util.py:461:  Virtualization type:                  para
DEBUG util.py:461:  L1d cache:                            256 KiB (8 instances)
DEBUG util.py:461:  L1i cache:                            256 KiB (8 instances)
DEBUG util.py:461:  NUMA node(s):                         1
DEBUG util.py:461:  NUMA node0 CPU(s):                    0-7
DEBUG util.py:461:  Vulnerability Gather data sampling:   Not affected
DEBUG util.py:461:  Vulnerability Itlb multihit:          Not affected
DEBUG util.py:461:  Vulnerability L1tf:                   Mitigation; RFI Flush, L1D private per thread
DEBUG util.py:461:  Vulnerability Mds:                    Not affected
DEBUG util.py:461:  Vulnerability Meltdown:               Mitigation; RFI Flush, L1D private per thread
DEBUG util.py:461:  Vulnerability Mmio stale data:        Not affected
DEBUG util.py:461:  Vulnerability Reg file data sampling: Not affected
DEBUG util.py:461:  Vulnerability Retbleed:               Not affected
DEBUG util.py:461:  Vulnerability Spec rstack overflow:   Not affected
DEBUG util.py:461:  Vulnerability Spec store bypass:      Mitigation; Kernel entry/exit barrier (eieio)
DEBUG util.py:461:  Vulnerability Spectre v1:             Mitigation; __user pointer sanitization, ori31 speculation barrier enabled
DEBUG util.py:461:  Vulnerability Spectre v2:             Mitigation; Software count cache flush (hardware accelerated), Software link stack flush
DEBUG util.py:461:  Vulnerability Srbds:                  Not affected
DEBUG util.py:461:  Vulnerability Tsx async abort:        Not affected
DEBUG util.py:608:  Child return code was: 0
DEBUG util.py:634:  child environment: None
DEBUG util.py:556:  Executing command: ['/bin/free'] with env {'TERM': 'vt100', 'SHELL': '/bin/sh', 'HOME': '/builddir', 'HOSTNAME': 'mock', 'PATH': '/usr/bin:/bin:/usr/sbin:/sbin', 'LANG': 'C.UTF-8'} and shell False
DEBUG util.py:461:                 total        used        free      shared  buff/cache   available
DEBUG util.py:461:  Mem:        20757504     2013184     7387648        6144    11517440    18744320
DEBUG util.py:461:  Swap:        8388544      228096     8160448
DEBUG util.py:608:  Child return code was: 0
DEBUG util.py:634:  child environment: None
DEBUG util.py:556:  Executing command: ['/bin/df', '-H', '-T', '/var/lib/mock/f41-build-59817139-6576644/root', '/var/cache/mock'] with env {'TERM': 'vt100', 'SHELL': '/bin/sh', 'HOME': '/builddir', 'HOSTNAME': 'mock', 'PATH': '/usr/bin:/bin:/usr/sbin:/sbin', 'LANG': 'C.UTF-8'} and shell False
DEBUG util.py:461:  Filesystem     Type   Size  Used Avail Use% Mounted on
DEBUG util.py:461:  /dev/vda3      btrfs  274G   40G  229G  15% /
DEBUG util.py:461:  /dev/vda3      btrfs  274G   40G  229G  15% /
DEBUG util.py:608:  Child return code was: 0
DEBUG buildroot.py:723:  create skeleton dirs
DEBUG file_util.py:18:  ensuring that dir exists: /var/lib/mock/f41-build-59817139-6576644/root/var/lib/rpm
DEBUG file_util.py:21:  created dir: /var/lib/mock/f41-build-59817139-6576644/root/var/lib/rpm
DEBUG file_util.py:18:  ensuring that dir exists: /var/lib/mock/f41-build-59817139-6576644/root/var/lib/yum
DEBUG file_util.py:21:  created dir: /var/lib/mock/f41-build-59817139-6576644/root/var/lib/yum
DEBUG file_util.py:18:  ensuring that dir exists: /var/lib/mock/f41-build-59817139-6576644/root/var/lib/dbus
DEBUG file_util.py:21:  created dir: /var/lib/mock/f41-build-59817139-6576644/root/var/lib/dbus
DEBUG file_util.py:18:  ensuring that dir exists: /var/lib/mock/f41-build-59817139-6576644/root/var/log
DEBUG file_util.py:21:  created dir: /var/lib/mock/f41-build-59817139-6576644/root/var/log
DEBUG file_util.py:18:  ensuring that dir exists: /var/lib/mock/f41-build-59817139-6576644/root/var/cache/dnf
DEBUG file_util.py:21:  created dir: /var/lib/mock/f41-build-59817139-6576644/root/var/cache/dnf
DEBUG file_util.py:18:  ensuring that dir exists: /var/lib/mock/f41-build-59817139-6576644/root/var/cache/yum
DEBUG file_util.py:21:  created dir: /var/lib/mock/f41-build-59817139-6576644/root/var/cache/yum
DEBUG file_util.py:18:  ensuring that dir exists: /var/lib/mock/f41-build-59817139-6576644/root/etc/rpm
DEBUG file_util.py:21:  created dir: /var/lib/mock/f41-build-59817139-6576644/root/etc/rpm
DEBUG file_util.py:18:  ensuring that dir exists: /var/lib/mock/f41-build-59817139-6576644/root/tmp
DEBUG file_util.py:21:  created dir: /var/lib/mock/f41-build-59817139-6576644/root/tmp
DEBUG file_util.py:18:  ensuring that dir exists: /var/lib/mock/f41-build-59817139-6576644/root/tmp/ccache
DEBUG file_util.py:21:  created dir: /var/lib/mock/f41-build-59817139-6576644/root/tmp/ccache
DEBUG file_util.py:18:  ensuring that dir exists: /var/lib/mock/f41-build-59817139-6576644/root/var/tmp
DEBUG file_util.py:21:  created dir: /var/lib/mock/f41-build-59817139-6576644/root/var/tmp
DEBUG file_util.py:18:  ensuring that dir exists: /var/lib/mock/f41-build-59817139-6576644/root/etc/dnf
DEBUG file_util.py:21:  created dir: /var/lib/mock/f41-build-59817139-6576644/root/etc/dnf
DEBUG file_util.py:18:  ensuring that dir exists: /var/lib/mock/f41-build-59817139-6576644/root/etc/dnf/vars
DEBUG file_util.py:21:  created dir: /var/lib/mock/f41-build-59817139-6576644/root/etc/dnf/vars
DEBUG file_util.py:18:  ensuring that dir exists: /var/lib/mock/f41-build-59817139-6576644/root/etc/yum.repos.d
DEBUG file_util.py:21:  created dir: /var/lib/mock/f41-build-59817139-6576644/root/etc/yum.repos.d
DEBUG file_util.py:18:  ensuring that dir exists: /var/lib/mock/f41-build-59817139-6576644/root/etc/yum
DEBUG file_util.py:21:  created dir: /var/lib/mock/f41-build-59817139-6576644/root/etc/yum
DEBUG file_util.py:18:  ensuring that dir exists: /var/lib/mock/f41-build-59817139-6576644/root/proc
DEBUG file_util.py:21:  created dir: /var/lib/mock/f41-build-59817139-6576644/root/proc
DEBUG file_util.py:18:  ensuring that dir exists: /var/lib/mock/f41-build-59817139-6576644/root/sys
DEBUG file_util.py:21:  created dir: /var/lib/mock/f41-build-59817139-6576644/root/sys
DEBUG file_util.py:18:  ensuring that dir exists: /var/lib/mock/f41-build-59817139-6576644/root/dev/pts
DEBUG file_util.py:21:  created dir: /var/lib/mock/f41-build-59817139-6576644/root/dev/pts
DEBUG file_util.py:18:  ensuring that dir exists: /var/lib/mock/f41-build-59817139-6576644/root/dev/shm
DEBUG file_util.py:21:  created dir: /var/lib/mock/f41-build-59817139-6576644/root/dev/shm
DEBUG file_util.py:18:  ensuring that dir exists: /var/lib/mock/f41-build-59817139-6576644/root/dev/mapper
DEBUG file_util.py:21:  created dir: /var/lib/mock/f41-build-59817139-6576644/root/dev/mapper
DEBUG buildroot.py:867:  kernel version == 6.12.13-200.fc41.ppc64le
DEBUG file_util.py:30:  touching file: /var/lib/mock/f41-build-59817139-6576644/root/etc/fstab
DEBUG file_util.py:30:  touching file: /var/lib/mock/f41-build-59817139-6576644/root/etc/yum/yum.conf
DEBUG file_util.py:30:  touching file: /var/lib/mock/f41-build-59817139-6576644/root/etc/dnf/dnf.conf
DEBUG file_util.py:30:  touching file: /var/lib/mock/f41-build-59817139-6576644/root/var/log/yum.log
DEBUG buildroot.py:332:  rootdir = /var/lib/mock/f41-build-59817139-6576644/root
DEBUG buildroot.py:333:  resultdir = /var/lib/mock/f41-build-59817139-6576644/result
INFO buildroot.py:181:  Package manager dnf5 detected and used (direct choice)
DEBUG file_util.py:18:  ensuring that dir exists: /var/lib/mock/f41-build-59817139-6576644/root/etc/pki/mock
DEBUG file_util.py:21:  created dir: /var/lib/mock/f41-build-59817139-6576644/root/etc/pki/mock
DEBUG file_util.py:158:  Updating files in /var/lib/mock/f41-build-59817139-6576644/root/etc/pki/ca-trust with files from /etc/pki/ca-trust
DEBUG file_util.py:18:  ensuring that dir exists: /var/lib/mock/f41-build-59817139-6576644/root/etc/pki/ca-trust
DEBUG file_util.py:21:  created dir: /var/lib/mock/f41-build-59817139-6576644/root/etc/pki/ca-trust
DEBUG file_util.py:18:  ensuring that dir exists: /var/lib/mock/f41-build-59817139-6576644/root/etc/pki/ca-trust/./extracted
DEBUG file_util.py:21:  created dir: /var/lib/mock/f41-build-59817139-6576644/root/etc/pki/ca-trust/./extracted
DEBUG file_util.py:18:  ensuring that dir exists: /var/lib/mock/f41-build-59817139-6576644/root/etc/pki/ca-trust/./source
DEBUG file_util.py:21:  created dir: /var/lib/mock/f41-build-59817139-6576644/root/etc/pki/ca-trust/./source
DEBUG file_util.py:18:  ensuring that dir exists: /var/lib/mock/f41-build-59817139-6576644/root/etc/pki/ca-trust/extracted/edk2
DEBUG file_util.py:21:  created dir: /var/lib/mock/f41-build-59817139-6576644/root/etc/pki/ca-trust/extracted/edk2
DEBUG file_util.py:18:  ensuring that dir exists: /var/lib/mock/f41-build-59817139-6576644/root/etc/pki/ca-trust/extracted/java
DEBUG file_util.py:21:  created dir: /var/lib/mock/f41-build-59817139-6576644/root/etc/pki/ca-trust/extracted/java
DEBUG file_util.py:18:  ensuring that dir exists: /var/lib/mock/f41-build-59817139-6576644/root/etc/pki/ca-trust/extracted/openssl
DEBUG file_util.py:21:  created dir: /var/lib/mock/f41-build-59817139-6576644/root/etc/pki/ca-trust/extracted/openssl
DEBUG file_util.py:18:  ensuring that dir exists: /var/lib/mock/f41-build-59817139-6576644/root/etc/pki/ca-trust/extracted/pem
DEBUG file_util.py:21:  created dir: /var/lib/mock/f41-build-59817139-6576644/root/etc/pki/ca-trust/extracted/pem
DEBUG file_util.py:18:  ensuring that dir exists: /var/lib/mock/f41-build-59817139-6576644/root/etc/pki/ca-trust/extracted/pem/directory-hash
DEBUG file_util.py:21:  created dir: /var/lib/mock/f41-build-59817139-6576644/root/etc/pki/ca-trust/extracted/pem/directory-hash
DEBUG file_util.py:18:  ensuring that dir exists: /var/lib/mock/f41-build-59817139-6576644/root/etc/pki/ca-trust/source/anchors
DEBUG file_util.py:21:  created dir: /var/lib/mock/f41-build-59817139-6576644/root/etc/pki/ca-trust/source/anchors
DEBUG file_util.py:18:  ensuring that dir exists: /var/lib/mock/f41-build-59817139-6576644/root/etc/pki/ca-trust/source/blocklist
DEBUG file_util.py:21:  created dir: /var/lib/mock/f41-build-59817139-6576644/root/etc/pki/ca-trust/source/blocklist
DEBUG file_util.py:158:  Updating files in /var/lib/mock/f41-build-59817139-6576644/root/usr/share/pki/ca-trust-source with files from /usr/share/pki/ca-trust-source
DEBUG file_util.py:18:  ensuring that dir exists: /var/lib/mock/f41-build-59817139-6576644/root/usr/share/pki/ca-trust-source
DEBUG file_util.py:21:  created dir: /var/lib/mock/f41-build-59817139-6576644/root/usr/share/pki/ca-trust-source
DEBUG file_util.py:18:  ensuring that dir exists: /var/lib/mock/f41-build-59817139-6576644/root/usr/share/pki/ca-trust-source/./anchors
DEBUG file_util.py:21:  created dir: /var/lib/mock/f41-build-59817139-6576644/root/usr/share/pki/ca-trust-source/./anchors
DEBUG file_util.py:18:  ensuring that dir exists: /var/lib/mock/f41-build-59817139-6576644/root/usr/share/pki/ca-trust-source/./blocklist
DEBUG file_util.py:21:  created dir: /var/lib/mock/f41-build-59817139-6576644/root/usr/share/pki/ca-trust-source/./blocklist
DEBUG file_util.py:18:  ensuring that dir exists: /var/lib/mock/f41-build-59817139-6576644/root/etc/dnf
DEBUG package_manager.py:689:  configure DNF vars
DEBUG file_util.py:18:  ensuring that dir exists: /var/lib/mock/f41-build-59817139-6576644/root/etc
DEBUG file_util.py:18:  ensuring that dir exists: /var/lib/mock/f41-build-59817139-6576644/root/proc
DEBUG util.py:634:  child environment: None
DEBUG util.py:556:  Executing command: ['/bin/mount', '-n', '-t', 'tmpfs', '-o', 'rprivate,mode=0755', 'tmpfs', '/var/lib/mock/f41-build-59817139-6576644/root/proc'] with env {'TERM': 'vt100', 'SHELL': '/bin/sh', 'HOME': '/builddir', 'HOSTNAME': 'mock', 'PATH': '/usr/bin:/bin:/usr/sbin:/sbin', 'LANG': 'C.UTF-8'} and shell False
DEBUG util.py:608:  Child return code was: 0
DEBUG file_util.py:18:  ensuring that dir exists: /var/lib/mock/f41-build-59817139-6576644/root/proc
DEBUG util.py:634:  child environment: None
DEBUG util.py:556:  Executing command: ['/bin/mount', '-n', '-o', 'rbind', '/proc', '/var/lib/mock/f41-build-59817139-6576644/root/proc'] with env {'TERM': 'vt100', 'SHELL': '/bin/sh', 'HOME': '/builddir', 'HOSTNAME': 'mock', 'PATH': '/usr/bin:/bin:/usr/sbin:/sbin', 'LANG': 'C.UTF-8'} and shell False
DEBUG util.py:608:  Child return code was: 0
DEBUG util.py:634:  child environment: None
DEBUG util.py:556:  Executing command: ['/bin/mount', '-n', '-o', 'remount,nodev,noexec,nosuid,readonly,rprivate,rbind', '--target', '/var/lib/mock/f41-build-59817139-6576644/root/proc'] with env {'TERM': 'vt100', 'SHELL': '/bin/sh', 'HOME': '/builddir', 'HOSTNAME': 'mock', 'PATH': '/usr/bin:/bin:/usr/sbin:/sbin', 'LANG': 'C.UTF-8'} and shell False
DEBUG util.py:608:  Child return code was: 0
DEBUG file_util.py:18:  ensuring that dir exists: /var/lib/mock/f41-build-59817139-6576644/root/sys
DEBUG util.py:634:  child environment: None
DEBUG util.py:556:  Executing command: ['/bin/mount', '-n', '-t', 'tmpfs', '-o', 'rprivate,mode=0755', 'tmpfs', '/var/lib/mock/f41-build-59817139-6576644/root/sys'] with env {'TERM': 'vt100', 'SHELL': '/bin/sh', 'HOME': '/builddir', 'HOSTNAME': 'mock', 'PATH': '/usr/bin:/bin:/usr/sbin:/sbin', 'LANG': 'C.UTF-8'} and shell False
DEBUG util.py:608:  Child return code was: 0
DEBUG file_util.py:18:  ensuring that dir exists: /var/lib/mock/f41-build-59817139-6576644/root/sys
DEBUG util.py:634:  child environment: None
DEBUG util.py:556:  Executing command: ['/bin/mount', '-n', '-o', 'rbind', '/sys', '/var/lib/mock/f41-build-59817139-6576644/root/sys'] with env {'TERM': 'vt100', 'SHELL': '/bin/sh', 'HOME': '/builddir', 'HOSTNAME': 'mock', 'PATH': '/usr/bin:/bin:/usr/sbin:/sbin', 'LANG': 'C.UTF-8'} and shell False
DEBUG util.py:608:  Child return code was: 0
DEBUG util.py:634:  child environment: None
DEBUG util.py:556:  Executing command: ['/bin/mount', '-n', '-o', 'remount,nodev,noexec,nosuid,readonly,rprivate,rbind', '--target', '/var/lib/mock/f41-build-59817139-6576644/root/sys'] with env {'TERM': 'vt100', 'SHELL': '/bin/sh', 'HOME': '/builddir', 'HOSTNAME': 'mock', 'PATH': '/usr/bin:/bin:/usr/sbin:/sbin', 'LANG': 'C.UTF-8'} and shell False
DEBUG util.py:608:  Child return code was: 0
DEBUG file_util.py:18:  ensuring that dir exists: /var/lib/mock/f41-build-59817139-6576644/root/dev/shm
DEBUG util.py:634:  child environment: None
DEBUG util.py:556:  Executing command: ['/bin/mount', '-n', '-t', 'tmpfs', 'tmpfs', '/var/lib/mock/f41-build-59817139-6576644/root/dev/shm'] with env {'TERM': 'vt100', 'SHELL': '/bin/sh', 'HOME': '/builddir', 'HOSTNAME': 'mock', 'PATH': '/usr/bin:/bin:/usr/sbin:/sbin', 'LANG': 'C.UTF-8'} and shell False
DEBUG util.py:608:  Child return code was: 0
DEBUG file_util.py:18:  ensuring that dir exists: /var/lib/mock/f41-build-59817139-6576644/root/dev/pts
DEBUG util.py:634:  child environment: None
DEBUG util.py:556:  Executing command: ['/bin/mount', '-n', '-t', 'devpts', '-o', 'gid=5,mode=0620,ptmxmode=0666,newinstance', 'devpts', '/var/lib/mock/f41-build-59817139-6576644/root/dev/pts'] with env {'TERM': 'vt100', 'SHELL': '/bin/sh', 'HOME': '/builddir', 'HOSTNAME': 'mock', 'PATH': '/usr/bin:/bin:/usr/sbin:/sbin', 'LANG': 'C.UTF-8'} and shell False
DEBUG util.py:608:  Child return code was: 0
DEBUG util.py:634:  child environment: None
DEBUG util.py:556:  Executing command: ['/bin/mount', '-n', '-o', 'bind', '/tmp/mock-selinux-plugin.71iubj4c', '/var/lib/mock/f41-build-59817139-6576644/root/proc/filesystems'] with env {'TERM': 'vt100', 'SHELL': '/bin/sh', 'HOME': '/builddir', 'HOSTNAME': 'mock', 'PATH': '/usr/bin:/bin:/usr/sbin:/sbin', 'LANG': 'C.UTF-8'} and shell False
DEBUG util.py:608:  Child return code was: 0
DEBUG file_util.py:18:  ensuring that dir exists: /var/lib/mock/f41-build-59817139-6576644/root/sys/fs/selinux
DEBUG util.py:634:  child environment: None
DEBUG util.py:556:  Executing command: ['/bin/mount', '-n', '-t', 'tmpfs', 'tmpfs', '/var/lib/mock/f41-build-59817139-6576644/root/sys/fs/selinux'] with env {'TERM': 'vt100', 'SHELL': '/bin/sh', 'HOME': '/builddir', 'HOSTNAME': 'mock', 'PATH': '/usr/bin:/bin:/usr/sbin:/sbin', 'LANG': 'C.UTF-8'} and shell False
DEBUG util.py:608:  Child return code was: 0
DEBUG file_util.py:18:  ensuring that dir exists: /var/lib/mock/f41-build-59817139-6576644-bootstrap/root/var/lib/mock/f41-build-59817139-6576644/root
DEBUG file_util.py:21:  created dir: /var/lib/mock/f41-build-59817139-6576644-bootstrap/root/var/lib/mock/f41-build-59817139-6576644/root
DEBUG util.py:634:  child environment: None
DEBUG util.py:556:  Executing command: ['/bin/mount', '-n', '-t', 'tmpfs', '-o', 'private,mode=0755', 'tmpfs', '/var/lib/mock/f41-build-59817139-6576644-bootstrap/root/var/lib/mock/f41-build-59817139-6576644/root'] with env {'TERM': 'vt100', 'SHELL': '/bin/sh', 'HOME': '/builddir', 'HOSTNAME': 'mock', 'PATH': '/usr/bin:/bin:/usr/sbin:/sbin', 'LANG': 'C.UTF-8'} and shell False
DEBUG util.py:608:  Child return code was: 0
DEBUG file_util.py:18:  ensuring that dir exists: /var/lib/mock/f41-build-59817139-6576644-bootstrap/root/var/lib/mock/f41-build-59817139-6576644/root
DEBUG util.py:634:  child environment: None
DEBUG util.py:556:  Executing command: ['/bin/mount', '-n', '-o', 'rbind', '/var/lib/mock/f41-build-59817139-6576644/root', '/var/lib/mock/f41-build-59817139-6576644-bootstrap/root/var/lib/mock/f41-build-59817139-6576644/root'] with env {'TERM': 'vt100', 'SHELL': '/bin/sh', 'HOME': '/builddir', 'HOSTNAME': 'mock', 'PATH': '/usr/bin:/bin:/usr/sbin:/sbin', 'LANG': 'C.UTF-8'} and shell False
DEBUG util.py:608:  Child return code was: 0
DEBUG util.py:634:  child environment: None
DEBUG util.py:556:  Executing command: ['/bin/mount', '-n', '-o', 'remount,private,rbind', '--target', '/var/lib/mock/f41-build-59817139-6576644-bootstrap/root/var/lib/mock/f41-build-59817139-6576644/root'] with env {'TERM': 'vt100', 'SHELL': '/bin/sh', 'HOME': '/builddir', 'HOSTNAME': 'mock', 'PATH': '/usr/bin:/bin:/usr/sbin:/sbin', 'LANG': 'C.UTF-8'} and shell False
DEBUG util.py:608:  Child return code was: 0
DEBUG file_util.py:18:  ensuring that dir exists: /var/lib/mock/f41-build-59817139-6576644/root/installation-homedir
DEBUG file_util.py:21:  created dir: /var/lib/mock/f41-build-59817139-6576644/root/installation-homedir
DEBUG package_manager.py:295:  ['/usr/bin/dnf5', '--installroot', '/var/lib/mock/f41-build-59817139-6576644/root/', 'install', '@build', '--setopt=deltarpm=False', '--setopt=allow_vendor_change=yes', '--allowerasing']
DEBUG util.py:634:  child environment: None
DEBUG util.py:551:  Using nspawn with args ['--capability=cap_ipc_lock', '--bind=/tmp/mock-resolv.3xx50v_c:/etc/resolv.conf']
DEBUG util.py:556:  Executing command: ['/usr/bin/systemd-nspawn', '-q', '-M', '846f7a28e59c4db4869f5ba1d60530f6', '-D', '/var/lib/mock/f41-build-59817139-6576644-bootstrap/root', '-a', '--capability=cap_ipc_lock', '--bind=/tmp/mock-resolv.3xx50v_c:/etc/resolv.conf', '--console=pipe', '--setenv=TERM=vt100', '--setenv=SHELL=/bin/bash', '--setenv=HOME=/var/lib/mock/f41-build-59817139-6576644/root/installation-homedir', '--setenv=HOSTNAME=mock', '--setenv=PATH=/usr/bin:/bin:/usr/sbin:/sbin', '--setenv=PROMPT_COMMAND=printf "\\033]0;<mock-chroot>\\007"', '--setenv=PS1=<mock-chroot> \\s-\\v\\$ ', '--setenv=LANG=C.UTF-8', '--setenv=LC_MESSAGES=C.UTF-8', '--resolv-conf=off', '/usr/bin/dnf5', '--installroot', '/var/lib/mock/f41-build-59817139-6576644/root/', 'install', '@build', '--setopt=deltarpm=False', '--setopt=allow_vendor_change=yes', '--allowerasing', '--setopt=tsflags=nocontexts'] with env {'TERM': 'vt100', 'SHELL': '/bin/bash', 'HOME': '/var/lib/mock/f41-build-59817139-6576644/root/installation-homedir', 'HOSTNAME': 'mock', 'PATH': '/usr/bin:/bin:/usr/sbin:/sbin', 'PROMPT_COMMAND': 'printf "\\033]0;<mock-chroot>\\007"', 'PS1': '<mock-chroot> \\s-\\v\\$ ', 'LANG': 'C.UTF-8', 'LC_MESSAGES': 'C.UTF-8', 'SYSTEMD_NSPAWN_TMPFS_TMP': '0', 'SYSTEMD_SECCOMP': '0'} and shell False
DEBUG util.py:459:  Updating and loading repositories:
DEBUG util.py:459:   build                                  100% |  50.5 MiB/s |  14.3 MiB |  00m00s
DEBUG util.py:459:  Repositories loaded.
DEBUG util.py:461:  Package                            Arch    Version                     Repository      Size
DEBUG util.py:461:  Installing group/module packages:
DEBUG util.py:461:   bash                              ppc64le 5.2.32-1.fc41               build        8.7 MiB
DEBUG util.py:461:   bzip2                             ppc64le 1.0.8-19.fc41               build      427.5 KiB
DEBUG util.py:461:   coreutils                         ppc64le 9.5-11.fc41                 build        9.3 MiB
DEBUG util.py:461:   cpio                              ppc64le 2.15-2.fc41                 build        1.2 MiB
DEBUG util.py:461:   diffutils                         ppc64le 3.10-8.fc41                 build        2.2 MiB
DEBUG util.py:461:   fedora-release                    noarch  41-32                       build        0.0   B
DEBUG util.py:461:   findutils                         ppc64le 1:4.10.0-4.fc41             build        2.2 MiB
DEBUG util.py:461:   gawk                              ppc64le 5.3.0-4.fc41                build        4.5 MiB
DEBUG util.py:461:   glibc-minimal-langpack            ppc64le 2.40-25.fc41                build        0.0   B
DEBUG util.py:461:   grep                              ppc64le 3.11-9.fc41                 build        1.2 MiB
DEBUG util.py:461:   gzip                              ppc64le 1.13-2.fc41                 build      552.8 KiB
DEBUG util.py:461:   info                              ppc64le 7.1.1-1.fc41                build      485.4 KiB
DEBUG util.py:461:   patch                             ppc64le 2.7.6-25.fc41               build      390.5 KiB
DEBUG util.py:461:   redhat-rpm-config                 noarch  294-1.fc41                  build      183.6 KiB
DEBUG util.py:461:   rpm-build                         ppc64le 4.20.1-1.fc41               build      524.7 KiB
DEBUG util.py:461:   sed                               ppc64le 4.9-3.fc41                  build        1.0 MiB
DEBUG util.py:461:   shadow-utils                      ppc64le 2:4.15.1-12.fc41            build        5.0 MiB
DEBUG util.py:461:   tar                               ppc64le 2:1.35-4.fc41               build        3.2 MiB
DEBUG util.py:461:   unzip                             ppc64le 6.0-64.fc41                 build      854.4 KiB
DEBUG util.py:461:   util-linux                        ppc64le 2.40.4-1.fc41               build        6.9 MiB
DEBUG util.py:461:   which                             ppc64le 2.21-42.fc41                build      248.0 KiB
DEBUG util.py:461:   xz                                ppc64le 1:5.8.1-2.fc41              build        1.4 MiB
DEBUG util.py:461:  Installing dependencies:
DEBUG util.py:461:   add-determinism                   ppc64le 0.3.6-3.fc41                build        2.4 MiB
DEBUG util.py:461:   alternatives                      ppc64le 1.31-1.fc41                 build       88.7 KiB
DEBUG util.py:461:   ansible-srpm-macros               noarch  1-16.fc41                   build       35.7 KiB
DEBUG util.py:461:   audit-libs                        ppc64le 4.0.3-1.fc41                build      479.0 KiB
DEBUG util.py:461:   authselect                        ppc64le 1.5.0-8.fc41                build      181.4 KiB
DEBUG util.py:461:   authselect-libs                   ppc64le 1.5.0-8.fc41                build      867.7 KiB
DEBUG util.py:461:   basesystem                        noarch  11-21.fc41                  build        0.0   B
DEBUG util.py:461:   binutils                          ppc64le 2.43.1-5.fc41               build       30.6 MiB
DEBUG util.py:461:   build-reproducibility-srpm-macros noarch  0.3.6-3.fc41                build      735.0   B
DEBUG util.py:461:   bzip2-libs                        ppc64le 1.0.8-19.fc41               build      200.6 KiB
DEBUG util.py:461:   ca-certificates                   noarch  2024.2.69_v8.0.401-1.0.fc41 build        2.4 MiB
DEBUG util.py:461:   coreutils-common                  ppc64le 9.5-11.fc41                 build       11.2 MiB
DEBUG util.py:461:   cracklib                          ppc64le 2.9.11-6.fc41               build      934.2 KiB
DEBUG util.py:461:   crypto-policies                   noarch  20250124-1.git4d262e7.fc41  build      137.4 KiB
DEBUG util.py:461:   curl                              ppc64le 8.9.1-3.fc41                build      857.4 KiB
DEBUG util.py:461:   cyrus-sasl-lib                    ppc64le 2.1.28-27.fc41              build        3.5 MiB
DEBUG util.py:461:   debugedit                         ppc64le 5.1-6.fc41                  build      308.7 KiB
DEBUG util.py:461:   dwz                               ppc64le 0.15-8.fc41                 build      386.8 KiB
DEBUG util.py:461:   ed                                ppc64le 1.20.2-2.fc41               build      282.8 KiB
DEBUG util.py:461:   efi-srpm-macros                   noarch  5-13.fc41                   build       40.2 KiB
DEBUG util.py:461:   elfutils                          ppc64le 0.193-2.fc41                build        3.4 MiB
DEBUG util.py:461:   elfutils-debuginfod-client        ppc64le 0.193-2.fc41                build      143.7 KiB
DEBUG util.py:461:   elfutils-default-yama-scope       noarch  0.193-2.fc41                build        1.8 KiB
DEBUG util.py:461:   elfutils-libelf                   ppc64le 0.193-2.fc41                build        1.2 MiB
DEBUG util.py:461:   elfutils-libs                     ppc64le 0.193-2.fc41                build      874.7 KiB
DEBUG util.py:461:   fedora-gpg-keys                   noarch  41-1                        build      126.4 KiB
DEBUG util.py:461:   fedora-release-common             noarch  41-32                       build       19.7 KiB
DEBUG util.py:461:   fedora-release-identity-basic     noarch  41-32                       build      654.0   B
DEBUG util.py:461:   fedora-repos                      noarch  41-1                        build        4.9 KiB
DEBUG util.py:461:   file                              ppc64le 5.45-7.fc41                 build      267.4 KiB
DEBUG util.py:461:   file-libs                         ppc64le 5.45-7.fc41                 build       10.1 MiB
DEBUG util.py:461:   filesystem                        ppc64le 3.18-23.fc41                build      106.0   B
DEBUG util.py:461:   fonts-srpm-macros                 noarch  1:2.0.5-17.fc41             build       55.8 KiB
DEBUG util.py:461:   forge-srpm-macros                 noarch  0.4.0-1.fc41                build       38.9 KiB
DEBUG util.py:461:   fpc-srpm-macros                   noarch  1.3-13.fc41                 build      144.0   B
DEBUG util.py:461:   gdb-minimal                       ppc64le 16.3-1.fc41                 build       15.7 MiB
DEBUG util.py:461:   gdbm                              ppc64le 1:1.23-7.fc41               build      928.3 KiB
DEBUG util.py:461:   gdbm-libs                         ppc64le 1:1.23-7.fc41               build      425.5 KiB
DEBUG util.py:461:   ghc-srpm-macros                   noarch  1.9.1-2.fc41                build      747.0   B
DEBUG util.py:461:   glibc                             ppc64le 2.40-25.fc41                build       11.6 MiB
DEBUG util.py:461:   glibc-common                      ppc64le 2.40-25.fc41                build        1.5 MiB
DEBUG util.py:461:   glibc-gconv-extra                 ppc64le 2.40-25.fc41                build       18.5 MiB
DEBUG util.py:461:   gmp                               ppc64le 1:6.3.0-2.fc41              build      850.3 KiB
DEBUG util.py:461:   gnat-srpm-macros                  noarch  6-6.fc41                    build        1.0 KiB
DEBUG util.py:461:   go-srpm-macros                    noarch  3.6.0-5.fc41                build       60.8 KiB
DEBUG util.py:461:   jansson                           ppc64le 2.13.1-10.fc41              build      220.3 KiB
DEBUG util.py:461:   json-c                            ppc64le 0.17-4.fc41                 build      202.3 KiB
DEBUG util.py:461:   kernel-srpm-macros                noarch  1.0-24.fc41                 build        1.9 KiB
DEBUG util.py:461:   keyutils-libs                     ppc64le 1.6.3-4.fc41                build      226.1 KiB
DEBUG util.py:461:   krb5-libs                         ppc64le 1.21.3-4.fc41               build        3.0 MiB
DEBUG util.py:461:   libacl                            ppc64le 2.3.2-2.fc41                build      195.7 KiB
DEBUG util.py:461:   libarchive                        ppc64le 3.7.4-4.fc41                build        1.3 MiB
DEBUG util.py:461:   libattr                           ppc64le 2.5.2-4.fc41                build      196.3 KiB
DEBUG util.py:461:   libblkid                          ppc64le 2.40.4-1.fc41               build      349.1 KiB
DEBUG util.py:461:   libbrotli                         ppc64le 1.1.0-5.fc41                build        1.3 MiB
DEBUG util.py:461:   libcap                            ppc64le 2.70-4.fc41                 build        1.4 MiB
DEBUG util.py:461:   libcap-ng                         ppc64le 0.8.5-3.fc41                build      416.5 KiB
DEBUG util.py:461:   libcom_err                        ppc64le 1.47.1-6.fc41               build      111.1 KiB
DEBUG util.py:461:   libcurl                           ppc64le 8.9.1-3.fc41                build        1.0 MiB
DEBUG util.py:461:   libeconf                          ppc64le 0.6.2-3.fc41                build      206.0 KiB
DEBUG util.py:461:   libevent                          ppc64le 2.1.12-14.fc41              build        1.6 MiB
DEBUG util.py:461:   libfdisk                          ppc64le 2.40.4-1.fc41               build      476.2 KiB
DEBUG util.py:461:   libffi                            ppc64le 3.4.6-3.fc41                build      218.0 KiB
DEBUG util.py:461:   libgcc                            ppc64le 14.2.1-7.fc41               build      282.8 KiB
DEBUG util.py:461:   libgomp                           ppc64le 14.2.1-7.fc41               build      621.9 KiB
DEBUG util.py:461:   libidn2                           ppc64le 2.3.8-1.fc41                build      560.3 KiB
DEBUG util.py:461:   libmount                          ppc64le 2.40.4-1.fc41               build      476.7 KiB
DEBUG util.py:461:   libnghttp2                        ppc64le 1.62.1-3.fc41               build      198.1 KiB
DEBUG util.py:461:   libnsl2                           ppc64le 2.0.1-2.fc41                build      221.8 KiB
DEBUG util.py:461:   libpkgconf                        ppc64le 2.3.0-1.fc41                build      198.0 KiB
DEBUG util.py:461:   libpsl                            ppc64le 0.21.5-4.fc41               build      196.2 KiB
DEBUG util.py:461:   libpwquality                      ppc64le 1.4.5-11.fc41               build        1.1 MiB
DEBUG util.py:461:   librtas                           ppc64le 2.0.6-2.fc41                build      497.6 KiB
DEBUG util.py:461:   libselinux                        ppc64le 3.7-5.fc41                  build      329.1 KiB
DEBUG util.py:461:   libsemanage                       ppc64le 3.7-2.fc41                  build      489.5 KiB
DEBUG util.py:461:   libsepol                          ppc64le 3.7-2.fc41                  build        1.1 MiB
DEBUG util.py:461:   libsmartcols                      ppc64le 2.40.4-1.fc41               build      284.3 KiB
DEBUG util.py:461:   libssh                            ppc64le 0.10.6-8.fc41               build      773.4 KiB
DEBUG util.py:461:   libssh-config                     noarch  0.10.6-8.fc41               build      277.0   B
DEBUG util.py:461:   libstdc++                         ppc64le 14.2.1-7.fc41               build        3.7 MiB
DEBUG util.py:461:   libtasn1                          ppc64le 4.20.0-1.fc41               build      220.1 KiB
DEBUG util.py:461:   libtirpc                          ppc64le 1.3.6-1.rc3.fc41            build      269.4 KiB
DEBUG util.py:461:   libtool-ltdl                      ppc64le 2.4.7-12.fc41               build      222.1 KiB
DEBUG util.py:461:   libunistring                      ppc64le 1.1-8.fc41                  build        1.9 MiB
DEBUG util.py:461:   libutempter                       ppc64le 1.2.1-15.fc41               build      417.5 KiB
DEBUG util.py:461:   libuuid                           ppc64le 2.40.4-1.fc41               build       67.7 KiB
DEBUG util.py:461:   libverto                          ppc64le 0.3.2-9.fc41                build      197.2 KiB
DEBUG util.py:461:   libxcrypt                         ppc64le 4.4.38-7.fc41               build      336.3 KiB
DEBUG util.py:461:   libxml2                           ppc64le 2.12.10-1.fc41              build        2.3 MiB
DEBUG util.py:461:   libzstd                           ppc64le 1.5.7-1.fc41                build      924.1 KiB
DEBUG util.py:461:   lua-libs                          ppc64le 5.4.7-3.fc41                build      393.0 KiB
DEBUG util.py:461:   lua-srpm-macros                   noarch  1-14.fc41                   build        1.3 KiB
DEBUG util.py:461:   lz4-libs                          ppc64le 1.10.0-1.fc41               build      325.2 KiB
DEBUG util.py:461:   mpfr                              ppc64le 4.2.1-5.fc41                build      976.9 KiB
DEBUG util.py:461:   ncurses-base                      noarch  6.5-2.20240629.fc41         build      326.3 KiB
DEBUG util.py:461:   ncurses-libs                      ppc64le 6.5-2.20240629.fc41         build        2.4 MiB
DEBUG util.py:461:   ocaml-srpm-macros                 noarch  10-3.fc41                   build        1.9 KiB
DEBUG util.py:461:   openblas-srpm-macros              noarch  2-18.fc41                   build      112.0   B
DEBUG util.py:461:   openldap                          ppc64le 2.6.9-1.fc41                build      889.2 KiB
DEBUG util.py:461:   openssl-libs                      ppc64le 1:3.2.4-1.fc41              build        7.7 MiB
DEBUG util.py:461:   p11-kit                           ppc64le 0.25.5-3.fc41               build        3.1 MiB
DEBUG util.py:461:   p11-kit-trust                     ppc64le 0.25.5-3.fc41               build      655.4 KiB
DEBUG util.py:461:   package-notes-srpm-macros         noarch  0.5-12.fc41                 build        1.6 KiB
DEBUG util.py:461:   pam                               ppc64le 1.6.1-7.fc41                build        4.2 MiB
DEBUG util.py:461:   pam-libs                          ppc64le 1.6.1-7.fc41                build      286.5 KiB
DEBUG util.py:461:   pcre2                             ppc64le 10.44-1.fc41.1              build      968.8 KiB
DEBUG util.py:461:   pcre2-syntax                      noarch  10.44-1.fc41.1              build      251.6 KiB
DEBUG util.py:461:   perl-srpm-macros                  noarch  1-56.fc41                   build      861.0   B
DEBUG util.py:461:   pkgconf                           ppc64le 2.3.0-1.fc41                build      240.5 KiB
DEBUG util.py:461:   pkgconf-m4                        noarch  2.3.0-1.fc41                build       14.4 KiB
DEBUG util.py:461:   pkgconf-pkg-config                ppc64le 2.3.0-1.fc41                build      990.0   B
DEBUG util.py:461:   popt                              ppc64le 1.19-7.fc41                 build      272.8 KiB
DEBUG util.py:461:   publicsuffix-list-dafsa           noarch  20250116-1.fc41             build       68.5 KiB
DEBUG util.py:461:   pyproject-srpm-macros             noarch  1.18.1-1.fc41               build        1.9 KiB
DEBUG util.py:461:   python-srpm-macros                noarch  3.13-3.fc41                 build       51.0 KiB
DEBUG util.py:461:   qt5-srpm-macros                   noarch  5.15.15-1.fc41              build      500.0   B
DEBUG util.py:461:   qt6-srpm-macros                   noarch  6.8.2-1.fc41                build      456.0   B
DEBUG util.py:461:   readline                          ppc64le 8.2-10.fc41                 build      881.0 KiB
DEBUG util.py:461:   rpm                               ppc64le 4.20.1-1.fc41               build        4.2 MiB
DEBUG util.py:461:   rpm-build-libs                    ppc64le 4.20.1-1.fc41               build      262.6 KiB
DEBUG util.py:461:   rpm-libs                          ppc64le 4.20.1-1.fc41               build      990.2 KiB
DEBUG util.py:461:   rpm-sequoia                       ppc64le 1.7.0-5.fc41                build        2.8 MiB
DEBUG util.py:461:   rust-srpm-macros                  noarch  26.3-3.fc41                 build        4.8 KiB
DEBUG util.py:461:   setup                             noarch  2.15.0-8.fc41               build      720.7 KiB
DEBUG util.py:461:   sqlite-libs                       ppc64le 3.46.1-3.fc41               build        1.9 MiB
DEBUG util.py:461:   systemd-libs                      ppc64le 256.12-1.fc41               build        2.6 MiB
DEBUG util.py:461:   util-linux-core                   ppc64le 2.40.4-1.fc41               build        2.4 MiB
DEBUG util.py:461:   xxhash-libs                       ppc64le 0.8.3-1.fc41                build       84.1 KiB
DEBUG util.py:461:   xz-libs                           ppc64le 1:5.8.1-2.fc41              build      265.4 KiB
DEBUG util.py:461:   zig-srpm-macros                   noarch  1-3.fc41                    build        1.1 KiB
DEBUG util.py:461:   zip                               ppc64le 3.0-41.fc41                 build        1.2 MiB
DEBUG util.py:461:   zlib-ng-compat                    ppc64le 2.2.3-2.fc41                build      197.6 KiB
DEBUG util.py:461:   zstd                              ppc64le 1.5.7-1.fc41                build        1.9 MiB
DEBUG util.py:461:  Installing groups:
DEBUG util.py:461:   build                                                                                     
DEBUG util.py:461:  Transaction Summary:
DEBUG util.py:461:   Installing:       155 packages
DEBUG util.py:459:  Total size of inbound packages is 56 MiB. Need to download 56 MiB.
DEBUG util.py:459:  After this operation, 244 MiB extra will be used (install 244 MiB, remove 0 B).
DEBUG util.py:459:  [  1/155] bzip2-0:1.0.8-19.fc41.ppc64le 100% |   1.3 MiB/s |  53.4 KiB |  00m00s
DEBUG util.py:459:  [  2/155] cpio-0:2.15-2.fc41.ppc64le    100% |  31.8 MiB/s | 292.9 KiB |  00m00s
DEBUG util.py:459:  [  3/155] coreutils-0:9.5-11.fc41.ppc64 100% |  20.6 MiB/s |   1.2 MiB |  00m00s
DEBUG util.py:459:  [  4/155] fedora-release-0:41-32.noarch 100% |   6.4 MiB/s |  13.1 KiB |  00m00s
DEBUG util.py:459:  [  5/155] diffutils-0:3.10-8.fc41.ppc64 100% |  28.6 MiB/s | 409.3 KiB |  00m00s
DEBUG util.py:459:  [  6/155] findutils-1:4.10.0-4.fc41.ppc 100% |  56.6 MiB/s | 579.3 KiB |  00m00s
DEBUG util.py:459:  [  7/155] glibc-minimal-langpack-0:2.40 100% |  21.9 MiB/s |  89.6 KiB |  00m00s
DEBUG util.py:459:  [  8/155] gawk-0:5.3.0-4.fc41.ppc64le   100% |  57.7 MiB/s |   1.1 MiB |  00m00s
DEBUG util.py:459:  [  9/155] grep-0:3.11-9.fc41.ppc64le    100% |  26.6 MiB/s | 299.4 KiB |  00m00s
DEBUG util.py:459:  [ 10/155] gzip-0:1.13-2.fc41.ppc64le    100% |  27.4 MiB/s | 168.1 KiB |  00m00s
DEBUG util.py:459:  [ 11/155] info-0:7.1.1-1.fc41.ppc64le   100% |  24.4 MiB/s | 200.3 KiB |  00m00s
DEBUG util.py:459:  [ 12/155] patch-0:2.7.6-25.fc41.ppc64le 100% |  17.3 MiB/s | 142.1 KiB |  00m00s
DEBUG util.py:459:  [ 13/155] redhat-rpm-config-0:294-1.fc4 100% |   8.8 MiB/s |  72.4 KiB |  00m00s
DEBUG util.py:459:  [ 14/155] rpm-build-0:4.20.1-1.fc41.ppc 100% |  10.6 MiB/s |  76.0 KiB |  00m00s
DEBUG util.py:459:  [ 15/155] sed-0:4.9-3.fc41.ppc64le      100% |  51.2 MiB/s | 314.8 KiB |  00m00s
DEBUG util.py:459:  [ 16/155] shadow-utils-2:4.15.1-12.fc41 100% |  67.3 MiB/s |   1.3 MiB |  00m00s
DEBUG util.py:459:  [ 17/155] tar-2:1.35-4.fc41.ppc64le     100% |  40.7 MiB/s | 874.3 KiB |  00m00s
DEBUG util.py:459:  [ 18/155] unzip-0:6.0-64.fc41.ppc64le   100% |  20.7 MiB/s | 191.1 KiB |  00m00s
DEBUG util.py:459:  [ 19/155] which-0:2.21-42.fc41.ppc64le  100% |  14.0 MiB/s |  42.9 KiB |  00m00s
DEBUG util.py:459:  [ 20/155] util-linux-0:2.40.4-1.fc41.pp 100% |  65.6 MiB/s |   1.1 MiB |  00m00s
DEBUG util.py:459:  [ 21/155] xz-1:5.8.1-2.fc41.ppc64le     100% |  36.5 MiB/s | 561.3 KiB |  00m00s
DEBUG util.py:459:  [ 22/155] filesystem-0:3.18-23.fc41.ppc 100% |  42.8 MiB/s |   1.1 MiB |  00m00s
DEBUG util.py:459:  [ 23/155] bash-0:5.2.32-1.fc41.ppc64le  100% |   9.4 MiB/s |   1.9 MiB |  00m00s
DEBUG util.py:459:  [ 24/155] ncurses-libs-0:6.5-2.20240629 100% |  16.1 MiB/s | 378.3 KiB |  00m00s
DEBUG util.py:459:  [ 25/155] bzip2-libs-0:1.0.8-19.fc41.pp 100% |   4.6 MiB/s |  46.7 KiB |  00m00s
DEBUG util.py:459:  [ 26/155] glibc-0:2.40-25.fc41.ppc64le  100% |  40.8 MiB/s |   3.1 MiB |  00m00s
DEBUG util.py:459:  [ 27/155] gmp-1:6.3.0-2.fc41.ppc64le    100% |   8.9 MiB/s | 309.0 KiB |  00m00s
DEBUG util.py:459:  [ 28/155] libacl-0:2.3.2-2.fc41.ppc64le 100% |   3.8 MiB/s |  27.3 KiB |  00m00s
DEBUG util.py:459:  [ 29/155] coreutils-common-0:9.5-11.fc4 100% |  39.6 MiB/s |   2.1 MiB |  00m00s
DEBUG util.py:459:  [ 30/155] libattr-0:2.5.2-4.fc41.ppc64l 100% |   1.2 MiB/s |  18.9 KiB |  00m00s
DEBUG util.py:459:  [ 31/155] libcap-0:2.70-4.fc41.ppc64le  100% |   5.4 MiB/s |  93.4 KiB |  00m00s
DEBUG util.py:459:  [ 32/155] fedora-release-common-0:41-32 100% |   3.9 MiB/s |  23.9 KiB |  00m00s
DEBUG util.py:459:  [ 33/155] libselinux-0:3.7-5.fc41.ppc64 100% |   7.0 MiB/s | 100.2 KiB |  00m00s
DEBUG util.py:459:  [ 34/155] readline-0:8.2-10.fc41.ppc64l 100% |  32.1 MiB/s | 230.2 KiB |  00m00s
DEBUG util.py:459:  [ 35/155] glibc-common-0:2.40-25.fc41.p 100% |  47.0 MiB/s | 384.9 KiB |  00m00s
DEBUG util.py:459:  [ 36/155] openssl-libs-1:3.2.4-1.fc41.p 100% |  53.5 MiB/s |   2.5 MiB |  00m00s
DEBUG util.py:459:  [ 37/155] mpfr-0:4.2.1-5.fc41.ppc64le   100% |   8.7 MiB/s | 354.9 KiB |  00m00s
DEBUG util.py:459:  [ 38/155] pcre2-0:10.44-1.fc41.1.ppc64l 100% |  10.7 MiB/s | 251.9 KiB |  00m00s
DEBUG util.py:459:  [ 39/155] ansible-srpm-macros-0:1-16.fc 100% |   4.1 MiB/s |  20.8 KiB |  00m00s
DEBUG util.py:459:  [ 40/155] build-reproducibility-srpm-ma 100% |   2.6 MiB/s |  10.8 KiB |  00m00s
DEBUG util.py:459:  [ 41/155] ed-0:1.20.2-2.fc41.ppc64le    100% |   5.9 MiB/s |  84.7 KiB |  00m00s
DEBUG util.py:459:  [ 42/155] dwz-0:0.15-8.fc41.ppc64le     100% |  23.5 MiB/s | 144.1 KiB |  00m00s
DEBUG util.py:459:  [ 43/155] efi-srpm-macros-0:5-13.fc41.n 100% |   3.7 MiB/s |  22.5 KiB |  00m00s
DEBUG util.py:459:  [ 44/155] fonts-srpm-macros-1:2.0.5-17. 100% |   5.3 MiB/s |  27.0 KiB |  00m00s
DEBUG util.py:459:  [ 45/155] forge-srpm-macros-0:0.4.0-1.f 100% |   3.8 MiB/s |  19.7 KiB |  00m00s
DEBUG util.py:459:  [ 46/155] fpc-srpm-macros-0:1.3-13.fc41 100% |   2.6 MiB/s |   8.0 KiB |  00m00s
DEBUG util.py:459:  [ 47/155] ghc-srpm-macros-0:1.9.1-2.fc4 100% |   4.4 MiB/s |   9.1 KiB |  00m00s
DEBUG util.py:459:  [ 48/155] file-0:5.45-7.fc41.ppc64le    100% |   3.7 MiB/s |  49.9 KiB |  00m00s
DEBUG util.py:459:  [ 49/155] gnat-srpm-macros-0:6-6.fc41.n 100% |   1.5 MiB/s |   9.0 KiB |  00m00s
DEBUG util.py:459:  [ 50/155] go-srpm-macros-0:3.6.0-5.fc41 100% |   3.4 MiB/s |  28.0 KiB |  00m00s
DEBUG util.py:459:  [ 51/155] kernel-srpm-macros-0:1.0-24.f 100% |   2.4 MiB/s |   9.9 KiB |  00m00s
DEBUG util.py:459:  [ 52/155] lua-srpm-macros-0:1-14.fc41.n 100% |   1.7 MiB/s |   8.9 KiB |  00m00s
DEBUG util.py:459:  [ 53/155] ocaml-srpm-macros-0:10-3.fc41 100% |   1.8 MiB/s |   9.2 KiB |  00m00s
DEBUG util.py:459:  [ 54/155] openblas-srpm-macros-0:2-18.f 100% |   1.9 MiB/s |   7.7 KiB |  00m00s
DEBUG util.py:459:  [ 55/155] package-notes-srpm-macros-0:0 100% |   1.9 MiB/s |   9.8 KiB |  00m00s
DEBUG util.py:459:  [ 56/155] perl-srpm-macros-0:1-56.fc41. 100% |   1.4 MiB/s |   8.5 KiB |  00m00s
DEBUG util.py:459:  [ 57/155] python-srpm-macros-0:3.13-3.f 100% |   3.9 MiB/s |  23.7 KiB |  00m00s
DEBUG util.py:459:  [ 58/155] pyproject-srpm-macros-0:1.18. 100% |   1.7 MiB/s |  13.9 KiB |  00m00s
DEBUG util.py:459:  [ 59/155] qt5-srpm-macros-0:5.15.15-1.f 100% |   1.2 MiB/s |   8.9 KiB |  00m00s
DEBUG util.py:459:  [ 60/155] qt6-srpm-macros-0:6.8.2-1.fc4 100% |   1.5 MiB/s |   9.2 KiB |  00m00s
DEBUG util.py:459:  [ 61/155] rust-srpm-macros-0:26.3-3.fc4 100% |   3.9 MiB/s |  12.1 KiB |  00m00s
DEBUG util.py:459:  [ 62/155] zig-srpm-macros-0:1-3.fc41.no 100% |   2.6 MiB/s |   8.1 KiB |  00m00s
DEBUG util.py:459:  [ 63/155] zip-0:3.0-41.fc41.ppc64le     100% |  16.7 MiB/s | 274.1 KiB |  00m00s
DEBUG util.py:459:  [ 64/155] debugedit-0:5.1-6.fc41.ppc64l 100% |  11.5 MiB/s |  82.5 KiB |  00m00s
DEBUG util.py:459:  [ 65/155] elfutils-0:0.193-2.fc41.ppc64 100% |  26.5 MiB/s | 570.3 KiB |  00m00s
DEBUG util.py:459:  [ 66/155] rpm-0:4.20.1-1.fc41.ppc64le   100% |   7.0 MiB/s | 517.3 KiB |  00m00s
DEBUG util.py:459:  [ 67/155] elfutils-libelf-0:0.193-2.fc4 100% |   7.3 MiB/s | 215.9 KiB |  00m00s
DEBUG util.py:459:  [ 68/155] pkgconf-pkg-config-0:2.3.0-1. 100% |   2.4 MiB/s |   9.9 KiB |  00m00s
DEBUG util.py:459:  [ 69/155] popt-0:1.19-7.fc41.ppc64le    100% |   8.9 MiB/s |  63.9 KiB |  00m00s
DEBUG util.py:459:  [ 70/155] rpm-build-libs-0:4.20.1-1.fc4 100% |  20.9 MiB/s | 106.8 KiB |  00m00s
DEBUG util.py:459:  [ 71/155] rpm-libs-0:4.20.1-1.fc41.ppc6 100% |  31.8 MiB/s | 358.1 KiB |  00m00s
DEBUG util.py:459:  [ 72/155] libarchive-0:3.7.4-4.fc41.ppc 100% |   9.3 MiB/s | 476.2 KiB |  00m00s
DEBUG util.py:459:  [ 73/155] zstd-0:1.5.7-1.fc41.ppc64le   100% |  26.2 MiB/s | 509.1 KiB |  00m00s
DEBUG util.py:459:  [ 74/155] audit-libs-0:4.0.3-1.fc41.ppc 100% |   8.6 MiB/s | 140.7 KiB |  00m00s
DEBUG util.py:459:  [ 75/155] libeconf-0:0.6.2-3.fc41.ppc64 100% |   5.9 MiB/s |  36.2 KiB |  00m00s
DEBUG util.py:459:  [ 76/155] libxcrypt-0:4.4.38-7.fc41.ppc 100% |  22.8 MiB/s | 139.8 KiB |  00m00s
DEBUG util.py:459:  [ 77/155] libsemanage-0:3.7-2.fc41.ppc6 100% |  11.4 MiB/s | 128.1 KiB |  00m00s
DEBUG util.py:459:  [ 78/155] pam-libs-0:1.6.1-7.fc41.ppc64 100% |   8.9 MiB/s |  63.5 KiB |  00m00s
DEBUG util.py:459:  [ 79/155] authselect-libs-0:1.5.0-8.fc4 100% |  29.1 MiB/s | 208.5 KiB |  00m00s
DEBUG util.py:459:  [ 80/155] setup-0:2.15.0-8.fc41.noarch  100% |   9.7 MiB/s | 148.4 KiB |  00m00s
DEBUG util.py:459:  [ 81/155] libblkid-0:2.40.4-1.fc41.ppc6 100% |  13.3 MiB/s | 136.0 KiB |  00m00s
DEBUG util.py:459:  [ 82/155] libcap-ng-0:0.8.5-3.fc41.ppc6 100% |   4.1 MiB/s |  33.7 KiB |  00m00s
DEBUG util.py:459:  [ 83/155] binutils-0:2.43.1-5.fc41.ppc6 100% |  28.1 MiB/s |   6.3 MiB |  00m00s
DEBUG util.py:459:  [ 84/155] libfdisk-0:2.40.4-1.fc41.ppc6 100% |   3.1 MiB/s | 169.1 KiB |  00m00s
DEBUG util.py:459:  [ 85/155] librtas-0:2.0.6-2.fc41.ppc64l 100% |  19.8 MiB/s |  81.3 KiB |  00m00s
DEBUG util.py:459:  [ 86/155] libsmartcols-0:2.40.4-1.fc41. 100% |  17.0 MiB/s | 104.7 KiB |  00m00s
DEBUG util.py:459:  [ 87/155] libmount-0:2.40.4-1.fc41.ppc6 100% |   2.7 MiB/s | 170.6 KiB |  00m00s
DEBUG util.py:459:  [ 88/155] libutempter-0:1.2.1-15.fc41.p 100% |   4.4 MiB/s |  27.0 KiB |  00m00s
DEBUG util.py:459:  [ 89/155] libuuid-0:2.40.4-1.fc41.ppc64 100% |   3.5 MiB/s |  28.6 KiB |  00m00s
DEBUG util.py:459:  [ 90/155] util-linux-core-0:2.40.4-1.fc 100% |  56.0 MiB/s | 516.4 KiB |  00m00s
DEBUG util.py:459:  [ 91/155] systemd-libs-0:256.12-1.fc41. 100% |  50.5 MiB/s | 776.3 KiB |  00m00s
DEBUG util.py:459:  [ 92/155] zlib-ng-compat-0:2.2.3-2.fc41 100% |  11.0 MiB/s |  79.1 KiB |  00m00s
DEBUG util.py:459:  [ 93/155] xz-libs-1:5.8.1-2.fc41.ppc64l 100% |  30.6 MiB/s | 125.3 KiB |  00m00s
DEBUG util.py:459:  [ 94/155] basesystem-0:11-21.fc41.noarc 100% |   2.4 MiB/s |   7.4 KiB |  00m00s
DEBUG util.py:459:  [ 95/155] libgcc-0:14.2.1-7.fc41.ppc64l 100% |  28.0 MiB/s | 114.5 KiB |  00m00s
DEBUG util.py:459:  [ 96/155] ncurses-base-0:6.5-2.20240629 100% |  20.8 MiB/s |  63.8 KiB |  00m00s
DEBUG util.py:459:  [ 97/155] glibc-gconv-extra-0:2.40-25.f 100% |  68.1 MiB/s |   1.7 MiB |  00m00s
DEBUG util.py:459:  [ 98/155] pam-0:1.6.1-7.fc41.ppc64le    100% |  10.3 MiB/s | 558.7 KiB |  00m00s
DEBUG util.py:459:  [ 99/155] libsepol-0:3.7-2.fc41.ppc64le 100% |  19.2 MiB/s | 373.0 KiB |  00m00s
DEBUG util.py:459:  [100/155] fedora-repos-0:41-1.noarch    100% |   4.5 MiB/s |   9.2 KiB |  00m00s
DEBUG util.py:459:  [101/155] crypto-policies-0:20250124-1. 100% |   7.9 MiB/s |  73.1 KiB |  00m00s
DEBUG util.py:459:  [102/155] ca-certificates-0:2024.2.69_v 100% |  42.5 MiB/s | 871.2 KiB |  00m00s
DEBUG util.py:459:  [103/155] pcre2-syntax-0:10.44-1.fc41.1 100% |  10.5 MiB/s | 149.9 KiB |  00m00s
DEBUG util.py:459:  [104/155] add-determinism-0:0.3.6-3.fc4 100% |  49.4 MiB/s | 910.4 KiB |  00m00s
DEBUG util.py:459:  [105/155] file-libs-0:5.45-7.fc41.ppc64 100% |  39.8 MiB/s | 774.4 KiB |  00m00s
DEBUG util.py:459:  [106/155] alternatives-0:1.31-1.fc41.pp 100% |   5.8 MiB/s |  41.8 KiB |  00m00s
DEBUG util.py:459:  [107/155] elfutils-debuginfod-client-0: 100% |   9.8 MiB/s |  50.0 KiB |  00m00s
DEBUG util.py:459:  [108/155] jansson-0:2.13.1-10.fc41.ppc6 100% |   8.1 MiB/s |  49.9 KiB |  00m00s
DEBUG util.py:459:  [109/155] elfutils-libs-0:0.193-2.fc41. 100% |  37.5 MiB/s | 307.4 KiB |  00m00s
DEBUG util.py:459:  [110/155] curl-0:8.9.1-3.fc41.ppc64le   100% |   9.4 MiB/s | 316.5 KiB |  00m00s
DEBUG util.py:459:  [111/155] libstdc++-0:14.2.1-7.fc41.ppc 100% |  49.1 MiB/s | 955.7 KiB |  00m00s
DEBUG util.py:459:  [112/155] lz4-libs-0:1.10.0-1.fc41.ppc6 100% |  23.8 MiB/s |  97.7 KiB |  00m00s
DEBUG util.py:459:  [113/155] libxml2-0:2.12.10-1.fc41.ppc6 100% |  50.0 MiB/s | 767.5 KiB |  00m00s
DEBUG util.py:459:  [114/155] pkgconf-0:2.3.0-1.fc41.ppc64l 100% |   6.4 MiB/s |  45.9 KiB |  00m00s
DEBUG util.py:459:  [115/155] pkgconf-m4-0:2.3.0-1.fc41.noa 100% |   7.0 MiB/s |  14.3 KiB |  00m00s
DEBUG util.py:459:  [116/155] libgomp-0:14.2.1-7.fc41.ppc64 100% |  50.6 MiB/s | 362.6 KiB |  00m00s
DEBUG util.py:459:  [117/155] libzstd-0:1.5.7-1.fc41.ppc64l 100% |  10.4 MiB/s | 340.8 KiB |  00m00s
DEBUG util.py:459:  [118/155] lua-libs-0:5.4.7-3.fc41.ppc64 100% |  13.1 MiB/s | 148.0 KiB |  00m00s
DEBUG util.py:459:  [119/155] authselect-0:1.5.0-8.fc41.ppc 100% |  27.8 MiB/s | 142.3 KiB |  00m00s
DEBUG util.py:459:  [120/155] sqlite-libs-0:3.46.1-3.fc41.p 100% |  64.4 MiB/s | 857.1 KiB |  00m00s
DEBUG util.py:459:  [121/155] gdbm-1:1.23-7.fc41.ppc64le    100% |  18.8 MiB/s | 154.4 KiB |  00m00s
DEBUG util.py:459:  [122/155] gdbm-libs-1:1.23-7.fc41.ppc64 100% |  15.1 MiB/s |  61.7 KiB |  00m00s
DEBUG util.py:459:  [123/155] libnsl2-0:2.0.1-2.fc41.ppc64l 100% |  10.3 MiB/s |  31.8 KiB |  00m00s
DEBUG util.py:459:  [124/155] libpwquality-0:1.4.5-11.fc41. 100% |  21.8 MiB/s | 111.5 KiB |  00m00s
DEBUG util.py:459:  [125/155] libtirpc-0:1.3.6-1.rc3.fc41.p 100% |  20.2 MiB/s | 103.4 KiB |  00m00s
DEBUG util.py:459:  [126/155] libffi-0:3.4.6-3.fc41.ppc64le 100% |   7.5 MiB/s |  38.2 KiB |  00m00s
DEBUG util.py:459:  [127/155] p11-kit-0:0.25.5-3.fc41.ppc64 100% |  58.9 MiB/s | 482.4 KiB |  00m00s
DEBUG util.py:459:  [128/155] p11-kit-trust-0:0.25.5-3.fc41 100% |  18.1 MiB/s | 148.4 KiB |  00m00s
DEBUG util.py:459:  [129/155] fedora-gpg-keys-0:41-1.noarch 100% |  30.1 MiB/s | 123.5 KiB |  00m00s
DEBUG util.py:459:  [130/155] json-c-0:0.17-4.fc41.ppc64le  100% |  12.0 MiB/s |  49.0 KiB |  00m00s
DEBUG util.py:459:  [131/155] elfutils-default-yama-scope-0 100% |   4.1 MiB/s |  12.6 KiB |  00m00s
DEBUG util.py:459:  [132/155] libpkgconf-0:2.3.0-1.fc41.ppc 100% |  14.0 MiB/s |  42.9 KiB |  00m00s
DEBUG util.py:459:  [133/155] cracklib-0:2.9.11-6.fc41.ppc6 100% |  27.3 MiB/s |  83.7 KiB |  00m00s
DEBUG util.py:459:  [134/155] libcom_err-0:1.47.1-6.fc41.pp 100% |   8.8 MiB/s |  27.0 KiB |  00m00s
DEBUG util.py:459:  [135/155] krb5-libs-0:1.21.3-4.fc41.ppc 100% |  63.1 MiB/s | 840.1 KiB |  00m00s
DEBUG util.py:459:  [136/155] libtasn1-0:4.20.0-1.fc41.ppc6 100% |   7.1 MiB/s |  79.8 KiB |  00m00s
DEBUG util.py:459:  [137/155] keyutils-libs-0:1.6.3-4.fc41. 100% |   8.0 MiB/s |  32.8 KiB |  00m00s
DEBUG util.py:459:  [138/155] libverto-0:0.3.2-9.fc41.ppc64 100% |  10.8 MiB/s |  22.2 KiB |  00m00s
DEBUG util.py:459:  [139/155] fedora-release-identity-basic 100% |   6.8 MiB/s |  13.8 KiB |  00m00s
DEBUG util.py:459:  [140/155] xxhash-libs-0:0.8.3-1.fc41.pp 100% |  11.9 MiB/s |  36.6 KiB |  00m00s
DEBUG util.py:459:  [141/155] libcurl-0:8.9.1-3.fc41.ppc64l 100% |  25.4 MiB/s | 390.4 KiB |  00m00s
DEBUG util.py:459:  [142/155] rpm-sequoia-0:1.7.0-5.fc41.pp 100% |   9.9 MiB/s |   1.0 MiB |  00m00s
DEBUG util.py:459:  [143/155] libidn2-0:2.3.8-1.fc41.ppc64l 100% |  27.9 MiB/s | 171.2 KiB |  00m00s
DEBUG util.py:459:  [144/155] libnghttp2-0:1.62.1-3.fc41.pp 100% |  16.7 MiB/s |  85.4 KiB |  00m00s
DEBUG util.py:459:  [145/155] libpsl-0:0.21.5-4.fc41.ppc64l 100% |  21.4 MiB/s |  65.7 KiB |  00m00s
DEBUG util.py:459:  [146/155] libbrotli-0:1.1.0-5.fc41.ppc6 100% |  12.9 MiB/s | 382.0 KiB |  00m00s
DEBUG util.py:459:  [147/155] libssh-0:0.10.6-8.fc41.ppc64l 100% |  26.2 MiB/s | 241.2 KiB |  00m00s
DEBUG util.py:459:  [148/155] gdb-minimal-0:16.3-1.fc41.ppc 100% |  53.4 MiB/s |   4.6 MiB |  00m00s
DEBUG util.py:459:  [149/155] libunistring-0:1.1-8.fc41.ppc 100% |  16.5 MiB/s | 575.2 KiB |  00m00s
DEBUG util.py:459:  [150/155] publicsuffix-list-dafsa-0:202 100% |   9.6 MiB/s |  58.8 KiB |  00m00s
DEBUG util.py:459:  [151/155] libssh-config-0:0.10.6-8.fc41 100% |   3.0 MiB/s |   9.2 KiB |  00m00s
DEBUG util.py:459:  [152/155] openldap-0:2.6.9-1.fc41.ppc64 100% |   5.7 MiB/s | 287.7 KiB |  00m00s
DEBUG util.py:459:  [153/155] libevent-0:2.1.12-14.fc41.ppc 100% |  26.8 MiB/s | 274.8 KiB |  00m00s
DEBUG util.py:459:  [154/155] libtool-ltdl-0:2.4.7-12.fc41. 100% |   4.8 MiB/s |  39.7 KiB |  00m00s
DEBUG util.py:459:  [155/155] cyrus-sasl-lib-0:2.1.28-27.fc 100% |  41.1 MiB/s | 883.1 KiB |  00m00s
DEBUG util.py:459:  --------------------------------------------------------------------------------
DEBUG util.py:459:  [155/155] Total                         100% |  58.8 MiB/s |  56.0 MiB |  00m01s
DEBUG util.py:459:  Running transaction
DEBUG util.py:459:  [  1/157] Verify package files          100% | 224.0   B/s | 155.0   B |  00m01s
DEBUG util.py:459:  [  2/157] Prepare transaction           100% |   1.1 KiB/s | 155.0   B |  00m00s
DEBUG util.py:459:  [  3/157] Installing libgcc-0:14.2.1-7. 100% |   9.9 MiB/s | 284.5 KiB |  00m00s
DEBUG util.py:459:  [  4/157] Installing libssh-config-0:0. 100% | 265.6 KiB/s | 816.0   B |  00m00s
DEBUG util.py:459:  [  5/157] Installing publicsuffix-list- 100% |  22.5 MiB/s |  69.2 KiB |  00m00s
DEBUG util.py:459:  [  6/157] Installing fedora-release-ide 100% | 296.9 KiB/s | 912.0   B |  00m00s
DEBUG util.py:459:  [  7/157] Installing fedora-gpg-keys-0: 100% |   5.3 MiB/s | 172.2 KiB |  00m00s
DEBUG util.py:459:  [  8/157] Installing fedora-repos-0:41- 100% |   1.9 MiB/s |   5.7 KiB |  00m00s
DEBUG util.py:459:  [  9/157] Installing fedora-release-com 100% |   2.3 MiB/s |  24.0 KiB |  00m00s
DEBUG util.py:459:  [ 10/157] Installing fedora-release-0:4 100% |  40.4 KiB/s | 124.0   B |  00m00s
DEBUG util.py:459:  [ 11/157] Installing setup-0:2.15.0-8.f 100% |  12.4 MiB/s | 726.5 KiB |  00m00s
DEBUG util.py:459:  >>> [RPM] /etc/hosts created as /etc/hosts.rpmnew                               
DEBUG util.py:459:  [ 12/157] Installing filesystem-0:3.18- 100% | 651.8 KiB/s | 212.5 KiB |  00m00s
DEBUG util.py:459:  [ 13/157] Installing basesystem-0:11-21 100% |  60.5 KiB/s | 124.0   B |  00m00s
DEBUG util.py:459:  [ 14/157] Installing pkgconf-m4-0:2.3.0 100% |   4.8 MiB/s |  14.8 KiB |  00m00s
DEBUG util.py:459:  [ 15/157] Installing pcre2-syntax-0:10. 100% |  35.4 MiB/s | 254.1 KiB |  00m00s
DEBUG util.py:459:  [ 16/157] Installing ncurses-base-0:6.5 100% |  10.7 MiB/s | 351.7 KiB |  00m00s
DEBUG util.py:459:  [ 17/157] Installing glibc-minimal-lang 100% |  60.5 KiB/s | 124.0   B |  00m00s
DEBUG util.py:459:  [ 18/157] Installing ncurses-libs-0:6.5 100% |  90.2 MiB/s |   2.4 MiB |  00m00s
DEBUG util.py:459:  [ 19/157] Installing glibc-0:2.40-25.fc 100% |  97.5 MiB/s |  11.6 MiB |  00m00s
DEBUG util.py:459:  [ 20/157] Installing bash-0:5.2.32-1.fc 100% | 108.6 MiB/s |   8.7 MiB |  00m00s
DEBUG util.py:459:  [ 21/157] Installing glibc-common-0:2.4 100% |  62.8 MiB/s |   1.5 MiB |  00m00s
DEBUG util.py:459:  [ 22/157] Installing glibc-gconv-extra- 100% |  89.0 MiB/s |  18.6 MiB |  00m00s
DEBUG util.py:459:  [ 23/157] Installing zlib-ng-compat-0:2 100% |  38.7 MiB/s | 198.4 KiB |  00m00s
DEBUG util.py:459:  [ 24/157] Installing bzip2-libs-0:1.0.8 100% |  39.4 MiB/s | 201.8 KiB |  00m00s
DEBUG util.py:459:  [ 25/157] Installing xz-libs-1:5.8.1-2. 100% |  43.4 MiB/s | 266.5 KiB |  00m00s
DEBUG util.py:459:  [ 26/157] Installing readline-0:8.2-10. 100% |  78.4 MiB/s | 883.1 KiB |  00m00s
DEBUG util.py:459:  [ 27/157] Installing popt-0:1.19-7.fc41 100% |   5.0 MiB/s | 279.4 KiB |  00m00s
DEBUG util.py:459:  [ 28/157] Installing libuuid-0:2.40.4-1 100% |   6.7 MiB/s |  68.7 KiB |  00m00s
DEBUG util.py:459:  [ 29/157] Installing libblkid-0:2.40.4- 100% |  57.0 MiB/s | 350.2 KiB |  00m00s
DEBUG util.py:459:  [ 30/157] Installing gmp-1:6.3.0-2.fc41 100% |  69.4 MiB/s | 852.5 KiB |  00m00s
DEBUG util.py:459:  [ 31/157] Installing libattr-0:2.5.2-4. 100% |  38.5 MiB/s | 197.2 KiB |  00m00s
DEBUG util.py:459:  [ 32/157] Installing libacl-0:2.3.2-2.f 100% |  48.0 MiB/s | 196.6 KiB |  00m00s
DEBUG util.py:459:  [ 33/157] Installing libxcrypt-0:4.4.38 100% |  41.4 MiB/s | 339.0 KiB |  00m00s
DEBUG util.py:459:  [ 34/157] Installing libstdc++-0:14.2.1 100% |  72.8 MiB/s |   3.7 MiB |  00m00s
DEBUG util.py:459:  [ 35/157] Installing libzstd-0:1.5.7-1. 100% |  82.1 MiB/s | 925.3 KiB |  00m00s
DEBUG util.py:459:  [ 36/157] Installing elfutils-libelf-0: 100% |  32.1 MiB/s |   1.3 MiB |  00m00s
DEBUG util.py:459:  [ 37/157] Installing libeconf-0:0.6.2-3 100% |  33.8 MiB/s | 207.6 KiB |  00m00s
DEBUG util.py:459:  [ 38/157] Installing gdbm-libs-1:1.23-7 100% |  59.6 MiB/s | 427.2 KiB |  00m00s
DEBUG util.py:459:  [ 39/157] Installing dwz-0:0.15-8.fc41. 100% |  54.1 MiB/s | 388.1 KiB |  00m00s
DEBUG util.py:459:  [ 40/157] Installing mpfr-0:4.2.1-5.fc4 100% |  79.6 MiB/s | 978.6 KiB |  00m00s
DEBUG util.py:459:  [ 41/157] Installing gawk-0:5.3.0-4.fc4 100% | 100.3 MiB/s |   4.5 MiB |  00m00s
DEBUG util.py:459:  [ 42/157] Installing unzip-0:6.0-64.fc4 100% |  76.2 MiB/s | 858.0 KiB |  00m00s
DEBUG util.py:459:  [ 43/157] Installing file-libs-0:5.45-7 100% | 177.0 MiB/s |  10.1 MiB |  00m00s
DEBUG util.py:459:  [ 44/157] Installing file-0:5.45-7.fc41 100% |  20.2 MiB/s | 268.9 KiB |  00m00s
DEBUG util.py:459:  [ 45/157] Installing crypto-policies-0: 100% |   4.0 MiB/s | 163.7 KiB |  00m00s
DEBUG util.py:459:  [ 46/157] Installing pcre2-0:10.44-1.fc 100% |  86.1 MiB/s | 970.3 KiB |  00m00s
DEBUG util.py:459:  [ 47/157] Installing grep-0:3.11-9.fc41 100% |  20.7 MiB/s |   1.2 MiB |  00m00s
DEBUG util.py:459:  [ 48/157] Installing xz-1:5.8.1-2.fc41. 100% |  37.2 MiB/s |   1.4 MiB |  00m00s
DEBUG util.py:459:  [ 49/157] Installing libcap-ng-0:0.8.5- 100% |  58.4 MiB/s | 418.4 KiB |  00m00s
DEBUG util.py:459:  [ 50/157] Installing audit-libs-0:4.0.3 100% |  52.2 MiB/s | 481.1 KiB |  00m00s
DEBUG util.py:459:  [ 51/157] Installing pam-libs-0:1.6.1-7 100% |  40.3 MiB/s | 288.8 KiB |  00m00s
DEBUG util.py:459:  [ 52/157] Installing libcap-0:2.70-4.fc 100% |  85.9 MiB/s |   1.4 MiB |  00m00s
DEBUG util.py:459:  [ 53/157] Installing systemd-libs-0:256 100% |  63.0 MiB/s |   2.6 MiB |  00m00s
DEBUG util.py:459:  [ 54/157] Installing libsmartcols-0:2.4 100% |  46.5 MiB/s | 285.4 KiB |  00m00s
DEBUG util.py:459:  [ 55/157] Installing libsepol-0:3.7-2.f 100% |  92.0 MiB/s |   1.1 MiB |  00m00s
DEBUG util.py:459:  [ 56/157] Installing libselinux-0:3.7-5 100% |  46.1 MiB/s | 330.3 KiB |  00m00s
DEBUG util.py:459:  [ 57/157] Installing sed-0:4.9-3.fc41.p 100% |  37.9 MiB/s |   1.0 MiB |  00m00s
DEBUG util.py:459:  [ 58/157] Installing findutils-1:4.10.0 100% |  65.8 MiB/s |   2.2 MiB |  00m00s
DEBUG util.py:459:  [ 59/157] Installing libmount-0:2.40.4- 100% |  58.3 MiB/s | 477.9 KiB |  00m00s
DEBUG util.py:459:  [ 60/157] Installing alternatives-0:1.3 100% |  17.6 MiB/s |  90.2 KiB |  00m00s
DEBUG util.py:459:  [ 61/157] Installing lz4-libs-0:1.10.0- 100% |  53.1 MiB/s | 326.3 KiB |  00m00s
DEBUG util.py:459:  [ 62/157] Installing lua-libs-0:5.4.7-3 100% |  55.0 MiB/s | 394.2 KiB |  00m00s
DEBUG util.py:459:  [ 63/157] Installing libffi-0:3.4.6-3.f 100% |  35.7 MiB/s | 219.4 KiB |  00m00s
DEBUG util.py:459:  [ 64/157] Installing libcom_err-0:1.47. 100% |  21.9 MiB/s | 112.2 KiB |  00m00s
DEBUG util.py:459:  [ 65/157] Installing libtasn1-0:4.20.0- 100% |  19.7 MiB/s | 222.0 KiB |  00m00s
DEBUG util.py:459:  [ 66/157] Installing p11-kit-0:0.25.5-3 100% |  38.4 MiB/s |   3.1 MiB |  00m00s
DEBUG util.py:459:  [ 67/157] Installing libunistring-0:1.1 100% |  98.5 MiB/s |   1.9 MiB |  00m00s
DEBUG util.py:459:  [ 68/157] Installing libidn2-0:2.3.8-1. 100% |  11.1 MiB/s | 566.5 KiB |  00m00s
DEBUG util.py:459:  [ 69/157] Installing libpsl-0:0.21.5-4. 100% |  32.1 MiB/s | 197.3 KiB |  00m00s
DEBUG util.py:459:  [ 70/157] Installing p11-kit-trust-0:0. 100% |  30.6 MiB/s | 657.0 KiB |  00m00s
DEBUG util.py:459:  [ 71/157] Installing zstd-0:1.5.7-1.fc4 100% |  74.8 MiB/s |   1.9 MiB |  00m00s
DEBUG util.py:459:  [ 72/157] Installing util-linux-core-0: 100% |  25.7 MiB/s |   2.5 MiB |  00m00s
DEBUG util.py:459:  [ 73/157] Installing tar-2:1.35-4.fc41. 100% |  76.0 MiB/s |   3.2 MiB |  00m00s
DEBUG util.py:459:  [ 74/157] Installing libsemanage-0:3.7- 100% |  48.0 MiB/s | 491.3 KiB |  00m00s
DEBUG util.py:459:  [ 75/157] Installing shadow-utils-2:4.1 100% |  21.3 MiB/s |   5.1 MiB |  00m00s
DEBUG util.py:459:  [ 76/157] Installing libutempter-0:1.2. 100% |   7.1 MiB/s | 419.5 KiB |  00m00s
DEBUG util.py:459:  [ 77/157] Installing zip-0:3.0-41.fc41. 100% |  83.2 MiB/s |   1.2 MiB |  00m00s
DEBUG util.py:459:  [ 78/157] Installing gdbm-1:1.23-7.fc41 100% |  53.6 MiB/s | 933.2 KiB |  00m00s
DEBUG util.py:459:  [ 79/157] Installing cyrus-sasl-lib-0:2 100% | 114.3 MiB/s |   3.5 MiB |  00m00s
DEBUG util.py:459:  [ 80/157] Installing libfdisk-0:2.40.4- 100% |  66.6 MiB/s | 477.4 KiB |  00m00s
DEBUG util.py:459:  [ 81/157] Installing libxml2-0:2.12.10- 100% |  98.6 MiB/s |   2.3 MiB |  00m00s
DEBUG util.py:459:  [ 82/157] Installing bzip2-0:1.0.8-19.f 100% |  38.4 MiB/s | 432.0 KiB |  00m00s
DEBUG util.py:459:  [ 83/157] Installing add-determinism-0: 100% | 104.7 MiB/s |   2.4 MiB |  00m00s
DEBUG util.py:459:  [ 84/157] Installing build-reproducibil 100% | 250.0 KiB/s |   1.0 KiB |  00m00s
DEBUG util.py:459:  [ 85/157] Installing sqlite-libs-0:3.46 100% |  96.8 MiB/s |   1.9 MiB |  00m00s
DEBUG util.py:459:  [ 86/157] Installing ed-0:1.20.2-2.fc41 100% |  39.8 MiB/s | 285.1 KiB |  00m00s
DEBUG util.py:459:  [ 87/157] Installing patch-0:2.7.6-25.f 100% |  54.7 MiB/s | 392.1 KiB |  00m00s
DEBUG util.py:459:  [ 88/157] Installing elfutils-default-y 100% | 255.4 KiB/s |   2.0 KiB |  00m00s
DEBUG util.py:459:  [ 89/157] Installing elfutils-libs-0:0. 100% |  77.8 MiB/s | 876.6 KiB |  00m00s
DEBUG util.py:459:  [ 90/157] Installing cpio-0:2.15-2.fc41 100% |  14.0 MiB/s |   1.2 MiB |  00m00s
DEBUG util.py:459:  [ 91/157] Installing diffutils-0:3.10-8 100% |  72.4 MiB/s |   2.2 MiB |  00m00s
DEBUG util.py:459:  [ 92/157] Installing librtas-0:2.0.6-2. 100% |  24.4 MiB/s | 499.7 KiB |  00m00s
DEBUG util.py:459:  [ 93/157] Installing jansson-0:2.13.1-1 100% |   5.7 MiB/s | 221.7 KiB |  00m00s
DEBUG util.py:459:  [ 94/157] Installing libgomp-0:14.2.1-7 100% |  76.1 MiB/s | 623.3 KiB |  00m00s
DEBUG util.py:459:  [ 95/157] Installing json-c-0:0.17-4.fc 100% |  39.8 MiB/s | 203.6 KiB |  00m00s
DEBUG util.py:459:  [ 96/157] Installing libpkgconf-0:2.3.0 100% |  38.9 MiB/s | 199.1 KiB |  00m00s
DEBUG util.py:459:  [ 97/157] Installing pkgconf-0:2.3.0-1. 100% |  29.7 MiB/s | 243.0 KiB |  00m00s
DEBUG util.py:459:  [ 98/157] Installing pkgconf-pkg-config 100% | 591.1 KiB/s |   1.8 KiB |  00m00s
DEBUG util.py:459:  [ 99/157] Installing keyutils-libs-0:1. 100% |  44.4 MiB/s | 227.5 KiB |  00m00s
DEBUG util.py:459:  [100/157] Installing libverto-0:0.3.2-9 100% |  38.9 MiB/s | 199.0 KiB |  00m00s
DEBUG util.py:459:  [101/157] Installing xxhash-libs-0:0.8. 100% |  16.7 MiB/s |  85.5 KiB |  00m00s
DEBUG util.py:459:  [102/157] Installing libbrotli-0:1.1.0- 100% |  79.1 MiB/s |   1.3 MiB |  00m00s
DEBUG util.py:459:  [103/157] Installing libnghttp2-0:1.62. 100% |  38.9 MiB/s | 199.2 KiB |  00m00s
DEBUG util.py:459:  [104/157] Installing libtool-ltdl-0:2.4 100% |  36.3 MiB/s | 223.2 KiB |  00m00s
DEBUG util.py:459:  [105/157] Installing rust-srpm-macros-0 100% |   1.8 MiB/s |   5.6 KiB |  00m00s
DEBUG util.py:459:  [106/157] Installing qt6-srpm-macros-0: 100% | 357.4 KiB/s | 732.0   B |  00m00s
DEBUG util.py:459:  [107/157] Installing qt5-srpm-macros-0: 100% | 252.6 KiB/s | 776.0   B |  00m00s
DEBUG util.py:459:  [108/157] Installing perl-srpm-macros-0 100% | 556.6 KiB/s |   1.1 KiB |  00m00s
DEBUG util.py:459:  [109/157] Installing package-notes-srpm 100% | 673.2 KiB/s |   2.0 KiB |  00m00s
DEBUG util.py:459:  [110/157] Installing openblas-srpm-macr 100% | 191.4 KiB/s | 392.0   B |  00m00s
DEBUG util.py:459:  [111/157] Installing ocaml-srpm-macros- 100% |   1.1 MiB/s |   2.2 KiB |  00m00s
DEBUG util.py:459:  [112/157] Installing kernel-srpm-macros 100% | 776.0 KiB/s |   2.3 KiB |  00m00s
DEBUG util.py:459:  [113/157] Installing gnat-srpm-macros-0 100% | 632.8 KiB/s |   1.3 KiB |  00m00s
DEBUG util.py:459:  [114/157] Installing ghc-srpm-macros-0: 100% | 250.0 KiB/s |   1.0 KiB |  00m00s
DEBUG util.py:459:  [115/157] Installing fpc-srpm-macros-0: 100% | 136.7 KiB/s | 420.0   B |  00m00s
DEBUG util.py:459:  [116/157] Installing ansible-srpm-macro 100% |   5.9 MiB/s |  36.2 KiB |  00m00s
DEBUG util.py:459:  [117/157] Installing coreutils-common-0 100% |  92.5 MiB/s |  11.2 MiB |  00m00s
DEBUG util.py:459:  [118/157] Installing openssl-libs-1:3.2 100% | 116.9 MiB/s |   7.7 MiB |  00m00s
DEBUG util.py:459:  [119/157] Installing coreutils-0:9.5-11 100% |  90.9 MiB/s |   9.4 MiB |  00m00s
DEBUG util.py:459:  [120/157] Installing ca-certificates-0: 100% |   1.0 MiB/s |   2.4 MiB |  00m02s
DEBUG util.py:459:  [121/157] Installing krb5-libs-0:1.21.3 100% |  76.1 MiB/s |   3.0 MiB |  00m00s
DEBUG util.py:459:  [122/157] Installing libarchive-0:3.7.4 100% |  79.1 MiB/s |   1.3 MiB |  00m00s
DEBUG util.py:459:  [123/157] Installing libtirpc-0:1.3.6-1 100% |   4.8 MiB/s | 271.2 KiB |  00m00s
DEBUG util.py:459:  [124/157] Installing gzip-0:1.13-2.fc41 100% |  28.7 MiB/s | 558.4 KiB |  00m00s
DEBUG util.py:459:  [125/157] Installing authselect-libs-0: 100% |  26.9 MiB/s | 882.7 KiB |  00m00s
DEBUG util.py:459:  [126/157] Installing cracklib-0:2.9.11- 100% |  34.2 MiB/s | 945.6 KiB |  00m00s
DEBUG util.py:459:  [127/157] Installing libpwquality-0:1.4 100% |  31.6 MiB/s |   1.1 MiB |  00m00s
DEBUG util.py:459:  [128/157] Installing libnsl2-0:2.0.1-2. 100% |  27.2 MiB/s | 222.9 KiB |  00m00s
DEBUG util.py:459:  [129/157] Installing pam-0:1.6.1-7.fc41 100% |  32.8 MiB/s |   4.3 MiB |  00m00s
DEBUG util.py:459:  [130/157] Installing libssh-0:0.10.6-8. 100% |  39.9 MiB/s | 775.5 KiB |  00m00s
DEBUG util.py:459:  [131/157] Installing rpm-sequoia-0:1.7. 100% |  82.5 MiB/s |   2.8 MiB |  00m00s
DEBUG util.py:459:  [132/157] Installing rpm-libs-0:4.20.1- 100% |  51.0 MiB/s | 991.7 KiB |  00m00s
DEBUG util.py:459:  [133/157] Installing rpm-build-libs-0:4 100% |  28.6 MiB/s | 263.4 KiB |  00m00s
DEBUG util.py:459:  [134/157] Installing libevent-0:2.1.12- 100% |  68.9 MiB/s |   1.6 MiB |  00m00s
DEBUG util.py:459:  [135/157] Installing openldap-0:2.6.9-1 100% |  62.3 MiB/s | 893.0 KiB |  00m00s
DEBUG util.py:459:  [136/157] Installing libcurl-0:8.9.1-3. 100% |  92.2 MiB/s |   1.0 MiB |  00m00s
DEBUG util.py:459:  [137/157] Installing elfutils-debuginfo 100% |  17.8 MiB/s | 146.0 KiB |  00m00s
DEBUG util.py:459:  [138/157] Installing binutils-0:2.43.1- 100% | 118.7 MiB/s |  30.6 MiB |  00m00s
DEBUG util.py:459:  [139/157] Installing elfutils-0:0.193-2 100% |  96.0 MiB/s |   3.5 MiB |  00m00s
DEBUG util.py:459:  [140/157] Installing gdb-minimal-0:16.3 100% | 140.5 MiB/s |  15.7 MiB |  00m00s
DEBUG util.py:459:  [141/157] Installing debugedit-0:5.1-6. 100% |  38.0 MiB/s | 311.4 KiB |  00m00s
DEBUG util.py:459:  [142/157] Installing curl-0:8.9.1-3.fc4 100% |  33.6 MiB/s | 859.9 KiB |  00m00s
DEBUG util.py:459:  [143/157] Installing rpm-0:4.20.1-1.fc4 100% |  39.2 MiB/s |   2.7 MiB |  00m00s
DEBUG util.py:459:  [144/157] Installing efi-srpm-macros-0: 100% |  10.1 MiB/s |  41.2 KiB |  00m00s
DEBUG util.py:459:  [145/157] Installing lua-srpm-macros-0: 100% | 634.1 KiB/s |   1.9 KiB |  00m00s
DEBUG util.py:459:  [146/157] Installing zig-srpm-macros-0: 100% | 554.7 KiB/s |   1.7 KiB |  00m00s
DEBUG util.py:459:  [147/157] Installing fonts-srpm-macros- 100% |  13.9 MiB/s |  57.0 KiB |  00m00s
DEBUG util.py:459:  [148/157] Installing forge-srpm-macros- 100% |   9.8 MiB/s |  40.3 KiB |  00m00s
DEBUG util.py:459:  [149/157] Installing go-srpm-macros-0:3 100% |  15.1 MiB/s |  62.0 KiB |  00m00s
DEBUG util.py:459:  [150/157] Installing python-srpm-macros 100% |  12.7 MiB/s |  52.2 KiB |  00m00s
DEBUG util.py:459:  [151/157] Installing redhat-rpm-config- 100% |  16.9 MiB/s | 190.2 KiB |  00m00s
DEBUG util.py:459:  [152/157] Installing rpm-build-0:4.20.1 100% |  34.7 MiB/s | 533.4 KiB |  00m00s
DEBUG util.py:459:  [153/157] Installing pyproject-srpm-mac 100% | 500.8 KiB/s |   2.5 KiB |  00m00s
DEBUG util.py:459:  [154/157] Installing util-linux-0:2.40. 100% |  65.1 MiB/s |   7.0 MiB |  00m00s
DEBUG util.py:459:  [155/157] Installing authselect-0:1.5.0 100% |  16.5 MiB/s | 185.8 KiB |  00m00s
DEBUG util.py:459:  [156/157] Installing which-0:2.21-42.fc 100% |  40.7 MiB/s | 250.2 KiB |  00m00s
DEBUG util.py:459:  [157/157] Installing info-0:7.1.1-1.fc4 100% | 144.4 KiB/s | 485.8 KiB |  00m03s
DEBUG util.py:459:  Warning: skipped OpenPGP checks for 155 packages from repository: build
DEBUG util.py:459:  Complete!
DEBUG util.py:608:  Child return code was: 0
DEBUG util.py:183:  kill orphans in chroot /var/lib/mock/f41-build-59817139-6576644/root
DEBUG util.py:183:  kill orphans in chroot /var/lib/mock/f41-build-59817139-6576644-bootstrap/root/var/lib/mock/f41-build-59817139-6576644/root
DEBUG util.py:634:  child environment: None
DEBUG util.py:556:  Executing command: ['/bin/umount', '-n', '-l', '/var/lib/mock/f41-build-59817139-6576644-bootstrap/root/var/lib/mock/f41-build-59817139-6576644/root'] with env {'TERM': 'vt100', 'SHELL': '/bin/sh', 'HOME': '/builddir', 'HOSTNAME': 'mock', 'PATH': '/usr/bin:/bin:/usr/sbin:/sbin', 'LANG': 'C.UTF-8'} and shell False
DEBUG util.py:608:  Child return code was: 0
DEBUG util.py:634:  child environment: None
DEBUG util.py:556:  Executing command: ['/bin/umount', '-n', '-l', '/var/lib/mock/f41-build-59817139-6576644-bootstrap/root/var/lib/mock/f41-build-59817139-6576644/root'] with env {'TERM': 'vt100', 'SHELL': '/bin/sh', 'HOME': '/builddir', 'HOSTNAME': 'mock', 'PATH': '/usr/bin:/bin:/usr/sbin:/sbin', 'LANG': 'C.UTF-8'} and shell False
DEBUG util.py:608:  Child return code was: 0
DEBUG util.py:634:  child environment: None
DEBUG util.py:556:  Executing command: ['/bin/umount', '-n', '-l', '/var/lib/mock/f41-build-59817139-6576644/root/sys/fs/selinux'] with env {'TERM': 'vt100', 'SHELL': '/bin/sh', 'HOME': '/builddir', 'HOSTNAME': 'mock', 'PATH': '/usr/bin:/bin:/usr/sbin:/sbin', 'LANG': 'C.UTF-8'} and shell False
DEBUG util.py:608:  Child return code was: 0
DEBUG util.py:634:  child environment: None
DEBUG util.py:556:  Executing command: ['/bin/umount', '-n', '/var/lib/mock/f41-build-59817139-6576644/root/proc/filesystems'] with env {'TERM': 'vt100', 'SHELL': '/bin/sh', 'HOME': '/builddir', 'HOSTNAME': 'mock', 'PATH': '/usr/bin:/bin:/usr/sbin:/sbin', 'LANG': 'C.UTF-8'} and shell False
DEBUG util.py:608:  Child return code was: 0
DEBUG util.py:634:  child environment: None
DEBUG util.py:556:  Executing command: ['/bin/umount', '-n', '-l', '/var/lib/mock/f41-build-59817139-6576644/root/dev/pts'] with env {'TERM': 'vt100', 'SHELL': '/bin/sh', 'HOME': '/builddir', 'HOSTNAME': 'mock', 'PATH': '/usr/bin:/bin:/usr/sbin:/sbin', 'LANG': 'C.UTF-8'} and shell False
DEBUG util.py:608:  Child return code was: 0
DEBUG util.py:634:  child environment: None
DEBUG util.py:556:  Executing command: ['/bin/umount', '-n', '-l', '/var/lib/mock/f41-build-59817139-6576644/root/dev/shm'] with env {'TERM': 'vt100', 'SHELL': '/bin/sh', 'HOME': '/builddir', 'HOSTNAME': 'mock', 'PATH': '/usr/bin:/bin:/usr/sbin:/sbin', 'LANG': 'C.UTF-8'} and shell False
DEBUG util.py:608:  Child return code was: 0
DEBUG util.py:634:  child environment: None
DEBUG util.py:556:  Executing command: ['/bin/umount', '-n', '-l', '/var/lib/mock/f41-build-59817139-6576644/root/sys'] with env {'TERM': 'vt100', 'SHELL': '/bin/sh', 'HOME': '/builddir', 'HOSTNAME': 'mock', 'PATH': '/usr/bin:/bin:/usr/sbin:/sbin', 'LANG': 'C.UTF-8'} and shell False
DEBUG util.py:608:  Child return code was: 0
DEBUG util.py:634:  child environment: None
DEBUG util.py:556:  Executing command: ['/bin/umount', '-n', '-l', '/var/lib/mock/f41-build-59817139-6576644/root/sys'] with env {'TERM': 'vt100', 'SHELL': '/bin/sh', 'HOME': '/builddir', 'HOSTNAME': 'mock', 'PATH': '/usr/bin:/bin:/usr/sbin:/sbin', 'LANG': 'C.UTF-8'} and shell False
DEBUG util.py:608:  Child return code was: 0
DEBUG util.py:634:  child environment: None
DEBUG util.py:556:  Executing command: ['/bin/umount', '-n', '-l', '/var/lib/mock/f41-build-59817139-6576644/root/proc'] with env {'TERM': 'vt100', 'SHELL': '/bin/sh', 'HOME': '/builddir', 'HOSTNAME': 'mock', 'PATH': '/usr/bin:/bin:/usr/sbin:/sbin', 'LANG': 'C.UTF-8'} and shell False
DEBUG util.py:608:  Child return code was: 0
DEBUG util.py:634:  child environment: None
DEBUG util.py:556:  Executing command: ['/bin/umount', '-n', '-l', '/var/lib/mock/f41-build-59817139-6576644/root/proc'] with env {'TERM': 'vt100', 'SHELL': '/bin/sh', 'HOME': '/builddir', 'HOSTNAME': 'mock', 'PATH': '/usr/bin:/bin:/usr/sbin:/sbin', 'LANG': 'C.UTF-8'} and shell False
DEBUG util.py:608:  Child return code was: 0
DEBUG file_util.py:30:  touching file: /var/lib/mock/f41-build-59817139-6576644/root/etc/os-release
DEBUG file_util.py:18:  ensuring that dir exists: /var/lib/mock/f41-build-59817139-6576644/root/builddir/build
DEBUG file_util.py:21:  created dir: /var/lib/mock/f41-build-59817139-6576644/root/builddir/build
DEBUG file_util.py:18:  ensuring that dir exists: /var/lib/mock/f41-build-59817139-6576644/root/builddir/build/RPMS
DEBUG file_util.py:21:  created dir: /var/lib/mock/f41-build-59817139-6576644/root/builddir/build/RPMS
DEBUG file_util.py:18:  ensuring that dir exists: /var/lib/mock/f41-build-59817139-6576644/root/builddir/build/SPECS
DEBUG file_util.py:21:  created dir: /var/lib/mock/f41-build-59817139-6576644/root/builddir/build/SPECS
DEBUG file_util.py:18:  ensuring that dir exists: /var/lib/mock/f41-build-59817139-6576644/root/builddir/build/SRPMS
DEBUG file_util.py:21:  created dir: /var/lib/mock/f41-build-59817139-6576644/root/builddir/build/SRPMS
DEBUG file_util.py:18:  ensuring that dir exists: /var/lib/mock/f41-build-59817139-6576644/root/builddir/build/SOURCES
DEBUG file_util.py:21:  created dir: /var/lib/mock/f41-build-59817139-6576644/root/builddir/build/SOURCES
DEBUG file_util.py:18:  ensuring that dir exists: /var/lib/mock/f41-build-59817139-6576644/root/builddir/build/BUILD
DEBUG file_util.py:21:  created dir: /var/lib/mock/f41-build-59817139-6576644/root/builddir/build/BUILD
DEBUG file_util.py:18:  ensuring that dir exists: /var/lib/mock/f41-build-59817139-6576644/root/builddir/build/BUILDROOT
DEBUG file_util.py:21:  created dir: /var/lib/mock/f41-build-59817139-6576644/root/builddir/build/BUILDROOT
DEBUG file_util.py:18:  ensuring that dir exists: /var/lib/mock/f41-build-59817139-6576644/root/builddir/build/originals
DEBUG file_util.py:21:  created dir: /var/lib/mock/f41-build-59817139-6576644/root/builddir/build/originals
DEBUG file_util.py:18:  ensuring that dir exists: /var/lib/mock/f41-build-59817139-6576644/root/builddir
DEBUG util.py:634:  child environment: None
DEBUG util.py:556:  Executing command: ['userdel', '-f', 'mockbuild', '--prefix', '/var/lib/mock/f41-build-59817139-6576644/root'] with env {'TERM': 'vt100', 'SHELL': '/bin/sh', 'HOME': '/builddir', 'HOSTNAME': 'mock', 'PATH': '/usr/bin:/bin:/usr/sbin:/sbin', 'LANG': 'C.UTF-8'} and shell False
DEBUG util.py:459:  userdel: user 'mockbuild' does not exist
DEBUG util.py:608:  Child return code was: 6
DEBUG util.py:634:  child environment: None
DEBUG util.py:556:  Executing command: ['groupdel', 'mock', '--prefix', '/var/lib/mock/f41-build-59817139-6576644/root'] with env {'TERM': 'vt100', 'SHELL': '/bin/sh', 'HOME': '/builddir', 'HOSTNAME': 'mock', 'PATH': '/usr/bin:/bin:/usr/sbin:/sbin', 'LANG': 'C.UTF-8'} and shell False
DEBUG util.py:459:  groupdel: group 'mock' does not exist
DEBUG util.py:608:  Child return code was: 6
DEBUG util.py:634:  child environment: None
DEBUG util.py:556:  Executing command: ['groupadd', 'mock', '-g', '425', '--prefix', '/var/lib/mock/f41-build-59817139-6576644/root'] with env {'TERM': 'vt100', 'SHELL': '/bin/sh', 'HOME': '/builddir', 'HOSTNAME': 'mock', 'PATH': '/usr/bin:/bin:/usr/sbin:/sbin', 'LANG': 'C.UTF-8'} and shell False
DEBUG util.py:608:  Child return code was: 0
DEBUG util.py:634:  child environment: None
DEBUG util.py:556:  Executing command: ['useradd', 'mockbuild', '-o', '-u', '1000', '-g', '425', '-N', '-d', '/builddir', '--prefix', '/var/lib/mock/f41-build-59817139-6576644/root'] with env {'TERM': 'vt100', 'SHELL': '/bin/sh', 'HOME': '/builddir', 'HOSTNAME': 'mock', 'PATH': '/usr/bin:/bin:/usr/sbin:/sbin', 'LANG': 'C.UTF-8'} and shell False
DEBUG util.py:459:  useradd: warning: the home directory /builddir already exists.
DEBUG util.py:459:  useradd: Not copying any file from skel directory into it.
DEBUG util.py:608:  Child return code was: 0
DEBUG file_util.py:30:  touching file: /var/lib/mock/f41-build-59817139-6576644/root/.initialized
DEBUG file_util.py:18:  ensuring that dir exists: /var/lib/mock/f41-build-59817139-6576644-bootstrap/root/var/lib/mock/f41-build-59817139-6576644/root
DEBUG util.py:634:  child environment: None
DEBUG util.py:556:  Executing command: ['/bin/mount', '-n', '-t', 'tmpfs', '-o', 'private,mode=0755', 'tmpfs', '/var/lib/mock/f41-build-59817139-6576644-bootstrap/root/var/lib/mock/f41-build-59817139-6576644/root'] with env {'TERM': 'vt100', 'SHELL': '/bin/sh', 'HOME': '/builddir', 'HOSTNAME': 'mock', 'PATH': '/usr/bin:/bin:/usr/sbin:/sbin', 'LANG': 'C.UTF-8'} and shell False
DEBUG util.py:608:  Child return code was: 0
DEBUG file_util.py:18:  ensuring that dir exists: /var/lib/mock/f41-build-59817139-6576644-bootstrap/root/var/lib/mock/f41-build-59817139-6576644/root
DEBUG util.py:634:  child environment: None
DEBUG util.py:556:  Executing command: ['/bin/mount', '-n', '-o', 'rbind', '/var/lib/mock/f41-build-59817139-6576644/root', '/var/lib/mock/f41-build-59817139-6576644-bootstrap/root/var/lib/mock/f41-build-59817139-6576644/root'] with env {'TERM': 'vt100', 'SHELL': '/bin/sh', 'HOME': '/builddir', 'HOSTNAME': 'mock', 'PATH': '/usr/bin:/bin:/usr/sbin:/sbin', 'LANG': 'C.UTF-8'} and shell False
DEBUG util.py:608:  Child return code was: 0
DEBUG util.py:634:  child environment: None
DEBUG util.py:556:  Executing command: ['/bin/mount', '-n', '-o', 'remount,private,rbind', '--target', '/var/lib/mock/f41-build-59817139-6576644-bootstrap/root/var/lib/mock/f41-build-59817139-6576644/root'] with env {'TERM': 'vt100', 'SHELL': '/bin/sh', 'HOME': '/builddir', 'HOSTNAME': 'mock', 'PATH': '/usr/bin:/bin:/usr/sbin:/sbin', 'LANG': 'C.UTF-8'} and shell False
DEBUG util.py:608:  Child return code was: 0
DEBUG util.py:634:  child environment: None
DEBUG util.py:551:  Using nspawn with args ['--capability=cap_ipc_lock', '--bind=/tmp/mock-resolv.3xx50v_c:/etc/resolv.conf']
DEBUG util.py:556:  Executing command: ['/usr/bin/systemd-nspawn', '-q', '-M', 'b7f3286c1aba412b9c4fb28acedb6888', '-D', '/var/lib/mock/f41-build-59817139-6576644-bootstrap/root', '-a', '--capability=cap_ipc_lock', '--bind=/tmp/mock-resolv.3xx50v_c:/etc/resolv.conf', '--console=pipe', '--setenv=TERM=vt100', '--setenv=SHELL=/bin/bash', '--setenv=HOME=/builddir', '--setenv=HOSTNAME=mock', '--setenv=PATH=/usr/bin:/bin:/usr/sbin:/sbin', '--setenv=PROMPT_COMMAND=printf "\\033]0;<mock-chroot>\\007"', '--setenv=PS1=<mock-chroot> \\s-\\v\\$ ', '--setenv=LANG=C.UTF-8', '--resolv-conf=off', '/bin/rpm', '-qa', '--root', '/var/lib/mock/f41-build-59817139-6576644/root'] with env {'TERM': 'vt100', 'SHELL': '/bin/bash', 'HOME': '/builddir', 'HOSTNAME': 'mock', 'PATH': '/usr/bin:/bin:/usr/sbin:/sbin', 'PROMPT_COMMAND': 'printf "\\033]0;<mock-chroot>\\007"', 'PS1': '<mock-chroot> \\s-\\v\\$ ', 'LANG': 'C.UTF-8', 'SYSTEMD_NSPAWN_TMPFS_TMP': '0', 'SYSTEMD_SECCOMP': '0'} and shell False
DEBUG util.py:461:  libgcc-14.2.1-7.fc41.ppc64le
DEBUG util.py:461:  libssh-config-0.10.6-8.fc41.noarch
DEBUG util.py:461:  publicsuffix-list-dafsa-20250116-1.fc41.noarch
DEBUG util.py:461:  fedora-release-identity-basic-41-32.noarch
DEBUG util.py:461:  fedora-gpg-keys-41-1.noarch
DEBUG util.py:461:  fedora-repos-41-1.noarch
DEBUG util.py:461:  fedora-release-common-41-32.noarch
DEBUG util.py:461:  fedora-release-41-32.noarch
DEBUG util.py:461:  setup-2.15.0-8.fc41.noarch
DEBUG util.py:461:  filesystem-3.18-23.fc41.ppc64le
DEBUG util.py:461:  basesystem-11-21.fc41.noarch
DEBUG util.py:461:  pkgconf-m4-2.3.0-1.fc41.noarch
DEBUG util.py:461:  pcre2-syntax-10.44-1.fc41.1.noarch
DEBUG util.py:461:  ncurses-base-6.5-2.20240629.fc41.noarch
DEBUG util.py:461:  glibc-minimal-langpack-2.40-25.fc41.ppc64le
DEBUG util.py:461:  ncurses-libs-6.5-2.20240629.fc41.ppc64le
DEBUG util.py:461:  glibc-2.40-25.fc41.ppc64le
DEBUG util.py:461:  bash-5.2.32-1.fc41.ppc64le
DEBUG util.py:461:  glibc-common-2.40-25.fc41.ppc64le
DEBUG util.py:461:  glibc-gconv-extra-2.40-25.fc41.ppc64le
DEBUG util.py:461:  zlib-ng-compat-2.2.3-2.fc41.ppc64le
DEBUG util.py:461:  bzip2-libs-1.0.8-19.fc41.ppc64le
DEBUG util.py:461:  xz-libs-5.8.1-2.fc41.ppc64le
DEBUG util.py:461:  readline-8.2-10.fc41.ppc64le
DEBUG util.py:461:  popt-1.19-7.fc41.ppc64le
DEBUG util.py:461:  libuuid-2.40.4-1.fc41.ppc64le
DEBUG util.py:461:  libblkid-2.40.4-1.fc41.ppc64le
DEBUG util.py:461:  gmp-6.3.0-2.fc41.ppc64le
DEBUG util.py:461:  libattr-2.5.2-4.fc41.ppc64le
DEBUG util.py:461:  libacl-2.3.2-2.fc41.ppc64le
DEBUG util.py:461:  libxcrypt-4.4.38-7.fc41.ppc64le
DEBUG util.py:461:  libstdc++-14.2.1-7.fc41.ppc64le
DEBUG util.py:461:  libzstd-1.5.7-1.fc41.ppc64le
DEBUG util.py:461:  elfutils-libelf-0.193-2.fc41.ppc64le
DEBUG util.py:461:  libeconf-0.6.2-3.fc41.ppc64le
DEBUG util.py:461:  gdbm-libs-1.23-7.fc41.ppc64le
DEBUG util.py:461:  dwz-0.15-8.fc41.ppc64le
DEBUG util.py:461:  mpfr-4.2.1-5.fc41.ppc64le
DEBUG util.py:461:  gawk-5.3.0-4.fc41.ppc64le
DEBUG util.py:461:  unzip-6.0-64.fc41.ppc64le
DEBUG util.py:461:  file-libs-5.45-7.fc41.ppc64le
DEBUG util.py:461:  file-5.45-7.fc41.ppc64le
DEBUG util.py:461:  crypto-policies-20250124-1.git4d262e7.fc41.noarch
DEBUG util.py:461:  pcre2-10.44-1.fc41.1.ppc64le
DEBUG util.py:461:  grep-3.11-9.fc41.ppc64le
DEBUG util.py:461:  xz-5.8.1-2.fc41.ppc64le
DEBUG util.py:461:  libcap-ng-0.8.5-3.fc41.ppc64le
DEBUG util.py:461:  audit-libs-4.0.3-1.fc41.ppc64le
DEBUG util.py:461:  pam-libs-1.6.1-7.fc41.ppc64le
DEBUG util.py:461:  libcap-2.70-4.fc41.ppc64le
DEBUG util.py:461:  systemd-libs-256.12-1.fc41.ppc64le
DEBUG util.py:461:  libsmartcols-2.40.4-1.fc41.ppc64le
DEBUG util.py:461:  libsepol-3.7-2.fc41.ppc64le
DEBUG util.py:461:  libselinux-3.7-5.fc41.ppc64le
DEBUG util.py:461:  sed-4.9-3.fc41.ppc64le
DEBUG util.py:461:  findutils-4.10.0-4.fc41.ppc64le
DEBUG util.py:461:  libmount-2.40.4-1.fc41.ppc64le
DEBUG util.py:461:  alternatives-1.31-1.fc41.ppc64le
DEBUG util.py:461:  lz4-libs-1.10.0-1.fc41.ppc64le
DEBUG util.py:461:  lua-libs-5.4.7-3.fc41.ppc64le
DEBUG util.py:461:  libffi-3.4.6-3.fc41.ppc64le
DEBUG util.py:461:  libcom_err-1.47.1-6.fc41.ppc64le
DEBUG util.py:461:  libtasn1-4.20.0-1.fc41.ppc64le
DEBUG util.py:461:  p11-kit-0.25.5-3.fc41.ppc64le
DEBUG util.py:461:  libunistring-1.1-8.fc41.ppc64le
DEBUG util.py:461:  libidn2-2.3.8-1.fc41.ppc64le
DEBUG util.py:461:  libpsl-0.21.5-4.fc41.ppc64le
DEBUG util.py:461:  p11-kit-trust-0.25.5-3.fc41.ppc64le
DEBUG util.py:461:  zstd-1.5.7-1.fc41.ppc64le
DEBUG util.py:461:  util-linux-core-2.40.4-1.fc41.ppc64le
DEBUG util.py:461:  tar-1.35-4.fc41.ppc64le
DEBUG util.py:461:  libsemanage-3.7-2.fc41.ppc64le
DEBUG util.py:461:  shadow-utils-4.15.1-12.fc41.ppc64le
DEBUG util.py:461:  libutempter-1.2.1-15.fc41.ppc64le
DEBUG util.py:461:  zip-3.0-41.fc41.ppc64le
DEBUG util.py:461:  gdbm-1.23-7.fc41.ppc64le
DEBUG util.py:461:  cyrus-sasl-lib-2.1.28-27.fc41.ppc64le
DEBUG util.py:461:  libfdisk-2.40.4-1.fc41.ppc64le
DEBUG util.py:461:  libxml2-2.12.10-1.fc41.ppc64le
DEBUG util.py:461:  bzip2-1.0.8-19.fc41.ppc64le
DEBUG util.py:461:  add-determinism-0.3.6-3.fc41.ppc64le
DEBUG util.py:461:  build-reproducibility-srpm-macros-0.3.6-3.fc41.noarch
DEBUG util.py:461:  sqlite-libs-3.46.1-3.fc41.ppc64le
DEBUG util.py:461:  ed-1.20.2-2.fc41.ppc64le
DEBUG util.py:461:  patch-2.7.6-25.fc41.ppc64le
DEBUG util.py:461:  elfutils-default-yama-scope-0.193-2.fc41.noarch
DEBUG util.py:461:  elfutils-libs-0.193-2.fc41.ppc64le
DEBUG util.py:461:  cpio-2.15-2.fc41.ppc64le
DEBUG util.py:461:  diffutils-3.10-8.fc41.ppc64le
DEBUG util.py:461:  librtas-2.0.6-2.fc41.ppc64le
DEBUG util.py:461:  jansson-2.13.1-10.fc41.ppc64le
DEBUG util.py:461:  libgomp-14.2.1-7.fc41.ppc64le
DEBUG util.py:461:  json-c-0.17-4.fc41.ppc64le
DEBUG util.py:461:  libpkgconf-2.3.0-1.fc41.ppc64le
DEBUG util.py:461:  pkgconf-2.3.0-1.fc41.ppc64le
DEBUG util.py:461:  pkgconf-pkg-config-2.3.0-1.fc41.ppc64le
DEBUG util.py:461:  keyutils-libs-1.6.3-4.fc41.ppc64le
DEBUG util.py:461:  libverto-0.3.2-9.fc41.ppc64le
DEBUG util.py:461:  xxhash-libs-0.8.3-1.fc41.ppc64le
DEBUG util.py:461:  libbrotli-1.1.0-5.fc41.ppc64le
DEBUG util.py:461:  libnghttp2-1.62.1-3.fc41.ppc64le
DEBUG util.py:461:  libtool-ltdl-2.4.7-12.fc41.ppc64le
DEBUG util.py:461:  rust-srpm-macros-26.3-3.fc41.noarch
DEBUG util.py:461:  qt6-srpm-macros-6.8.2-1.fc41.noarch
DEBUG util.py:461:  qt5-srpm-macros-5.15.15-1.fc41.noarch
DEBUG util.py:461:  perl-srpm-macros-1-56.fc41.noarch
DEBUG util.py:461:  package-notes-srpm-macros-0.5-12.fc41.noarch
DEBUG util.py:461:  openblas-srpm-macros-2-18.fc41.noarch
DEBUG util.py:461:  ocaml-srpm-macros-10-3.fc41.noarch
DEBUG util.py:461:  kernel-srpm-macros-1.0-24.fc41.noarch
DEBUG util.py:461:  gnat-srpm-macros-6-6.fc41.noarch
DEBUG util.py:461:  ghc-srpm-macros-1.9.1-2.fc41.noarch
DEBUG util.py:461:  fpc-srpm-macros-1.3-13.fc41.noarch
DEBUG util.py:461:  ansible-srpm-macros-1-16.fc41.noarch
DEBUG util.py:461:  coreutils-common-9.5-11.fc41.ppc64le
DEBUG util.py:461:  openssl-libs-3.2.4-1.fc41.ppc64le
DEBUG util.py:461:  coreutils-9.5-11.fc41.ppc64le
DEBUG util.py:461:  ca-certificates-2024.2.69_v8.0.401-1.0.fc41.noarch
DEBUG util.py:461:  krb5-libs-1.21.3-4.fc41.ppc64le
DEBUG util.py:461:  libarchive-3.7.4-4.fc41.ppc64le
DEBUG util.py:461:  libtirpc-1.3.6-1.rc3.fc41.ppc64le
DEBUG util.py:461:  gzip-1.13-2.fc41.ppc64le
DEBUG util.py:461:  authselect-libs-1.5.0-8.fc41.ppc64le
DEBUG util.py:461:  cracklib-2.9.11-6.fc41.ppc64le
DEBUG util.py:461:  libpwquality-1.4.5-11.fc41.ppc64le
DEBUG util.py:461:  libnsl2-2.0.1-2.fc41.ppc64le
DEBUG util.py:461:  pam-1.6.1-7.fc41.ppc64le
DEBUG util.py:461:  libssh-0.10.6-8.fc41.ppc64le
DEBUG util.py:461:  rpm-sequoia-1.7.0-5.fc41.ppc64le
DEBUG util.py:461:  rpm-libs-4.20.1-1.fc41.ppc64le
DEBUG util.py:461:  rpm-build-libs-4.20.1-1.fc41.ppc64le
DEBUG util.py:461:  libevent-2.1.12-14.fc41.ppc64le
DEBUG util.py:461:  openldap-2.6.9-1.fc41.ppc64le
DEBUG util.py:461:  libcurl-8.9.1-3.fc41.ppc64le
DEBUG util.py:461:  elfutils-debuginfod-client-0.193-2.fc41.ppc64le
DEBUG util.py:461:  binutils-2.43.1-5.fc41.ppc64le
DEBUG util.py:461:  elfutils-0.193-2.fc41.ppc64le
DEBUG util.py:461:  gdb-minimal-16.3-1.fc41.ppc64le
DEBUG util.py:461:  debugedit-5.1-6.fc41.ppc64le
DEBUG util.py:461:  curl-8.9.1-3.fc41.ppc64le
DEBUG util.py:461:  rpm-4.20.1-1.fc41.ppc64le
DEBUG util.py:461:  efi-srpm-macros-5-13.fc41.noarch
DEBUG util.py:461:  lua-srpm-macros-1-14.fc41.noarch
DEBUG util.py:461:  zig-srpm-macros-1-3.fc41.noarch
DEBUG util.py:461:  fonts-srpm-macros-2.0.5-17.fc41.noarch
DEBUG util.py:461:  forge-srpm-macros-0.4.0-1.fc41.noarch
DEBUG util.py:461:  go-srpm-macros-3.6.0-5.fc41.noarch
DEBUG util.py:461:  python-srpm-macros-3.13-3.fc41.noarch
DEBUG util.py:461:  redhat-rpm-config-294-1.fc41.noarch
DEBUG util.py:461:  rpm-build-4.20.1-1.fc41.ppc64le
DEBUG util.py:461:  pyproject-srpm-macros-1.18.1-1.fc41.noarch
DEBUG util.py:461:  util-linux-2.40.4-1.fc41.ppc64le
DEBUG util.py:461:  authselect-1.5.0-8.fc41.ppc64le
DEBUG util.py:461:  which-2.21-42.fc41.ppc64le
DEBUG util.py:461:  info-7.1.1-1.fc41.ppc64le
DEBUG util.py:608:  Child return code was: 0
DEBUG util.py:183:  kill orphans in chroot /var/lib/mock/f41-build-59817139-6576644/root
DEBUG util.py:183:  kill orphans in chroot /var/lib/mock/f41-build-59817139-6576644-bootstrap/root/var/lib/mock/f41-build-59817139-6576644/root
DEBUG util.py:634:  child environment: None
DEBUG util.py:556:  Executing command: ['/bin/umount', '-n', '-l', '/var/lib/mock/f41-build-59817139-6576644-bootstrap/root/var/lib/mock/f41-build-59817139-6576644/root'] with env {'TERM': 'vt100', 'SHELL': '/bin/sh', 'HOME': '/builddir', 'HOSTNAME': 'mock', 'PATH': '/usr/bin:/bin:/usr/sbin:/sbin', 'LANG': 'C.UTF-8'} and shell False
DEBUG util.py:608:  Child return code was: 0
DEBUG util.py:634:  child environment: None
DEBUG util.py:556:  Executing command: ['/bin/umount', '-n', '-l', '/var/lib/mock/f41-build-59817139-6576644-bootstrap/root/var/lib/mock/f41-build-59817139-6576644/root'] with env {'TERM': 'vt100', 'SHELL': '/bin/sh', 'HOME': '/builddir', 'HOSTNAME': 'mock', 'PATH': '/usr/bin:/bin:/usr/sbin:/sbin', 'LANG': 'C.UTF-8'} and shell False
DEBUG util.py:608:  Child return code was: 0
INFO backend.py:228:  Installed packages:
INFO backend.py:229:  add-determinism-0.3.6-3.fc41.ppc64le
alternatives-1.31-1.fc41.ppc64le
ansible-srpm-macros-1-16.fc41.noarch
audit-libs-4.0.3-1.fc41.ppc64le
authselect-1.5.0-8.fc41.ppc64le
authselect-libs-1.5.0-8.fc41.ppc64le
basesystem-11-21.fc41.noarch
bash-5.2.32-1.fc41.ppc64le
binutils-2.43.1-5.fc41.ppc64le
build-reproducibility-srpm-macros-0.3.6-3.fc41.noarch
bzip2-1.0.8-19.fc41.ppc64le
bzip2-libs-1.0.8-19.fc41.ppc64le
ca-certificates-2024.2.69_v8.0.401-1.0.fc41.noarch
coreutils-9.5-11.fc41.ppc64le
coreutils-common-9.5-11.fc41.ppc64le
cpio-2.15-2.fc41.ppc64le
cracklib-2.9.11-6.fc41.ppc64le
crypto-policies-20250124-1.git4d262e7.fc41.noarch
curl-8.9.1-3.fc41.ppc64le
cyrus-sasl-lib-2.1.28-27.fc41.ppc64le
debugedit-5.1-6.fc41.ppc64le
diffutils-3.10-8.fc41.ppc64le
dwz-0.15-8.fc41.ppc64le
ed-1.20.2-2.fc41.ppc64le
efi-srpm-macros-5-13.fc41.noarch
elfutils-0.193-2.fc41.ppc64le
elfutils-debuginfod-client-0.193-2.fc41.ppc64le
elfutils-default-yama-scope-0.193-2.fc41.noarch
elfutils-libelf-0.193-2.fc41.ppc64le
elfutils-libs-0.193-2.fc41.ppc64le
fedora-gpg-keys-41-1.noarch
fedora-release-41-32.noarch
fedora-release-common-41-32.noarch
fedora-release-identity-basic-41-32.noarch
fedora-repos-41-1.noarch
file-5.45-7.fc41.ppc64le
file-libs-5.45-7.fc41.ppc64le
filesystem-3.18-23.fc41.ppc64le
findutils-4.10.0-4.fc41.ppc64le
fonts-srpm-macros-2.0.5-17.fc41.noarch
forge-srpm-macros-0.4.0-1.fc41.noarch
fpc-srpm-macros-1.3-13.fc41.noarch
gawk-5.3.0-4.fc41.ppc64le
gdb-minimal-16.3-1.fc41.ppc64le
gdbm-1.23-7.fc41.ppc64le
gdbm-libs-1.23-7.fc41.ppc64le
ghc-srpm-macros-1.9.1-2.fc41.noarch
glibc-2.40-25.fc41.ppc64le
glibc-common-2.40-25.fc41.ppc64le
glibc-gconv-extra-2.40-25.fc41.ppc64le
glibc-minimal-langpack-2.40-25.fc41.ppc64le
gmp-6.3.0-2.fc41.ppc64le
gnat-srpm-macros-6-6.fc41.noarch
go-srpm-macros-3.6.0-5.fc41.noarch
grep-3.11-9.fc41.ppc64le
gzip-1.13-2.fc41.ppc64le
info-7.1.1-1.fc41.ppc64le
jansson-2.13.1-10.fc41.ppc64le
json-c-0.17-4.fc41.ppc64le
kernel-srpm-macros-1.0-24.fc41.noarch
keyutils-libs-1.6.3-4.fc41.ppc64le
krb5-libs-1.21.3-4.fc41.ppc64le
libacl-2.3.2-2.fc41.ppc64le
libarchive-3.7.4-4.fc41.ppc64le
libattr-2.5.2-4.fc41.ppc64le
libblkid-2.40.4-1.fc41.ppc64le
libbrotli-1.1.0-5.fc41.ppc64le
libcap-2.70-4.fc41.ppc64le
libcap-ng-0.8.5-3.fc41.ppc64le
libcom_err-1.47.1-6.fc41.ppc64le
libcurl-8.9.1-3.fc41.ppc64le
libeconf-0.6.2-3.fc41.ppc64le
libevent-2.1.12-14.fc41.ppc64le
libfdisk-2.40.4-1.fc41.ppc64le
libffi-3.4.6-3.fc41.ppc64le
libgcc-14.2.1-7.fc41.ppc64le
libgomp-14.2.1-7.fc41.ppc64le
libidn2-2.3.8-1.fc41.ppc64le
libmount-2.40.4-1.fc41.ppc64le
libnghttp2-1.62.1-3.fc41.ppc64le
libnsl2-2.0.1-2.fc41.ppc64le
libpkgconf-2.3.0-1.fc41.ppc64le
libpsl-0.21.5-4.fc41.ppc64le
libpwquality-1.4.5-11.fc41.ppc64le
librtas-2.0.6-2.fc41.ppc64le
libselinux-3.7-5.fc41.ppc64le
libsemanage-3.7-2.fc41.ppc64le
libsepol-3.7-2.fc41.ppc64le
libsmartcols-2.40.4-1.fc41.ppc64le
libssh-0.10.6-8.fc41.ppc64le
libssh-config-0.10.6-8.fc41.noarch
libstdc++-14.2.1-7.fc41.ppc64le
libtasn1-4.20.0-1.fc41.ppc64le
libtirpc-1.3.6-1.rc3.fc41.ppc64le
libtool-ltdl-2.4.7-12.fc41.ppc64le
libunistring-1.1-8.fc41.ppc64le
libutempter-1.2.1-15.fc41.ppc64le
libuuid-2.40.4-1.fc41.ppc64le
libverto-0.3.2-9.fc41.ppc64le
libxcrypt-4.4.38-7.fc41.ppc64le
libxml2-2.12.10-1.fc41.ppc64le
libzstd-1.5.7-1.fc41.ppc64le
lua-libs-5.4.7-3.fc41.ppc64le
lua-srpm-macros-1-14.fc41.noarch
lz4-libs-1.10.0-1.fc41.ppc64le
mpfr-4.2.1-5.fc41.ppc64le
ncurses-base-6.5-2.20240629.fc41.noarch
ncurses-libs-6.5-2.20240629.fc41.ppc64le
ocaml-srpm-macros-10-3.fc41.noarch
openblas-srpm-macros-2-18.fc41.noarch
openldap-2.6.9-1.fc41.ppc64le
openssl-libs-3.2.4-1.fc41.ppc64le
p11-kit-0.25.5-3.fc41.ppc64le
p11-kit-trust-0.25.5-3.fc41.ppc64le
package-notes-srpm-macros-0.5-12.fc41.noarch
pam-1.6.1-7.fc41.ppc64le
pam-libs-1.6.1-7.fc41.ppc64le
patch-2.7.6-25.fc41.ppc64le
pcre2-10.44-1.fc41.1.ppc64le
pcre2-syntax-10.44-1.fc41.1.noarch
perl-srpm-macros-1-56.fc41.noarch
pkgconf-2.3.0-1.fc41.ppc64le
pkgconf-m4-2.3.0-1.fc41.noarch
pkgconf-pkg-config-2.3.0-1.fc41.ppc64le
popt-1.19-7.fc41.ppc64le
publicsuffix-list-dafsa-20250116-1.fc41.noarch
pyproject-srpm-macros-1.18.1-1.fc41.noarch
python-srpm-macros-3.13-3.fc41.noarch
qt5-srpm-macros-5.15.15-1.fc41.noarch
qt6-srpm-macros-6.8.2-1.fc41.noarch
readline-8.2-10.fc41.ppc64le
redhat-rpm-config-294-1.fc41.noarch
rpm-4.20.1-1.fc41.ppc64le
rpm-build-4.20.1-1.fc41.ppc64le
rpm-build-libs-4.20.1-1.fc41.ppc64le
rpm-libs-4.20.1-1.fc41.ppc64le
rpm-sequoia-1.7.0-5.fc41.ppc64le
rust-srpm-macros-26.3-3.fc41.noarch
sed-4.9-3.fc41.ppc64le
setup-2.15.0-8.fc41.noarch
shadow-utils-4.15.1-12.fc41.ppc64le
sqlite-libs-3.46.1-3.fc41.ppc64le
systemd-libs-256.12-1.fc41.ppc64le
tar-1.35-4.fc41.ppc64le
unzip-6.0-64.fc41.ppc64le
util-linux-2.40.4-1.fc41.ppc64le
util-linux-core-2.40.4-1.fc41.ppc64le
which-2.21-42.fc41.ppc64le
xxhash-libs-0.8.3-1.fc41.ppc64le
xz-5.8.1-2.fc41.ppc64le
xz-libs-5.8.1-2.fc41.ppc64le
zig-srpm-macros-1-3.fc41.noarch
zip-3.0-41.fc41.ppc64le
zlib-ng-compat-2.2.3-2.fc41.ppc64le
zstd-1.5.7-1.fc41.ppc64le
DEBUG util.py:183:  kill orphans in chroot /var/lib/mock/f41-build-59817139-6576644/root
DEBUG util.py:183:  kill orphans in chroot /var/lib/mock/f41-build-59817139-6576644-bootstrap/root
INFO buildroot.py:667:  Mock Version: 6.1
DEBUG file_util.py:18:  ensuring that dir exists: /var/lib/mock/f41-build-59817139-6576644/root
DEBUG file_util.py:18:  ensuring that dir exists: /var/lib/mock/f41-build-59817139-6576644-bootstrap
DEBUG file_util.py:18:  ensuring that dir exists: /var/lib/mock/f41-build-59817139-6576644-bootstrap
DEBUG file_util.py:18:  ensuring that dir exists: /var/lib/mock/f41-build-59817139-6576644-bootstrap/root
DEBUG file_util.py:18:  ensuring that dir exists: /var/lib/mock/f41-build-59817139-6576644-bootstrap/results
INFO buildroot.py:318:  calling preinit hooks
DEBUG buildroot.py:723:  create skeleton dirs
DEBUG file_util.py:18:  ensuring that dir exists: /var/lib/mock/f41-build-59817139-6576644-bootstrap/root/var/lib/rpm
DEBUG file_util.py:18:  ensuring that dir exists: /var/lib/mock/f41-build-59817139-6576644-bootstrap/root/var/lib/yum
DEBUG file_util.py:18:  ensuring that dir exists: /var/lib/mock/f41-build-59817139-6576644-bootstrap/root/var/lib/dbus
DEBUG file_util.py:18:  ensuring that dir exists: /var/lib/mock/f41-build-59817139-6576644-bootstrap/root/var/log
DEBUG file_util.py:18:  ensuring that dir exists: /var/lib/mock/f41-build-59817139-6576644-bootstrap/root/var/cache/dnf
DEBUG file_util.py:18:  ensuring that dir exists: /var/lib/mock/f41-build-59817139-6576644-bootstrap/root/var/cache/yum
DEBUG file_util.py:18:  ensuring that dir exists: /var/lib/mock/f41-build-59817139-6576644-bootstrap/root/etc/rpm
DEBUG file_util.py:18:  ensuring that dir exists: /var/lib/mock/f41-build-59817139-6576644-bootstrap/root/tmp
DEBUG file_util.py:18:  ensuring that dir exists: /var/lib/mock/f41-build-59817139-6576644-bootstrap/root/tmp/ccache
DEBUG file_util.py:18:  ensuring that dir exists: /var/lib/mock/f41-build-59817139-6576644-bootstrap/root/var/tmp
DEBUG file_util.py:18:  ensuring that dir exists: /var/lib/mock/f41-build-59817139-6576644-bootstrap/root/etc/dnf
DEBUG file_util.py:18:  ensuring that dir exists: /var/lib/mock/f41-build-59817139-6576644-bootstrap/root/etc/dnf/vars
DEBUG file_util.py:18:  ensuring that dir exists: /var/lib/mock/f41-build-59817139-6576644-bootstrap/root/etc/yum.repos.d
DEBUG file_util.py:18:  ensuring that dir exists: /var/lib/mock/f41-build-59817139-6576644-bootstrap/root/etc/yum
DEBUG file_util.py:18:  ensuring that dir exists: /var/lib/mock/f41-build-59817139-6576644-bootstrap/root/proc
DEBUG file_util.py:18:  ensuring that dir exists: /var/lib/mock/f41-build-59817139-6576644-bootstrap/root/sys
DEBUG file_util.py:18:  ensuring that dir exists: /var/lib/mock/f41-build-59817139-6576644-bootstrap/root/dev/pts
DEBUG file_util.py:18:  ensuring that dir exists: /var/lib/mock/f41-build-59817139-6576644-bootstrap/root/dev/shm
DEBUG file_util.py:18:  ensuring that dir exists: /var/lib/mock/f41-build-59817139-6576644-bootstrap/root/dev/mapper
DEBUG file_util.py:21:  created dir: /var/lib/mock/f41-build-59817139-6576644-bootstrap/root/dev/mapper
DEBUG buildroot.py:867:  kernel version == 6.12.13-200.fc41.ppc64le
DEBUG file_util.py:30:  touching file: /var/lib/mock/f41-build-59817139-6576644-bootstrap/root/etc/fstab
DEBUG file_util.py:30:  touching file: /var/lib/mock/f41-build-59817139-6576644-bootstrap/root/etc/yum/yum.conf
DEBUG file_util.py:30:  touching file: /var/lib/mock/f41-build-59817139-6576644-bootstrap/root/etc/dnf/dnf.conf
DEBUG file_util.py:30:  touching file: /var/lib/mock/f41-build-59817139-6576644-bootstrap/root/var/log/yum.log
DEBUG buildroot.py:332:  rootdir = /var/lib/mock/f41-build-59817139-6576644-bootstrap/root
DEBUG buildroot.py:333:  resultdir = /var/lib/mock/f41-build-59817139-6576644-bootstrap/results
DEBUG package_manager.py:63:  searching for 'dnf5' package manager or alternatives
INFO buildroot.py:181:  Package manager dnf5 detected and used (fallback)
DEBUG file_util.py:18:  ensuring that dir exists: /var/lib/mock/f41-build-59817139-6576644-bootstrap/root/etc/pki/mock
DEBUG file_util.py:158:  Updating files in /var/lib/mock/f41-build-59817139-6576644-bootstrap/root/etc/pki/ca-trust with files from /etc/pki/ca-trust
DEBUG file_util.py:18:  ensuring that dir exists: /var/lib/mock/f41-build-59817139-6576644-bootstrap/root/etc/pki/ca-trust
DEBUG file_util.py:18:  ensuring that dir exists: /var/lib/mock/f41-build-59817139-6576644-bootstrap/root/etc/pki/ca-trust/./extracted
DEBUG file_util.py:18:  ensuring that dir exists: /var/lib/mock/f41-build-59817139-6576644-bootstrap/root/etc/pki/ca-trust/./source
DEBUG file_util.py:18:  ensuring that dir exists: /var/lib/mock/f41-build-59817139-6576644-bootstrap/root/etc/pki/ca-trust/extracted/edk2
DEBUG file_util.py:18:  ensuring that dir exists: /var/lib/mock/f41-build-59817139-6576644-bootstrap/root/etc/pki/ca-trust/extracted/java
DEBUG file_util.py:18:  ensuring that dir exists: /var/lib/mock/f41-build-59817139-6576644-bootstrap/root/etc/pki/ca-trust/extracted/openssl
DEBUG file_util.py:18:  ensuring that dir exists: /var/lib/mock/f41-build-59817139-6576644-bootstrap/root/etc/pki/ca-trust/extracted/pem
DEBUG file_util.py:18:  ensuring that dir exists: /var/lib/mock/f41-build-59817139-6576644-bootstrap/root/etc/pki/ca-trust/extracted/pem/directory-hash
DEBUG file_util.py:18:  ensuring that dir exists: /var/lib/mock/f41-build-59817139-6576644-bootstrap/root/etc/pki/ca-trust/source/anchors
DEBUG file_util.py:18:  ensuring that dir exists: /var/lib/mock/f41-build-59817139-6576644-bootstrap/root/etc/pki/ca-trust/source/blocklist
DEBUG file_util.py:158:  Updating files in /var/lib/mock/f41-build-59817139-6576644-bootstrap/root/usr/share/pki/ca-trust-source with files from /usr/share/pki/ca-trust-source
DEBUG file_util.py:18:  ensuring that dir exists: /var/lib/mock/f41-build-59817139-6576644-bootstrap/root/usr/share/pki/ca-trust-source
DEBUG file_util.py:18:  ensuring that dir exists: /var/lib/mock/f41-build-59817139-6576644-bootstrap/root/usr/share/pki/ca-trust-source/./anchors
DEBUG file_util.py:18:  ensuring that dir exists: /var/lib/mock/f41-build-59817139-6576644-bootstrap/root/usr/share/pki/ca-trust-source/./blocklist
DEBUG file_util.py:18:  ensuring that dir exists: /var/lib/mock/f41-build-59817139-6576644-bootstrap/root/usr/share
DEBUG package_manager.py:388:  Copying /usr/share/distribution-gpg-keys to the bootstrap chroot
DEBUG util.py:634:  child environment: None
DEBUG util.py:556:  Executing command: ['cp', '-a', '/usr/share/distribution-gpg-keys', '/var/lib/mock/f41-build-59817139-6576644-bootstrap/root/usr/share'] with env {'TERM': 'vt100', 'SHELL': '/bin/sh', 'HOME': '/builddir', 'HOSTNAME': 'mock', 'PATH': '/usr/bin:/bin:/usr/sbin:/sbin', 'LANG': 'C.UTF-8'} and shell False
DEBUG util.py:608:  Child return code was: 0
DEBUG file_util.py:18:  ensuring that dir exists: /var/lib/mock/f41-build-59817139-6576644-bootstrap/root/etc/dnf
DEBUG package_manager.py:689:  configure DNF vars
DEBUG file_util.py:18:  ensuring that dir exists: /var/lib/mock/f41-build-59817139-6576644-bootstrap/root/etc
DEBUG file_util.py:18:  ensuring that dir exists: /var/lib/mock/f41-build-59817139-6576644-bootstrap/root/etc
DEBUG buildroot.py:38:  method _make_users skipped in bootstrap
DEBUG file_util.py:30:  touching file: /var/lib/mock/f41-build-59817139-6576644-bootstrap/root/.initialized
DEBUG file_util.py:18:  ensuring that dir exists: /var/lib/mock/f41-build-59817139-6576644
DEBUG file_util.py:18:  ensuring that dir exists: /var/lib/mock/f41-build-59817139-6576644/root
DEBUG file_util.py:18:  ensuring that dir exists: /var/lib/mock/f41-build-59817139-6576644/result
INFO buildroot.py:318:  calling preinit hooks
DEBUG util.py:634:  child environment: None
DEBUG util.py:556:  Executing command: ['/usr/bin/lscpu'] with env {'TERM': 'vt100', 'SHELL': '/bin/sh', 'HOME': '/builddir', 'HOSTNAME': 'mock', 'PATH': '/usr/bin:/bin:/usr/sbin:/sbin', 'LANG': 'C.UTF-8'} and shell False
DEBUG util.py:461:  Architecture:                         ppc64le
DEBUG util.py:461:  Byte Order:                           Little Endian
DEBUG util.py:461:  CPU(s):                               8
DEBUG util.py:461:  On-line CPU(s) list:                  0-7
DEBUG util.py:461:  Model name:                           POWER9 (architected), altivec supported
DEBUG util.py:461:  Model:                                2.2 (pvr 004e 1202)
DEBUG util.py:461:  Thread(s) per core:                   1
DEBUG util.py:461:  Core(s) per socket:                   1
DEBUG util.py:461:  Socket(s):                            8
DEBUG util.py:461:  Hypervisor vendor:                    KVM
DEBUG util.py:461:  Virtualization type:                  para
DEBUG util.py:461:  L1d cache:                            256 KiB (8 instances)
DEBUG util.py:461:  L1i cache:                            256 KiB (8 instances)
DEBUG util.py:461:  NUMA node(s):                         1
DEBUG util.py:461:  NUMA node0 CPU(s):                    0-7
DEBUG util.py:461:  Vulnerability Gather data sampling:   Not affected
DEBUG util.py:461:  Vulnerability Itlb multihit:          Not affected
DEBUG util.py:461:  Vulnerability L1tf:                   Mitigation; RFI Flush, L1D private per thread
DEBUG util.py:461:  Vulnerability Mds:                    Not affected
DEBUG util.py:461:  Vulnerability Meltdown:               Mitigation; RFI Flush, L1D private per thread
DEBUG util.py:461:  Vulnerability Mmio stale data:        Not affected
DEBUG util.py:461:  Vulnerability Reg file data sampling: Not affected
DEBUG util.py:461:  Vulnerability Retbleed:               Not affected
DEBUG util.py:461:  Vulnerability Spec rstack overflow:   Not affected
DEBUG util.py:461:  Vulnerability Spec store bypass:      Mitigation; Kernel entry/exit barrier (eieio)
DEBUG util.py:461:  Vulnerability Spectre v1:             Mitigation; __user pointer sanitization, ori31 speculation barrier enabled
DEBUG util.py:461:  Vulnerability Spectre v2:             Mitigation; Software count cache flush (hardware accelerated), Software link stack flush
DEBUG util.py:461:  Vulnerability Srbds:                  Not affected
DEBUG util.py:461:  Vulnerability Tsx async abort:        Not affected
DEBUG util.py:608:  Child return code was: 0
DEBUG util.py:634:  child environment: None
DEBUG util.py:556:  Executing command: ['/bin/free'] with env {'TERM': 'vt100', 'SHELL': '/bin/sh', 'HOME': '/builddir', 'HOSTNAME': 'mock', 'PATH': '/usr/bin:/bin:/usr/sbin:/sbin', 'LANG': 'C.UTF-8'} and shell False
DEBUG util.py:461:                 total        used        free      shared  buff/cache   available
DEBUG util.py:461:  Mem:        20757504     2009408     8189248        6144    10719552    18748096
DEBUG util.py:461:  Swap:        8388544      228096     8160448
DEBUG util.py:608:  Child return code was: 0
DEBUG util.py:634:  child environment: None
DEBUG util.py:556:  Executing command: ['/bin/df', '-H', '-T', '/var/lib/mock/f41-build-59817139-6576644/root', '/var/cache/mock'] with env {'TERM': 'vt100', 'SHELL': '/bin/sh', 'HOME': '/builddir', 'HOSTNAME': 'mock', 'PATH': '/usr/bin:/bin:/usr/sbin:/sbin', 'LANG': 'C.UTF-8'} and shell False
DEBUG util.py:461:  Filesystem     Type   Size  Used Avail Use% Mounted on
DEBUG util.py:461:  /dev/vda3      btrfs  274G   41G  229G  15% /
DEBUG util.py:461:  /dev/vda3      btrfs  274G   41G  229G  15% /
DEBUG util.py:608:  Child return code was: 0
DEBUG buildroot.py:723:  create skeleton dirs
DEBUG file_util.py:18:  ensuring that dir exists: /var/lib/mock/f41-build-59817139-6576644/root/var/lib/rpm
DEBUG file_util.py:18:  ensuring that dir exists: /var/lib/mock/f41-build-59817139-6576644/root/var/lib/yum
DEBUG file_util.py:18:  ensuring that dir exists: /var/lib/mock/f41-build-59817139-6576644/root/var/lib/dbus
DEBUG file_util.py:18:  ensuring that dir exists: /var/lib/mock/f41-build-59817139-6576644/root/var/log
DEBUG file_util.py:18:  ensuring that dir exists: /var/lib/mock/f41-build-59817139-6576644/root/var/cache/dnf
DEBUG file_util.py:18:  ensuring that dir exists: /var/lib/mock/f41-build-59817139-6576644/root/var/cache/yum
DEBUG file_util.py:18:  ensuring that dir exists: /var/lib/mock/f41-build-59817139-6576644/root/etc/rpm
DEBUG file_util.py:18:  ensuring that dir exists: /var/lib/mock/f41-build-59817139-6576644/root/tmp
DEBUG file_util.py:18:  ensuring that dir exists: /var/lib/mock/f41-build-59817139-6576644/root/tmp/ccache
DEBUG file_util.py:18:  ensuring that dir exists: /var/lib/mock/f41-build-59817139-6576644/root/var/tmp
DEBUG file_util.py:18:  ensuring that dir exists: /var/lib/mock/f41-build-59817139-6576644/root/etc/dnf
DEBUG file_util.py:18:  ensuring that dir exists: /var/lib/mock/f41-build-59817139-6576644/root/etc/dnf/vars
DEBUG file_util.py:18:  ensuring that dir exists: /var/lib/mock/f41-build-59817139-6576644/root/etc/yum.repos.d
DEBUG file_util.py:18:  ensuring that dir exists: /var/lib/mock/f41-build-59817139-6576644/root/etc/yum
DEBUG file_util.py:18:  ensuring that dir exists: /var/lib/mock/f41-build-59817139-6576644/root/proc
DEBUG file_util.py:18:  ensuring that dir exists: /var/lib/mock/f41-build-59817139-6576644/root/sys
DEBUG file_util.py:18:  ensuring that dir exists: /var/lib/mock/f41-build-59817139-6576644/root/dev/pts
DEBUG file_util.py:18:  ensuring that dir exists: /var/lib/mock/f41-build-59817139-6576644/root/dev/shm
DEBUG file_util.py:18:  ensuring that dir exists: /var/lib/mock/f41-build-59817139-6576644/root/dev/mapper
DEBUG file_util.py:21:  created dir: /var/lib/mock/f41-build-59817139-6576644/root/dev/mapper
DEBUG buildroot.py:867:  kernel version == 6.12.13-200.fc41.ppc64le
DEBUG file_util.py:30:  touching file: /var/lib/mock/f41-build-59817139-6576644/root/etc/fstab
DEBUG file_util.py:30:  touching file: /var/lib/mock/f41-build-59817139-6576644/root/etc/yum/yum.conf
DEBUG file_util.py:30:  touching file: /var/lib/mock/f41-build-59817139-6576644/root/etc/dnf/dnf.conf
DEBUG file_util.py:30:  touching file: /var/lib/mock/f41-build-59817139-6576644/root/var/log/yum.log
DEBUG buildroot.py:332:  rootdir = /var/lib/mock/f41-build-59817139-6576644/root
DEBUG buildroot.py:333:  resultdir = /var/lib/mock/f41-build-59817139-6576644/result
INFO buildroot.py:181:  Package manager dnf5 detected and used (direct choice)
DEBUG file_util.py:18:  ensuring that dir exists: /var/lib/mock/f41-build-59817139-6576644/root/etc/pki/mock
DEBUG file_util.py:158:  Updating files in /var/lib/mock/f41-build-59817139-6576644/root/etc/pki/ca-trust with files from /etc/pki/ca-trust
DEBUG file_util.py:18:  ensuring that dir exists: /var/lib/mock/f41-build-59817139-6576644/root/etc/pki/ca-trust
DEBUG file_util.py:18:  ensuring that dir exists: /var/lib/mock/f41-build-59817139-6576644/root/etc/pki/ca-trust/./extracted
DEBUG file_util.py:18:  ensuring that dir exists: /var/lib/mock/f41-build-59817139-6576644/root/etc/pki/ca-trust/./source
DEBUG file_util.py:18:  ensuring that dir exists: /var/lib/mock/f41-build-59817139-6576644/root/etc/pki/ca-trust/extracted/edk2
DEBUG file_util.py:18:  ensuring that dir exists: /var/lib/mock/f41-build-59817139-6576644/root/etc/pki/ca-trust/extracted/java
DEBUG file_util.py:18:  ensuring that dir exists: /var/lib/mock/f41-build-59817139-6576644/root/etc/pki/ca-trust/extracted/openssl
DEBUG file_util.py:18:  ensuring that dir exists: /var/lib/mock/f41-build-59817139-6576644/root/etc/pki/ca-trust/extracted/pem
DEBUG file_util.py:18:  ensuring that dir exists: /var/lib/mock/f41-build-59817139-6576644/root/etc/pki/ca-trust/extracted/pem/directory-hash
DEBUG file_util.py:18:  ensuring that dir exists: /var/lib/mock/f41-build-59817139-6576644/root/etc/pki/ca-trust/source/anchors
DEBUG file_util.py:18:  ensuring that dir exists: /var/lib/mock/f41-build-59817139-6576644/root/etc/pki/ca-trust/source/blocklist
DEBUG file_util.py:158:  Updating files in /var/lib/mock/f41-build-59817139-6576644/root/usr/share/pki/ca-trust-source with files from /usr/share/pki/ca-trust-source
DEBUG file_util.py:18:  ensuring that dir exists: /var/lib/mock/f41-build-59817139-6576644/root/usr/share/pki/ca-trust-source
DEBUG file_util.py:18:  ensuring that dir exists: /var/lib/mock/f41-build-59817139-6576644/root/usr/share/pki/ca-trust-source/./anchors
DEBUG file_util.py:18:  ensuring that dir exists: /var/lib/mock/f41-build-59817139-6576644/root/usr/share/pki/ca-trust-source/./blocklist
DEBUG file_util.py:18:  ensuring that dir exists: /var/lib/mock/f41-build-59817139-6576644/root/etc/dnf
DEBUG package_manager.py:689:  configure DNF vars
DEBUG util.py:634:  child environment: None
DEBUG util.py:556:  Executing command: ['userdel', '-f', 'mockbuild', '--prefix', '/var/lib/mock/f41-build-59817139-6576644/root'] with env {'TERM': 'vt100', 'SHELL': '/bin/sh', 'HOME': '/builddir', 'HOSTNAME': 'mock', 'PATH': '/usr/bin:/bin:/usr/sbin:/sbin', 'LANG': 'C.UTF-8'} and shell False
DEBUG util.py:608:  Child return code was: 0
DEBUG util.py:634:  child environment: None
DEBUG util.py:556:  Executing command: ['groupdel', 'mock', '--prefix', '/var/lib/mock/f41-build-59817139-6576644/root'] with env {'TERM': 'vt100', 'SHELL': '/bin/sh', 'HOME': '/builddir', 'HOSTNAME': 'mock', 'PATH': '/usr/bin:/bin:/usr/sbin:/sbin', 'LANG': 'C.UTF-8'} and shell False
DEBUG util.py:608:  Child return code was: 0
DEBUG util.py:634:  child environment: None
DEBUG util.py:556:  Executing command: ['groupadd', 'mock', '-g', '425', '--prefix', '/var/lib/mock/f41-build-59817139-6576644/root'] with env {'TERM': 'vt100', 'SHELL': '/bin/sh', 'HOME': '/builddir', 'HOSTNAME': 'mock', 'PATH': '/usr/bin:/bin:/usr/sbin:/sbin', 'LANG': 'C.UTF-8'} and shell False
DEBUG util.py:608:  Child return code was: 0
DEBUG util.py:634:  child environment: None
DEBUG util.py:556:  Executing command: ['useradd', 'mockbuild', '-o', '-u', '1000', '-g', '425', '-N', '-d', '/builddir', '--prefix', '/var/lib/mock/f41-build-59817139-6576644/root'] with env {'TERM': 'vt100', 'SHELL': '/bin/sh', 'HOME': '/builddir', 'HOSTNAME': 'mock', 'PATH': '/usr/bin:/bin:/usr/sbin:/sbin', 'LANG': 'C.UTF-8'} and shell False
DEBUG util.py:459:  useradd: warning: the home directory /builddir already exists.
DEBUG util.py:459:  useradd: Not copying any file from skel directory into it.
DEBUG util.py:459:  Creating mailbox file: File exists
DEBUG util.py:608:  Child return code was: 0
DEBUG file_util.py:30:  touching file: /var/lib/mock/f41-build-59817139-6576644/root/.initialized
INFO backend.py:386:  Running in chroot: ['uname -r']
DEBUG util.py:634:  child environment: None
DEBUG util.py:551:  Using nspawn with args ['--capability=cap_ipc_lock', '--bind=/tmp/mock-resolv.vaum0nft:/etc/resolv.conf', '--bind=/dev/btrfs-control', '--bind=/dev/mapper/control', '--bind=/dev/fuse', '--bind=/dev/loop-control', '--bind=/dev/loop0', '--bind=/dev/loop1', '--bind=/dev/loop2', '--bind=/dev/loop3', '--bind=/dev/loop4', '--bind=/dev/loop5', '--bind=/dev/loop6', '--bind=/dev/loop7', '--bind=/dev/loop8', '--bind=/dev/loop9', '--bind=/dev/loop10', '--bind=/dev/loop11']
DEBUG util.py:556:  Executing command: ['/usr/bin/systemd-nspawn', '-q', '-M', 'e7949466ed2d442c85a13abf751dc3c0', '-D', '/var/lib/mock/f41-build-59817139-6576644/root', '-a', '--capability=cap_ipc_lock', '--bind=/tmp/mock-resolv.vaum0nft:/etc/resolv.conf', '--bind=/dev/btrfs-control', '--bind=/dev/mapper/control', '--bind=/dev/fuse', '--bind=/dev/loop-control', '--bind=/dev/loop0', '--bind=/dev/loop1', '--bind=/dev/loop2', '--bind=/dev/loop3', '--bind=/dev/loop4', '--bind=/dev/loop5', '--bind=/dev/loop6', '--bind=/dev/loop7', '--bind=/dev/loop8', '--bind=/dev/loop9', '--bind=/dev/loop10', '--bind=/dev/loop11', '--console=pipe', '--setenv=TERM=vt100', '--setenv=SHELL=/bin/bash', '--setenv=HOME=/builddir', '--setenv=HOSTNAME=mock', '--setenv=PATH=/usr/bin:/bin:/usr/sbin:/sbin', '--setenv=PROMPT_COMMAND=printf "\\033]0;<mock-chroot>\\007"', '--setenv=PS1=<mock-chroot> \\s-\\v\\$ ', '--setenv=LANG=C.UTF-8', '--resolv-conf=off', '/bin/sh', '-c', 'uname -r'] with env {'TERM': 'vt100', 'SHELL': '/bin/bash', 'HOME': '/builddir', 'HOSTNAME': 'mock', 'PATH': '/usr/bin:/bin:/usr/sbin:/sbin', 'PROMPT_COMMAND': 'printf "\\033]0;<mock-chroot>\\007"', 'PS1': '<mock-chroot> \\s-\\v\\$ ', 'LANG': 'C.UTF-8', 'SYSTEMD_NSPAWN_TMPFS_TMP': '0', 'SYSTEMD_SECCOMP': '0'} and shell False
DEBUG util.py:461:  6.12.13-200.fc41.ppc64le
DEBUG util.py:608:  Child return code was: 0
DEBUG util.py:183:  kill orphans in chroot /var/lib/mock/f41-build-59817139-6576644/root
DEBUG util.py:183:  kill orphans in chroot /var/lib/mock/f41-build-59817139-6576644-bootstrap/root
INFO buildroot.py:667:  Mock Version: 6.1
DEBUG file_util.py:18:  ensuring that dir exists: /var/lib/mock/f41-build-59817139-6576644/root
DEBUG file_util.py:18:  ensuring that dir exists: /var/lib/mock/f41-build-59817139-6576644-bootstrap
DEBUG file_util.py:18:  ensuring that dir exists: /var/lib/mock/f41-build-59817139-6576644-bootstrap
DEBUG file_util.py:18:  ensuring that dir exists: /var/lib/mock/f41-build-59817139-6576644-bootstrap/root
DEBUG file_util.py:18:  ensuring that dir exists: /var/lib/mock/f41-build-59817139-6576644-bootstrap/results
INFO buildroot.py:318:  calling preinit hooks
DEBUG buildroot.py:723:  create skeleton dirs
DEBUG file_util.py:18:  ensuring that dir exists: /var/lib/mock/f41-build-59817139-6576644-bootstrap/root/var/lib/rpm
DEBUG file_util.py:18:  ensuring that dir exists: /var/lib/mock/f41-build-59817139-6576644-bootstrap/root/var/lib/yum
DEBUG file_util.py:18:  ensuring that dir exists: /var/lib/mock/f41-build-59817139-6576644-bootstrap/root/var/lib/dbus
DEBUG file_util.py:18:  ensuring that dir exists: /var/lib/mock/f41-build-59817139-6576644-bootstrap/root/var/log
DEBUG file_util.py:18:  ensuring that dir exists: /var/lib/mock/f41-build-59817139-6576644-bootstrap/root/var/cache/dnf
DEBUG file_util.py:18:  ensuring that dir exists: /var/lib/mock/f41-build-59817139-6576644-bootstrap/root/var/cache/yum
DEBUG file_util.py:18:  ensuring that dir exists: /var/lib/mock/f41-build-59817139-6576644-bootstrap/root/etc/rpm
DEBUG file_util.py:18:  ensuring that dir exists: /var/lib/mock/f41-build-59817139-6576644-bootstrap/root/tmp
DEBUG file_util.py:18:  ensuring that dir exists: /var/lib/mock/f41-build-59817139-6576644-bootstrap/root/tmp/ccache
DEBUG file_util.py:18:  ensuring that dir exists: /var/lib/mock/f41-build-59817139-6576644-bootstrap/root/var/tmp
DEBUG file_util.py:18:  ensuring that dir exists: /var/lib/mock/f41-build-59817139-6576644-bootstrap/root/etc/dnf
DEBUG file_util.py:18:  ensuring that dir exists: /var/lib/mock/f41-build-59817139-6576644-bootstrap/root/etc/dnf/vars
DEBUG file_util.py:18:  ensuring that dir exists: /var/lib/mock/f41-build-59817139-6576644-bootstrap/root/etc/yum.repos.d
DEBUG file_util.py:21:  created dir: /var/lib/mock/f41-build-59817139-6576644-bootstrap/root/etc/yum.repos.d
DEBUG file_util.py:18:  ensuring that dir exists: /var/lib/mock/f41-build-59817139-6576644-bootstrap/root/etc/yum
DEBUG file_util.py:18:  ensuring that dir exists: /var/lib/mock/f41-build-59817139-6576644-bootstrap/root/proc
DEBUG file_util.py:18:  ensuring that dir exists: /var/lib/mock/f41-build-59817139-6576644-bootstrap/root/sys
DEBUG file_util.py:18:  ensuring that dir exists: /var/lib/mock/f41-build-59817139-6576644-bootstrap/root/dev/pts
DEBUG file_util.py:18:  ensuring that dir exists: /var/lib/mock/f41-build-59817139-6576644-bootstrap/root/dev/shm
DEBUG file_util.py:18:  ensuring that dir exists: /var/lib/mock/f41-build-59817139-6576644-bootstrap/root/dev/mapper
DEBUG file_util.py:21:  created dir: /var/lib/mock/f41-build-59817139-6576644-bootstrap/root/dev/mapper
DEBUG buildroot.py:867:  kernel version == 6.12.13-200.fc41.ppc64le
DEBUG file_util.py:30:  touching file: /var/lib/mock/f41-build-59817139-6576644-bootstrap/root/etc/fstab
DEBUG file_util.py:30:  touching file: /var/lib/mock/f41-build-59817139-6576644-bootstrap/root/etc/yum/yum.conf
DEBUG file_util.py:30:  touching file: /var/lib/mock/f41-build-59817139-6576644-bootstrap/root/etc/dnf/dnf.conf
DEBUG file_util.py:30:  touching file: /var/lib/mock/f41-build-59817139-6576644-bootstrap/root/var/log/yum.log
DEBUG buildroot.py:332:  rootdir = /var/lib/mock/f41-build-59817139-6576644-bootstrap/root
DEBUG buildroot.py:333:  resultdir = /var/lib/mock/f41-build-59817139-6576644-bootstrap/results
DEBUG package_manager.py:63:  searching for 'dnf5' package manager or alternatives
INFO buildroot.py:181:  Package manager dnf5 detected and used (fallback)
DEBUG file_util.py:18:  ensuring that dir exists: /var/lib/mock/f41-build-59817139-6576644-bootstrap/root/etc/pki/mock
DEBUG file_util.py:158:  Updating files in /var/lib/mock/f41-build-59817139-6576644-bootstrap/root/etc/pki/ca-trust with files from /etc/pki/ca-trust
DEBUG file_util.py:18:  ensuring that dir exists: /var/lib/mock/f41-build-59817139-6576644-bootstrap/root/etc/pki/ca-trust
DEBUG file_util.py:18:  ensuring that dir exists: /var/lib/mock/f41-build-59817139-6576644-bootstrap/root/etc/pki/ca-trust/./extracted
DEBUG file_util.py:18:  ensuring that dir exists: /var/lib/mock/f41-build-59817139-6576644-bootstrap/root/etc/pki/ca-trust/./source
DEBUG file_util.py:18:  ensuring that dir exists: /var/lib/mock/f41-build-59817139-6576644-bootstrap/root/etc/pki/ca-trust/extracted/edk2
DEBUG file_util.py:18:  ensuring that dir exists: /var/lib/mock/f41-build-59817139-6576644-bootstrap/root/etc/pki/ca-trust/extracted/java
DEBUG file_util.py:18:  ensuring that dir exists: /var/lib/mock/f41-build-59817139-6576644-bootstrap/root/etc/pki/ca-trust/extracted/openssl
DEBUG file_util.py:18:  ensuring that dir exists: /var/lib/mock/f41-build-59817139-6576644-bootstrap/root/etc/pki/ca-trust/extracted/pem
DEBUG file_util.py:18:  ensuring that dir exists: /var/lib/mock/f41-build-59817139-6576644-bootstrap/root/etc/pki/ca-trust/extracted/pem/directory-hash
DEBUG file_util.py:18:  ensuring that dir exists: /var/lib/mock/f41-build-59817139-6576644-bootstrap/root/etc/pki/ca-trust/source/anchors
DEBUG file_util.py:18:  ensuring that dir exists: /var/lib/mock/f41-build-59817139-6576644-bootstrap/root/etc/pki/ca-trust/source/blocklist
DEBUG file_util.py:158:  Updating files in /var/lib/mock/f41-build-59817139-6576644-bootstrap/root/usr/share/pki/ca-trust-source with files from /usr/share/pki/ca-trust-source
DEBUG file_util.py:18:  ensuring that dir exists: /var/lib/mock/f41-build-59817139-6576644-bootstrap/root/usr/share/pki/ca-trust-source
DEBUG file_util.py:18:  ensuring that dir exists: /var/lib/mock/f41-build-59817139-6576644-bootstrap/root/usr/share/pki/ca-trust-source/./anchors
DEBUG file_util.py:18:  ensuring that dir exists: /var/lib/mock/f41-build-59817139-6576644-bootstrap/root/usr/share/pki/ca-trust-source/./blocklist
DEBUG file_util.py:18:  ensuring that dir exists: /var/lib/mock/f41-build-59817139-6576644-bootstrap/root/usr/share
DEBUG package_manager.py:388:  Copying /usr/share/distribution-gpg-keys to the bootstrap chroot
DEBUG util.py:634:  child environment: None
DEBUG util.py:556:  Executing command: ['cp', '-a', '/usr/share/distribution-gpg-keys', '/var/lib/mock/f41-build-59817139-6576644-bootstrap/root/usr/share'] with env {'TERM': 'vt100', 'SHELL': '/bin/sh', 'HOME': '/builddir', 'HOSTNAME': 'mock', 'PATH': '/usr/bin:/bin:/usr/sbin:/sbin', 'LANG': 'C.UTF-8'} and shell False
DEBUG util.py:608:  Child return code was: 0
DEBUG file_util.py:18:  ensuring that dir exists: /var/lib/mock/f41-build-59817139-6576644-bootstrap/root/etc/dnf
DEBUG package_manager.py:689:  configure DNF vars
DEBUG file_util.py:18:  ensuring that dir exists: /var/lib/mock/f41-build-59817139-6576644-bootstrap/root/etc
DEBUG file_util.py:18:  ensuring that dir exists: /var/lib/mock/f41-build-59817139-6576644-bootstrap/root/etc
DEBUG buildroot.py:38:  method _cleanup_homedir skipped in bootstrap
DEBUG buildroot.py:38:  method _setup_build_dirs skipped in bootstrap
DEBUG buildroot.py:38:  method _make_users skipped in bootstrap
DEBUG file_util.py:30:  touching file: /var/lib/mock/f41-build-59817139-6576644-bootstrap/root/.initialized
DEBUG file_util.py:18:  ensuring that dir exists: /var/lib/mock/f41-build-59817139-6576644
DEBUG file_util.py:18:  ensuring that dir exists: /var/lib/mock/f41-build-59817139-6576644/root
DEBUG file_util.py:18:  ensuring that dir exists: /var/lib/mock/f41-build-59817139-6576644/result
INFO buildroot.py:318:  calling preinit hooks
DEBUG util.py:634:  child environment: None
DEBUG util.py:556:  Executing command: ['/usr/bin/lscpu'] with env {'TERM': 'vt100', 'SHELL': '/bin/sh', 'HOME': '/builddir', 'HOSTNAME': 'mock', 'PATH': '/usr/bin:/bin:/usr/sbin:/sbin', 'LANG': 'C.UTF-8'} and shell False
DEBUG util.py:461:  Architecture:                         ppc64le
DEBUG util.py:461:  Byte Order:                           Little Endian
DEBUG util.py:461:  CPU(s):                               8
DEBUG util.py:461:  On-line CPU(s) list:                  0-7
DEBUG util.py:461:  Model name:                           POWER9 (architected), altivec supported
DEBUG util.py:461:  Model:                                2.2 (pvr 004e 1202)
DEBUG util.py:461:  Thread(s) per core:                   1
DEBUG util.py:461:  Core(s) per socket:                   1
DEBUG util.py:461:  Socket(s):                            8
DEBUG util.py:461:  Hypervisor vendor:                    KVM
DEBUG util.py:461:  Virtualization type:                  para
DEBUG util.py:461:  L1d cache:                            256 KiB (8 instances)
DEBUG util.py:461:  L1i cache:                            256 KiB (8 instances)
DEBUG util.py:461:  NUMA node(s):                         1
DEBUG util.py:461:  NUMA node0 CPU(s):                    0-7
DEBUG util.py:461:  Vulnerability Gather data sampling:   Not affected
DEBUG util.py:461:  Vulnerability Itlb multihit:          Not affected
DEBUG util.py:461:  Vulnerability L1tf:                   Mitigation; RFI Flush, L1D private per thread
DEBUG util.py:461:  Vulnerability Mds:                    Not affected
DEBUG util.py:461:  Vulnerability Meltdown:               Mitigation; RFI Flush, L1D private per thread
DEBUG util.py:461:  Vulnerability Mmio stale data:        Not affected
DEBUG util.py:461:  Vulnerability Reg file data sampling: Not affected
DEBUG util.py:461:  Vulnerability Retbleed:               Not affected
DEBUG util.py:461:  Vulnerability Spec rstack overflow:   Not affected
DEBUG util.py:461:  Vulnerability Spec store bypass:      Mitigation; Kernel entry/exit barrier (eieio)
DEBUG util.py:461:  Vulnerability Spectre v1:             Mitigation; __user pointer sanitization, ori31 speculation barrier enabled
DEBUG util.py:461:  Vulnerability Spectre v2:             Mitigation; Software count cache flush (hardware accelerated), Software link stack flush
DEBUG util.py:461:  Vulnerability Srbds:                  Not affected
DEBUG util.py:461:  Vulnerability Tsx async abort:        Not affected
DEBUG util.py:608:  Child return code was: 0
DEBUG util.py:634:  child environment: None
DEBUG util.py:556:  Executing command: ['/bin/free'] with env {'TERM': 'vt100', 'SHELL': '/bin/sh', 'HOME': '/builddir', 'HOSTNAME': 'mock', 'PATH': '/usr/bin:/bin:/usr/sbin:/sbin', 'LANG': 'C.UTF-8'} and shell False
DEBUG util.py:461:                 total        used        free      shared  buff/cache   available
DEBUG util.py:461:  Mem:        20757504     2067904     8356736        6016    10493440    18689600
DEBUG util.py:461:  Swap:        8388544      228096     8160448
DEBUG util.py:608:  Child return code was: 0
DEBUG util.py:634:  child environment: None
DEBUG util.py:556:  Executing command: ['/bin/df', '-H', '-T', '/var/lib/mock/f41-build-59817139-6576644/root', '/var/cache/mock'] with env {'TERM': 'vt100', 'SHELL': '/bin/sh', 'HOME': '/builddir', 'HOSTNAME': 'mock', 'PATH': '/usr/bin:/bin:/usr/sbin:/sbin', 'LANG': 'C.UTF-8'} and shell False
DEBUG util.py:461:  Filesystem     Type   Size  Used Avail Use% Mounted on
DEBUG util.py:461:  /dev/vda3      btrfs  274G   41G  229G  15% /
DEBUG util.py:461:  /dev/vda3      btrfs  274G   41G  229G  15% /
DEBUG util.py:608:  Child return code was: 0
DEBUG buildroot.py:723:  create skeleton dirs
DEBUG file_util.py:18:  ensuring that dir exists: /var/lib/mock/f41-build-59817139-6576644/root/var/lib/rpm
DEBUG file_util.py:18:  ensuring that dir exists: /var/lib/mock/f41-build-59817139-6576644/root/var/lib/yum
DEBUG file_util.py:18:  ensuring that dir exists: /var/lib/mock/f41-build-59817139-6576644/root/var/lib/dbus
DEBUG file_util.py:18:  ensuring that dir exists: /var/lib/mock/f41-build-59817139-6576644/root/var/log
DEBUG file_util.py:18:  ensuring that dir exists: /var/lib/mock/f41-build-59817139-6576644/root/var/cache/dnf
DEBUG file_util.py:18:  ensuring that dir exists: /var/lib/mock/f41-build-59817139-6576644/root/var/cache/yum
DEBUG file_util.py:18:  ensuring that dir exists: /var/lib/mock/f41-build-59817139-6576644/root/etc/rpm
DEBUG file_util.py:18:  ensuring that dir exists: /var/lib/mock/f41-build-59817139-6576644/root/tmp
DEBUG file_util.py:18:  ensuring that dir exists: /var/lib/mock/f41-build-59817139-6576644/root/tmp/ccache
DEBUG file_util.py:18:  ensuring that dir exists: /var/lib/mock/f41-build-59817139-6576644/root/var/tmp
DEBUG file_util.py:18:  ensuring that dir exists: /var/lib/mock/f41-build-59817139-6576644/root/etc/dnf
DEBUG file_util.py:18:  ensuring that dir exists: /var/lib/mock/f41-build-59817139-6576644/root/etc/dnf/vars
DEBUG file_util.py:18:  ensuring that dir exists: /var/lib/mock/f41-build-59817139-6576644/root/etc/yum.repos.d
DEBUG file_util.py:21:  created dir: /var/lib/mock/f41-build-59817139-6576644/root/etc/yum.repos.d
DEBUG file_util.py:18:  ensuring that dir exists: /var/lib/mock/f41-build-59817139-6576644/root/etc/yum
DEBUG file_util.py:18:  ensuring that dir exists: /var/lib/mock/f41-build-59817139-6576644/root/proc
DEBUG file_util.py:18:  ensuring that dir exists: /var/lib/mock/f41-build-59817139-6576644/root/sys
DEBUG file_util.py:18:  ensuring that dir exists: /var/lib/mock/f41-build-59817139-6576644/root/dev/pts
DEBUG file_util.py:18:  ensuring that dir exists: /var/lib/mock/f41-build-59817139-6576644/root/dev/shm
DEBUG file_util.py:18:  ensuring that dir exists: /var/lib/mock/f41-build-59817139-6576644/root/dev/mapper
DEBUG file_util.py:21:  created dir: /var/lib/mock/f41-build-59817139-6576644/root/dev/mapper
DEBUG buildroot.py:867:  kernel version == 6.12.13-200.fc41.ppc64le
DEBUG file_util.py:30:  touching file: /var/lib/mock/f41-build-59817139-6576644/root/etc/fstab
DEBUG file_util.py:30:  touching file: /var/lib/mock/f41-build-59817139-6576644/root/etc/yum/yum.conf
DEBUG file_util.py:30:  touching file: /var/lib/mock/f41-build-59817139-6576644/root/etc/dnf/dnf.conf
DEBUG file_util.py:30:  touching file: /var/lib/mock/f41-build-59817139-6576644/root/var/log/yum.log
DEBUG buildroot.py:332:  rootdir = /var/lib/mock/f41-build-59817139-6576644/root
DEBUG buildroot.py:333:  resultdir = /var/lib/mock/f41-build-59817139-6576644/result
INFO buildroot.py:181:  Package manager dnf5 detected and used (direct choice)
DEBUG file_util.py:18:  ensuring that dir exists: /var/lib/mock/f41-build-59817139-6576644/root/etc/pki/mock
DEBUG file_util.py:158:  Updating files in /var/lib/mock/f41-build-59817139-6576644/root/etc/pki/ca-trust with files from /etc/pki/ca-trust
DEBUG file_util.py:18:  ensuring that dir exists: /var/lib/mock/f41-build-59817139-6576644/root/etc/pki/ca-trust
DEBUG file_util.py:18:  ensuring that dir exists: /var/lib/mock/f41-build-59817139-6576644/root/etc/pki/ca-trust/./extracted
DEBUG file_util.py:18:  ensuring that dir exists: /var/lib/mock/f41-build-59817139-6576644/root/etc/pki/ca-trust/./source
DEBUG file_util.py:18:  ensuring that dir exists: /var/lib/mock/f41-build-59817139-6576644/root/etc/pki/ca-trust/extracted/edk2
DEBUG file_util.py:18:  ensuring that dir exists: /var/lib/mock/f41-build-59817139-6576644/root/etc/pki/ca-trust/extracted/java
DEBUG file_util.py:18:  ensuring that dir exists: /var/lib/mock/f41-build-59817139-6576644/root/etc/pki/ca-trust/extracted/openssl
DEBUG file_util.py:18:  ensuring that dir exists: /var/lib/mock/f41-build-59817139-6576644/root/etc/pki/ca-trust/extracted/pem
DEBUG file_util.py:18:  ensuring that dir exists: /var/lib/mock/f41-build-59817139-6576644/root/etc/pki/ca-trust/extracted/pem/directory-hash
DEBUG file_util.py:18:  ensuring that dir exists: /var/lib/mock/f41-build-59817139-6576644/root/etc/pki/ca-trust/source/anchors
DEBUG file_util.py:18:  ensuring that dir exists: /var/lib/mock/f41-build-59817139-6576644/root/etc/pki/ca-trust/source/blocklist
DEBUG file_util.py:158:  Updating files in /var/lib/mock/f41-build-59817139-6576644/root/usr/share/pki/ca-trust-source with files from /usr/share/pki/ca-trust-source
DEBUG file_util.py:18:  ensuring that dir exists: /var/lib/mock/f41-build-59817139-6576644/root/usr/share/pki/ca-trust-source
DEBUG file_util.py:18:  ensuring that dir exists: /var/lib/mock/f41-build-59817139-6576644/root/usr/share/pki/ca-trust-source/./anchors
DEBUG file_util.py:18:  ensuring that dir exists: /var/lib/mock/f41-build-59817139-6576644/root/usr/share/pki/ca-trust-source/./blocklist
DEBUG file_util.py:18:  ensuring that dir exists: /var/lib/mock/f41-build-59817139-6576644/root/etc/dnf
DEBUG package_manager.py:689:  configure DNF vars
DEBUG util.py:634:  child environment: None
DEBUG util.py:556:  Executing command: ['rpm', '-q', 'rpm', 'rpm-sequoia', 'python3-dnf', 'python3-dnf-plugins-core', 'yum', 'yum-utils', 'dnf5', 'dnf5-plugins', '--root', '/var/lib/mock/f41-build-59817139-6576644-bootstrap/root'] with env {'TERM': 'vt100', 'SHELL': '/bin/sh', 'HOME': '/builddir', 'HOSTNAME': 'mock', 'PATH': '/usr/bin:/bin:/usr/sbin:/sbin', 'LANG': 'C.UTF-8'} and shell False
DEBUG util.py:461:  rpm-4.20.1-1.fc41.ppc64le
DEBUG util.py:461:  rpm-sequoia-1.7.0-5.fc41.ppc64le
DEBUG util.py:461:  package python3-dnf is not installed
DEBUG util.py:461:  package python3-dnf-plugins-core is not installed
DEBUG util.py:461:  package yum is not installed
DEBUG util.py:461:  package yum-utils is not installed
DEBUG util.py:461:  dnf5-5.2.13.1-1.fc41.ppc64le
DEBUG util.py:461:  dnf5-plugins-5.2.13.1-1.fc41.ppc64le
DEBUG util.py:608:  Child return code was: 4
INFO package_manager.py:201:  Buildroot is handled by package management installed into bootstrap:
  rpm-4.20.1-1.fc41.ppc64le
  rpm-sequoia-1.7.0-5.fc41.ppc64le
  dnf5-5.2.13.1-1.fc41.ppc64le
  dnf5-plugins-5.2.13.1-1.fc41.ppc64le
DEBUG file_util.py:18:  ensuring that dir exists: /var/lib/mock/f41-build-59817139-6576644/root/builddir/build
DEBUG file_util.py:18:  ensuring that dir exists: /var/lib/mock/f41-build-59817139-6576644/root/builddir/build/RPMS
DEBUG file_util.py:21:  created dir: /var/lib/mock/f41-build-59817139-6576644/root/builddir/build/RPMS
DEBUG file_util.py:18:  ensuring that dir exists: /var/lib/mock/f41-build-59817139-6576644/root/builddir/build/SPECS
DEBUG file_util.py:21:  created dir: /var/lib/mock/f41-build-59817139-6576644/root/builddir/build/SPECS
DEBUG file_util.py:18:  ensuring that dir exists: /var/lib/mock/f41-build-59817139-6576644/root/builddir/build/SRPMS
DEBUG file_util.py:21:  created dir: /var/lib/mock/f41-build-59817139-6576644/root/builddir/build/SRPMS
DEBUG file_util.py:18:  ensuring that dir exists: /var/lib/mock/f41-build-59817139-6576644/root/builddir/build/SOURCES
DEBUG file_util.py:18:  ensuring that dir exists: /var/lib/mock/f41-build-59817139-6576644/root/builddir/build/BUILD
DEBUG file_util.py:21:  created dir: /var/lib/mock/f41-build-59817139-6576644/root/builddir/build/BUILD
DEBUG file_util.py:18:  ensuring that dir exists: /var/lib/mock/f41-build-59817139-6576644/root/builddir/build/BUILDROOT
DEBUG file_util.py:21:  created dir: /var/lib/mock/f41-build-59817139-6576644/root/builddir/build/BUILDROOT
DEBUG file_util.py:18:  ensuring that dir exists: /var/lib/mock/f41-build-59817139-6576644/root/builddir/build/originals
DEBUG file_util.py:21:  created dir: /var/lib/mock/f41-build-59817139-6576644/root/builddir/build/originals
DEBUG file_util.py:18:  ensuring that dir exists: /var/lib/mock/f41-build-59817139-6576644/root/builddir
DEBUG util.py:634:  child environment: None
DEBUG util.py:556:  Executing command: ['userdel', '-f', 'mockbuild', '--prefix', '/var/lib/mock/f41-build-59817139-6576644/root'] with env {'TERM': 'vt100', 'SHELL': '/bin/sh', 'HOME': '/builddir', 'HOSTNAME': 'mock', 'PATH': '/usr/bin:/bin:/usr/sbin:/sbin', 'LANG': 'C.UTF-8'} and shell False
DEBUG util.py:608:  Child return code was: 0
DEBUG util.py:634:  child environment: None
DEBUG util.py:556:  Executing command: ['groupdel', 'mock', '--prefix', '/var/lib/mock/f41-build-59817139-6576644/root'] with env {'TERM': 'vt100', 'SHELL': '/bin/sh', 'HOME': '/builddir', 'HOSTNAME': 'mock', 'PATH': '/usr/bin:/bin:/usr/sbin:/sbin', 'LANG': 'C.UTF-8'} and shell False
DEBUG util.py:608:  Child return code was: 0
DEBUG util.py:634:  child environment: None
DEBUG util.py:556:  Executing command: ['groupadd', 'mock', '-g', '425', '--prefix', '/var/lib/mock/f41-build-59817139-6576644/root'] with env {'TERM': 'vt100', 'SHELL': '/bin/sh', 'HOME': '/builddir', 'HOSTNAME': 'mock', 'PATH': '/usr/bin:/bin:/usr/sbin:/sbin', 'LANG': 'C.UTF-8'} and shell False
DEBUG util.py:608:  Child return code was: 0
DEBUG util.py:634:  child environment: None
DEBUG util.py:556:  Executing command: ['useradd', 'mockbuild', '-o', '-u', '1000', '-g', '425', '-N', '-d', '/builddir', '--prefix', '/var/lib/mock/f41-build-59817139-6576644/root'] with env {'TERM': 'vt100', 'SHELL': '/bin/sh', 'HOME': '/builddir', 'HOSTNAME': 'mock', 'PATH': '/usr/bin:/bin:/usr/sbin:/sbin', 'LANG': 'C.UTF-8'} and shell False
DEBUG util.py:459:  useradd: warning: the home directory /builddir already exists.
DEBUG util.py:459:  useradd: Not copying any file from skel directory into it.
DEBUG util.py:459:  Creating mailbox file: File exists
DEBUG util.py:608:  Child return code was: 0
DEBUG file_util.py:30:  touching file: /var/lib/mock/f41-build-59817139-6576644/root/.initialized
DEBUG util.py:634:  child environment: None
DEBUG util.py:551:  Using nspawn with args ['--capability=cap_ipc_lock', '--bind=/tmp/mock-resolv.epdy32q5:/etc/resolv.conf', '--bind=/dev/btrfs-control', '--bind=/dev/mapper/control', '--bind=/dev/fuse', '--bind=/dev/loop-control', '--bind=/dev/loop0', '--bind=/dev/loop1', '--bind=/dev/loop2', '--bind=/dev/loop3', '--bind=/dev/loop4', '--bind=/dev/loop5', '--bind=/dev/loop6', '--bind=/dev/loop7', '--bind=/dev/loop8', '--bind=/dev/loop9', '--bind=/dev/loop10', '--bind=/dev/loop11']
DEBUG util.py:556:  Executing command: ['/usr/bin/systemd-nspawn', '-q', '-M', '53688ef0405445d287e337405986b903', '-D', '/var/lib/mock/f41-build-59817139-6576644/root', '-a', '-u', 'mockbuild', '--capability=cap_ipc_lock', '--bind=/tmp/mock-resolv.epdy32q5:/etc/resolv.conf', '--bind=/dev/btrfs-control', '--bind=/dev/mapper/control', '--bind=/dev/fuse', '--bind=/dev/loop-control', '--bind=/dev/loop0', '--bind=/dev/loop1', '--bind=/dev/loop2', '--bind=/dev/loop3', '--bind=/dev/loop4', '--bind=/dev/loop5', '--bind=/dev/loop6', '--bind=/dev/loop7', '--bind=/dev/loop8', '--bind=/dev/loop9', '--bind=/dev/loop10', '--bind=/dev/loop11', '--console=pipe', '--setenv=TERM=vt100', '--setenv=SHELL=/bin/bash', '--setenv=HOME=/builddir', '--setenv=HOSTNAME=mock', '--setenv=PATH=/usr/bin:/bin:/usr/sbin:/sbin', '--setenv=PROMPT_COMMAND=printf "\\033]0;<mock-chroot>\\007"', '--setenv=PS1=<mock-chroot> \\s-\\v\\$ ', '--setenv=LANG=C.UTF-8', '--resolv-conf=off', '/bin/rpm', '-Uvh', '--nodeps', '/builddir/build/originals/rubygem-hitimes-2.0.0-10.fc41.src.rpm'] with env {'TERM': 'vt100', 'SHELL': '/bin/bash', 'HOME': '/builddir', 'HOSTNAME': 'mock', 'PATH': '/usr/bin:/bin:/usr/sbin:/sbin', 'PROMPT_COMMAND': 'printf "\\033]0;<mock-chroot>\\007"', 'PS1': '<mock-chroot> \\s-\\v\\$ ', 'LANG': 'C.UTF-8', 'SYSTEMD_NSPAWN_TMPFS_TMP': '0', 'SYSTEMD_SECCOMP': '0'} and shell False
DEBUG util.py:461:  Updating / installing...
DEBUG util.py:461:  rubygem-hitimes-2.0.0-10.fc41         ########################################
DEBUG util.py:608:  Child return code was: 0
DEBUG util.py:634:  child environment: None
DEBUG util.py:551:  Using nspawn with args ['--capability=cap_ipc_lock', '--bind=/tmp/mock-resolv.epdy32q5:/etc/resolv.conf', '--bind=/dev/btrfs-control', '--bind=/dev/mapper/control', '--bind=/dev/fuse', '--bind=/dev/loop-control', '--bind=/dev/loop0', '--bind=/dev/loop1', '--bind=/dev/loop2', '--bind=/dev/loop3', '--bind=/dev/loop4', '--bind=/dev/loop5', '--bind=/dev/loop6', '--bind=/dev/loop7', '--bind=/dev/loop8', '--bind=/dev/loop9', '--bind=/dev/loop10', '--bind=/dev/loop11']
DEBUG util.py:556:  Executing command: ['/usr/bin/systemd-nspawn', '-q', '-M', 'aea305aff6a542689382224b58d828d3', '-D', '/var/lib/mock/f41-build-59817139-6576644/root', '-a', '-u', 'mockbuild', '--capability=cap_ipc_lock', '--bind=/tmp/mock-resolv.epdy32q5:/etc/resolv.conf', '--bind=/dev/btrfs-control', '--bind=/dev/mapper/control', '--bind=/dev/fuse', '--bind=/dev/loop-control', '--bind=/dev/loop0', '--bind=/dev/loop1', '--bind=/dev/loop2', '--bind=/dev/loop3', '--bind=/dev/loop4', '--bind=/dev/loop5', '--bind=/dev/loop6', '--bind=/dev/loop7', '--bind=/dev/loop8', '--bind=/dev/loop9', '--bind=/dev/loop10', '--bind=/dev/loop11', '--console=pipe', '--setenv=TERM=vt100', '--setenv=SHELL=/bin/bash', '--setenv=HOME=/builddir', '--setenv=HOSTNAME=mock', '--setenv=PATH=/usr/bin:/bin:/usr/sbin:/sbin', '--setenv=PROMPT_COMMAND=printf "\\033]0;<mock-chroot>\\007"', '--setenv=PS1=<mock-chroot> \\s-\\v\\$ ', '--setenv=LANG=C.UTF-8', '--resolv-conf=off', '/bin/rpm', '-qpl', '/builddir/build/originals/rubygem-hitimes-2.0.0-10.fc41.src.rpm'] with env {'TERM': 'vt100', 'SHELL': '/bin/bash', 'HOME': '/builddir', 'HOSTNAME': 'mock', 'PATH': '/usr/bin:/bin:/usr/sbin:/sbin', 'PROMPT_COMMAND': 'printf "\\033]0;<mock-chroot>\\007"', 'PS1': '<mock-chroot> \\s-\\v\\$ ', 'LANG': 'C.UTF-8', 'SYSTEMD_NSPAWN_TMPFS_TMP': '0', 'SYSTEMD_SECCOMP': '0'} and shell False
DEBUG util.py:461:  hitimes-2.0.0.gem
DEBUG util.py:461:  rubygem-hitimes.spec
DEBUG util.py:608:  Child return code was: 0
DEBUG util.py:634:  child environment: None
DEBUG util.py:551:  Using nspawn with args ['--capability=cap_ipc_lock', '--bind=/tmp/mock-resolv.epdy32q5:/etc/resolv.conf', '--bind=/dev/btrfs-control', '--bind=/dev/mapper/control', '--bind=/dev/fuse', '--bind=/dev/loop-control', '--bind=/dev/loop0', '--bind=/dev/loop1', '--bind=/dev/loop2', '--bind=/dev/loop3', '--bind=/dev/loop4', '--bind=/dev/loop5', '--bind=/dev/loop6', '--bind=/dev/loop7', '--bind=/dev/loop8', '--bind=/dev/loop9', '--bind=/dev/loop10', '--bind=/dev/loop11']
DEBUG util.py:556:  Executing command: ['/usr/bin/systemd-nspawn', '-q', '-M', 'f1941d2b81eb42829e5e0b715d9a916b', '-D', '/var/lib/mock/f41-build-59817139-6576644/root', '-a', '--capability=cap_ipc_lock', '--bind=/tmp/mock-resolv.epdy32q5:/etc/resolv.conf', '--bind=/dev/btrfs-control', '--bind=/dev/mapper/control', '--bind=/dev/fuse', '--bind=/dev/loop-control', '--bind=/dev/loop0', '--bind=/dev/loop1', '--bind=/dev/loop2', '--bind=/dev/loop3', '--bind=/dev/loop4', '--bind=/dev/loop5', '--bind=/dev/loop6', '--bind=/dev/loop7', '--bind=/dev/loop8', '--bind=/dev/loop9', '--bind=/dev/loop10', '--bind=/dev/loop11', '--console=pipe', '--setenv=TERM=vt100', '--setenv=SHELL=/bin/bash', '--setenv=HOME=/builddir', '--setenv=HOSTNAME=mock', '--setenv=PATH=/usr/bin:/bin:/usr/sbin:/sbin', '--setenv=PROMPT_COMMAND=printf "\\033]0;<mock-chroot>\\007"', '--setenv=PS1=<mock-chroot> \\s-\\v\\$ ', '--setenv=LANG=C.UTF-8', '--resolv-conf=off', '/bin/sh', '-c', 'case $(rpmbuild --help) in *--noclean*) exit 0; esac; exit 1'] with env {'TERM': 'vt100', 'SHELL': '/bin/bash', 'HOME': '/builddir', 'HOSTNAME': 'mock', 'PATH': '/usr/bin:/bin:/usr/sbin:/sbin', 'PROMPT_COMMAND': 'printf "\\033]0;<mock-chroot>\\007"', 'PS1': '<mock-chroot> \\s-\\v\\$ ', 'LANG': 'C.UTF-8', 'SYSTEMD_NSPAWN_TMPFS_TMP': '0', 'SYSTEMD_SECCOMP': '0'} and shell False
DEBUG util.py:608:  Child return code was: 0
DEBUG util.py:634:  child environment: None
DEBUG file_util.py:18:  ensuring that dir exists: /var/lib/mock/f41-build-59817139-6576644/root/proc
DEBUG util.py:634:  child environment: None
DEBUG util.py:556:  Executing command: ['/bin/mount', '-n', '-t', 'tmpfs', '-o', 'rprivate,mode=0755', 'tmpfs', '/var/lib/mock/f41-build-59817139-6576644/root/proc'] with env {'TERM': 'vt100', 'SHELL': '/bin/sh', 'HOME': '/builddir', 'HOSTNAME': 'mock', 'PATH': '/usr/bin:/bin:/usr/sbin:/sbin', 'LANG': 'C.UTF-8'} and shell False
DEBUG util.py:608:  Child return code was: 0
DEBUG file_util.py:18:  ensuring that dir exists: /var/lib/mock/f41-build-59817139-6576644/root/proc
DEBUG util.py:634:  child environment: None
DEBUG util.py:556:  Executing command: ['/bin/mount', '-n', '-o', 'rbind', '/proc', '/var/lib/mock/f41-build-59817139-6576644/root/proc'] with env {'TERM': 'vt100', 'SHELL': '/bin/sh', 'HOME': '/builddir', 'HOSTNAME': 'mock', 'PATH': '/usr/bin:/bin:/usr/sbin:/sbin', 'LANG': 'C.UTF-8'} and shell False
DEBUG util.py:608:  Child return code was: 0
DEBUG util.py:634:  child environment: None
DEBUG util.py:556:  Executing command: ['/bin/mount', '-n', '-o', 'remount,nodev,noexec,nosuid,readonly,rprivate,rbind', '--target', '/var/lib/mock/f41-build-59817139-6576644/root/proc'] with env {'TERM': 'vt100', 'SHELL': '/bin/sh', 'HOME': '/builddir', 'HOSTNAME': 'mock', 'PATH': '/usr/bin:/bin:/usr/sbin:/sbin', 'LANG': 'C.UTF-8'} and shell False
DEBUG util.py:608:  Child return code was: 0
DEBUG file_util.py:18:  ensuring that dir exists: /var/lib/mock/f41-build-59817139-6576644/root/sys
DEBUG util.py:634:  child environment: None
DEBUG util.py:556:  Executing command: ['/bin/mount', '-n', '-t', 'tmpfs', '-o', 'rprivate,mode=0755', 'tmpfs', '/var/lib/mock/f41-build-59817139-6576644/root/sys'] with env {'TERM': 'vt100', 'SHELL': '/bin/sh', 'HOME': '/builddir', 'HOSTNAME': 'mock', 'PATH': '/usr/bin:/bin:/usr/sbin:/sbin', 'LANG': 'C.UTF-8'} and shell False
DEBUG util.py:608:  Child return code was: 0
DEBUG file_util.py:18:  ensuring that dir exists: /var/lib/mock/f41-build-59817139-6576644/root/sys
DEBUG util.py:634:  child environment: None
DEBUG util.py:556:  Executing command: ['/bin/mount', '-n', '-o', 'rbind', '/sys', '/var/lib/mock/f41-build-59817139-6576644/root/sys'] with env {'TERM': 'vt100', 'SHELL': '/bin/sh', 'HOME': '/builddir', 'HOSTNAME': 'mock', 'PATH': '/usr/bin:/bin:/usr/sbin:/sbin', 'LANG': 'C.UTF-8'} and shell False
DEBUG util.py:608:  Child return code was: 0
DEBUG util.py:634:  child environment: None
DEBUG util.py:556:  Executing command: ['/bin/mount', '-n', '-o', 'remount,nodev,noexec,nosuid,readonly,rprivate,rbind', '--target', '/var/lib/mock/f41-build-59817139-6576644/root/sys'] with env {'TERM': 'vt100', 'SHELL': '/bin/sh', 'HOME': '/builddir', 'HOSTNAME': 'mock', 'PATH': '/usr/bin:/bin:/usr/sbin:/sbin', 'LANG': 'C.UTF-8'} and shell False
DEBUG util.py:608:  Child return code was: 0
DEBUG file_util.py:18:  ensuring that dir exists: /var/lib/mock/f41-build-59817139-6576644/root/dev/shm
DEBUG util.py:634:  child environment: None
DEBUG util.py:556:  Executing command: ['/bin/mount', '-n', '-t', 'tmpfs', 'tmpfs', '/var/lib/mock/f41-build-59817139-6576644/root/dev/shm'] with env {'TERM': 'vt100', 'SHELL': '/bin/sh', 'HOME': '/builddir', 'HOSTNAME': 'mock', 'PATH': '/usr/bin:/bin:/usr/sbin:/sbin', 'LANG': 'C.UTF-8'} and shell False
DEBUG util.py:608:  Child return code was: 0
DEBUG file_util.py:18:  ensuring that dir exists: /var/lib/mock/f41-build-59817139-6576644/root/dev/pts
DEBUG util.py:634:  child environment: None
DEBUG util.py:556:  Executing command: ['/bin/mount', '-n', '-t', 'devpts', '-o', 'gid=5,mode=0620,ptmxmode=0666,newinstance', 'devpts', '/var/lib/mock/f41-build-59817139-6576644/root/dev/pts'] with env {'TERM': 'vt100', 'SHELL': '/bin/sh', 'HOME': '/builddir', 'HOSTNAME': 'mock', 'PATH': '/usr/bin:/bin:/usr/sbin:/sbin', 'LANG': 'C.UTF-8'} and shell False
DEBUG util.py:608:  Child return code was: 0
DEBUG util.py:634:  child environment: None
DEBUG util.py:556:  Executing command: ['/bin/mount', '-n', '-o', 'bind', '/tmp/mock-selinux-plugin.pwrv82lr', '/var/lib/mock/f41-build-59817139-6576644/root/proc/filesystems'] with env {'TERM': 'vt100', 'SHELL': '/bin/sh', 'HOME': '/builddir', 'HOSTNAME': 'mock', 'PATH': '/usr/bin:/bin:/usr/sbin:/sbin', 'LANG': 'C.UTF-8'} and shell False
DEBUG util.py:608:  Child return code was: 0
DEBUG file_util.py:18:  ensuring that dir exists: /var/lib/mock/f41-build-59817139-6576644/root/sys/fs/selinux
DEBUG util.py:634:  child environment: None
DEBUG util.py:556:  Executing command: ['/bin/mount', '-n', '-t', 'tmpfs', 'tmpfs', '/var/lib/mock/f41-build-59817139-6576644/root/sys/fs/selinux'] with env {'TERM': 'vt100', 'SHELL': '/bin/sh', 'HOME': '/builddir', 'HOSTNAME': 'mock', 'PATH': '/usr/bin:/bin:/usr/sbin:/sbin', 'LANG': 'C.UTF-8'} and shell False
DEBUG util.py:608:  Child return code was: 0
DEBUG file_util.py:18:  ensuring that dir exists: /var/lib/mock/f41-build-59817139-6576644-bootstrap/root/var/lib/mock/f41-build-59817139-6576644/root
DEBUG util.py:634:  child environment: None
DEBUG util.py:556:  Executing command: ['/bin/mount', '-n', '-t', 'tmpfs', '-o', 'private,mode=0755', 'tmpfs', '/var/lib/mock/f41-build-59817139-6576644-bootstrap/root/var/lib/mock/f41-build-59817139-6576644/root'] with env {'TERM': 'vt100', 'SHELL': '/bin/sh', 'HOME': '/builddir', 'HOSTNAME': 'mock', 'PATH': '/usr/bin:/bin:/usr/sbin:/sbin', 'LANG': 'C.UTF-8'} and shell False
DEBUG util.py:608:  Child return code was: 0
DEBUG file_util.py:18:  ensuring that dir exists: /var/lib/mock/f41-build-59817139-6576644-bootstrap/root/var/lib/mock/f41-build-59817139-6576644/root
DEBUG util.py:634:  child environment: None
DEBUG util.py:556:  Executing command: ['/bin/mount', '-n', '-o', 'rbind', '/var/lib/mock/f41-build-59817139-6576644/root', '/var/lib/mock/f41-build-59817139-6576644-bootstrap/root/var/lib/mock/f41-build-59817139-6576644/root'] with env {'TERM': 'vt100', 'SHELL': '/bin/sh', 'HOME': '/builddir', 'HOSTNAME': 'mock', 'PATH': '/usr/bin:/bin:/usr/sbin:/sbin', 'LANG': 'C.UTF-8'} and shell False
DEBUG util.py:608:  Child return code was: 0
DEBUG util.py:634:  child environment: None
DEBUG util.py:556:  Executing command: ['/bin/mount', '-n', '-o', 'remount,private,rbind', '--target', '/var/lib/mock/f41-build-59817139-6576644-bootstrap/root/var/lib/mock/f41-build-59817139-6576644/root'] with env {'TERM': 'vt100', 'SHELL': '/bin/sh', 'HOME': '/builddir', 'HOSTNAME': 'mock', 'PATH': '/usr/bin:/bin:/usr/sbin:/sbin', 'LANG': 'C.UTF-8'} and shell False
DEBUG util.py:608:  Child return code was: 0
DEBUG file_util.py:18:  ensuring that dir exists: /var/lib/mock/f41-build-59817139-6576644/root/installation-homedir
DEBUG package_manager.py:295:  ['/usr/bin/dnf5', 'builddep', '--installroot', '/var/lib/mock/f41-build-59817139-6576644/root/', '/var/lib/mock/f41-build-59817139-6576644/root//builddir/build/SRPMS/rubygem-hitimes-2.0.0-10.fc41.src.rpm', '--setopt=deltarpm=False', '--setopt=allow_vendor_change=yes', '--allowerasing']
DEBUG util.py:634:  child environment: None
DEBUG util.py:551:  Using nspawn with args ['--capability=cap_ipc_lock', '--bind=/tmp/mock-resolv.q5kwiuf8:/etc/resolv.conf']
DEBUG util.py:556:  Executing command: ['/usr/bin/systemd-nspawn', '-q', '-M', '8c783f45d6f14d8bb53edb2450818e31', '-D', '/var/lib/mock/f41-build-59817139-6576644-bootstrap/root', '-a', '--capability=cap_ipc_lock', '--bind=/tmp/mock-resolv.q5kwiuf8:/etc/resolv.conf', '--console=pipe', '--setenv=TERM=vt100', '--setenv=SHELL=/bin/bash', '--setenv=HOME=/var/lib/mock/f41-build-59817139-6576644/root/installation-homedir', '--setenv=HOSTNAME=mock', '--setenv=PATH=/usr/bin:/bin:/usr/sbin:/sbin', '--setenv=PROMPT_COMMAND=printf "\\033]0;<mock-chroot>\\007"', '--setenv=PS1=<mock-chroot> \\s-\\v\\$ ', '--setenv=LANG=C.UTF-8', '--setenv=LC_MESSAGES=C.UTF-8', '--resolv-conf=off', '/usr/bin/dnf5', 'builddep', '--installroot', '/var/lib/mock/f41-build-59817139-6576644/root/', '/var/lib/mock/f41-build-59817139-6576644/root//builddir/build/SRPMS/rubygem-hitimes-2.0.0-10.fc41.src.rpm', '--setopt=deltarpm=False', '--setopt=allow_vendor_change=yes', '--allowerasing', '--setopt=tsflags=nocontexts'] with env {'TERM': 'vt100', 'SHELL': '/bin/bash', 'HOME': '/var/lib/mock/f41-build-59817139-6576644/root/installation-homedir', 'HOSTNAME': 'mock', 'PATH': '/usr/bin:/bin:/usr/sbin:/sbin', 'PROMPT_COMMAND': 'printf "\\033]0;<mock-chroot>\\007"', 'PS1': '<mock-chroot> \\s-\\v\\$ ', 'LANG': 'C.UTF-8', 'LC_MESSAGES': 'C.UTF-8', 'SYSTEMD_NSPAWN_TMPFS_TMP': '0', 'SYSTEMD_SECCOMP': '0'} and shell False
DEBUG util.py:459:  Updating and loading repositories:
DEBUG util.py:459:   build                                  100% | 120.5 KiB/s |   3.5 KiB |  00m00s
DEBUG util.py:459:  Repositories loaded.
DEBUG util.py:461:  Package             Arch    Version         Repository      Size
DEBUG util.py:461:  Installing:
DEBUG util.py:461:   ruby-libs          ppc64le 3.3.8-19.fc41   build       18.3 MiB
DEBUG util.py:461:   rubygem-minitest   noarch  5.25.1-100.fc41 build      149.5 KiB
DEBUG util.py:461:   rubygems-devel     noarch  3.5.22-19.fc41  build       12.5 KiB
DEBUG util.py:461:  Installing dependencies:
DEBUG util.py:461:   libyaml            ppc64le 0.2.5-16.fc41   build      198.4 KiB
DEBUG util.py:461:   ruby               ppc64le 3.3.8-19.fc41   build      141.3 KiB
DEBUG util.py:461:   ruby-default-gems  noarch  3.3.8-19.fc41   build       76.3 KiB
DEBUG util.py:461:   rubygem-io-console ppc64le 0.7.1-19.fc41   build       69.0 KiB
DEBUG util.py:461:   rubygem-json       ppc64le 2.7.2-201.fc41  build      489.2 KiB
DEBUG util.py:461:   rubygem-psych      ppc64le 5.1.2-19.fc41   build      167.5 KiB
DEBUG util.py:461:   rubygem-rdoc       noarch  6.6.3.1-19.fc41 build        1.8 MiB
DEBUG util.py:461:   rubygems           noarch  3.5.22-19.fc41  build        1.4 MiB
DEBUG util.py:461:   rubypick           noarch  1.1.1-21.fc41   build        4.4 KiB
DEBUG util.py:461:  Transaction Summary:
DEBUG util.py:461:   Installing:        12 packages
DEBUG util.py:459:  Total size of inbound packages is 5 MiB. Need to download 5 MiB.
DEBUG util.py:459:  After this operation, 23 MiB extra will be used (install 23 MiB, remove 0 B).
DEBUG util.py:459:  [ 1/12] rubygems-devel-0:3.5.22-19.fc41 100% | 386.3 KiB/s |  13.9 KiB |  00m00s
DEBUG util.py:459:  [ 2/12] rubygems-0:3.5.22-19.fc41.noarc 100% |  38.7 MiB/s | 357.1 KiB |  00m00s
DEBUG util.py:459:  [ 3/12] rubypick-0:1.1.1-21.fc41.noarch 100% |   4.8 MiB/s |   9.9 KiB |  00m00s
DEBUG util.py:459:  [ 4/12] rubygem-io-console-0:0.7.1-19.f 100% |   7.8 MiB/s |  24.1 KiB |  00m00s
DEBUG util.py:459:  [ 5/12] rubygem-psych-0:5.1.2-19.fc41.p 100% |  16.3 MiB/s |  50.1 KiB |  00m00s
DEBUG util.py:459:  [ 6/12] ruby-0:3.3.8-19.fc41.ppc64le    100% |  12.5 MiB/s |  38.5 KiB |  00m00s
DEBUG util.py:459:  [ 7/12] rubygem-rdoc-0:6.6.3.1-19.fc41. 100% |   6.7 MiB/s | 461.7 KiB |  00m00s
DEBUG util.py:459:  [ 8/12] libyaml-0:0.2.5-16.fc41.ppc64le 100% |   9.7 MiB/s |  69.2 KiB |  00m00s
DEBUG util.py:459:  [ 9/12] ruby-default-gems-0:3.3.8-19.fc 100% |  11.5 MiB/s |  35.3 KiB |  00m00s
DEBUG util.py:459:  [10/12] rubygem-json-0:2.7.2-201.fc41.p 100% |  13.2 MiB/s |  67.8 KiB |  00m00s
DEBUG util.py:459:  [11/12] rubygem-minitest-0:5.25.1-100.f 100% |   6.4 MiB/s |  52.7 KiB |  00m00s
DEBUG util.py:459:  [12/12] ruby-libs-0:3.3.8-19.fc41.ppc64 100% |  11.8 MiB/s |   3.7 MiB |  00m00s
DEBUG util.py:459:  --------------------------------------------------------------------------------
DEBUG util.py:459:  [12/12] Total                           100% |  15.5 MiB/s |   4.8 MiB |  00m00s
DEBUG util.py:459:  Running transaction
DEBUG util.py:459:  [ 1/14] Verify package files            100% | 203.0   B/s |  12.0   B |  00m00s
DEBUG util.py:459:  [ 2/14] Prepare transaction             100% | 206.0   B/s |  12.0   B |  00m00s
DEBUG util.py:459:  [ 3/14] Installing ruby-libs-0:3.3.8-19 100% |  77.5 MiB/s |  18.4 MiB |  00m00s
DEBUG util.py:459:  [ 4/14] Installing ruby-0:3.3.8-19.fc41 100% |  23.3 MiB/s | 143.0 KiB |  00m00s
DEBUG util.py:459:  [ 5/14] Installing rubypick-0:1.1.1-21. 100% |   1.7 MiB/s |   5.1 KiB |  00m00s
DEBUG util.py:459:  [ 6/14] Installing libyaml-0:0.2.5-16.f 100% |  32.5 MiB/s | 199.8 KiB |  00m00s
DEBUG util.py:459:  [ 7/14] Installing rubygem-io-console-0 100% |   2.8 MiB/s |  71.3 KiB |  00m00s
DEBUG util.py:459:  [ 8/14] Installing rubygems-0:3.5.22-19 100% |  25.7 MiB/s |   1.5 MiB |  00m00s
DEBUG util.py:459:  [ 9/14] Installing ruby-default-gems-0: 100% |   5.4 MiB/s |  88.5 KiB |  00m00s
DEBUG util.py:459:  [10/14] Installing rubygem-psych-0:5.1. 100% |  13.2 MiB/s | 176.3 KiB |  00m00s
DEBUG util.py:459:  [11/14] Installing rubygem-json-0:2.7.2 100% |  34.6 MiB/s | 495.7 KiB |  00m00s
DEBUG util.py:459:  [12/14] Installing rubygem-rdoc-0:6.6.3 100% |  37.7 MiB/s |   1.8 MiB |  00m00s
DEBUG util.py:459:  [13/14] Installing rubygems-devel-0:3.5 100% |   3.3 MiB/s |  13.3 KiB |  00m00s
DEBUG util.py:459:  [14/14] Installing rubygem-minitest-0:5 100% | 127.8 KiB/s | 153.6 KiB |  00m01s
DEBUG util.py:459:  Warning: skipped OpenPGP checks for 12 packages from repository: build
DEBUG util.py:459:  Complete!
DEBUG util.py:608:  Child return code was: 0
DEBUG util.py:183:  kill orphans in chroot /var/lib/mock/f41-build-59817139-6576644/root
DEBUG util.py:183:  kill orphans in chroot /var/lib/mock/f41-build-59817139-6576644-bootstrap/root/var/lib/mock/f41-build-59817139-6576644/root
DEBUG util.py:634:  child environment: None
DEBUG util.py:556:  Executing command: ['/bin/umount', '-n', '-l', '/var/lib/mock/f41-build-59817139-6576644-bootstrap/root/var/lib/mock/f41-build-59817139-6576644/root'] with env {'TERM': 'vt100', 'SHELL': '/bin/sh', 'HOME': '/builddir', 'HOSTNAME': 'mock', 'PATH': '/usr/bin:/bin:/usr/sbin:/sbin', 'LANG': 'C.UTF-8'} and shell False
DEBUG util.py:608:  Child return code was: 0
DEBUG util.py:634:  child environment: None
DEBUG util.py:556:  Executing command: ['/bin/umount', '-n', '-l', '/var/lib/mock/f41-build-59817139-6576644-bootstrap/root/var/lib/mock/f41-build-59817139-6576644/root'] with env {'TERM': 'vt100', 'SHELL': '/bin/sh', 'HOME': '/builddir', 'HOSTNAME': 'mock', 'PATH': '/usr/bin:/bin:/usr/sbin:/sbin', 'LANG': 'C.UTF-8'} and shell False
DEBUG util.py:608:  Child return code was: 0
DEBUG util.py:634:  child environment: None
DEBUG util.py:556:  Executing command: ['/bin/umount', '-n', '-l', '/var/lib/mock/f41-build-59817139-6576644/root/sys/fs/selinux'] with env {'TERM': 'vt100', 'SHELL': '/bin/sh', 'HOME': '/builddir', 'HOSTNAME': 'mock', 'PATH': '/usr/bin:/bin:/usr/sbin:/sbin', 'LANG': 'C.UTF-8'} and shell False
DEBUG util.py:608:  Child return code was: 0
DEBUG util.py:634:  child environment: None
DEBUG util.py:556:  Executing command: ['/bin/umount', '-n', '/var/lib/mock/f41-build-59817139-6576644/root/proc/filesystems'] with env {'TERM': 'vt100', 'SHELL': '/bin/sh', 'HOME': '/builddir', 'HOSTNAME': 'mock', 'PATH': '/usr/bin:/bin:/usr/sbin:/sbin', 'LANG': 'C.UTF-8'} and shell False
DEBUG util.py:608:  Child return code was: 0
DEBUG util.py:634:  child environment: None
DEBUG util.py:556:  Executing command: ['/bin/umount', '-n', '-l', '/var/lib/mock/f41-build-59817139-6576644/root/dev/pts'] with env {'TERM': 'vt100', 'SHELL': '/bin/sh', 'HOME': '/builddir', 'HOSTNAME': 'mock', 'PATH': '/usr/bin:/bin:/usr/sbin:/sbin', 'LANG': 'C.UTF-8'} and shell False
DEBUG util.py:608:  Child return code was: 0
DEBUG util.py:634:  child environment: None
DEBUG util.py:556:  Executing command: ['/bin/umount', '-n', '-l', '/var/lib/mock/f41-build-59817139-6576644/root/dev/shm'] with env {'TERM': 'vt100', 'SHELL': '/bin/sh', 'HOME': '/builddir', 'HOSTNAME': 'mock', 'PATH': '/usr/bin:/bin:/usr/sbin:/sbin', 'LANG': 'C.UTF-8'} and shell False
DEBUG util.py:608:  Child return code was: 0
DEBUG util.py:634:  child environment: None
DEBUG util.py:556:  Executing command: ['/bin/umount', '-n', '-l', '/var/lib/mock/f41-build-59817139-6576644/root/sys'] with env {'TERM': 'vt100', 'SHELL': '/bin/sh', 'HOME': '/builddir', 'HOSTNAME': 'mock', 'PATH': '/usr/bin:/bin:/usr/sbin:/sbin', 'LANG': 'C.UTF-8'} and shell False
DEBUG util.py:608:  Child return code was: 0
DEBUG util.py:634:  child environment: None
DEBUG util.py:556:  Executing command: ['/bin/umount', '-n', '-l', '/var/lib/mock/f41-build-59817139-6576644/root/sys'] with env {'TERM': 'vt100', 'SHELL': '/bin/sh', 'HOME': '/builddir', 'HOSTNAME': 'mock', 'PATH': '/usr/bin:/bin:/usr/sbin:/sbin', 'LANG': 'C.UTF-8'} and shell False
DEBUG util.py:608:  Child return code was: 0
DEBUG util.py:634:  child environment: None
DEBUG util.py:556:  Executing command: ['/bin/umount', '-n', '-l', '/var/lib/mock/f41-build-59817139-6576644/root/proc'] with env {'TERM': 'vt100', 'SHELL': '/bin/sh', 'HOME': '/builddir', 'HOSTNAME': 'mock', 'PATH': '/usr/bin:/bin:/usr/sbin:/sbin', 'LANG': 'C.UTF-8'} and shell False
DEBUG util.py:608:  Child return code was: 0
DEBUG util.py:634:  child environment: None
DEBUG util.py:556:  Executing command: ['/bin/umount', '-n', '-l', '/var/lib/mock/f41-build-59817139-6576644/root/proc'] with env {'TERM': 'vt100', 'SHELL': '/bin/sh', 'HOME': '/builddir', 'HOSTNAME': 'mock', 'PATH': '/usr/bin:/bin:/usr/sbin:/sbin', 'LANG': 'C.UTF-8'} and shell False
DEBUG util.py:608:  Child return code was: 0
DEBUG util.py:634:  child environment: None
DEBUG util.py:183:  kill orphans in chroot /var/lib/mock/f41-build-59817139-6576644/root
DEBUG util.py:183:  kill orphans in chroot /var/lib/mock/f41-build-59817139-6576644-bootstrap/root
