INFO buildroot.py:667:  Mock Version: 6.1
DEBUG file_util.py:18:  ensuring that dir exists: /var/lib/mock/f41-build-59362116-6573023/root
DEBUG file_util.py:21:  created dir: /var/lib/mock/f41-build-59362116-6573023/root
DEBUG file_util.py:18:  ensuring that dir exists: /var/lib/mock/f41-build-59362116-6573023-bootstrap
DEBUG file_util.py:21:  created dir: /var/lib/mock/f41-build-59362116-6573023-bootstrap
DEBUG file_util.py:18:  ensuring that dir exists: /var/lib/mock/f41-build-59362116-6573023-bootstrap
DEBUG file_util.py:18:  ensuring that dir exists: /var/lib/mock/f41-build-59362116-6573023-bootstrap/root
DEBUG file_util.py:21:  created dir: /var/lib/mock/f41-build-59362116-6573023-bootstrap/root
DEBUG file_util.py:18:  ensuring that dir exists: /var/lib/mock/f41-build-59362116-6573023-bootstrap/results
DEBUG file_util.py:21:  created dir: /var/lib/mock/f41-build-59362116-6573023-bootstrap/results
INFO buildroot.py:318:  calling preinit hooks
DEBUG buildroot.py:723:  create skeleton dirs
DEBUG file_util.py:18:  ensuring that dir exists: /var/lib/mock/f41-build-59362116-6573023-bootstrap/root/var/lib/rpm
DEBUG file_util.py:21:  created dir: /var/lib/mock/f41-build-59362116-6573023-bootstrap/root/var/lib/rpm
DEBUG file_util.py:18:  ensuring that dir exists: /var/lib/mock/f41-build-59362116-6573023-bootstrap/root/var/lib/yum
DEBUG file_util.py:21:  created dir: /var/lib/mock/f41-build-59362116-6573023-bootstrap/root/var/lib/yum
DEBUG file_util.py:18:  ensuring that dir exists: /var/lib/mock/f41-build-59362116-6573023-bootstrap/root/var/lib/dbus
DEBUG file_util.py:21:  created dir: /var/lib/mock/f41-build-59362116-6573023-bootstrap/root/var/lib/dbus
DEBUG file_util.py:18:  ensuring that dir exists: /var/lib/mock/f41-build-59362116-6573023-bootstrap/root/var/log
DEBUG file_util.py:21:  created dir: /var/lib/mock/f41-build-59362116-6573023-bootstrap/root/var/log
DEBUG file_util.py:18:  ensuring that dir exists: /var/lib/mock/f41-build-59362116-6573023-bootstrap/root/var/cache/dnf
DEBUG file_util.py:21:  created dir: /var/lib/mock/f41-build-59362116-6573023-bootstrap/root/var/cache/dnf
DEBUG file_util.py:18:  ensuring that dir exists: /var/lib/mock/f41-build-59362116-6573023-bootstrap/root/var/cache/yum
DEBUG file_util.py:21:  created dir: /var/lib/mock/f41-build-59362116-6573023-bootstrap/root/var/cache/yum
DEBUG file_util.py:18:  ensuring that dir exists: /var/lib/mock/f41-build-59362116-6573023-bootstrap/root/etc/rpm
DEBUG file_util.py:21:  created dir: /var/lib/mock/f41-build-59362116-6573023-bootstrap/root/etc/rpm
DEBUG file_util.py:18:  ensuring that dir exists: /var/lib/mock/f41-build-59362116-6573023-bootstrap/root/tmp
DEBUG file_util.py:21:  created dir: /var/lib/mock/f41-build-59362116-6573023-bootstrap/root/tmp
DEBUG file_util.py:18:  ensuring that dir exists: /var/lib/mock/f41-build-59362116-6573023-bootstrap/root/tmp/ccache
DEBUG file_util.py:21:  created dir: /var/lib/mock/f41-build-59362116-6573023-bootstrap/root/tmp/ccache
DEBUG file_util.py:18:  ensuring that dir exists: /var/lib/mock/f41-build-59362116-6573023-bootstrap/root/var/tmp
DEBUG file_util.py:21:  created dir: /var/lib/mock/f41-build-59362116-6573023-bootstrap/root/var/tmp
DEBUG file_util.py:18:  ensuring that dir exists: /var/lib/mock/f41-build-59362116-6573023-bootstrap/root/etc/dnf
DEBUG file_util.py:21:  created dir: /var/lib/mock/f41-build-59362116-6573023-bootstrap/root/etc/dnf
DEBUG file_util.py:18:  ensuring that dir exists: /var/lib/mock/f41-build-59362116-6573023-bootstrap/root/etc/dnf/vars
DEBUG file_util.py:21:  created dir: /var/lib/mock/f41-build-59362116-6573023-bootstrap/root/etc/dnf/vars
DEBUG file_util.py:18:  ensuring that dir exists: /var/lib/mock/f41-build-59362116-6573023-bootstrap/root/etc/yum.repos.d
DEBUG file_util.py:21:  created dir: /var/lib/mock/f41-build-59362116-6573023-bootstrap/root/etc/yum.repos.d
DEBUG file_util.py:18:  ensuring that dir exists: /var/lib/mock/f41-build-59362116-6573023-bootstrap/root/etc/yum
DEBUG file_util.py:21:  created dir: /var/lib/mock/f41-build-59362116-6573023-bootstrap/root/etc/yum
DEBUG file_util.py:18:  ensuring that dir exists: /var/lib/mock/f41-build-59362116-6573023-bootstrap/root/proc
DEBUG file_util.py:21:  created dir: /var/lib/mock/f41-build-59362116-6573023-bootstrap/root/proc
DEBUG file_util.py:18:  ensuring that dir exists: /var/lib/mock/f41-build-59362116-6573023-bootstrap/root/sys
DEBUG file_util.py:21:  created dir: /var/lib/mock/f41-build-59362116-6573023-bootstrap/root/sys
DEBUG file_util.py:18:  ensuring that dir exists: /var/lib/mock/f41-build-59362116-6573023-bootstrap/root/dev/pts
DEBUG file_util.py:21:  created dir: /var/lib/mock/f41-build-59362116-6573023-bootstrap/root/dev/pts
DEBUG file_util.py:18:  ensuring that dir exists: /var/lib/mock/f41-build-59362116-6573023-bootstrap/root/dev/shm
DEBUG file_util.py:21:  created dir: /var/lib/mock/f41-build-59362116-6573023-bootstrap/root/dev/shm
DEBUG file_util.py:18:  ensuring that dir exists: /var/lib/mock/f41-build-59362116-6573023-bootstrap/root/dev/mapper
DEBUG file_util.py:21:  created dir: /var/lib/mock/f41-build-59362116-6573023-bootstrap/root/dev/mapper
DEBUG buildroot.py:867:  kernel version == 6.13.8-200.fc41.aarch64
DEBUG file_util.py:30:  touching file: /var/lib/mock/f41-build-59362116-6573023-bootstrap/root/etc/fstab
DEBUG file_util.py:30:  touching file: /var/lib/mock/f41-build-59362116-6573023-bootstrap/root/etc/yum/yum.conf
DEBUG file_util.py:30:  touching file: /var/lib/mock/f41-build-59362116-6573023-bootstrap/root/etc/dnf/dnf.conf
DEBUG file_util.py:30:  touching file: /var/lib/mock/f41-build-59362116-6573023-bootstrap/root/var/log/yum.log
DEBUG buildroot.py:332:  rootdir = /var/lib/mock/f41-build-59362116-6573023-bootstrap/root
DEBUG buildroot.py:333:  resultdir = /var/lib/mock/f41-build-59362116-6573023-bootstrap/results
DEBUG package_manager.py:63:  searching for 'dnf5' package manager or alternatives
INFO buildroot.py:181:  Package manager dnf5 detected and used (fallback)
DEBUG file_util.py:18:  ensuring that dir exists: /var/lib/mock/f41-build-59362116-6573023-bootstrap/root/etc/pki/mock
DEBUG file_util.py:21:  created dir: /var/lib/mock/f41-build-59362116-6573023-bootstrap/root/etc/pki/mock
DEBUG file_util.py:158:  Updating files in /var/lib/mock/f41-build-59362116-6573023-bootstrap/root/etc/pki/ca-trust with files from /etc/pki/ca-trust
DEBUG file_util.py:18:  ensuring that dir exists: /var/lib/mock/f41-build-59362116-6573023-bootstrap/root/etc/pki/ca-trust
DEBUG file_util.py:21:  created dir: /var/lib/mock/f41-build-59362116-6573023-bootstrap/root/etc/pki/ca-trust
DEBUG file_util.py:18:  ensuring that dir exists: /var/lib/mock/f41-build-59362116-6573023-bootstrap/root/etc/pki/ca-trust/./extracted
DEBUG file_util.py:21:  created dir: /var/lib/mock/f41-build-59362116-6573023-bootstrap/root/etc/pki/ca-trust/./extracted
DEBUG file_util.py:18:  ensuring that dir exists: /var/lib/mock/f41-build-59362116-6573023-bootstrap/root/etc/pki/ca-trust/./source
DEBUG file_util.py:21:  created dir: /var/lib/mock/f41-build-59362116-6573023-bootstrap/root/etc/pki/ca-trust/./source
DEBUG file_util.py:18:  ensuring that dir exists: /var/lib/mock/f41-build-59362116-6573023-bootstrap/root/etc/pki/ca-trust/extracted/edk2
DEBUG file_util.py:21:  created dir: /var/lib/mock/f41-build-59362116-6573023-bootstrap/root/etc/pki/ca-trust/extracted/edk2
DEBUG file_util.py:18:  ensuring that dir exists: /var/lib/mock/f41-build-59362116-6573023-bootstrap/root/etc/pki/ca-trust/extracted/java
DEBUG file_util.py:21:  created dir: /var/lib/mock/f41-build-59362116-6573023-bootstrap/root/etc/pki/ca-trust/extracted/java
DEBUG file_util.py:18:  ensuring that dir exists: /var/lib/mock/f41-build-59362116-6573023-bootstrap/root/etc/pki/ca-trust/extracted/openssl
DEBUG file_util.py:21:  created dir: /var/lib/mock/f41-build-59362116-6573023-bootstrap/root/etc/pki/ca-trust/extracted/openssl
DEBUG file_util.py:18:  ensuring that dir exists: /var/lib/mock/f41-build-59362116-6573023-bootstrap/root/etc/pki/ca-trust/extracted/pem
DEBUG file_util.py:21:  created dir: /var/lib/mock/f41-build-59362116-6573023-bootstrap/root/etc/pki/ca-trust/extracted/pem
DEBUG file_util.py:18:  ensuring that dir exists: /var/lib/mock/f41-build-59362116-6573023-bootstrap/root/etc/pki/ca-trust/extracted/pem/directory-hash
DEBUG file_util.py:21:  created dir: /var/lib/mock/f41-build-59362116-6573023-bootstrap/root/etc/pki/ca-trust/extracted/pem/directory-hash
DEBUG file_util.py:18:  ensuring that dir exists: /var/lib/mock/f41-build-59362116-6573023-bootstrap/root/etc/pki/ca-trust/source/anchors
DEBUG file_util.py:21:  created dir: /var/lib/mock/f41-build-59362116-6573023-bootstrap/root/etc/pki/ca-trust/source/anchors
DEBUG file_util.py:18:  ensuring that dir exists: /var/lib/mock/f41-build-59362116-6573023-bootstrap/root/etc/pki/ca-trust/source/blocklist
DEBUG file_util.py:21:  created dir: /var/lib/mock/f41-build-59362116-6573023-bootstrap/root/etc/pki/ca-trust/source/blocklist
DEBUG file_util.py:158:  Updating files in /var/lib/mock/f41-build-59362116-6573023-bootstrap/root/usr/share/pki/ca-trust-source with files from /usr/share/pki/ca-trust-source
DEBUG file_util.py:18:  ensuring that dir exists: /var/lib/mock/f41-build-59362116-6573023-bootstrap/root/usr/share/pki/ca-trust-source
DEBUG file_util.py:21:  created dir: /var/lib/mock/f41-build-59362116-6573023-bootstrap/root/usr/share/pki/ca-trust-source
DEBUG file_util.py:18:  ensuring that dir exists: /var/lib/mock/f41-build-59362116-6573023-bootstrap/root/usr/share/pki/ca-trust-source/./anchors
DEBUG file_util.py:21:  created dir: /var/lib/mock/f41-build-59362116-6573023-bootstrap/root/usr/share/pki/ca-trust-source/./anchors
DEBUG file_util.py:18:  ensuring that dir exists: /var/lib/mock/f41-build-59362116-6573023-bootstrap/root/usr/share/pki/ca-trust-source/./blocklist
DEBUG file_util.py:21:  created dir: /var/lib/mock/f41-build-59362116-6573023-bootstrap/root/usr/share/pki/ca-trust-source/./blocklist
DEBUG file_util.py:18:  ensuring that dir exists: /var/lib/mock/f41-build-59362116-6573023-bootstrap/root/usr/share
DEBUG package_manager.py:388:  Copying /usr/share/distribution-gpg-keys to the bootstrap chroot
DEBUG util.py:634:  child environment: None
DEBUG util.py:556:  Executing command: ['cp', '-a', '/usr/share/distribution-gpg-keys', '/var/lib/mock/f41-build-59362116-6573023-bootstrap/root/usr/share'] with env {'TERM': 'vt100', 'SHELL': '/bin/sh', 'HOME': '/builddir', 'HOSTNAME': 'mock', 'PATH': '/usr/bin:/bin:/usr/sbin:/sbin', 'LANG': 'C.UTF-8'} and shell False
DEBUG util.py:608:  Child return code was: 0
DEBUG file_util.py:18:  ensuring that dir exists: /var/lib/mock/f41-build-59362116-6573023-bootstrap/root/etc/dnf
DEBUG package_manager.py:689:  configure DNF vars
DEBUG file_util.py:18:  ensuring that dir exists: /var/lib/mock/f41-build-59362116-6573023-bootstrap/root/etc
DEBUG file_util.py:18:  ensuring that dir exists: /var/lib/mock/f41-build-59362116-6573023-bootstrap/root/etc
DEBUG file_util.py:18:  ensuring that dir exists: /var/lib/mock/f41-build-59362116-6573023-bootstrap/root/proc
DEBUG util.py:634:  child environment: None
DEBUG util.py:556:  Executing command: ['/bin/mount', '-n', '-t', 'tmpfs', '-o', 'rprivate,mode=0755', 'tmpfs', '/var/lib/mock/f41-build-59362116-6573023-bootstrap/root/proc'] with env {'TERM': 'vt100', 'SHELL': '/bin/sh', 'HOME': '/builddir', 'HOSTNAME': 'mock', 'PATH': '/usr/bin:/bin:/usr/sbin:/sbin', 'LANG': 'C.UTF-8'} and shell False
DEBUG util.py:608:  Child return code was: 0
DEBUG file_util.py:18:  ensuring that dir exists: /var/lib/mock/f41-build-59362116-6573023-bootstrap/root/proc
DEBUG util.py:634:  child environment: None
DEBUG util.py:556:  Executing command: ['/bin/mount', '-n', '-o', 'rbind', '/proc', '/var/lib/mock/f41-build-59362116-6573023-bootstrap/root/proc'] with env {'TERM': 'vt100', 'SHELL': '/bin/sh', 'HOME': '/builddir', 'HOSTNAME': 'mock', 'PATH': '/usr/bin:/bin:/usr/sbin:/sbin', 'LANG': 'C.UTF-8'} and shell False
DEBUG util.py:608:  Child return code was: 0
DEBUG util.py:634:  child environment: None
DEBUG util.py:556:  Executing command: ['/bin/mount', '-n', '-o', 'remount,nodev,noexec,nosuid,readonly,rprivate,rbind', '--target', '/var/lib/mock/f41-build-59362116-6573023-bootstrap/root/proc'] with env {'TERM': 'vt100', 'SHELL': '/bin/sh', 'HOME': '/builddir', 'HOSTNAME': 'mock', 'PATH': '/usr/bin:/bin:/usr/sbin:/sbin', 'LANG': 'C.UTF-8'} and shell False
DEBUG util.py:608:  Child return code was: 0
DEBUG file_util.py:18:  ensuring that dir exists: /var/lib/mock/f41-build-59362116-6573023-bootstrap/root/sys
DEBUG util.py:634:  child environment: None
DEBUG util.py:556:  Executing command: ['/bin/mount', '-n', '-t', 'tmpfs', '-o', 'rprivate,mode=0755', 'tmpfs', '/var/lib/mock/f41-build-59362116-6573023-bootstrap/root/sys'] with env {'TERM': 'vt100', 'SHELL': '/bin/sh', 'HOME': '/builddir', 'HOSTNAME': 'mock', 'PATH': '/usr/bin:/bin:/usr/sbin:/sbin', 'LANG': 'C.UTF-8'} and shell False
DEBUG util.py:608:  Child return code was: 0
DEBUG file_util.py:18:  ensuring that dir exists: /var/lib/mock/f41-build-59362116-6573023-bootstrap/root/sys
DEBUG util.py:634:  child environment: None
DEBUG util.py:556:  Executing command: ['/bin/mount', '-n', '-o', 'rbind', '/sys', '/var/lib/mock/f41-build-59362116-6573023-bootstrap/root/sys'] with env {'TERM': 'vt100', 'SHELL': '/bin/sh', 'HOME': '/builddir', 'HOSTNAME': 'mock', 'PATH': '/usr/bin:/bin:/usr/sbin:/sbin', 'LANG': 'C.UTF-8'} and shell False
DEBUG util.py:608:  Child return code was: 0
DEBUG util.py:634:  child environment: None
DEBUG util.py:556:  Executing command: ['/bin/mount', '-n', '-o', 'remount,nodev,noexec,nosuid,readonly,rprivate,rbind', '--target', '/var/lib/mock/f41-build-59362116-6573023-bootstrap/root/sys'] with env {'TERM': 'vt100', 'SHELL': '/bin/sh', 'HOME': '/builddir', 'HOSTNAME': 'mock', 'PATH': '/usr/bin:/bin:/usr/sbin:/sbin', 'LANG': 'C.UTF-8'} and shell False
DEBUG util.py:608:  Child return code was: 0
DEBUG file_util.py:18:  ensuring that dir exists: /var/lib/mock/f41-build-59362116-6573023-bootstrap/root/dev/shm
DEBUG util.py:634:  child environment: None
DEBUG util.py:556:  Executing command: ['/bin/mount', '-n', '-t', 'tmpfs', 'tmpfs', '/var/lib/mock/f41-build-59362116-6573023-bootstrap/root/dev/shm'] with env {'TERM': 'vt100', 'SHELL': '/bin/sh', 'HOME': '/builddir', 'HOSTNAME': 'mock', 'PATH': '/usr/bin:/bin:/usr/sbin:/sbin', 'LANG': 'C.UTF-8'} and shell False
DEBUG util.py:608:  Child return code was: 0
DEBUG file_util.py:18:  ensuring that dir exists: /var/lib/mock/f41-build-59362116-6573023-bootstrap/root/dev/pts
DEBUG util.py:634:  child environment: None
DEBUG util.py:556:  Executing command: ['/bin/mount', '-n', '-t', 'devpts', '-o', 'gid=5,mode=0620,ptmxmode=0666,newinstance', 'devpts', '/var/lib/mock/f41-build-59362116-6573023-bootstrap/root/dev/pts'] with env {'TERM': 'vt100', 'SHELL': '/bin/sh', 'HOME': '/builddir', 'HOSTNAME': 'mock', 'PATH': '/usr/bin:/bin:/usr/sbin:/sbin', 'LANG': 'C.UTF-8'} and shell False
DEBUG util.py:608:  Child return code was: 0
DEBUG util.py:634:  child environment: None
DEBUG util.py:556:  Executing command: ['/bin/mount', '-n', '-o', 'bind', '/tmp/mock-selinux-plugin.8xdfxl_v', '/var/lib/mock/f41-build-59362116-6573023-bootstrap/root/proc/filesystems'] with env {'TERM': 'vt100', 'SHELL': '/bin/sh', 'HOME': '/builddir', 'HOSTNAME': 'mock', 'PATH': '/usr/bin:/bin:/usr/sbin:/sbin', 'LANG': 'C.UTF-8'} and shell False
DEBUG util.py:608:  Child return code was: 0
DEBUG file_util.py:18:  ensuring that dir exists: /var/lib/mock/f41-build-59362116-6573023-bootstrap/root/sys/fs/selinux
DEBUG util.py:634:  child environment: None
DEBUG util.py:556:  Executing command: ['/bin/mount', '-n', '-t', 'tmpfs', 'tmpfs', '/var/lib/mock/f41-build-59362116-6573023-bootstrap/root/sys/fs/selinux'] with env {'TERM': 'vt100', 'SHELL': '/bin/sh', 'HOME': '/builddir', 'HOSTNAME': 'mock', 'PATH': '/usr/bin:/bin:/usr/sbin:/sbin', 'LANG': 'C.UTF-8'} and shell False
DEBUG util.py:608:  Child return code was: 0
DEBUG file_util.py:18:  ensuring that dir exists: /var/lib/mock/f41-build-59362116-6573023-bootstrap/root/installation-homedir
DEBUG file_util.py:21:  created dir: /var/lib/mock/f41-build-59362116-6573023-bootstrap/root/installation-homedir
DEBUG package_manager.py:295:  ['/usr/bin/dnf5', '--installroot', '/var/lib/mock/f41-build-59362116-6573023-bootstrap/root/', 'install', 'dnf5', 'dnf5-plugins', '--setopt=deltarpm=False', '--setopt=allow_vendor_change=yes', '--allowerasing']
DEBUG util.py:634:  child environment: None
DEBUG util.py:556:  Executing command: ['/usr/bin/dnf5', '--installroot', '/var/lib/mock/f41-build-59362116-6573023-bootstrap/root/', 'install', 'dnf5', 'dnf5-plugins', '--setopt=deltarpm=False', '--setopt=allow_vendor_change=yes', '--allowerasing', '--setopt=tsflags=nocontexts'] with env {'TERM': 'vt100', 'SHELL': '/bin/bash', 'HOME': '/var/lib/mock/f41-build-59362116-6573023-bootstrap/root/installation-homedir', 'HOSTNAME': 'mock', 'PATH': '/usr/bin:/bin:/usr/sbin:/sbin', 'PROMPT_COMMAND': 'printf "\\033]0;<mock-chroot>\\007"', 'PS1': '<mock-chroot> \\s-\\v\\$ ', 'LANG': 'C.UTF-8', 'LC_MESSAGES': 'C.UTF-8'} and shell False
DEBUG util.py:459:  Updating and loading repositories:
DEBUG util.py:459:   build                                  100% | 104.9 MiB/s |  14.5 MiB |  00m00s
DEBUG util.py:459:  Repositories loaded.
DEBUG util.py:461:  Package                        Arch    Version                     Repository      Size
DEBUG util.py:461:  Installing:
DEBUG util.py:461:   dnf5                          aarch64 5.2.12.0-2.fc41             build        2.1 MiB
DEBUG util.py:461:   dnf5-plugins                  aarch64 5.2.12.0-2.fc41             build        1.3 MiB
DEBUG util.py:461:  Installing dependencies:
DEBUG util.py:461:   alternatives                  aarch64 1.31-1.fc41                 build       88.7 KiB
DEBUG util.py:461:   audit-libs                    aarch64 4.0.3-1.fc41                build      415.2 KiB
DEBUG util.py:461:   basesystem                    noarch  11-21.fc41                  build        0.0   B
DEBUG util.py:461:   bash                          aarch64 5.2.32-1.fc41               build        8.3 MiB
DEBUG util.py:461:   bzip2-libs                    aarch64 1.0.8-19.fc41               build      200.7 KiB
DEBUG util.py:461:   ca-certificates               noarch  2024.2.69_v8.0.401-1.0.fc41 build        2.4 MiB
DEBUG util.py:461:   coreutils                     aarch64 9.5-11.fc41                 build        7.9 MiB
DEBUG util.py:461:   coreutils-common              aarch64 9.5-11.fc41                 build       11.2 MiB
DEBUG util.py:461:   crypto-policies               noarch  20250124-1.git4d262e7.fc41  build      137.4 KiB
DEBUG util.py:461:   curl                          aarch64 8.9.1-3.fc41                build      793.4 KiB
DEBUG util.py:461:   cyrus-sasl-lib                aarch64 2.1.28-27.fc41              build        3.1 MiB
DEBUG util.py:461:   elfutils-default-yama-scope   noarch  0.193-2.fc41                build        1.8 KiB
DEBUG util.py:461:   elfutils-libelf               aarch64 0.193-2.fc41                build        1.2 MiB
DEBUG util.py:461:   elfutils-libs                 aarch64 0.193-2.fc41                build      747.0 KiB
DEBUG util.py:461:   fedora-gpg-keys               noarch  41-1                        build      126.4 KiB
DEBUG util.py:461:   fedora-release                noarch  41-32                       build        0.0   B
DEBUG util.py:461:   fedora-release-common         noarch  41-32                       build       19.7 KiB
DEBUG util.py:461:   fedora-release-identity-basic noarch  41-32                       build      654.0   B
DEBUG util.py:461:   fedora-repos                  noarch  41-1                        build        4.9 KiB
DEBUG util.py:461:   file-libs                     aarch64 5.45-7.fc41                 build       10.0 MiB
DEBUG util.py:461:   filesystem                    aarch64 3.18-23.fc41                build      106.0   B
DEBUG util.py:461:   findutils                     aarch64 1:4.10.0-4.fc41             build        2.1 MiB
DEBUG util.py:461:   fmt                           aarch64 11.0.2-2.fc41               build      247.7 KiB
DEBUG util.py:461:   gawk                          aarch64 5.3.0-4.fc41                build        4.2 MiB
DEBUG util.py:461:   gdbm-libs                     aarch64 1:1.23-7.fc41               build      426.0 KiB
DEBUG util.py:461:   glib2                         aarch64 2.82.5-1.fc41               build       15.3 MiB
DEBUG util.py:461:   glibc                         aarch64 2.40-25.fc41                build        6.2 MiB
DEBUG util.py:461:   glibc-common                  aarch64 2.40-25.fc41                build        1.3 MiB
DEBUG util.py:461:   glibc-minimal-langpack        aarch64 2.40-25.fc41                build        0.0   B
DEBUG util.py:461:   gmp                           aarch64 1:6.3.0-2.fc41              build      722.0 KiB
DEBUG util.py:461:   gnutls                        aarch64 3.8.9-2.fc41                build        3.6 MiB
DEBUG util.py:461:   grep                          aarch64 3.11-9.fc41                 build        1.1 MiB
DEBUG util.py:461:   json-c                        aarch64 0.17-4.fc41                 build      202.4 KiB
DEBUG util.py:461:   keyutils-libs                 aarch64 1.6.3-4.fc41                build      226.4 KiB
DEBUG util.py:461:   krb5-libs                     aarch64 1.21.3-4.fc41               build        2.6 MiB
DEBUG util.py:461:   libacl                        aarch64 2.3.2-2.fc41                build      196.1 KiB
DEBUG util.py:461:   libarchive                    aarch64 3.7.4-4.fc41                build      910.7 KiB
DEBUG util.py:461:   libattr                       aarch64 2.5.2-4.fc41                build      196.6 KiB
DEBUG util.py:461:   libblkid                      aarch64 2.40.4-1.fc41               build      285.2 KiB
DEBUG util.py:461:   libbrotli                     aarch64 1.1.0-5.fc41                build        1.1 MiB
DEBUG util.py:461:   libcap                        aarch64 2.70-4.fc41                 build        1.4 MiB
DEBUG util.py:461:   libcap-ng                     aarch64 0.8.5-3.fc41                build      417.2 KiB
DEBUG util.py:461:   libcom_err                    aarch64 1.47.1-6.fc41               build      111.3 KiB
DEBUG util.py:461:   libcurl                       aarch64 8.9.1-3.fc41                build      781.1 KiB
DEBUG util.py:461:   libdnf5                       aarch64 5.2.12.0-2.fc41             build        3.3 MiB
DEBUG util.py:461:   libdnf5-cli                   aarch64 5.2.12.0-2.fc41             build      864.8 KiB
DEBUG util.py:461:   libeconf                      aarch64 0.6.2-3.fc41                build      206.1 KiB
DEBUG util.py:461:   libevent                      aarch64 2.1.12-14.fc41              build        1.5 MiB
DEBUG util.py:461:   libffi                        aarch64 3.4.6-3.fc41                build      282.4 KiB
DEBUG util.py:461:   libgcc                        aarch64 14.2.1-7.fc41               build      218.8 KiB
DEBUG util.py:461:   libgomp                       aarch64 14.2.1-7.fc41               build      493.9 KiB
DEBUG util.py:461:   libidn2                       aarch64 2.3.8-1.fc41                build      560.7 KiB
DEBUG util.py:461:   libmodulemd                   aarch64 2.15.0-14.fc41              build      979.9 KiB
DEBUG util.py:461:   libmount                      aarch64 2.40.4-1.fc41               build      412.9 KiB
DEBUG util.py:461:   libnghttp2                    aarch64 1.62.1-3.fc41               build      198.2 KiB
DEBUG util.py:461:   libpsl                        aarch64 0.21.5-4.fc41               build      196.6 KiB
DEBUG util.py:461:   librepo                       aarch64 1.19.0-1.fc41               build      292.3 KiB
DEBUG util.py:461:   libselinux                    aarch64 3.7-5.fc41                  build      265.1 KiB
DEBUG util.py:461:   libsemanage                   aarch64 3.7-2.fc41                  build      361.5 KiB
DEBUG util.py:461:   libsepol                      aarch64 3.7-2.fc41                  build      874.0 KiB
DEBUG util.py:461:   libsmartcols                  aarch64 2.40.4-1.fc41               build      220.2 KiB
DEBUG util.py:461:   libsolv                       aarch64 0.7.32-4.fc41               build        1.0 MiB
DEBUG util.py:461:   libssh                        aarch64 0.10.6-8.fc41               build      581.3 KiB
DEBUG util.py:461:   libssh-config                 noarch  0.10.6-8.fc41               build      277.0   B
DEBUG util.py:461:   libstdc++                     aarch64 14.2.1-7.fc41               build        2.7 MiB
DEBUG util.py:461:   libtasn1                      aarch64 4.20.0-1.fc41               build      220.4 KiB
DEBUG util.py:461:   libtool-ltdl                  aarch64 2.4.7-12.fc41               build      222.2 KiB
DEBUG util.py:461:   libunistring                  aarch64 1.1-8.fc41                  build        1.8 MiB
DEBUG util.py:461:   libuuid                       aarch64 2.40.4-1.fc41               build       67.9 KiB
DEBUG util.py:461:   libverto                      aarch64 0.3.2-9.fc41                build      197.5 KiB
DEBUG util.py:461:   libxcrypt                     aarch64 4.4.38-7.fc41               build      272.6 KiB
DEBUG util.py:461:   libxml2                       aarch64 2.12.10-1.fc41              build        1.9 MiB
DEBUG util.py:461:   libyaml                       aarch64 0.2.5-16.fc41               build      134.6 KiB
DEBUG util.py:461:   libzstd                       aarch64 1.5.7-1.fc41                build      732.1 KiB
DEBUG util.py:461:   lua-libs                      aarch64 5.4.7-3.fc41                build      329.1 KiB
DEBUG util.py:461:   lz4-libs                      aarch64 1.10.0-1.fc41               build      261.6 KiB
DEBUG util.py:461:   mpfr                          aarch64 4.2.1-5.fc41                build      818.9 KiB
DEBUG util.py:461:   ncurses-base                  noarch  6.5-2.20240629.fc41         build      326.3 KiB
DEBUG util.py:461:   ncurses-libs                  aarch64 6.5-2.20240629.fc41         build        2.2 MiB
DEBUG util.py:461:   nettle                        aarch64 3.10-3.fc41                 build      956.7 KiB
DEBUG util.py:461:   openldap                      aarch64 2.6.9-1.fc41                build      761.3 KiB
DEBUG util.py:461:   openssl-libs                  aarch64 1:3.2.4-1.fc41              build        6.4 MiB
DEBUG util.py:461:   p11-kit                       aarch64 0.25.5-3.fc41               build        2.6 MiB
DEBUG util.py:461:   p11-kit-trust                 aarch64 0.25.5-3.fc41               build      655.6 KiB
DEBUG util.py:461:   pam-libs                      aarch64 1.6.1-7.fc41                build      223.2 KiB
DEBUG util.py:461:   pcre2                         aarch64 10.44-1.fc41.1              build      905.5 KiB
DEBUG util.py:461:   pcre2-syntax                  noarch  10.44-1.fc41.1              build      251.6 KiB
DEBUG util.py:461:   popt                          aarch64 1.19-7.fc41                 build      272.9 KiB
DEBUG util.py:461:   publicsuffix-list-dafsa       noarch  20250116-1.fc41             build       68.5 KiB
DEBUG util.py:461:   readline                      aarch64 8.2-10.fc41                 build      753.3 KiB
DEBUG util.py:461:   rpm                           aarch64 4.20.1-1.fc41               build        3.3 MiB
DEBUG util.py:461:   rpm-build-libs                aarch64 4.20.1-1.fc41               build      198.7 KiB
DEBUG util.py:461:   rpm-libs                      aarch64 4.20.1-1.fc41               build      734.0 KiB
DEBUG util.py:461:   rpm-sequoia                   aarch64 1.7.0-5.fc41                build        2.3 MiB
DEBUG util.py:461:   sdbus-cpp                     aarch64 1.5.0-3.fc41                build      365.8 KiB
DEBUG util.py:461:   sed                           aarch64 4.9-3.fc41                  build        1.0 MiB
DEBUG util.py:461:   setup                         noarch  2.15.0-8.fc41               build      720.7 KiB
DEBUG util.py:461:   shadow-utils                  aarch64 2:4.15.1-12.fc41            build        4.6 MiB
DEBUG util.py:461:   sqlite-libs                   aarch64 3.46.1-2.fc41               build        1.5 MiB
DEBUG util.py:461:   systemd-libs                  aarch64 256.12-1.fc41               build        2.2 MiB
DEBUG util.py:461:   xz-libs                       aarch64 1:5.6.2-2.fc41              build      266.4 KiB
DEBUG util.py:461:   zchunk-libs                   aarch64 1.5.1-1.fc41                build      201.2 KiB
DEBUG util.py:461:   zlib-ng-compat                aarch64 2.2.3-2.fc41                build      133.6 KiB
DEBUG util.py:461:  Transaction Summary:
DEBUG util.py:461:   Installing:       105 packages
DEBUG util.py:459:  Total size of inbound packages is 39 MiB. Need to download 39 MiB.
DEBUG util.py:459:  After this operation, 149 MiB extra will be used (install 149 MiB, remove 0 B).
DEBUG util.py:459:  [  1/105] dnf5-plugins-0:5.2.12.0-2.fc4 100% |  14.9 MiB/s | 411.0 KiB |  00m00s
DEBUG util.py:459:  [  2/105] dnf5-0:5.2.12.0-2.fc41.aarch6 100% |  23.3 MiB/s | 765.1 KiB |  00m00s
DEBUG util.py:459:  [  3/105] fmt-0:11.0.2-2.fc41.aarch64   100% |  16.0 MiB/s |  98.1 KiB |  00m00s
DEBUG util.py:459:  [  4/105] bash-0:5.2.32-1.fc41.aarch64  100% |  35.4 MiB/s |   1.8 MiB |  00m00s
DEBUG util.py:459:  [  5/105] libdnf5-0:5.2.12.0-2.fc41.aar 100% |  54.7 MiB/s |   1.1 MiB |  00m00s
DEBUG util.py:459:  [  6/105] glibc-0:2.40-25.fc41.aarch64  100% |  61.1 MiB/s |   1.8 MiB |  00m00s
DEBUG util.py:459:  [  7/105] libdnf5-cli-0:5.2.12.0-2.fc41 100% |  23.2 MiB/s | 332.6 KiB |  00m00s
DEBUG util.py:459:  [  8/105] libgcc-0:14.2.1-7.fc41.aarch6 100% |  10.4 MiB/s | 117.4 KiB |  00m00s
DEBUG util.py:459:  [  9/105] rpm-libs-0:4.20.1-1.fc41.aarc 100% |  59.6 MiB/s | 304.9 KiB |  00m00s
DEBUG util.py:459:  [ 10/105] sdbus-cpp-0:1.5.0-3.fc41.aarc 100% |  20.2 MiB/s | 103.3 KiB |  00m00s
DEBUG util.py:459:  [ 11/105] libstdc++-0:14.2.1-7.fc41.aar 100% |  53.6 MiB/s | 768.8 KiB |  00m00s
DEBUG util.py:459:  [ 12/105] json-c-0:0.17-4.fc41.aarch64  100% |   8.8 MiB/s |  45.1 KiB |  00m00s
DEBUG util.py:459:  [ 13/105] rpm-build-libs-0:4.20.1-1.fc4 100% |  30.9 MiB/s |  94.9 KiB |  00m00s
DEBUG util.py:459:  [ 14/105] zlib-ng-compat-0:2.2.3-2.fc41 100% |  21.4 MiB/s |  65.7 KiB |  00m00s
DEBUG util.py:459:  [ 15/105] systemd-libs-0:256.12-1.fc41. 100% |  46.1 MiB/s | 707.5 KiB |  00m00s
DEBUG util.py:459:  [ 16/105] basesystem-0:11-21.fc41.noarc 100% |   3.6 MiB/s |   7.4 KiB |  00m00s
DEBUG util.py:459:  [ 17/105] ncurses-libs-0:6.5-2.20240629 100% |  45.6 MiB/s | 326.5 KiB |  00m00s
DEBUG util.py:459:  [ 18/105] glibc-common-0:2.40-25.fc41.a 100% |  59.1 MiB/s | 363.0 KiB |  00m00s
DEBUG util.py:459:  [ 19/105] filesystem-0:3.18-23.fc41.aar 100% |  50.9 MiB/s |   1.1 MiB |  00m00s
DEBUG util.py:459:  [ 20/105] libmodulemd-0:2.15.0-14.fc41. 100% |  25.7 MiB/s | 210.5 KiB |  00m00s
DEBUG util.py:459:  [ 21/105] librepo-0:1.19.0-1.fc41.aarch 100% |  23.9 MiB/s |  97.8 KiB |  00m00s
DEBUG util.py:459:  [ 22/105] libsolv-0:0.7.32-4.fc41.aarch 100% |  59.1 MiB/s | 423.5 KiB |  00m00s
DEBUG util.py:459:  [ 23/105] libxml2-0:2.12.10-1.fc41.aarc 100% |  60.3 MiB/s | 678.7 KiB |  00m00s
DEBUG util.py:459:  [ 24/105] sqlite-libs-0:3.46.1-2.fc41.a 100% |  57.9 MiB/s | 710.9 KiB |  00m00s
DEBUG util.py:459:  [ 25/105] libsmartcols-0:2.40.4-1.fc41. 100% |  11.0 MiB/s |  78.5 KiB |  00m00s
DEBUG util.py:459:  [ 26/105] bzip2-libs-0:1.0.8-19.fc41.aa 100% |  20.8 MiB/s |  42.7 KiB |  00m00s
DEBUG util.py:459:  [ 27/105] libacl-0:2.3.2-2.fc41.aarch64 100% |   8.1 MiB/s |  24.9 KiB |  00m00s
DEBUG util.py:459:  [ 28/105] glib2-0:2.82.5-1.fc41.aarch64 100% |  61.3 MiB/s |   3.0 MiB |  00m00s
DEBUG util.py:459:  [ 29/105] libcap-0:2.70-4.fc41.aarch64  100% |   8.5 MiB/s |  87.2 KiB |  00m00s
DEBUG util.py:459:  [ 30/105] lua-libs-0:5.4.7-3.fc41.aarch 100% |  31.6 MiB/s | 129.5 KiB |  00m00s
DEBUG util.py:459:  [ 31/105] libzstd-0:1.5.7-1.fc41.aarch6 100% |  20.3 MiB/s | 290.7 KiB |  00m00s
DEBUG util.py:459:  [ 32/105] popt-0:1.19-7.fc41.aarch64    100% |  11.6 MiB/s |  59.4 KiB |  00m00s
DEBUG util.py:459:  [ 33/105] xz-libs-1:5.6.2-2.fc41.aarch6 100% |  27.1 MiB/s | 111.0 KiB |  00m00s
DEBUG util.py:459:  [ 34/105] rpm-0:4.20.1-1.fc41.aarch64   100% |  50.4 MiB/s | 516.6 KiB |  00m00s
DEBUG util.py:459:  [ 35/105] elfutils-libelf-0:0.193-2.fc4 100% |  40.5 MiB/s | 207.2 KiB |  00m00s
DEBUG util.py:459:  [ 36/105] rpm-sequoia-0:1.7.0-5.fc41.aa 100% |  53.0 MiB/s | 868.0 KiB |  00m00s
DEBUG util.py:459:  [ 37/105] elfutils-libs-0:0.193-2.fc41. 100% |  32.7 MiB/s | 268.2 KiB |  00m00s
DEBUG util.py:459:  [ 38/105] file-libs-0:5.45-7.fc41.aarch 100% |  62.0 MiB/s | 761.6 KiB |  00m00s
DEBUG util.py:459:  [ 39/105] setup-0:2.15.0-8.fc41.noarch  100% |  18.1 MiB/s | 148.4 KiB |  00m00s
DEBUG util.py:459:  [ 40/105] libgomp-0:14.2.1-7.fc41.aarch 100% |  33.2 MiB/s | 339.7 KiB |  00m00s
DEBUG util.py:459:  [ 41/105] ncurses-base-0:6.5-2.20240629 100% |  12.5 MiB/s |  63.8 KiB |  00m00s
DEBUG util.py:459:  [ 42/105] libffi-0:3.4.6-3.fc41.aarch64 100% |  12.5 MiB/s |  38.3 KiB |  00m00s
DEBUG util.py:459:  [ 43/105] libmount-0:2.40.4-1.fc41.aarc 100% |  35.9 MiB/s | 147.1 KiB |  00m00s
DEBUG util.py:459:  [ 44/105] libselinux-0:3.7-5.fc41.aarch 100% |  21.5 MiB/s |  87.9 KiB |  00m00s
DEBUG util.py:459:  [ 45/105] pcre2-0:10.44-1.fc41.1.aarch6 100% |  44.3 MiB/s | 227.0 KiB |  00m00s
DEBUG util.py:459:  [ 46/105] libyaml-0:0.2.5-16.fc41.aarch 100% |  14.6 MiB/s |  60.0 KiB |  00m00s
DEBUG util.py:459:  [ 47/105] gnutls-0:3.8.9-2.fc41.aarch64 100% |  57.7 MiB/s |   1.2 MiB |  00m00s
DEBUG util.py:459:  [ 48/105] zchunk-libs-0:1.5.1-1.fc41.aa 100% |   8.4 MiB/s |  51.9 KiB |  00m00s
DEBUG util.py:459:  [ 49/105] libattr-0:2.5.2-4.fc41.aarch6 100% |   5.9 MiB/s |  18.2 KiB |  00m00s
DEBUG util.py:459:  [ 50/105] pam-libs-0:1.6.1-7.fc41.aarch 100% |  18.7 MiB/s |  57.6 KiB |  00m00s
DEBUG util.py:459:  [ 51/105] curl-0:8.9.1-3.fc41.aarch64   100% |  50.2 MiB/s | 308.2 KiB |  00m00s
DEBUG util.py:459:  [ 52/105] findutils-1:4.10.0-4.fc41.aar 100% |  53.3 MiB/s | 545.3 KiB |  00m00s
DEBUG util.py:459:  [ 53/105] libarchive-0:3.7.4-4.fc41.aar 100% |  39.5 MiB/s | 404.3 KiB |  00m00s
DEBUG util.py:459:  [ 54/105] sed-0:4.9-3.fc41.aarch64      100% |  42.8 MiB/s | 306.9 KiB |  00m00s
DEBUG util.py:459:  [ 55/105] openssl-libs-1:3.2.4-1.fc41.a 100% |  59.0 MiB/s |   2.2 MiB |  00m00s
DEBUG util.py:459:  [ 56/105] elfutils-default-yama-scope-0 100% |   1.2 MiB/s |  12.6 KiB |  00m00s
DEBUG util.py:459:  [ 57/105] crypto-policies-0:20250124-1. 100% |   7.9 MiB/s |  73.1 KiB |  00m00s
DEBUG util.py:459:  [ 58/105] libidn2-0:2.3.8-1.fc41.aarch6 100% |  41.4 MiB/s | 169.6 KiB |  00m00s
DEBUG util.py:459:  [ 59/105] gmp-1:6.3.0-2.fc41.aarch64    100% |  44.0 MiB/s | 270.1 KiB |  00m00s
DEBUG util.py:459:  [ 60/105] libtasn1-0:4.20.0-1.fc41.aarc 100% |  14.4 MiB/s |  73.7 KiB |  00m00s
DEBUG util.py:459:  [ 61/105] libunistring-0:1.1-8.fc41.aar 100% |  58.6 MiB/s | 539.8 KiB |  00m00s
DEBUG util.py:459:  [ 62/105] nettle-0:3.10-3.fc41.aarch64  100% |  42.8 MiB/s | 437.9 KiB |  00m00s
DEBUG util.py:459:  [ 63/105] p11-kit-trust-0:0.25.5-3.fc41 100% |  32.7 MiB/s | 133.8 KiB |  00m00s
DEBUG util.py:459:  [ 64/105] p11-kit-0:0.25.5-3.fc41.aarch 100% |  34.9 MiB/s | 465.2 KiB |  00m00s
DEBUG util.py:459:  [ 65/105] libuuid-0:2.40.4-1.fc41.aarch 100% |   8.9 MiB/s |  27.4 KiB |  00m00s
DEBUG util.py:459:  [ 66/105] libblkid-0:2.40.4-1.fc41.aarc 100% |  19.3 MiB/s | 118.8 KiB |  00m00s
DEBUG util.py:459:  [ 67/105] libsepol-0:3.7-2.fc41.aarch64 100% |  63.8 MiB/s | 326.6 KiB |  00m00s
DEBUG util.py:459:  [ 68/105] pcre2-syntax-0:10.44-1.fc41.1 100% |  29.3 MiB/s | 149.9 KiB |  00m00s
DEBUG util.py:459:  [ 69/105] libeconf-0:0.6.2-3.fc41.aarch 100% |  10.5 MiB/s |  32.3 KiB |  00m00s
DEBUG util.py:459:  [ 70/105] audit-libs-0:4.0.3-1.fc41.aar 100% |  30.6 MiB/s | 125.5 KiB |  00m00s
DEBUG util.py:459:  [ 71/105] ca-certificates-0:2024.2.69_v 100% |  65.4 MiB/s | 871.2 KiB |  00m00s
DEBUG util.py:459:  [ 72/105] lz4-libs-0:1.10.0-1.fc41.aarc 100% |  11.8 MiB/s |  72.3 KiB |  00m00s
DEBUG util.py:459:  [ 73/105] alternatives-0:1.31-1.fc41.aa 100% |   6.3 MiB/s |  38.5 KiB |  00m00s
DEBUG util.py:459:  [ 74/105] libcap-ng-0:0.8.5-3.fc41.aarc 100% |  16.0 MiB/s |  32.8 KiB |  00m00s
DEBUG util.py:459:  [ 75/105] fedora-release-0:41-32.noarch 100% |   6.4 MiB/s |  13.1 KiB |  00m00s
DEBUG util.py:459:  [ 76/105] grep-0:3.11-9.fc41.aarch64    100% |  46.8 MiB/s | 287.8 KiB |  00m00s
DEBUG util.py:459:  [ 77/105] fedora-release-common-0:41-32 100% |   4.7 MiB/s |  23.9 KiB |  00m00s
DEBUG util.py:459:  [ 78/105] fedora-repos-0:41-1.noarch    100% |   2.3 MiB/s |   9.2 KiB |  00m00s
DEBUG util.py:459:  [ 79/105] fedora-gpg-keys-0:41-1.noarch 100% |  30.1 MiB/s | 123.5 KiB |  00m00s
DEBUG util.py:459:  [ 80/105] libcurl-0:8.9.1-3.fc41.aarch6 100% |  37.2 MiB/s | 342.7 KiB |  00m00s
DEBUG util.py:459:  [ 81/105] coreutils-0:9.5-11.fc41.aarch 100% |  62.1 MiB/s |   1.1 MiB |  00m00s
DEBUG util.py:459:  [ 82/105] libbrotli-0:1.1.0-5.fc41.aarc 100% |  56.3 MiB/s | 346.2 KiB |  00m00s
DEBUG util.py:459:  [ 83/105] krb5-libs-0:1.21.3-4.fc41.aar 100% |  46.3 MiB/s | 759.4 KiB |  00m00s
DEBUG util.py:459:  [ 84/105] libnghttp2-0:1.62.1-3.fc41.aa 100% |  14.9 MiB/s |  76.2 KiB |  00m00s
DEBUG util.py:459:  [ 85/105] libpsl-0:0.21.5-4.fc41.aarch6 100% |  21.0 MiB/s |  64.4 KiB |  00m00s
DEBUG util.py:459:  [ 86/105] coreutils-common-0:9.5-11.fc4 100% |  53.8 MiB/s |   2.1 MiB |  00m00s
DEBUG util.py:459:  [ 87/105] libssh-0:0.10.6-8.fc41.aarch6 100% |  20.8 MiB/s | 213.1 KiB |  00m00s
DEBUG util.py:459:  [ 88/105] openldap-0:2.6.9-1.fc41.aarch 100% |  24.6 MiB/s | 252.3 KiB |  00m00s
DEBUG util.py:459:  [ 89/105] keyutils-libs-0:1.6.3-4.fc41. 100% |  10.4 MiB/s |  31.9 KiB |  00m00s
DEBUG util.py:459:  [ 90/105] libcom_err-0:1.47.1-6.fc41.aa 100% |   8.7 MiB/s |  26.6 KiB |  00m00s
DEBUG util.py:459:  [ 91/105] libverto-0:0.3.2-9.fc41.aarch 100% |   6.8 MiB/s |  20.9 KiB |  00m00s
DEBUG util.py:459:  [ 92/105] publicsuffix-list-dafsa-0:202 100% |  19.1 MiB/s |  58.8 KiB |  00m00s
DEBUG util.py:459:  [ 93/105] libssh-config-0:0.10.6-8.fc41 100% |   4.5 MiB/s |   9.2 KiB |  00m00s
DEBUG util.py:459:  [ 94/105] gawk-0:5.3.0-4.fc41.aarch64   100% |  69.7 MiB/s |   1.0 MiB |  00m00s
DEBUG util.py:459:  [ 95/105] libevent-0:2.1.12-14.fc41.aar 100% |  35.5 MiB/s | 254.6 KiB |  00m00s
DEBUG util.py:459:  [ 96/105] libtool-ltdl-0:2.4.7-12.fc41. 100% |   8.7 MiB/s |  35.8 KiB |  00m00s
DEBUG util.py:459:  [ 97/105] cyrus-sasl-lib-0:2.1.28-27.fc 100% |  63.5 MiB/s | 780.2 KiB |  00m00s
DEBUG util.py:459:  [ 98/105] mpfr-0:4.2.1-5.fc41.aarch64   100% |  45.3 MiB/s | 324.8 KiB |  00m00s
DEBUG util.py:459:  [ 99/105] readline-0:8.2-10.fc41.aarch6 100% |  34.6 MiB/s | 212.6 KiB |  00m00s
DEBUG util.py:459:  [100/105] gdbm-libs-1:1.23-7.fc41.aarch 100% |  13.7 MiB/s |  56.3 KiB |  00m00s
DEBUG util.py:459:  [101/105] libxcrypt-0:4.4.38-7.fc41.aar 100% |  32.1 MiB/s | 131.3 KiB |  00m00s
DEBUG util.py:459:  [102/105] libsemanage-0:3.7-2.fc41.aarc 100% |  27.9 MiB/s | 114.1 KiB |  00m00s
DEBUG util.py:459:  [103/105] shadow-utils-2:4.15.1-12.fc41 100% |  54.7 MiB/s |   1.3 MiB |  00m00s
DEBUG util.py:459:  [104/105] glibc-minimal-langpack-0:2.40 100% |  10.9 MiB/s |  89.7 KiB |  00m00s
DEBUG util.py:459:  [105/105] fedora-release-identity-basic 100% |   2.3 MiB/s |  13.8 KiB |  00m00s
DEBUG util.py:459:  --------------------------------------------------------------------------------
DEBUG util.py:459:  [105/105] Total                         100% | 104.0 MiB/s |  38.6 MiB |  00m00s
DEBUG util.py:459:  Running transaction
DEBUG util.py:459:  [  1/107] Verify package files          100% | 695.0   B/s | 105.0   B |  00m00s
DEBUG util.py:459:  [  2/107] Prepare transaction           100% |   2.4 KiB/s | 105.0   B |  00m00s
DEBUG util.py:459:  [  3/107] Installing libgcc-0:14.2.1-7. 100% |  53.8 MiB/s | 220.5 KiB |  00m00s
DEBUG util.py:459:  [  4/107] Installing fedora-release-ide 100% | 445.3 KiB/s | 912.0   B |  00m00s
DEBUG util.py:459:  [  5/107] Installing fedora-gpg-keys-0: 100% |   8.9 MiB/s | 172.2 KiB |  00m00s
DEBUG util.py:459:  [  6/107] Installing fedora-repos-0:41- 100% |   2.8 MiB/s |   5.7 KiB |  00m00s
DEBUG util.py:459:  [  7/107] Installing fedora-release-com 100% |   5.9 MiB/s |  24.0 KiB |  00m00s
DEBUG util.py:459:  [  8/107] Installing fedora-release-0:4 100% | 121.1 KiB/s | 124.0   B |  00m00s
DEBUG util.py:459:  [  9/107] Installing setup-0:2.15.0-8.f 100% |  39.4 MiB/s | 726.5 KiB |  00m00s
DEBUG util.py:459:  >>> [RPM] /etc/hosts created as /etc/hosts.rpmnew                               
DEBUG util.py:459:  [ 10/107] Installing filesystem-0:3.18- 100% |   1.6 MiB/s | 212.5 KiB |  00m00s
DEBUG util.py:459:  [ 11/107] Installing basesystem-0:11-21 100% | 121.1 KiB/s | 124.0   B |  00m00s
DEBUG util.py:459:  [ 12/107] Installing libssh-config-0:0. 100% | 796.9 KiB/s | 816.0   B |  00m00s
DEBUG util.py:459:  [ 13/107] Installing publicsuffix-list- 100% |  33.8 MiB/s |  69.2 KiB |  00m00s
DEBUG util.py:459:  [ 14/107] Installing coreutils-common-0 100% | 189.7 MiB/s |  11.2 MiB |  00m00s
DEBUG util.py:459:  [ 15/107] Installing pcre2-syntax-0:10. 100% |  62.0 MiB/s | 254.1 KiB |  00m00s
DEBUG util.py:459:  [ 16/107] Installing ncurses-base-0:6.5 100% |  21.5 MiB/s | 351.7 KiB |  00m00s
DEBUG util.py:459:  [ 17/107] Installing ncurses-libs-0:6.5 100% | 204.4 MiB/s |   2.2 MiB |  00m00s
DEBUG util.py:459:  [ 18/107] Installing glibc-0:2.40-25.fc 100% | 155.2 MiB/s |   6.2 MiB |  00m00s
DEBUG util.py:459:  [ 19/107] Installing bash-0:5.2.32-1.fc 100% | 213.1 MiB/s |   8.3 MiB |  00m00s
DEBUG util.py:459:  [ 20/107] Installing glibc-common-0:2.4 100% | 132.0 MiB/s |   1.3 MiB |  00m00s
DEBUG util.py:459:  [ 21/107] Installing glibc-minimal-lang 100% | 121.1 KiB/s | 124.0   B |  00m00s
DEBUG util.py:459:  [ 22/107] Installing zlib-ng-compat-0:2 100% |  65.6 MiB/s | 134.4 KiB |  00m00s
DEBUG util.py:459:  [ 23/107] Installing libstdc++-0:14.2.1 100% | 208.5 MiB/s |   2.7 MiB |  00m00s
DEBUG util.py:459:  [ 24/107] Installing libzstd-0:1.5.7-1. 100% | 143.2 MiB/s | 733.3 KiB |  00m00s
DEBUG util.py:459:  [ 25/107] Installing bzip2-libs-0:1.0.8 100% |  98.6 MiB/s | 201.9 KiB |  00m00s
DEBUG util.py:459:  [ 26/107] Installing xz-libs-1:5.6.2-2. 100% |  87.1 MiB/s | 267.5 KiB |  00m00s
DEBUG util.py:459:  [ 27/107] Installing gmp-1:6.3.0-2.fc41 100% | 141.5 MiB/s | 724.2 KiB |  00m00s
DEBUG util.py:459:  [ 28/107] Installing libxml2-0:2.12.10- 100% | 189.2 MiB/s |   1.9 MiB |  00m00s
DEBUG util.py:459:  [ 29/107] Installing fmt-0:11.0.2-2.fc4 100% |  12.2 MiB/s | 249.2 KiB |  00m00s
DEBUG util.py:459:  [ 30/107] Installing crypto-policies-0: 100% |   9.4 MiB/s | 163.7 KiB |  00m00s
DEBUG util.py:459:  [ 31/107] Installing json-c-0:0.17-4.fc 100% |  66.3 MiB/s | 203.7 KiB |  00m00s
DEBUG util.py:459:  [ 32/107] Installing popt-0:1.19-7.fc41 100% |  39.0 MiB/s | 279.5 KiB |  00m00s
DEBUG util.py:459:  [ 33/107] Installing libffi-0:3.4.6-3.f 100% |  92.4 MiB/s | 283.8 KiB |  00m00s
DEBUG util.py:459:  [ 34/107] Installing pcre2-0:10.44-1.fc 100% | 177.1 MiB/s | 906.9 KiB |  00m00s
DEBUG util.py:459:  [ 35/107] Installing libattr-0:2.5.2-4. 100% |  96.5 MiB/s | 197.5 KiB |  00m00s
DEBUG util.py:459:  [ 36/107] Installing libacl-0:2.3.2-2.f 100% |  96.1 MiB/s | 196.9 KiB |  00m00s
DEBUG util.py:459:  [ 37/107] Installing libtasn1-0:4.20.0- 100% |  72.4 MiB/s | 222.3 KiB |  00m00s
DEBUG util.py:459:  [ 38/107] Installing p11-kit-0:0.25.5-3 100% | 120.3 MiB/s |   2.6 MiB |  00m00s
DEBUG util.py:459:  [ 39/107] Installing libunistring-0:1.1 100% | 201.0 MiB/s |   1.8 MiB |  00m00s
DEBUG util.py:459:  [ 40/107] Installing libidn2-0:2.3.8-1. 100% |  69.2 MiB/s | 566.8 KiB |  00m00s
DEBUG util.py:459:  [ 41/107] Installing elfutils-libelf-0: 100% | 170.0 MiB/s |   1.2 MiB |  00m00s
DEBUG util.py:459:  [ 42/107] Installing sqlite-libs-0:3.46 100% | 163.7 MiB/s |   1.5 MiB |  00m00s
DEBUG util.py:459:  [ 43/107] Installing lua-libs-0:5.4.7-3 100% | 107.5 MiB/s | 330.3 KiB |  00m00s
DEBUG util.py:459:  [ 44/107] Installing libuuid-0:2.40.4-1 100% |  33.7 MiB/s |  69.0 KiB |  00m00s
DEBUG util.py:459:  [ 45/107] Installing libsepol-0:3.7-2.f 100% | 170.9 MiB/s | 874.9 KiB |  00m00s
DEBUG util.py:459:  [ 46/107] Installing libselinux-0:3.7-5 100% |  86.7 MiB/s | 266.3 KiB |  00m00s
DEBUG util.py:459:  [ 47/107] Installing sed-0:4.9-3.fc41.a 100% |  89.6 MiB/s |   1.0 MiB |  00m00s
DEBUG util.py:459:  [ 48/107] Installing libeconf-0:0.6.2-3 100% |  67.6 MiB/s | 207.8 KiB |  00m00s
DEBUG util.py:459:  [ 49/107] Installing libxcrypt-0:4.4.38 100% |  67.2 MiB/s | 275.3 KiB |  00m00s
DEBUG util.py:459:  [ 50/107] Installing findutils-1:4.10.0 100% | 131.7 MiB/s |   2.1 MiB |  00m00s
DEBUG util.py:459:  [ 51/107] Installing libblkid-0:2.40.4- 100% |  93.2 MiB/s | 286.3 KiB |  00m00s
DEBUG util.py:459:  [ 52/107] Installing libmount-0:2.40.4- 100% | 101.1 MiB/s | 414.0 KiB |  00m00s
DEBUG util.py:459:  [ 53/107] Installing libpsl-0:0.21.5-4. 100% |  64.4 MiB/s | 197.7 KiB |  00m00s
DEBUG util.py:459:  [ 54/107] Installing grep-0:3.11-9.fc41 100% |  84.4 MiB/s |   1.1 MiB |  00m00s
DEBUG util.py:459:  [ 55/107] Installing nettle-0:3.10-3.fc 100% | 156.2 MiB/s | 959.8 KiB |  00m00s
DEBUG util.py:459:  [ 56/107] Installing mpfr-0:4.2.1-5.fc4 100% | 160.3 MiB/s | 820.5 KiB |  00m00s
DEBUG util.py:459:  [ 57/107] Installing file-libs-0:5.45-7 100% | 371.3 MiB/s |  10.0 MiB |  00m00s
DEBUG util.py:459:  [ 58/107] Installing elfutils-default-y 100% | 127.7 KiB/s |   2.0 KiB |  00m00s
DEBUG util.py:459:  [ 59/107] Installing elfutils-libs-0:0. 100% | 121.9 MiB/s | 748.8 KiB |  00m00s
DEBUG util.py:459:  [ 60/107] Installing libsmartcols-0:2.4 100% |  72.0 MiB/s | 221.2 KiB |  00m00s
DEBUG util.py:459:  [ 61/107] Installing libgomp-0:14.2.1-7 100% | 120.9 MiB/s | 495.2 KiB |  00m00s
DEBUG util.py:459:  [ 62/107] Installing libyaml-0:0.2.5-16 100% |  44.3 MiB/s | 136.0 KiB |  00m00s
DEBUG util.py:459:  [ 63/107] Installing lz4-libs-0:1.10.0- 100% |  85.5 MiB/s | 262.7 KiB |  00m00s
DEBUG util.py:459:  [ 64/107] Installing alternatives-0:1.3 100% |  29.4 MiB/s |  90.3 KiB |  00m00s
DEBUG util.py:459:  [ 65/107] Installing p11-kit-trust-0:0. 100% |  33.8 MiB/s | 657.4 KiB |  00m00s
DEBUG util.py:459:  [ 66/107] Installing gnutls-0:3.8.9-2.f 100% | 177.9 MiB/s |   3.6 MiB |  00m00s
DEBUG util.py:459:  [ 67/107] Installing glib2-0:2.82.5-1.f 100% | 204.5 MiB/s |  15.3 MiB |  00m00s
DEBUG util.py:459:  [ 68/107] Installing libcap-ng-0:0.8.5- 100% | 136.4 MiB/s | 419.1 KiB |  00m00s
DEBUG util.py:459:  [ 69/107] Installing audit-libs-0:4.0.3 100% | 101.9 MiB/s | 417.3 KiB |  00m00s
DEBUG util.py:459:  [ 70/107] Installing pam-libs-0:1.6.1-7 100% |  55.1 MiB/s | 225.6 KiB |  00m00s
DEBUG util.py:459:  [ 71/107] Installing libcap-0:2.70-4.fc 100% | 172.0 MiB/s |   1.4 MiB |  00m00s
DEBUG util.py:459:  [ 72/107] Installing openssl-libs-1:3.2 100% | 220.6 MiB/s |   6.4 MiB |  00m00s
DEBUG util.py:459:  [ 73/107] Installing coreutils-0:9.5-11 100% | 130.9 MiB/s |   8.0 MiB |  00m00s
DEBUG util.py:459:  [ 74/107] Installing ca-certificates-0: 100% |   1.8 MiB/s |   2.4 MiB |  00m01s
DEBUG util.py:459:  [ 75/107] Installing zchunk-libs-0:1.5. 100% |  66.0 MiB/s | 202.6 KiB |  00m00s
DEBUG util.py:459:  [ 76/107] Installing systemd-libs-0:256 100% | 169.9 MiB/s |   2.2 MiB |  00m00s
DEBUG util.py:459:  [ 77/107] Installing sdbus-cpp-0:1.5.0- 100% |  89.7 MiB/s | 367.4 KiB |  00m00s
DEBUG util.py:459:  [ 78/107] Installing rpm-sequoia-0:1.7. 100% | 208.9 MiB/s |   2.3 MiB |  00m00s
DEBUG util.py:459:  [ 79/107] Installing rpm-libs-0:4.20.1- 100% | 143.7 MiB/s | 735.5 KiB |  00m00s
DEBUG util.py:459:  [ 80/107] Installing rpm-build-libs-0:4 100% |  65.0 MiB/s | 199.6 KiB |  00m00s
DEBUG util.py:459:  [ 81/107] Installing libmodulemd-0:2.15 100% | 159.9 MiB/s | 982.3 KiB |  00m00s
DEBUG util.py:459:  [ 82/107] Installing libsolv-0:0.7.32-4 100% | 140.1 MiB/s |   1.0 MiB |  00m00s
DEBUG util.py:459:  [ 83/107] Installing libarchive-0:3.7.4 100% | 148.5 MiB/s | 912.6 KiB |  00m00s
DEBUG util.py:459:  [ 84/107] Installing libevent-0:2.1.12- 100% | 217.6 MiB/s |   1.5 MiB |  00m00s
DEBUG util.py:459:  [ 85/107] Installing libsemanage-0:3.7- 100% |  71.0 MiB/s | 363.3 KiB |  00m00s
DEBUG util.py:459:  [ 86/107] Installing shadow-utils-2:4.1 100% |  79.8 MiB/s |   4.6 MiB |  00m00s
DEBUG util.py:459:  [ 87/107] Installing libbrotli-0:1.1.0- 100% | 163.0 MiB/s |   1.1 MiB |  00m00s
DEBUG util.py:459:  [ 88/107] Installing libnghttp2-0:1.62. 100% |  64.9 MiB/s | 199.3 KiB |  00m00s
DEBUG util.py:459:  [ 89/107] Installing keyutils-libs-0:1. 100% |  74.2 MiB/s | 227.9 KiB |  00m00s
DEBUG util.py:459:  [ 90/107] Installing libcom_err-0:1.47. 100% |  54.9 MiB/s | 112.4 KiB |  00m00s
DEBUG util.py:459:  [ 91/107] Installing libverto-0:0.3.2-9 100% |  64.9 MiB/s | 199.3 KiB |  00m00s
DEBUG util.py:459:  [ 92/107] Installing libtool-ltdl-0:2.4 100% |  72.7 MiB/s | 223.4 KiB |  00m00s
DEBUG util.py:459:  [ 93/107] Installing readline-0:8.2-10. 100% | 147.6 MiB/s | 755.5 KiB |  00m00s
DEBUG util.py:459:  [ 94/107] Installing gawk-0:5.3.0-4.fc4 100% | 203.0 MiB/s |   4.3 MiB |  00m00s
DEBUG util.py:459:  [ 95/107] Installing krb5-libs-0:1.21.3 100% | 152.7 MiB/s |   2.6 MiB |  00m00s
DEBUG util.py:459:  [ 96/107] Installing libssh-0:0.10.6-8. 100% | 113.9 MiB/s | 583.4 KiB |  00m00s
DEBUG util.py:459:  [ 97/107] Installing gdbm-libs-1:1.23-7 100% | 139.2 MiB/s | 427.7 KiB |  00m00s
DEBUG util.py:459:  [ 98/107] Installing cyrus-sasl-lib-0:2 100% | 207.1 MiB/s |   3.1 MiB |  00m00s
DEBUG util.py:459:  [ 99/107] Installing openldap-0:2.6.9-1 100% | 106.7 MiB/s | 765.1 KiB |  00m00s
DEBUG util.py:459:  [100/107] Installing libcurl-0:8.9.1-3. 100% | 152.8 MiB/s | 782.2 KiB |  00m00s
DEBUG util.py:459:  [101/107] Installing librepo-0:1.19.0-1 100% |  71.7 MiB/s | 293.5 KiB |  00m00s
DEBUG util.py:459:  [102/107] Installing libdnf5-0:5.2.12.0 100% | 174.0 MiB/s |   3.3 MiB |  00m00s
DEBUG util.py:459:  >>> [RPM] /etc/dnf/dnf.conf created as /etc/dnf/dnf.conf.rpmnew                 
DEBUG util.py:459:  [103/107] Installing libdnf5-cli-0:5.2. 100% | 106.0 MiB/s | 868.6 KiB |  00m00s
DEBUG util.py:459:  [104/107] Installing dnf5-0:5.2.12.0-2. 100% |  55.7 MiB/s |   2.1 MiB |  00m00s
DEBUG util.py:459:  [105/107] Installing curl-0:8.9.1-3.fc4 100% |  29.9 MiB/s | 795.9 KiB |  00m00s
DEBUG util.py:459:  [106/107] Installing rpm-0:4.20.1-1.fc4 100% |  70.3 MiB/s |   2.7 MiB |  00m00s
DEBUG util.py:459:  [107/107] Installing dnf5-plugins-0:5.2 100% | 519.8 KiB/s |   1.4 MiB |  00m03s
DEBUG util.py:459:  Warning: skipped OpenPGP checks for 105 packages from repository: build
DEBUG util.py:459:  Complete!
DEBUG util.py:608:  Child return code was: 0
DEBUG util.py:183:  kill orphans in chroot /var/lib/mock/f41-build-59362116-6573023-bootstrap/root
DEBUG util.py:634:  child environment: None
DEBUG util.py:556:  Executing command: ['/bin/umount', '-n', '-l', '/var/lib/mock/f41-build-59362116-6573023-bootstrap/root/sys/fs/selinux'] with env {'TERM': 'vt100', 'SHELL': '/bin/sh', 'HOME': '/builddir', 'HOSTNAME': 'mock', 'PATH': '/usr/bin:/bin:/usr/sbin:/sbin', 'LANG': 'C.UTF-8'} and shell False
DEBUG util.py:608:  Child return code was: 0
DEBUG util.py:634:  child environment: None
DEBUG util.py:556:  Executing command: ['/bin/umount', '-n', '/var/lib/mock/f41-build-59362116-6573023-bootstrap/root/proc/filesystems'] with env {'TERM': 'vt100', 'SHELL': '/bin/sh', 'HOME': '/builddir', 'HOSTNAME': 'mock', 'PATH': '/usr/bin:/bin:/usr/sbin:/sbin', 'LANG': 'C.UTF-8'} and shell False
DEBUG util.py:608:  Child return code was: 0
DEBUG util.py:634:  child environment: None
DEBUG util.py:556:  Executing command: ['/bin/umount', '-n', '-l', '/var/lib/mock/f41-build-59362116-6573023-bootstrap/root/dev/pts'] with env {'TERM': 'vt100', 'SHELL': '/bin/sh', 'HOME': '/builddir', 'HOSTNAME': 'mock', 'PATH': '/usr/bin:/bin:/usr/sbin:/sbin', 'LANG': 'C.UTF-8'} and shell False
DEBUG util.py:608:  Child return code was: 0
DEBUG util.py:634:  child environment: None
DEBUG util.py:556:  Executing command: ['/bin/umount', '-n', '-l', '/var/lib/mock/f41-build-59362116-6573023-bootstrap/root/dev/shm'] with env {'TERM': 'vt100', 'SHELL': '/bin/sh', 'HOME': '/builddir', 'HOSTNAME': 'mock', 'PATH': '/usr/bin:/bin:/usr/sbin:/sbin', 'LANG': 'C.UTF-8'} and shell False
DEBUG util.py:608:  Child return code was: 0
DEBUG util.py:634:  child environment: None
DEBUG util.py:556:  Executing command: ['/bin/umount', '-n', '-l', '/var/lib/mock/f41-build-59362116-6573023-bootstrap/root/sys'] with env {'TERM': 'vt100', 'SHELL': '/bin/sh', 'HOME': '/builddir', 'HOSTNAME': 'mock', 'PATH': '/usr/bin:/bin:/usr/sbin:/sbin', 'LANG': 'C.UTF-8'} and shell False
DEBUG util.py:608:  Child return code was: 0
DEBUG util.py:634:  child environment: None
DEBUG util.py:556:  Executing command: ['/bin/umount', '-n', '-l', '/var/lib/mock/f41-build-59362116-6573023-bootstrap/root/sys'] with env {'TERM': 'vt100', 'SHELL': '/bin/sh', 'HOME': '/builddir', 'HOSTNAME': 'mock', 'PATH': '/usr/bin:/bin:/usr/sbin:/sbin', 'LANG': 'C.UTF-8'} and shell False
DEBUG util.py:608:  Child return code was: 0
DEBUG util.py:634:  child environment: None
DEBUG util.py:556:  Executing command: ['/bin/umount', '-n', '-l', '/var/lib/mock/f41-build-59362116-6573023-bootstrap/root/proc'] with env {'TERM': 'vt100', 'SHELL': '/bin/sh', 'HOME': '/builddir', 'HOSTNAME': 'mock', 'PATH': '/usr/bin:/bin:/usr/sbin:/sbin', 'LANG': 'C.UTF-8'} and shell False
DEBUG util.py:608:  Child return code was: 0
DEBUG util.py:634:  child environment: None
DEBUG util.py:556:  Executing command: ['/bin/umount', '-n', '-l', '/var/lib/mock/f41-build-59362116-6573023-bootstrap/root/proc'] with env {'TERM': 'vt100', 'SHELL': '/bin/sh', 'HOME': '/builddir', 'HOSTNAME': 'mock', 'PATH': '/usr/bin:/bin:/usr/sbin:/sbin', 'LANG': 'C.UTF-8'} and shell False
DEBUG util.py:608:  Child return code was: 0
DEBUG file_util.py:30:  touching file: /var/lib/mock/f41-build-59362116-6573023-bootstrap/root/etc/os-release
DEBUG buildroot.py:38:  method _setup_build_dirs skipped in bootstrap
DEBUG buildroot.py:38:  method _make_users skipped in bootstrap
DEBUG file_util.py:30:  touching file: /var/lib/mock/f41-build-59362116-6573023-bootstrap/root/.initialized
DEBUG file_util.py:18:  ensuring that dir exists: /var/lib/mock/f41-build-59362116-6573023
DEBUG file_util.py:18:  ensuring that dir exists: /var/lib/mock/f41-build-59362116-6573023/root
DEBUG file_util.py:18:  ensuring that dir exists: /var/lib/mock/f41-build-59362116-6573023/result
INFO buildroot.py:318:  calling preinit hooks
DEBUG util.py:634:  child environment: None
DEBUG util.py:556:  Executing command: ['/usr/bin/lscpu'] with env {'TERM': 'vt100', 'SHELL': '/bin/sh', 'HOME': '/builddir', 'HOSTNAME': 'mock', 'PATH': '/usr/bin:/bin:/usr/sbin:/sbin', 'LANG': 'C.UTF-8'} and shell False
DEBUG util.py:461:  Architecture:                         aarch64
DEBUG util.py:461:  CPU op-mode(s):                       32-bit, 64-bit
DEBUG util.py:461:  Byte Order:                           Little Endian
DEBUG util.py:461:  CPU(s):                               80
DEBUG util.py:461:  On-line CPU(s) list:                  0-79
DEBUG util.py:461:  Vendor ID:                            ARM
DEBUG util.py:461:  Model name:                           Neoverse-N1
DEBUG util.py:461:  Model:                                1
DEBUG util.py:461:  Thread(s) per core:                   1
DEBUG util.py:461:  Core(s) per socket:                   80
DEBUG util.py:461:  Socket(s):                            1
DEBUG util.py:461:  Stepping:                             r3p1
DEBUG util.py:461:  Frequency boost:                      disabled
DEBUG util.py:461:  CPU(s) scaling MHz:                   35%
DEBUG util.py:461:  CPU max MHz:                          3000.0000
DEBUG util.py:461:  CPU min MHz:                          1000.0000
DEBUG util.py:461:  BogoMIPS:                             50.00
DEBUG util.py:461:  Flags:                                fp asimd evtstrm aes pmull sha1 sha2 crc32 atomics fphp asimdhp cpuid asimdrdm lrcpc dcpop asimddp
DEBUG util.py:461:  L1d cache:                            5 MiB (80 instances)
DEBUG util.py:461:  L1i cache:                            5 MiB (80 instances)
DEBUG util.py:461:  L2 cache:                             80 MiB (80 instances)
DEBUG util.py:461:  NUMA node(s):                         1
DEBUG util.py:461:  NUMA node0 CPU(s):                    0-79
DEBUG util.py:461:  Vulnerability Gather data sampling:   Not affected
DEBUG util.py:461:  Vulnerability Itlb multihit:          Not affected
DEBUG util.py:461:  Vulnerability L1tf:                   Not affected
DEBUG util.py:461:  Vulnerability Mds:                    Not affected
DEBUG util.py:461:  Vulnerability Meltdown:               Not affected
DEBUG util.py:461:  Vulnerability Mmio stale data:        Not affected
DEBUG util.py:461:  Vulnerability Reg file data sampling: Not affected
DEBUG util.py:461:  Vulnerability Retbleed:               Not affected
DEBUG util.py:461:  Vulnerability Spec rstack overflow:   Not affected
DEBUG util.py:461:  Vulnerability Spec store bypass:      Mitigation; Speculative Store Bypass disabled via prctl
DEBUG util.py:461:  Vulnerability Spectre v1:             Mitigation; __user pointer sanitization
DEBUG util.py:461:  Vulnerability Spectre v2:             Mitigation; CSV2, BHB
DEBUG util.py:461:  Vulnerability Srbds:                  Not affected
DEBUG util.py:461:  Vulnerability Tsx async abort:        Not affected
DEBUG util.py:608:  Child return code was: 0
DEBUG util.py:634:  child environment: None
DEBUG util.py:556:  Executing command: ['/bin/free'] with env {'TERM': 'vt100', 'SHELL': '/bin/sh', 'HOME': '/builddir', 'HOSTNAME': 'mock', 'PATH': '/usr/bin:/bin:/usr/sbin:/sbin', 'LANG': 'C.UTF-8'} and shell False
DEBUG util.py:461:                 total        used        free      shared  buff/cache   available
DEBUG util.py:461:  Mem:       394770884     7243848   367728188        5212    23541128   387527036
DEBUG util.py:461:  Swap:        8388604       63948     8324656
DEBUG util.py:608:  Child return code was: 0
DEBUG util.py:634:  child environment: None
DEBUG util.py:556:  Executing command: ['/bin/df', '-H', '-T', '/var/lib/mock/f41-build-59362116-6573023/root', '/var/cache/mock'] with env {'TERM': 'vt100', 'SHELL': '/bin/sh', 'HOME': '/builddir', 'HOSTNAME': 'mock', 'PATH': '/usr/bin:/bin:/usr/sbin:/sbin', 'LANG': 'C.UTF-8'} and shell False
DEBUG util.py:461:  Filesystem                                            Type   Size  Used Avail Use% Mounted on
DEBUG util.py:461:  /dev/mapper/luks-bd42170b-24cb-4858-b03a-4b579709d1a5 btrfs  2.9T   20G  2.9T   1% /
DEBUG util.py:461:  /dev/mapper/luks-bd42170b-24cb-4858-b03a-4b579709d1a5 btrfs  2.9T   20G  2.9T   1% /
DEBUG util.py:608:  Child return code was: 0
DEBUG buildroot.py:723:  create skeleton dirs
DEBUG file_util.py:18:  ensuring that dir exists: /var/lib/mock/f41-build-59362116-6573023/root/var/lib/rpm
DEBUG file_util.py:21:  created dir: /var/lib/mock/f41-build-59362116-6573023/root/var/lib/rpm
DEBUG file_util.py:18:  ensuring that dir exists: /var/lib/mock/f41-build-59362116-6573023/root/var/lib/yum
DEBUG file_util.py:21:  created dir: /var/lib/mock/f41-build-59362116-6573023/root/var/lib/yum
DEBUG file_util.py:18:  ensuring that dir exists: /var/lib/mock/f41-build-59362116-6573023/root/var/lib/dbus
DEBUG file_util.py:21:  created dir: /var/lib/mock/f41-build-59362116-6573023/root/var/lib/dbus
DEBUG file_util.py:18:  ensuring that dir exists: /var/lib/mock/f41-build-59362116-6573023/root/var/log
DEBUG file_util.py:21:  created dir: /var/lib/mock/f41-build-59362116-6573023/root/var/log
DEBUG file_util.py:18:  ensuring that dir exists: /var/lib/mock/f41-build-59362116-6573023/root/var/cache/dnf
DEBUG file_util.py:21:  created dir: /var/lib/mock/f41-build-59362116-6573023/root/var/cache/dnf
DEBUG file_util.py:18:  ensuring that dir exists: /var/lib/mock/f41-build-59362116-6573023/root/var/cache/yum
DEBUG file_util.py:21:  created dir: /var/lib/mock/f41-build-59362116-6573023/root/var/cache/yum
DEBUG file_util.py:18:  ensuring that dir exists: /var/lib/mock/f41-build-59362116-6573023/root/etc/rpm
DEBUG file_util.py:21:  created dir: /var/lib/mock/f41-build-59362116-6573023/root/etc/rpm
DEBUG file_util.py:18:  ensuring that dir exists: /var/lib/mock/f41-build-59362116-6573023/root/tmp
DEBUG file_util.py:21:  created dir: /var/lib/mock/f41-build-59362116-6573023/root/tmp
DEBUG file_util.py:18:  ensuring that dir exists: /var/lib/mock/f41-build-59362116-6573023/root/tmp/ccache
DEBUG file_util.py:21:  created dir: /var/lib/mock/f41-build-59362116-6573023/root/tmp/ccache
DEBUG file_util.py:18:  ensuring that dir exists: /var/lib/mock/f41-build-59362116-6573023/root/var/tmp
DEBUG file_util.py:21:  created dir: /var/lib/mock/f41-build-59362116-6573023/root/var/tmp
DEBUG file_util.py:18:  ensuring that dir exists: /var/lib/mock/f41-build-59362116-6573023/root/etc/dnf
DEBUG file_util.py:21:  created dir: /var/lib/mock/f41-build-59362116-6573023/root/etc/dnf
DEBUG file_util.py:18:  ensuring that dir exists: /var/lib/mock/f41-build-59362116-6573023/root/etc/dnf/vars
DEBUG file_util.py:21:  created dir: /var/lib/mock/f41-build-59362116-6573023/root/etc/dnf/vars
DEBUG file_util.py:18:  ensuring that dir exists: /var/lib/mock/f41-build-59362116-6573023/root/etc/yum.repos.d
DEBUG file_util.py:21:  created dir: /var/lib/mock/f41-build-59362116-6573023/root/etc/yum.repos.d
DEBUG file_util.py:18:  ensuring that dir exists: /var/lib/mock/f41-build-59362116-6573023/root/etc/yum
DEBUG file_util.py:21:  created dir: /var/lib/mock/f41-build-59362116-6573023/root/etc/yum
DEBUG file_util.py:18:  ensuring that dir exists: /var/lib/mock/f41-build-59362116-6573023/root/proc
DEBUG file_util.py:21:  created dir: /var/lib/mock/f41-build-59362116-6573023/root/proc
DEBUG file_util.py:18:  ensuring that dir exists: /var/lib/mock/f41-build-59362116-6573023/root/sys
DEBUG file_util.py:21:  created dir: /var/lib/mock/f41-build-59362116-6573023/root/sys
DEBUG file_util.py:18:  ensuring that dir exists: /var/lib/mock/f41-build-59362116-6573023/root/dev/pts
DEBUG file_util.py:21:  created dir: /var/lib/mock/f41-build-59362116-6573023/root/dev/pts
DEBUG file_util.py:18:  ensuring that dir exists: /var/lib/mock/f41-build-59362116-6573023/root/dev/shm
DEBUG file_util.py:21:  created dir: /var/lib/mock/f41-build-59362116-6573023/root/dev/shm
DEBUG file_util.py:18:  ensuring that dir exists: /var/lib/mock/f41-build-59362116-6573023/root/dev/mapper
DEBUG file_util.py:21:  created dir: /var/lib/mock/f41-build-59362116-6573023/root/dev/mapper
DEBUG buildroot.py:867:  kernel version == 6.13.8-200.fc41.aarch64
DEBUG file_util.py:30:  touching file: /var/lib/mock/f41-build-59362116-6573023/root/etc/fstab
DEBUG file_util.py:30:  touching file: /var/lib/mock/f41-build-59362116-6573023/root/etc/yum/yum.conf
DEBUG file_util.py:30:  touching file: /var/lib/mock/f41-build-59362116-6573023/root/etc/dnf/dnf.conf
DEBUG file_util.py:30:  touching file: /var/lib/mock/f41-build-59362116-6573023/root/var/log/yum.log
DEBUG buildroot.py:332:  rootdir = /var/lib/mock/f41-build-59362116-6573023/root
DEBUG buildroot.py:333:  resultdir = /var/lib/mock/f41-build-59362116-6573023/result
INFO buildroot.py:181:  Package manager dnf5 detected and used (direct choice)
DEBUG file_util.py:18:  ensuring that dir exists: /var/lib/mock/f41-build-59362116-6573023/root/etc/pki/mock
DEBUG file_util.py:21:  created dir: /var/lib/mock/f41-build-59362116-6573023/root/etc/pki/mock
DEBUG file_util.py:158:  Updating files in /var/lib/mock/f41-build-59362116-6573023/root/etc/pki/ca-trust with files from /etc/pki/ca-trust
DEBUG file_util.py:18:  ensuring that dir exists: /var/lib/mock/f41-build-59362116-6573023/root/etc/pki/ca-trust
DEBUG file_util.py:21:  created dir: /var/lib/mock/f41-build-59362116-6573023/root/etc/pki/ca-trust
DEBUG file_util.py:18:  ensuring that dir exists: /var/lib/mock/f41-build-59362116-6573023/root/etc/pki/ca-trust/./extracted
DEBUG file_util.py:21:  created dir: /var/lib/mock/f41-build-59362116-6573023/root/etc/pki/ca-trust/./extracted
DEBUG file_util.py:18:  ensuring that dir exists: /var/lib/mock/f41-build-59362116-6573023/root/etc/pki/ca-trust/./source
DEBUG file_util.py:21:  created dir: /var/lib/mock/f41-build-59362116-6573023/root/etc/pki/ca-trust/./source
DEBUG file_util.py:18:  ensuring that dir exists: /var/lib/mock/f41-build-59362116-6573023/root/etc/pki/ca-trust/extracted/edk2
DEBUG file_util.py:21:  created dir: /var/lib/mock/f41-build-59362116-6573023/root/etc/pki/ca-trust/extracted/edk2
DEBUG file_util.py:18:  ensuring that dir exists: /var/lib/mock/f41-build-59362116-6573023/root/etc/pki/ca-trust/extracted/java
DEBUG file_util.py:21:  created dir: /var/lib/mock/f41-build-59362116-6573023/root/etc/pki/ca-trust/extracted/java
DEBUG file_util.py:18:  ensuring that dir exists: /var/lib/mock/f41-build-59362116-6573023/root/etc/pki/ca-trust/extracted/openssl
DEBUG file_util.py:21:  created dir: /var/lib/mock/f41-build-59362116-6573023/root/etc/pki/ca-trust/extracted/openssl
DEBUG file_util.py:18:  ensuring that dir exists: /var/lib/mock/f41-build-59362116-6573023/root/etc/pki/ca-trust/extracted/pem
DEBUG file_util.py:21:  created dir: /var/lib/mock/f41-build-59362116-6573023/root/etc/pki/ca-trust/extracted/pem
DEBUG file_util.py:18:  ensuring that dir exists: /var/lib/mock/f41-build-59362116-6573023/root/etc/pki/ca-trust/extracted/pem/directory-hash
DEBUG file_util.py:21:  created dir: /var/lib/mock/f41-build-59362116-6573023/root/etc/pki/ca-trust/extracted/pem/directory-hash
DEBUG file_util.py:18:  ensuring that dir exists: /var/lib/mock/f41-build-59362116-6573023/root/etc/pki/ca-trust/source/anchors
DEBUG file_util.py:21:  created dir: /var/lib/mock/f41-build-59362116-6573023/root/etc/pki/ca-trust/source/anchors
DEBUG file_util.py:18:  ensuring that dir exists: /var/lib/mock/f41-build-59362116-6573023/root/etc/pki/ca-trust/source/blocklist
DEBUG file_util.py:21:  created dir: /var/lib/mock/f41-build-59362116-6573023/root/etc/pki/ca-trust/source/blocklist
DEBUG file_util.py:158:  Updating files in /var/lib/mock/f41-build-59362116-6573023/root/usr/share/pki/ca-trust-source with files from /usr/share/pki/ca-trust-source
DEBUG file_util.py:18:  ensuring that dir exists: /var/lib/mock/f41-build-59362116-6573023/root/usr/share/pki/ca-trust-source
DEBUG file_util.py:21:  created dir: /var/lib/mock/f41-build-59362116-6573023/root/usr/share/pki/ca-trust-source
DEBUG file_util.py:18:  ensuring that dir exists: /var/lib/mock/f41-build-59362116-6573023/root/usr/share/pki/ca-trust-source/./anchors
DEBUG file_util.py:21:  created dir: /var/lib/mock/f41-build-59362116-6573023/root/usr/share/pki/ca-trust-source/./anchors
DEBUG file_util.py:18:  ensuring that dir exists: /var/lib/mock/f41-build-59362116-6573023/root/usr/share/pki/ca-trust-source/./blocklist
DEBUG file_util.py:21:  created dir: /var/lib/mock/f41-build-59362116-6573023/root/usr/share/pki/ca-trust-source/./blocklist
DEBUG file_util.py:18:  ensuring that dir exists: /var/lib/mock/f41-build-59362116-6573023/root/etc/dnf
DEBUG package_manager.py:689:  configure DNF vars
DEBUG file_util.py:18:  ensuring that dir exists: /var/lib/mock/f41-build-59362116-6573023/root/etc
DEBUG file_util.py:18:  ensuring that dir exists: /var/lib/mock/f41-build-59362116-6573023/root/proc
DEBUG util.py:634:  child environment: None
DEBUG util.py:556:  Executing command: ['/bin/mount', '-n', '-t', 'tmpfs', '-o', 'rprivate,mode=0755', 'tmpfs', '/var/lib/mock/f41-build-59362116-6573023/root/proc'] with env {'TERM': 'vt100', 'SHELL': '/bin/sh', 'HOME': '/builddir', 'HOSTNAME': 'mock', 'PATH': '/usr/bin:/bin:/usr/sbin:/sbin', 'LANG': 'C.UTF-8'} and shell False
DEBUG util.py:608:  Child return code was: 0
DEBUG file_util.py:18:  ensuring that dir exists: /var/lib/mock/f41-build-59362116-6573023/root/proc
DEBUG util.py:634:  child environment: None
DEBUG util.py:556:  Executing command: ['/bin/mount', '-n', '-o', 'rbind', '/proc', '/var/lib/mock/f41-build-59362116-6573023/root/proc'] with env {'TERM': 'vt100', 'SHELL': '/bin/sh', 'HOME': '/builddir', 'HOSTNAME': 'mock', 'PATH': '/usr/bin:/bin:/usr/sbin:/sbin', 'LANG': 'C.UTF-8'} and shell False
DEBUG util.py:608:  Child return code was: 0
DEBUG util.py:634:  child environment: None
DEBUG util.py:556:  Executing command: ['/bin/mount', '-n', '-o', 'remount,nodev,noexec,nosuid,readonly,rprivate,rbind', '--target', '/var/lib/mock/f41-build-59362116-6573023/root/proc'] with env {'TERM': 'vt100', 'SHELL': '/bin/sh', 'HOME': '/builddir', 'HOSTNAME': 'mock', 'PATH': '/usr/bin:/bin:/usr/sbin:/sbin', 'LANG': 'C.UTF-8'} and shell False
DEBUG util.py:608:  Child return code was: 0
DEBUG file_util.py:18:  ensuring that dir exists: /var/lib/mock/f41-build-59362116-6573023/root/sys
DEBUG util.py:634:  child environment: None
DEBUG util.py:556:  Executing command: ['/bin/mount', '-n', '-t', 'tmpfs', '-o', 'rprivate,mode=0755', 'tmpfs', '/var/lib/mock/f41-build-59362116-6573023/root/sys'] with env {'TERM': 'vt100', 'SHELL': '/bin/sh', 'HOME': '/builddir', 'HOSTNAME': 'mock', 'PATH': '/usr/bin:/bin:/usr/sbin:/sbin', 'LANG': 'C.UTF-8'} and shell False
DEBUG util.py:608:  Child return code was: 0
DEBUG file_util.py:18:  ensuring that dir exists: /var/lib/mock/f41-build-59362116-6573023/root/sys
DEBUG util.py:634:  child environment: None
DEBUG util.py:556:  Executing command: ['/bin/mount', '-n', '-o', 'rbind', '/sys', '/var/lib/mock/f41-build-59362116-6573023/root/sys'] with env {'TERM': 'vt100', 'SHELL': '/bin/sh', 'HOME': '/builddir', 'HOSTNAME': 'mock', 'PATH': '/usr/bin:/bin:/usr/sbin:/sbin', 'LANG': 'C.UTF-8'} and shell False
DEBUG util.py:608:  Child return code was: 0
DEBUG util.py:634:  child environment: None
DEBUG util.py:556:  Executing command: ['/bin/mount', '-n', '-o', 'remount,nodev,noexec,nosuid,readonly,rprivate,rbind', '--target', '/var/lib/mock/f41-build-59362116-6573023/root/sys'] with env {'TERM': 'vt100', 'SHELL': '/bin/sh', 'HOME': '/builddir', 'HOSTNAME': 'mock', 'PATH': '/usr/bin:/bin:/usr/sbin:/sbin', 'LANG': 'C.UTF-8'} and shell False
DEBUG util.py:608:  Child return code was: 0
DEBUG file_util.py:18:  ensuring that dir exists: /var/lib/mock/f41-build-59362116-6573023/root/dev/shm
DEBUG util.py:634:  child environment: None
DEBUG util.py:556:  Executing command: ['/bin/mount', '-n', '-t', 'tmpfs', 'tmpfs', '/var/lib/mock/f41-build-59362116-6573023/root/dev/shm'] with env {'TERM': 'vt100', 'SHELL': '/bin/sh', 'HOME': '/builddir', 'HOSTNAME': 'mock', 'PATH': '/usr/bin:/bin:/usr/sbin:/sbin', 'LANG': 'C.UTF-8'} and shell False
DEBUG util.py:608:  Child return code was: 0
DEBUG file_util.py:18:  ensuring that dir exists: /var/lib/mock/f41-build-59362116-6573023/root/dev/pts
DEBUG util.py:634:  child environment: None
DEBUG util.py:556:  Executing command: ['/bin/mount', '-n', '-t', 'devpts', '-o', 'gid=5,mode=0620,ptmxmode=0666,newinstance', 'devpts', '/var/lib/mock/f41-build-59362116-6573023/root/dev/pts'] with env {'TERM': 'vt100', 'SHELL': '/bin/sh', 'HOME': '/builddir', 'HOSTNAME': 'mock', 'PATH': '/usr/bin:/bin:/usr/sbin:/sbin', 'LANG': 'C.UTF-8'} and shell False
DEBUG util.py:608:  Child return code was: 0
DEBUG util.py:634:  child environment: None
DEBUG util.py:556:  Executing command: ['/bin/mount', '-n', '-o', 'bind', '/tmp/mock-selinux-plugin.4e8e2t0g', '/var/lib/mock/f41-build-59362116-6573023/root/proc/filesystems'] with env {'TERM': 'vt100', 'SHELL': '/bin/sh', 'HOME': '/builddir', 'HOSTNAME': 'mock', 'PATH': '/usr/bin:/bin:/usr/sbin:/sbin', 'LANG': 'C.UTF-8'} and shell False
DEBUG util.py:608:  Child return code was: 0
DEBUG file_util.py:18:  ensuring that dir exists: /var/lib/mock/f41-build-59362116-6573023/root/sys/fs/selinux
DEBUG util.py:634:  child environment: None
DEBUG util.py:556:  Executing command: ['/bin/mount', '-n', '-t', 'tmpfs', 'tmpfs', '/var/lib/mock/f41-build-59362116-6573023/root/sys/fs/selinux'] with env {'TERM': 'vt100', 'SHELL': '/bin/sh', 'HOME': '/builddir', 'HOSTNAME': 'mock', 'PATH': '/usr/bin:/bin:/usr/sbin:/sbin', 'LANG': 'C.UTF-8'} and shell False
DEBUG util.py:608:  Child return code was: 0
DEBUG file_util.py:18:  ensuring that dir exists: /var/lib/mock/f41-build-59362116-6573023-bootstrap/root/var/lib/mock/f41-build-59362116-6573023/root
DEBUG file_util.py:21:  created dir: /var/lib/mock/f41-build-59362116-6573023-bootstrap/root/var/lib/mock/f41-build-59362116-6573023/root
DEBUG util.py:634:  child environment: None
DEBUG util.py:556:  Executing command: ['/bin/mount', '-n', '-t', 'tmpfs', '-o', 'private,mode=0755', 'tmpfs', '/var/lib/mock/f41-build-59362116-6573023-bootstrap/root/var/lib/mock/f41-build-59362116-6573023/root'] with env {'TERM': 'vt100', 'SHELL': '/bin/sh', 'HOME': '/builddir', 'HOSTNAME': 'mock', 'PATH': '/usr/bin:/bin:/usr/sbin:/sbin', 'LANG': 'C.UTF-8'} and shell False
DEBUG util.py:608:  Child return code was: 0
DEBUG file_util.py:18:  ensuring that dir exists: /var/lib/mock/f41-build-59362116-6573023-bootstrap/root/var/lib/mock/f41-build-59362116-6573023/root
DEBUG util.py:634:  child environment: None
DEBUG util.py:556:  Executing command: ['/bin/mount', '-n', '-o', 'rbind', '/var/lib/mock/f41-build-59362116-6573023/root', '/var/lib/mock/f41-build-59362116-6573023-bootstrap/root/var/lib/mock/f41-build-59362116-6573023/root'] with env {'TERM': 'vt100', 'SHELL': '/bin/sh', 'HOME': '/builddir', 'HOSTNAME': 'mock', 'PATH': '/usr/bin:/bin:/usr/sbin:/sbin', 'LANG': 'C.UTF-8'} and shell False
DEBUG util.py:608:  Child return code was: 0
DEBUG util.py:634:  child environment: None
DEBUG util.py:556:  Executing command: ['/bin/mount', '-n', '-o', 'remount,private,rbind', '--target', '/var/lib/mock/f41-build-59362116-6573023-bootstrap/root/var/lib/mock/f41-build-59362116-6573023/root'] with env {'TERM': 'vt100', 'SHELL': '/bin/sh', 'HOME': '/builddir', 'HOSTNAME': 'mock', 'PATH': '/usr/bin:/bin:/usr/sbin:/sbin', 'LANG': 'C.UTF-8'} and shell False
DEBUG util.py:608:  Child return code was: 0
DEBUG file_util.py:18:  ensuring that dir exists: /var/lib/mock/f41-build-59362116-6573023/root/installation-homedir
DEBUG file_util.py:21:  created dir: /var/lib/mock/f41-build-59362116-6573023/root/installation-homedir
DEBUG package_manager.py:295:  ['/usr/bin/dnf5', '--installroot', '/var/lib/mock/f41-build-59362116-6573023/root/', 'install', '@build', '--setopt=deltarpm=False', '--setopt=allow_vendor_change=yes', '--allowerasing']
DEBUG util.py:634:  child environment: None
DEBUG util.py:551:  Using nspawn with args ['--capability=cap_ipc_lock', '--rlimit=RLIMIT_CORE=infinity', '--bind=/tmp/mock-resolv.of9cark5:/etc/resolv.conf']
DEBUG util.py:556:  Executing command: ['/usr/bin/systemd-nspawn', '-q', '-M', '888d5bd5b1c9487ab5a439221a5d1718', '-D', '/var/lib/mock/f41-build-59362116-6573023-bootstrap/root', '-a', '--capability=cap_ipc_lock', '--rlimit=RLIMIT_CORE=infinity', '--bind=/tmp/mock-resolv.of9cark5:/etc/resolv.conf', '--console=pipe', '--setenv=TERM=vt100', '--setenv=SHELL=/bin/bash', '--setenv=HOME=/var/lib/mock/f41-build-59362116-6573023/root/installation-homedir', '--setenv=HOSTNAME=mock', '--setenv=PATH=/usr/bin:/bin:/usr/sbin:/sbin', '--setenv=PROMPT_COMMAND=printf "\\033]0;<mock-chroot>\\007"', '--setenv=PS1=<mock-chroot> \\s-\\v\\$ ', '--setenv=LANG=C.UTF-8', '--setenv=LC_MESSAGES=C.UTF-8', '--resolv-conf=off', '/usr/bin/dnf5', '--installroot', '/var/lib/mock/f41-build-59362116-6573023/root/', 'install', '@build', '--setopt=deltarpm=False', '--setopt=allow_vendor_change=yes', '--allowerasing', '--setopt=tsflags=nocontexts'] with env {'TERM': 'vt100', 'SHELL': '/bin/bash', 'HOME': '/var/lib/mock/f41-build-59362116-6573023/root/installation-homedir', 'HOSTNAME': 'mock', 'PATH': '/usr/bin:/bin:/usr/sbin:/sbin', 'PROMPT_COMMAND': 'printf "\\033]0;<mock-chroot>\\007"', 'PS1': '<mock-chroot> \\s-\\v\\$ ', 'LANG': 'C.UTF-8', 'LC_MESSAGES': 'C.UTF-8', 'SYSTEMD_NSPAWN_TMPFS_TMP': '0', 'SYSTEMD_SECCOMP': '0'} and shell False
DEBUG util.py:459:  Updating and loading repositories:
DEBUG util.py:459:   build                                  100% |  98.5 MiB/s |  14.5 MiB |  00m00s
DEBUG util.py:459:  Repositories loaded.
DEBUG util.py:461:  Package                            Arch    Version                     Repository      Size
DEBUG util.py:461:  Installing group/module packages:
DEBUG util.py:461:   bash                              aarch64 5.2.32-1.fc41               build        8.3 MiB
DEBUG util.py:461:   bzip2                             aarch64 1.0.8-19.fc41               build      427.6 KiB
DEBUG util.py:461:   coreutils                         aarch64 9.5-11.fc41                 build        7.9 MiB
DEBUG util.py:461:   cpio                              aarch64 2.15-2.fc41                 build        1.2 MiB
DEBUG util.py:461:   diffutils                         aarch64 3.10-8.fc41                 build        2.1 MiB
DEBUG util.py:461:   fedora-release                    noarch  41-32                       build        0.0   B
DEBUG util.py:461:   findutils                         aarch64 1:4.10.0-4.fc41             build        2.1 MiB
DEBUG util.py:461:   gawk                              aarch64 5.3.0-4.fc41                build        4.2 MiB
DEBUG util.py:461:   glibc-minimal-langpack            aarch64 2.40-25.fc41                build        0.0   B
DEBUG util.py:461:   grep                              aarch64 3.11-9.fc41                 build        1.1 MiB
DEBUG util.py:461:   gzip                              aarch64 1.13-2.fc41                 build      488.9 KiB
DEBUG util.py:461:   info                              aarch64 7.1.1-1.fc41                build      421.6 KiB
DEBUG util.py:461:   patch                             aarch64 2.7.6-25.fc41               build      390.6 KiB
DEBUG util.py:461:   redhat-rpm-config                 noarch  294-1.fc41                  build      183.6 KiB
DEBUG util.py:461:   rpm-build                         aarch64 4.20.1-1.fc41               build      525.4 KiB
DEBUG util.py:461:   sed                               aarch64 4.9-3.fc41                  build        1.0 MiB
DEBUG util.py:461:   shadow-utils                      aarch64 2:4.15.1-12.fc41            build        4.6 MiB
DEBUG util.py:461:   tar                               aarch64 2:1.35-4.fc41               build        3.1 MiB
DEBUG util.py:461:   unzip                             aarch64 6.0-64.fc41                 build      726.7 KiB
DEBUG util.py:461:   util-linux                        aarch64 2.40.4-1.fc41               build        6.7 MiB
DEBUG util.py:461:   which                             aarch64 2.21-42.fc41                build      248.2 KiB
DEBUG util.py:461:   xz                                aarch64 1:5.6.2-2.fc41              build        1.5 MiB
DEBUG util.py:461:  Installing dependencies:
DEBUG util.py:461:   add-determinism                   aarch64 0.3.6-3.fc41                build        2.0 MiB
DEBUG util.py:461:   alternatives                      aarch64 1.31-1.fc41                 build       88.7 KiB
DEBUG util.py:461:   ansible-srpm-macros               noarch  1-16.fc41                   build       35.7 KiB
DEBUG util.py:461:   audit-libs                        aarch64 4.0.3-1.fc41                build      415.2 KiB
DEBUG util.py:461:   authselect                        aarch64 1.5.0-8.fc41                build      181.5 KiB
DEBUG util.py:461:   authselect-libs                   aarch64 1.5.0-8.fc41                build      867.8 KiB
DEBUG util.py:461:   basesystem                        noarch  11-21.fc41                  build        0.0   B
DEBUG util.py:461:   binutils                          aarch64 2.43.1-5.fc41               build       30.5 MiB
DEBUG util.py:461:   build-reproducibility-srpm-macros noarch  0.3.6-3.fc41                build      735.0   B
DEBUG util.py:461:   bzip2-libs                        aarch64 1.0.8-19.fc41               build      200.7 KiB
DEBUG util.py:461:   ca-certificates                   noarch  2024.2.69_v8.0.401-1.0.fc41 build        2.4 MiB
DEBUG util.py:461:   coreutils-common                  aarch64 9.5-11.fc41                 build       11.2 MiB
DEBUG util.py:461:   cracklib                          aarch64 2.9.11-6.fc41               build      935.0 KiB
DEBUG util.py:461:   crypto-policies                   noarch  20250124-1.git4d262e7.fc41  build      137.4 KiB
DEBUG util.py:461:   curl                              aarch64 8.9.1-3.fc41                build      793.4 KiB
DEBUG util.py:461:   cyrus-sasl-lib                    aarch64 2.1.28-27.fc41              build        3.1 MiB
DEBUG util.py:461:   debugedit                         aarch64 5.1-6.fc41                  build      244.8 KiB
DEBUG util.py:461:   dwz                               aarch64 0.15-8.fc41                 build      322.8 KiB
DEBUG util.py:461:   ed                                aarch64 1.20.2-2.fc41               build      282.8 KiB
DEBUG util.py:461:   efi-srpm-macros                   noarch  5-13.fc41                   build       40.2 KiB
DEBUG util.py:461:   elfutils                          aarch64 0.193-2.fc41                build        3.2 MiB
DEBUG util.py:461:   elfutils-debuginfod-client        aarch64 0.193-2.fc41                build      144.1 KiB
DEBUG util.py:461:   elfutils-default-yama-scope       noarch  0.193-2.fc41                build        1.8 KiB
DEBUG util.py:461:   elfutils-libelf                   aarch64 0.193-2.fc41                build        1.2 MiB
DEBUG util.py:461:   elfutils-libs                     aarch64 0.193-2.fc41                build      747.0 KiB
DEBUG util.py:461:   fedora-gpg-keys                   noarch  41-1                        build      126.4 KiB
DEBUG util.py:461:   fedora-release-common             noarch  41-32                       build       19.7 KiB
DEBUG util.py:461:   fedora-release-identity-basic     noarch  41-32                       build      654.0   B
DEBUG util.py:461:   fedora-repos                      noarch  41-1                        build        4.9 KiB
DEBUG util.py:461:   file                              aarch64 5.45-7.fc41                 build      267.5 KiB
DEBUG util.py:461:   file-libs                         aarch64 5.45-7.fc41                 build       10.0 MiB
DEBUG util.py:461:   filesystem                        aarch64 3.18-23.fc41                build      106.0   B
DEBUG util.py:461:   fonts-srpm-macros                 noarch  1:2.0.5-17.fc41             build       55.8 KiB
DEBUG util.py:461:   forge-srpm-macros                 noarch  0.4.0-1.fc41                build       38.9 KiB
DEBUG util.py:461:   fpc-srpm-macros                   noarch  1.3-13.fc41                 build      144.0   B
DEBUG util.py:461:   gdb-minimal                       aarch64 16.2-2.fc41                 build       13.1 MiB
DEBUG util.py:461:   gdbm                              aarch64 1:1.23-7.fc41               build      928.5 KiB
DEBUG util.py:461:   gdbm-libs                         aarch64 1:1.23-7.fc41               build      426.0 KiB
DEBUG util.py:461:   ghc-srpm-macros                   noarch  1.9.1-2.fc41                build      747.0   B
DEBUG util.py:461:   glibc                             aarch64 2.40-25.fc41                build        6.2 MiB
DEBUG util.py:461:   glibc-common                      aarch64 2.40-25.fc41                build        1.3 MiB
DEBUG util.py:461:   glibc-gconv-extra                 aarch64 2.40-25.fc41                build       18.6 MiB
DEBUG util.py:461:   gmp                               aarch64 1:6.3.0-2.fc41              build      722.0 KiB
DEBUG util.py:461:   gnat-srpm-macros                  noarch  6-6.fc41                    build        1.0 KiB
DEBUG util.py:461:   go-srpm-macros                    noarch  3.6.0-5.fc41                build       60.8 KiB
DEBUG util.py:461:   jansson                           aarch64 2.13.1-10.fc41              build      220.5 KiB
DEBUG util.py:461:   json-c                            aarch64 0.17-4.fc41                 build      202.4 KiB
DEBUG util.py:461:   kernel-srpm-macros                noarch  1.0-24.fc41                 build        1.9 KiB
DEBUG util.py:461:   keyutils-libs                     aarch64 1.6.3-4.fc41                build      226.4 KiB
DEBUG util.py:461:   krb5-libs                         aarch64 1.21.3-4.fc41               build        2.6 MiB
DEBUG util.py:461:   libacl                            aarch64 2.3.2-2.fc41                build      196.1 KiB
DEBUG util.py:461:   libarchive                        aarch64 3.7.4-4.fc41                build      910.7 KiB
DEBUG util.py:461:   libattr                           aarch64 2.5.2-4.fc41                build      196.6 KiB
DEBUG util.py:461:   libblkid                          aarch64 2.40.4-1.fc41               build      285.2 KiB
DEBUG util.py:461:   libbrotli                         aarch64 1.1.0-5.fc41                build        1.1 MiB
DEBUG util.py:461:   libcap                            aarch64 2.70-4.fc41                 build        1.4 MiB
DEBUG util.py:461:   libcap-ng                         aarch64 0.8.5-3.fc41                build      417.2 KiB
DEBUG util.py:461:   libcom_err                        aarch64 1.47.1-6.fc41               build      111.3 KiB
DEBUG util.py:461:   libcurl                           aarch64 8.9.1-3.fc41                build      781.1 KiB
DEBUG util.py:461:   libeconf                          aarch64 0.6.2-3.fc41                build      206.1 KiB
DEBUG util.py:461:   libevent                          aarch64 2.1.12-14.fc41              build        1.5 MiB
DEBUG util.py:461:   libfdisk                          aarch64 2.40.4-1.fc41               build      412.4 KiB
DEBUG util.py:461:   libffi                            aarch64 3.4.6-3.fc41                build      282.4 KiB
DEBUG util.py:461:   libgcc                            aarch64 14.2.1-7.fc41               build      218.8 KiB
DEBUG util.py:461:   libgomp                           aarch64 14.2.1-7.fc41               build      493.9 KiB
DEBUG util.py:461:   libidn2                           aarch64 2.3.8-1.fc41                build      560.7 KiB
DEBUG util.py:461:   libmount                          aarch64 2.40.4-1.fc41               build      412.9 KiB
DEBUG util.py:461:   libnghttp2                        aarch64 1.62.1-3.fc41               build      198.2 KiB
DEBUG util.py:461:   libnsl2                           aarch64 2.0.1-2.fc41                build      222.0 KiB
DEBUG util.py:461:   libpkgconf                        aarch64 2.3.0-1.fc41                build      198.1 KiB
DEBUG util.py:461:   libpsl                            aarch64 0.21.5-4.fc41               build      196.6 KiB
DEBUG util.py:461:   libpwquality                      aarch64 1.4.5-11.fc41               build        1.1 MiB
DEBUG util.py:461:   libselinux                        aarch64 3.7-5.fc41                  build      265.1 KiB
DEBUG util.py:461:   libsemanage                       aarch64 3.7-2.fc41                  build      361.5 KiB
DEBUG util.py:461:   libsepol                          aarch64 3.7-2.fc41                  build      874.0 KiB
DEBUG util.py:461:   libsmartcols                      aarch64 2.40.4-1.fc41               build      220.2 KiB
DEBUG util.py:461:   libssh                            aarch64 0.10.6-8.fc41               build      581.3 KiB
DEBUG util.py:461:   libssh-config                     noarch  0.10.6-8.fc41               build      277.0   B
DEBUG util.py:461:   libstdc++                         aarch64 14.2.1-7.fc41               build        2.7 MiB
DEBUG util.py:461:   libtasn1                          aarch64 4.20.0-1.fc41               build      220.4 KiB
DEBUG util.py:461:   libtirpc                          aarch64 1.3.6-1.rc3.fc41            build      205.5 KiB
DEBUG util.py:461:   libtool-ltdl                      aarch64 2.4.7-12.fc41               build      222.2 KiB
DEBUG util.py:461:   libunistring                      aarch64 1.1-8.fc41                  build        1.8 MiB
DEBUG util.py:461:   libutempter                       aarch64 1.2.1-15.fc41               build      417.8 KiB
DEBUG util.py:461:   libuuid                           aarch64 2.40.4-1.fc41               build       67.9 KiB
DEBUG util.py:461:   libverto                          aarch64 0.3.2-9.fc41                build      197.5 KiB
DEBUG util.py:461:   libxcrypt                         aarch64 4.4.38-7.fc41               build      272.6 KiB
DEBUG util.py:461:   libxml2                           aarch64 2.12.10-1.fc41              build        1.9 MiB
DEBUG util.py:461:   libzstd                           aarch64 1.5.7-1.fc41                build      732.1 KiB
DEBUG util.py:461:   lua-libs                          aarch64 5.4.7-3.fc41                build      329.1 KiB
DEBUG util.py:461:   lua-srpm-macros                   noarch  1-14.fc41                   build        1.3 KiB
DEBUG util.py:461:   lz4-libs                          aarch64 1.10.0-1.fc41               build      261.6 KiB
DEBUG util.py:461:   mpfr                              aarch64 4.2.1-5.fc41                build      818.9 KiB
DEBUG util.py:461:   ncurses-base                      noarch  6.5-2.20240629.fc41         build      326.3 KiB
DEBUG util.py:461:   ncurses-libs                      aarch64 6.5-2.20240629.fc41         build        2.2 MiB
DEBUG util.py:461:   ocaml-srpm-macros                 noarch  10-3.fc41                   build        1.9 KiB
DEBUG util.py:461:   openblas-srpm-macros              noarch  2-18.fc41                   build      112.0   B
DEBUG util.py:461:   openldap                          aarch64 2.6.9-1.fc41                build      761.3 KiB
DEBUG util.py:461:   openssl-libs                      aarch64 1:3.2.4-1.fc41              build        6.4 MiB
DEBUG util.py:461:   p11-kit                           aarch64 0.25.5-3.fc41               build        2.6 MiB
DEBUG util.py:461:   p11-kit-trust                     aarch64 0.25.5-3.fc41               build      655.6 KiB
DEBUG util.py:461:   package-notes-srpm-macros         noarch  0.5-12.fc41                 build        1.6 KiB
DEBUG util.py:461:   pam                               aarch64 1.6.1-7.fc41                build        4.2 MiB
DEBUG util.py:461:   pam-libs                          aarch64 1.6.1-7.fc41                build      223.2 KiB
DEBUG util.py:461:   pcre2                             aarch64 10.44-1.fc41.1              build      905.5 KiB
DEBUG util.py:461:   pcre2-syntax                      noarch  10.44-1.fc41.1              build      251.6 KiB
DEBUG util.py:461:   perl-srpm-macros                  noarch  1-56.fc41                   build      861.0   B
DEBUG util.py:461:   pkgconf                           aarch64 2.3.0-1.fc41                build      240.6 KiB
DEBUG util.py:461:   pkgconf-m4                        noarch  2.3.0-1.fc41                build       14.4 KiB
DEBUG util.py:461:   pkgconf-pkg-config                aarch64 2.3.0-1.fc41                build      990.0   B
DEBUG util.py:461:   popt                              aarch64 1.19-7.fc41                 build      272.9 KiB
DEBUG util.py:461:   publicsuffix-list-dafsa           noarch  20250116-1.fc41             build       68.5 KiB
DEBUG util.py:461:   pyproject-srpm-macros             noarch  1.18.1-1.fc41               build        1.9 KiB
DEBUG util.py:461:   python-srpm-macros                noarch  3.13-3.fc41                 build       51.0 KiB
DEBUG util.py:461:   qt5-srpm-macros                   noarch  5.15.15-1.fc41              build      500.0   B
DEBUG util.py:461:   qt6-srpm-macros                   noarch  6.8.2-1.fc41                build      456.0   B
DEBUG util.py:461:   readline                          aarch64 8.2-10.fc41                 build      753.3 KiB
DEBUG util.py:461:   rpm                               aarch64 4.20.1-1.fc41               build        3.3 MiB
DEBUG util.py:461:   rpm-build-libs                    aarch64 4.20.1-1.fc41               build      198.7 KiB
DEBUG util.py:461:   rpm-libs                          aarch64 4.20.1-1.fc41               build      734.0 KiB
DEBUG util.py:461:   rpm-sequoia                       aarch64 1.7.0-5.fc41                build        2.3 MiB
DEBUG util.py:461:   rust-srpm-macros                  noarch  26.3-3.fc41                 build        4.8 KiB
DEBUG util.py:461:   setup                             noarch  2.15.0-8.fc41               build      720.7 KiB
DEBUG util.py:461:   sqlite-libs                       aarch64 3.46.1-2.fc41               build        1.5 MiB
DEBUG util.py:461:   systemd-libs                      aarch64 256.12-1.fc41               build        2.2 MiB
DEBUG util.py:461:   util-linux-core                   aarch64 2.40.4-1.fc41               build        2.3 MiB
DEBUG util.py:461:   xxhash-libs                       aarch64 0.8.3-1.fc41                build       84.5 KiB
DEBUG util.py:461:   xz-libs                           aarch64 1:5.6.2-2.fc41              build      266.4 KiB
DEBUG util.py:461:   zig-srpm-macros                   noarch  1-3.fc41                    build        1.1 KiB
DEBUG util.py:461:   zip                               aarch64 3.0-41.fc41                 build        1.1 MiB
DEBUG util.py:461:   zlib-ng-compat                    aarch64 2.2.3-2.fc41                build      133.6 KiB
DEBUG util.py:461:   zstd                              aarch64 1.5.7-1.fc41                build        1.5 MiB
DEBUG util.py:461:  Installing groups:
DEBUG util.py:461:   build                                                                                     
DEBUG util.py:461:  Transaction Summary:
DEBUG util.py:461:   Installing:       154 packages
DEBUG util.py:459:  Total size of inbound packages is 52 MiB. Need to download 52 MiB.
DEBUG util.py:459:  After this operation, 221 MiB extra will be used (install 221 MiB, remove 0 B).
DEBUG util.py:459:  [  1/154] bzip2-0:1.0.8-19.fc41.aarch64 100% |   2.2 MiB/s |  52.4 KiB |  00m00s
DEBUG util.py:459:  [  2/154] cpio-0:2.15-2.fc41.aarch64    100% |  46.4 MiB/s | 284.8 KiB |  00m00s
DEBUG util.py:459:  [  3/154] diffutils-0:3.10-8.fc41.aarch 100% |  64.2 MiB/s | 394.7 KiB |  00m00s
DEBUG util.py:459:  [  4/154] coreutils-0:9.5-11.fc41.aarch 100% |  25.1 MiB/s |   1.1 MiB |  00m00s
DEBUG util.py:459:  [  5/154] fedora-release-0:41-32.noarch 100% |   3.2 MiB/s |  13.1 KiB |  00m00s
DEBUG util.py:459:  [  6/154] bash-0:5.2.32-1.fc41.aarch64  100% |  36.1 MiB/s |   1.8 MiB |  00m00s
DEBUG util.py:459:  [  7/154] findutils-1:4.10.0-4.fc41.aar 100% |  44.4 MiB/s | 545.3 KiB |  00m00s
DEBUG util.py:459:  [  8/154] glibc-minimal-langpack-0:2.40 100% |  12.5 MiB/s |  89.7 KiB |  00m00s
DEBUG util.py:459:  [  9/154] gawk-0:5.3.0-4.fc41.aarch64   100% |  58.1 MiB/s |   1.0 MiB |  00m00s
DEBUG util.py:459:  [ 10/154] gzip-0:1.13-2.fc41.aarch64    100% |  26.5 MiB/s | 163.0 KiB |  00m00s
DEBUG util.py:459:  [ 11/154] grep-0:3.11-9.fc41.aarch64    100% |  25.6 MiB/s | 287.8 KiB |  00m00s
DEBUG util.py:459:  [ 12/154] patch-0:2.7.6-25.fc41.aarch64 100% |  31.4 MiB/s | 128.8 KiB |  00m00s
DEBUG util.py:459:  [ 13/154] info-0:7.1.1-1.fc41.aarch64   100% |  22.1 MiB/s | 180.7 KiB |  00m00s
DEBUG util.py:459:  [ 14/154] redhat-rpm-config-0:294-1.fc4 100% |  17.7 MiB/s |  72.4 KiB |  00m00s
DEBUG util.py:459:  [ 15/154] rpm-build-0:4.20.1-1.fc41.aar 100% |  18.3 MiB/s |  74.8 KiB |  00m00s
DEBUG util.py:459:  [ 16/154] sed-0:4.9-3.fc41.aarch64      100% |  50.0 MiB/s | 306.9 KiB |  00m00s
DEBUG util.py:459:  [ 17/154] unzip-0:6.0-64.fc41.aarch64   100% |  45.1 MiB/s | 184.8 KiB |  00m00s
DEBUG util.py:459:  [ 18/154] tar-2:1.35-4.fc41.aarch64     100% |  59.0 MiB/s | 846.1 KiB |  00m00s
DEBUG util.py:459:  [ 19/154] shadow-utils-2:4.15.1-12.fc41 100% |  54.7 MiB/s |   1.3 MiB |  00m00s
DEBUG util.py:459:  [ 20/154] which-0:2.21-42.fc41.aarch64  100% |   5.1 MiB/s |  41.5 KiB |  00m00s
DEBUG util.py:459:  [ 21/154] util-linux-0:2.40.4-1.fc41.aa 100% |  54.2 MiB/s |   1.0 MiB |  00m00s
DEBUG util.py:459:  [ 22/154] xz-1:5.6.2-2.fc41.aarch64     100% |  44.8 MiB/s | 459.1 KiB |  00m00s
DEBUG util.py:459:  [ 23/154] filesystem-0:3.18-23.fc41.aar 100% |  59.4 MiB/s |   1.1 MiB |  00m00s
DEBUG util.py:459:  [ 24/154] ncurses-libs-0:6.5-2.20240629 100% |  29.0 MiB/s | 326.5 KiB |  00m00s
DEBUG util.py:459:  [ 25/154] bzip2-libs-0:1.0.8-19.fc41.aa 100% |  10.4 MiB/s |  42.7 KiB |  00m00s
DEBUG util.py:459:  [ 26/154] glibc-0:2.40-25.fc41.aarch64  100% |  67.9 MiB/s |   1.8 MiB |  00m00s
DEBUG util.py:459:  [ 27/154] gmp-1:6.3.0-2.fc41.aarch64    100% |  22.0 MiB/s | 270.1 KiB |  00m00s
DEBUG util.py:459:  [ 28/154] libacl-0:2.3.2-2.fc41.aarch64 100% |   6.1 MiB/s |  24.9 KiB |  00m00s
DEBUG util.py:459:  [ 29/154] libattr-0:2.5.2-4.fc41.aarch6 100% |   5.9 MiB/s |  18.2 KiB |  00m00s
DEBUG util.py:459:  [ 30/154] libcap-0:2.70-4.fc41.aarch64  100% |  21.3 MiB/s |  87.2 KiB |  00m00s
DEBUG util.py:459:  [ 31/154] libselinux-0:3.7-5.fc41.aarch 100% |  21.5 MiB/s |  87.9 KiB |  00m00s
DEBUG util.py:459:  [ 32/154] coreutils-common-0:9.5-11.fc4 100% |  67.6 MiB/s |   2.1 MiB |  00m00s
DEBUG util.py:459:  [ 33/154] fedora-release-common-0:41-32 100% |   2.9 MiB/s |  23.9 KiB |  00m00s
DEBUG util.py:459:  [ 34/154] mpfr-0:4.2.1-5.fc41.aarch64   100% |  39.7 MiB/s | 324.8 KiB |  00m00s
DEBUG util.py:459:  [ 35/154] readline-0:8.2-10.fc41.aarch6 100% |  26.0 MiB/s | 212.6 KiB |  00m00s
DEBUG util.py:459:  [ 36/154] openssl-libs-1:3.2.4-1.fc41.a 100% |  78.0 MiB/s |   2.2 MiB |  00m00s
DEBUG util.py:459:  [ 37/154] glibc-common-0:2.40-25.fc41.a 100% |  29.5 MiB/s | 363.0 KiB |  00m00s
DEBUG util.py:459:  [ 38/154] pcre2-0:10.44-1.fc41.1.aarch6 100% |  17.0 MiB/s | 227.0 KiB |  00m00s
DEBUG util.py:459:  [ 39/154] ed-0:1.20.2-2.fc41.aarch64    100% |  13.2 MiB/s |  81.2 KiB |  00m00s
DEBUG util.py:459:  [ 40/154] ansible-srpm-macros-0:1-16.fc 100% |  10.1 MiB/s |  20.8 KiB |  00m00s
DEBUG util.py:459:  [ 41/154] build-reproducibility-srpm-ma 100% |   3.5 MiB/s |  10.8 KiB |  00m00s
DEBUG util.py:459:  [ 42/154] dwz-0:0.15-8.fc41.aarch64     100% |  44.7 MiB/s | 137.4 KiB |  00m00s
DEBUG util.py:459:  [ 43/154] efi-srpm-macros-0:5-13.fc41.n 100% |  11.0 MiB/s |  22.5 KiB |  00m00s
DEBUG util.py:459:  [ 44/154] file-0:5.45-7.fc41.aarch64    100% |  16.1 MiB/s |  49.5 KiB |  00m00s
DEBUG util.py:459:  [ 45/154] fonts-srpm-macros-1:2.0.5-17. 100% |   8.8 MiB/s |  27.0 KiB |  00m00s
DEBUG util.py:459:  [ 46/154] fpc-srpm-macros-0:1.3-13.fc41 100% |   7.8 MiB/s |   8.0 KiB |  00m00s
DEBUG util.py:459:  [ 47/154] forge-srpm-macros-0:0.4.0-1.f 100% |   6.4 MiB/s |  19.7 KiB |  00m00s
DEBUG util.py:459:  [ 48/154] ghc-srpm-macros-0:1.9.1-2.fc4 100% |   2.9 MiB/s |   9.1 KiB |  00m00s
DEBUG util.py:459:  [ 49/154] gnat-srpm-macros-0:6-6.fc41.n 100% |   4.4 MiB/s |   9.0 KiB |  00m00s
DEBUG util.py:459:  [ 50/154] go-srpm-macros-0:3.6.0-5.fc41 100% |  13.7 MiB/s |  28.0 KiB |  00m00s
DEBUG util.py:459:  [ 51/154] lua-srpm-macros-0:1-14.fc41.n 100% |   4.3 MiB/s |   8.9 KiB |  00m00s
DEBUG util.py:459:  [ 52/154] kernel-srpm-macros-0:1.0-24.f 100% |   3.2 MiB/s |   9.9 KiB |  00m00s
DEBUG util.py:459:  [ 53/154] ocaml-srpm-macros-0:10-3.fc41 100% |   4.5 MiB/s |   9.2 KiB |  00m00s
DEBUG util.py:459:  [ 54/154] openblas-srpm-macros-0:2-18.f 100% |   3.8 MiB/s |   7.7 KiB |  00m00s
DEBUG util.py:459:  [ 55/154] package-notes-srpm-macros-0:0 100% |   4.8 MiB/s |   9.8 KiB |  00m00s
DEBUG util.py:459:  [ 56/154] perl-srpm-macros-0:1-56.fc41. 100% |   2.8 MiB/s |   8.5 KiB |  00m00s
DEBUG util.py:459:  [ 57/154] pyproject-srpm-macros-0:1.18. 100% |   4.5 MiB/s |  13.9 KiB |  00m00s
DEBUG util.py:459:  [ 58/154] python-srpm-macros-0:3.13-3.f 100% |   7.7 MiB/s |  23.7 KiB |  00m00s
DEBUG util.py:459:  [ 59/154] qt5-srpm-macros-0:5.15.15-1.f 100% |   4.3 MiB/s |   8.9 KiB |  00m00s
DEBUG util.py:459:  [ 60/154] qt6-srpm-macros-0:6.8.2-1.fc4 100% |   4.5 MiB/s |   9.2 KiB |  00m00s
DEBUG util.py:459:  [ 61/154] rust-srpm-macros-0:26.3-3.fc4 100% |  11.8 MiB/s |  12.1 KiB |  00m00s
DEBUG util.py:459:  [ 62/154] zig-srpm-macros-0:1-3.fc41.no 100% |   2.6 MiB/s |   8.1 KiB |  00m00s
DEBUG util.py:459:  [ 63/154] zip-0:3.0-41.fc41.aarch64     100% |  51.5 MiB/s | 263.7 KiB |  00m00s
DEBUG util.py:459:  [ 64/154] rpm-0:4.20.1-1.fc41.aarch64   100% |  42.0 MiB/s | 516.6 KiB |  00m00s
DEBUG util.py:459:  [ 65/154] debugedit-0:5.1-6.fc41.aarch6 100% |  19.5 MiB/s |  79.7 KiB |  00m00s
DEBUG util.py:459:  [ 66/154] elfutils-0:0.193-2.fc41.aarch 100% |  58.1 MiB/s | 535.4 KiB |  00m00s
DEBUG util.py:459:  [ 67/154] elfutils-libelf-0:0.193-2.fc4 100% |  20.2 MiB/s | 207.2 KiB |  00m00s
DEBUG util.py:459:  [ 68/154] pkgconf-pkg-config-0:2.3.0-1. 100% |   4.9 MiB/s |  10.0 KiB |  00m00s
DEBUG util.py:459:  [ 69/154] libarchive-0:3.7.4-4.fc41.aar 100% |  43.9 MiB/s | 404.3 KiB |  00m00s
DEBUG util.py:459:  [ 70/154] popt-0:1.19-7.fc41.aarch64    100% |  11.6 MiB/s |  59.4 KiB |  00m00s
DEBUG util.py:459:  [ 71/154] rpm-build-libs-0:4.20.1-1.fc4 100% |  23.2 MiB/s |  94.9 KiB |  00m00s
DEBUG util.py:459:  [ 72/154] rpm-libs-0:4.20.1-1.fc41.aarc 100% |  37.2 MiB/s | 304.9 KiB |  00m00s
DEBUG util.py:459:  [ 73/154] zstd-0:1.5.7-1.fc41.aarch64   100% |  56.5 MiB/s | 462.7 KiB |  00m00s
DEBUG util.py:459:  [ 74/154] audit-libs-0:4.0.3-1.fc41.aar 100% |  24.5 MiB/s | 125.5 KiB |  00m00s
DEBUG util.py:459:  [ 75/154] libeconf-0:0.6.2-3.fc41.aarch 100% |  10.5 MiB/s |  32.3 KiB |  00m00s
DEBUG util.py:459:  [ 76/154] libsemanage-0:3.7-2.fc41.aarc 100% |  27.9 MiB/s | 114.1 KiB |  00m00s
DEBUG util.py:459:  [ 77/154] libxcrypt-0:4.4.38-7.fc41.aar 100% |  25.6 MiB/s | 131.3 KiB |  00m00s
DEBUG util.py:459:  [ 78/154] pam-libs-0:1.6.1-7.fc41.aarch 100% |  14.1 MiB/s |  57.6 KiB |  00m00s
DEBUG util.py:459:  [ 79/154] setup-0:2.15.0-8.fc41.noarch  100% |  29.0 MiB/s | 148.4 KiB |  00m00s
DEBUG util.py:459:  [ 80/154] authselect-libs-0:1.5.0-8.fc4 100% |  39.9 MiB/s | 204.1 KiB |  00m00s
DEBUG util.py:459:  [ 81/154] libblkid-0:2.40.4-1.fc41.aarc 100% |  23.2 MiB/s | 118.8 KiB |  00m00s
DEBUG util.py:459:  [ 82/154] libcap-ng-0:0.8.5-3.fc41.aarc 100% |  10.7 MiB/s |  32.8 KiB |  00m00s
DEBUG util.py:459:  [ 83/154] binutils-0:2.43.1-5.fc41.aarc 100% |  84.7 MiB/s |   6.6 MiB |  00m00s
DEBUG util.py:459:  [ 84/154] libfdisk-0:2.40.4-1.fc41.aarc 100% |   8.1 MiB/s | 148.8 KiB |  00m00s
DEBUG util.py:459:  [ 85/154] libmount-0:2.40.4-1.fc41.aarc 100% |   8.4 MiB/s | 147.1 KiB |  00m00s
DEBUG util.py:459:  [ 86/154] libsmartcols-0:2.40.4-1.fc41. 100% |  15.3 MiB/s |  78.5 KiB |  00m00s
DEBUG util.py:459:  [ 87/154] libuuid-0:2.40.4-1.fc41.aarch 100% |   8.9 MiB/s |  27.4 KiB |  00m00s
DEBUG util.py:459:  [ 88/154] libutempter-0:1.2.1-15.fc41.a 100% |   6.6 MiB/s |  27.1 KiB |  00m00s
DEBUG util.py:459:  [ 89/154] pam-0:1.6.1-7.fc41.aarch64    100% |  64.1 MiB/s | 524.8 KiB |  00m00s
DEBUG util.py:459:  [ 90/154] util-linux-core-0:2.40.4-1.fc 100% |  45.8 MiB/s | 469.3 KiB |  00m00s
DEBUG util.py:459:  [ 91/154] zlib-ng-compat-0:2.2.3-2.fc41 100% |  10.7 MiB/s |  65.7 KiB |  00m00s
DEBUG util.py:459:  [ 92/154] systemd-libs-0:256.12-1.fc41. 100% |  43.2 MiB/s | 707.5 KiB |  00m00s
DEBUG util.py:459:  [ 93/154] xz-libs-1:5.6.2-2.fc41.aarch6 100% |  18.1 MiB/s | 111.0 KiB |  00m00s
DEBUG util.py:459:  [ 94/154] basesystem-0:11-21.fc41.noarc 100% |   1.8 MiB/s |   7.4 KiB |  00m00s
DEBUG util.py:459:  [ 95/154] libgcc-0:14.2.1-7.fc41.aarch6 100% |  22.9 MiB/s | 117.4 KiB |  00m00s
DEBUG util.py:459:  [ 96/154] ncurses-base-0:6.5-2.20240629 100% |  12.5 MiB/s |  63.8 KiB |  00m00s
DEBUG util.py:459:  [ 97/154] glibc-gconv-extra-0:2.40-25.f 100% |  80.9 MiB/s |   1.7 MiB |  00m00s
DEBUG util.py:459:  [ 98/154] libsepol-0:3.7-2.fc41.aarch64 100% |  26.6 MiB/s | 326.6 KiB |  00m00s
DEBUG util.py:459:  [ 99/154] crypto-policies-0:20250124-1. 100% |  14.3 MiB/s |  73.1 KiB |  00m00s
DEBUG util.py:459:  [100/154] fedora-repos-0:41-1.noarch    100% |   3.0 MiB/s |   9.2 KiB |  00m00s
DEBUG util.py:459:  [101/154] ca-certificates-0:2024.2.69_v 100% |  44.8 MiB/s | 871.2 KiB |  00m00s
DEBUG util.py:459:  [102/154] pcre2-syntax-0:10.44-1.fc41.1 100% |  18.3 MiB/s | 149.9 KiB |  00m00s
DEBUG util.py:459:  [103/154] add-determinism-0:0.3.6-3.fc4 100% |  66.2 MiB/s | 813.7 KiB |  00m00s
DEBUG util.py:459:  [104/154] curl-0:8.9.1-3.fc41.aarch64   100% |  33.4 MiB/s | 308.2 KiB |  00m00s
DEBUG util.py:459:  [105/154] alternatives-0:1.31-1.fc41.aa 100% |   9.4 MiB/s |  38.5 KiB |  00m00s
DEBUG util.py:459:  [106/154] file-libs-0:5.45-7.fc41.aarch 100% |  46.5 MiB/s | 761.6 KiB |  00m00s
DEBUG util.py:459:  [107/154] elfutils-debuginfod-client-0: 100% |   9.1 MiB/s |  46.8 KiB |  00m00s
DEBUG util.py:459:  [108/154] jansson-0:2.13.1-10.fc41.aarc 100% |   9.0 MiB/s |  45.9 KiB |  00m00s
DEBUG util.py:459:  [109/154] elfutils-libs-0:0.193-2.fc41. 100% |  37.4 MiB/s | 268.2 KiB |  00m00s
DEBUG util.py:459:  [110/154] libzstd-0:1.5.7-1.fc41.aarch6 100% |  35.5 MiB/s | 290.7 KiB |  00m00s
DEBUG util.py:459:  [111/154] libstdc++-0:14.2.1-7.fc41.aar 100% |  53.6 MiB/s | 768.8 KiB |  00m00s
DEBUG util.py:459:  [112/154] lz4-libs-0:1.10.0-1.fc41.aarc 100% |  17.6 MiB/s |  72.3 KiB |  00m00s
DEBUG util.py:459:  [113/154] pkgconf-0:2.3.0-1.fc41.aarch6 100% |  22.1 MiB/s |  45.2 KiB |  00m00s
DEBUG util.py:459:  [114/154] pkgconf-m4-0:2.3.0-1.fc41.noa 100% |   7.0 MiB/s |  14.3 KiB |  00m00s
DEBUG util.py:459:  [115/154] libxml2-0:2.12.10-1.fc41.aarc 100% |  47.3 MiB/s | 678.7 KiB |  00m00s
DEBUG util.py:459:  [116/154] lua-libs-0:5.4.7-3.fc41.aarch 100% |  21.1 MiB/s | 129.5 KiB |  00m00s
DEBUG util.py:459:  [117/154] libgomp-0:14.2.1-7.fc41.aarch 100% |  33.2 MiB/s | 339.7 KiB |  00m00s
DEBUG util.py:459:  [118/154] authselect-0:1.5.0-8.fc41.aar 100% |  23.0 MiB/s | 141.2 KiB |  00m00s
DEBUG util.py:459:  [119/154] rpm-sequoia-0:1.7.0-5.fc41.aa 100% |  60.6 MiB/s | 868.0 KiB |  00m00s
DEBUG util.py:459:  [120/154] sqlite-libs-0:3.46.1-2.fc41.a 100% |  43.4 MiB/s | 710.9 KiB |  00m00s
DEBUG util.py:459:  [121/154] gdbm-1:1.23-7.fc41.aarch64    100% |  17.9 MiB/s | 147.0 KiB |  00m00s
DEBUG util.py:459:  [122/154] gdbm-libs-1:1.23-7.fc41.aarch 100% |   9.2 MiB/s |  56.3 KiB |  00m00s
DEBUG util.py:459:  [123/154] libnsl2-0:2.0.1-2.fc41.aarch6 100% |   7.4 MiB/s |  30.1 KiB |  00m00s
DEBUG util.py:459:  [124/154] libpwquality-0:1.4.5-11.fc41. 100% |  26.6 MiB/s | 109.0 KiB |  00m00s
DEBUG util.py:459:  [125/154] libtirpc-0:1.3.6-1.rc3.fc41.a 100% |  17.7 MiB/s |  90.5 KiB |  00m00s
DEBUG util.py:459:  [126/154] libffi-0:3.4.6-3.fc41.aarch64 100% |   9.4 MiB/s |  38.3 KiB |  00m00s
DEBUG util.py:459:  [127/154] p11-kit-0:0.25.5-3.fc41.aarch 100% |  64.9 MiB/s | 465.2 KiB |  00m00s
DEBUG util.py:459:  [128/154] p11-kit-trust-0:0.25.5-3.fc41 100% |  18.7 MiB/s | 133.8 KiB |  00m00s
DEBUG util.py:459:  [129/154] fedora-gpg-keys-0:41-1.noarch 100% |  17.2 MiB/s | 123.5 KiB |  00m00s
DEBUG util.py:459:  [130/154] libpkgconf-0:2.3.0-1.fc41.aar 100% |  18.8 MiB/s |  38.4 KiB |  00m00s
DEBUG util.py:459:  [131/154] json-c-0:0.17-4.fc41.aarch64  100% |   8.8 MiB/s |  45.1 KiB |  00m00s
DEBUG util.py:459:  [132/154] elfutils-default-yama-scope-0 100% |   2.0 MiB/s |  12.6 KiB |  00m00s
DEBUG util.py:459:  [133/154] cracklib-0:2.9.11-6.fc41.aarc 100% |  16.1 MiB/s |  82.3 KiB |  00m00s
DEBUG util.py:459:  [134/154] libcom_err-0:1.47.1-6.fc41.aa 100% |   6.5 MiB/s |  26.6 KiB |  00m00s
DEBUG util.py:459:  [135/154] libtasn1-0:4.20.0-1.fc41.aarc 100% |  14.4 MiB/s |  73.7 KiB |  00m00s
DEBUG util.py:459:  [136/154] keyutils-libs-0:1.6.3-4.fc41. 100% |   7.8 MiB/s |  31.9 KiB |  00m00s
DEBUG util.py:459:  [137/154] krb5-libs-0:1.21.3-4.fc41.aar 100% |  57.0 MiB/s | 759.4 KiB |  00m00s
DEBUG util.py:459:  [138/154] libverto-0:0.3.2-9.fc41.aarch 100% |   4.1 MiB/s |  20.9 KiB |  00m00s
DEBUG util.py:459:  [139/154] fedora-release-identity-basic 100% |   2.7 MiB/s |  13.8 KiB |  00m00s
DEBUG util.py:459:  [140/154] xxhash-libs-0:0.8.3-1.fc41.aa 100% |  11.0 MiB/s |  33.7 KiB |  00m00s
DEBUG util.py:459:  [141/154] libcurl-0:8.9.1-3.fc41.aarch6 100% |  41.8 MiB/s | 342.7 KiB |  00m00s
DEBUG util.py:459:  [142/154] libbrotli-0:1.1.0-5.fc41.aarc 100% |  37.6 MiB/s | 346.2 KiB |  00m00s
DEBUG util.py:459:  [143/154] libidn2-0:2.3.8-1.fc41.aarch6 100% |  23.7 MiB/s | 169.6 KiB |  00m00s
DEBUG util.py:459:  [144/154] libnghttp2-0:1.62.1-3.fc41.aa 100% |  14.9 MiB/s |  76.2 KiB |  00m00s
DEBUG util.py:459:  [145/154] libpsl-0:0.21.5-4.fc41.aarch6 100% |  15.7 MiB/s |  64.4 KiB |  00m00s
DEBUG util.py:459:  [146/154] libssh-0:0.10.6-8.fc41.aarch6 100% |  34.7 MiB/s | 213.1 KiB |  00m00s
DEBUG util.py:459:  [147/154] openldap-0:2.6.9-1.fc41.aarch 100% |  35.2 MiB/s | 252.3 KiB |  00m00s
DEBUG util.py:459:  [148/154] libunistring-0:1.1-8.fc41.aar 100% |  58.6 MiB/s | 539.8 KiB |  00m00s
DEBUG util.py:459:  [149/154] publicsuffix-list-dafsa-0:202 100% |   8.2 MiB/s |  58.8 KiB |  00m00s
DEBUG util.py:459:  [150/154] libssh-config-0:0.10.6-8.fc41 100% |   2.3 MiB/s |   9.2 KiB |  00m00s
DEBUG util.py:459:  [151/154] gdb-minimal-0:16.2-2.fc41.aar 100% |  80.9 MiB/s |   4.2 MiB |  00m00s
DEBUG util.py:459:  [152/154] libevent-0:2.1.12-14.fc41.aar 100% |  19.1 MiB/s | 254.6 KiB |  00m00s
DEBUG util.py:459:  [153/154] libtool-ltdl-0:2.4.7-12.fc41. 100% |   8.7 MiB/s |  35.8 KiB |  00m00s
DEBUG util.py:459:  [154/154] cyrus-sasl-lib-0:2.1.28-27.fc 100% |  36.3 MiB/s | 780.2 KiB |  00m00s
DEBUG util.py:459:  --------------------------------------------------------------------------------
DEBUG util.py:459:  [154/154] Total                         100% | 102.1 MiB/s |  51.6 MiB |  00m01s
DEBUG util.py:459:  Running transaction
DEBUG util.py:459:  [  1/156] Verify package files          100% | 789.0   B/s | 154.0   B |  00m00s
DEBUG util.py:459:  [  2/156] Prepare transaction           100% |   2.7 KiB/s | 154.0   B |  00m00s
DEBUG util.py:459:  [  3/156] Installing libgcc-0:14.2.1-7. 100% |  53.8 MiB/s | 220.5 KiB |  00m00s
DEBUG util.py:459:  [  4/156] Installing libssh-config-0:0. 100% | 796.9 KiB/s | 816.0   B |  00m00s
DEBUG util.py:459:  [  5/156] Installing publicsuffix-list- 100% |  33.8 MiB/s |  69.2 KiB |  00m00s
DEBUG util.py:459:  [  6/156] Installing fedora-release-ide 100% | 445.3 KiB/s | 912.0   B |  00m00s
DEBUG util.py:459:  [  7/156] Installing fedora-gpg-keys-0: 100% |   8.4 MiB/s | 172.2 KiB |  00m00s
DEBUG util.py:459:  [  8/156] Installing fedora-repos-0:41- 100% |   2.8 MiB/s |   5.7 KiB |  00m00s
DEBUG util.py:459:  [  9/156] Installing fedora-release-com 100% |   5.9 MiB/s |  24.0 KiB |  00m00s
DEBUG util.py:459:  [ 10/156] Installing fedora-release-0:4 100% | 121.1 KiB/s | 124.0   B |  00m00s
DEBUG util.py:459:  [ 11/156] Installing setup-0:2.15.0-8.f 100% |  39.4 MiB/s | 726.5 KiB |  00m00s
DEBUG util.py:459:  >>> [RPM] /etc/hosts created as /etc/hosts.rpmnew                               
DEBUG util.py:459:  [ 12/156] Installing filesystem-0:3.18- 100% |   1.5 MiB/s | 212.5 KiB |  00m00s
DEBUG util.py:459:  [ 13/156] Installing basesystem-0:11-21 100% | 121.1 KiB/s | 124.0   B |  00m00s
DEBUG util.py:459:  [ 14/156] Installing pkgconf-m4-0:2.3.0 100% |   7.2 MiB/s |  14.8 KiB |  00m00s
DEBUG util.py:459:  [ 15/156] Installing pcre2-syntax-0:10. 100% |  62.0 MiB/s | 254.1 KiB |  00m00s
DEBUG util.py:459:  [ 16/156] Installing ncurses-base-0:6.5 100% |  21.5 MiB/s | 351.7 KiB |  00m00s
DEBUG util.py:459:  [ 17/156] Installing glibc-minimal-lang 100% | 121.1 KiB/s | 124.0   B |  00m00s
DEBUG util.py:459:  [ 18/156] Installing ncurses-libs-0:6.5 100% | 204.4 MiB/s |   2.2 MiB |  00m00s
DEBUG util.py:459:  [ 19/156] Installing glibc-0:2.40-25.fc 100% | 155.2 MiB/s |   6.2 MiB |  00m00s
DEBUG util.py:459:  [ 20/156] Installing bash-0:5.2.32-1.fc 100% | 207.8 MiB/s |   8.3 MiB |  00m00s
DEBUG util.py:459:  [ 21/156] Installing glibc-common-0:2.4 100% | 120.0 MiB/s |   1.3 MiB |  00m00s
DEBUG util.py:459:  [ 22/156] Installing glibc-gconv-extra- 100% | 194.7 MiB/s |  18.7 MiB |  00m00s
DEBUG util.py:459:  [ 23/156] Installing zlib-ng-compat-0:2 100% |  65.6 MiB/s | 134.4 KiB |  00m00s
DEBUG util.py:459:  [ 24/156] Installing bzip2-libs-0:1.0.8 100% |  98.6 MiB/s | 201.9 KiB |  00m00s
DEBUG util.py:459:  [ 25/156] Installing xz-libs-1:5.6.2-2. 100% |  87.1 MiB/s | 267.5 KiB |  00m00s
DEBUG util.py:459:  [ 26/156] Installing readline-0:8.2-10. 100% | 147.6 MiB/s | 755.5 KiB |  00m00s
DEBUG util.py:459:  [ 27/156] Installing popt-0:1.19-7.fc41 100% |  34.1 MiB/s | 279.5 KiB |  00m00s
DEBUG util.py:459:  [ 28/156] Installing libuuid-0:2.40.4-1 100% |  33.7 MiB/s |  69.0 KiB |  00m00s
DEBUG util.py:459:  [ 29/156] Installing libblkid-0:2.40.4- 100% |  93.2 MiB/s | 286.3 KiB |  00m00s
DEBUG util.py:459:  [ 30/156] Installing gmp-1:6.3.0-2.fc41 100% | 141.5 MiB/s | 724.2 KiB |  00m00s
DEBUG util.py:459:  [ 31/156] Installing libattr-0:2.5.2-4. 100% |  96.5 MiB/s | 197.5 KiB |  00m00s
DEBUG util.py:459:  [ 32/156] Installing libacl-0:2.3.2-2.f 100% |  96.1 MiB/s | 196.9 KiB |  00m00s
DEBUG util.py:459:  [ 33/156] Installing libxcrypt-0:4.4.38 100% |  67.2 MiB/s | 275.3 KiB |  00m00s
DEBUG util.py:459:  [ 34/156] Installing libstdc++-0:14.2.1 100% | 208.5 MiB/s |   2.7 MiB |  00m00s
DEBUG util.py:459:  [ 35/156] Installing libzstd-0:1.5.7-1. 100% | 143.2 MiB/s | 733.3 KiB |  00m00s
DEBUG util.py:459:  [ 36/156] Installing elfutils-libelf-0: 100% | 198.3 MiB/s |   1.2 MiB |  00m00s
DEBUG util.py:459:  [ 37/156] Installing libeconf-0:0.6.2-3 100% |  67.6 MiB/s | 207.8 KiB |  00m00s
DEBUG util.py:459:  [ 38/156] Installing gdbm-libs-1:1.23-7 100% | 139.2 MiB/s | 427.7 KiB |  00m00s
DEBUG util.py:459:  [ 39/156] Installing dwz-0:0.15-8.fc41. 100% | 105.5 MiB/s | 324.1 KiB |  00m00s
DEBUG util.py:459:  [ 40/156] Installing mpfr-0:4.2.1-5.fc4 100% | 160.3 MiB/s | 820.5 KiB |  00m00s
DEBUG util.py:459:  [ 41/156] Installing gawk-0:5.3.0-4.fc4 100% | 203.0 MiB/s |   4.3 MiB |  00m00s
DEBUG util.py:459:  [ 42/156] Installing unzip-0:6.0-64.fc4 100% | 142.6 MiB/s | 730.2 KiB |  00m00s
DEBUG util.py:459:  [ 43/156] Installing file-libs-0:5.45-7 100% | 401.0 MiB/s |  10.0 MiB |  00m00s
DEBUG util.py:459:  [ 44/156] Installing file-0:5.45-7.fc41 100% |  12.5 MiB/s | 269.0 KiB |  00m00s
DEBUG util.py:459:  [ 45/156] Installing crypto-policies-0: 100% |   9.4 MiB/s | 163.7 KiB |  00m00s
DEBUG util.py:459:  [ 46/156] Installing pcre2-0:10.44-1.fc 100% | 177.1 MiB/s | 906.9 KiB |  00m00s
DEBUG util.py:459:  [ 47/156] Installing grep-0:3.11-9.fc41 100% |  78.4 MiB/s |   1.1 MiB |  00m00s
DEBUG util.py:459:  [ 48/156] Installing xz-1:5.6.2-2.fc41. 100% |  82.3 MiB/s |   1.5 MiB |  00m00s
DEBUG util.py:459:  [ 49/156] Installing libcap-ng-0:0.8.5- 100% | 136.4 MiB/s | 419.1 KiB |  00m00s
DEBUG util.py:459:  [ 50/156] Installing audit-libs-0:4.0.3 100% | 101.9 MiB/s | 417.3 KiB |  00m00s
DEBUG util.py:459:  [ 51/156] Installing pam-libs-0:1.6.1-7 100% |  55.1 MiB/s | 225.6 KiB |  00m00s
DEBUG util.py:459:  [ 52/156] Installing libcap-0:2.70-4.fc 100% | 196.6 MiB/s |   1.4 MiB |  00m00s
DEBUG util.py:459:  [ 53/156] Installing systemd-libs-0:256 100% | 184.0 MiB/s |   2.2 MiB |  00m00s
DEBUG util.py:459:  [ 54/156] Installing libsmartcols-0:2.4 100% |  72.0 MiB/s | 221.2 KiB |  00m00s
DEBUG util.py:459:  [ 55/156] Installing libsepol-0:3.7-2.f 100% | 170.9 MiB/s | 874.9 KiB |  00m00s
DEBUG util.py:459:  [ 56/156] Installing libselinux-0:3.7-5 100% |  86.7 MiB/s | 266.3 KiB |  00m00s
DEBUG util.py:459:  [ 57/156] Installing sed-0:4.9-3.fc41.a 100% |  82.2 MiB/s |   1.0 MiB |  00m00s
DEBUG util.py:459:  [ 58/156] Installing findutils-1:4.10.0 100% | 140.5 MiB/s |   2.1 MiB |  00m00s
DEBUG util.py:459:  [ 59/156] Installing libmount-0:2.40.4- 100% | 101.1 MiB/s | 414.0 KiB |  00m00s
DEBUG util.py:459:  [ 60/156] Installing alternatives-0:1.3 100% |  29.4 MiB/s |  90.3 KiB |  00m00s
DEBUG util.py:459:  [ 61/156] Installing lz4-libs-0:1.10.0- 100% |  85.5 MiB/s | 262.7 KiB |  00m00s
DEBUG util.py:459:  [ 62/156] Installing lua-libs-0:5.4.7-3 100% | 107.5 MiB/s | 330.3 KiB |  00m00s
DEBUG util.py:459:  [ 63/156] Installing libffi-0:3.4.6-3.f 100% |  92.4 MiB/s | 283.8 KiB |  00m00s
DEBUG util.py:459:  [ 64/156] Installing libcom_err-0:1.47. 100% |  54.9 MiB/s | 112.4 KiB |  00m00s
DEBUG util.py:459:  [ 65/156] Installing libtasn1-0:4.20.0- 100% |  72.4 MiB/s | 222.3 KiB |  00m00s
DEBUG util.py:459:  [ 66/156] Installing p11-kit-0:0.25.5-3 100% | 120.3 MiB/s |   2.6 MiB |  00m00s
DEBUG util.py:459:  [ 67/156] Installing libunistring-0:1.1 100% | 201.0 MiB/s |   1.8 MiB |  00m00s
DEBUG util.py:459:  [ 68/156] Installing libidn2-0:2.3.8-1. 100% |  69.2 MiB/s | 566.8 KiB |  00m00s
DEBUG util.py:459:  [ 69/156] Installing libpsl-0:0.21.5-4. 100% |  96.5 MiB/s | 197.7 KiB |  00m00s
DEBUG util.py:459:  [ 70/156] Installing p11-kit-trust-0:0. 100% |  32.1 MiB/s | 657.4 KiB |  00m00s
DEBUG util.py:459:  [ 71/156] Installing zstd-0:1.5.7-1.fc4 100% | 167.4 MiB/s |   1.5 MiB |  00m00s
DEBUG util.py:459:  [ 72/156] Installing util-linux-core-0: 100% | 106.5 MiB/s |   2.3 MiB |  00m00s
DEBUG util.py:459:  [ 73/156] Installing tar-2:1.35-4.fc41. 100% | 161.4 MiB/s |   3.1 MiB |  00m00s
DEBUG util.py:459:  [ 74/156] Installing libsemanage-0:3.7- 100% |  88.7 MiB/s | 363.3 KiB |  00m00s
DEBUG util.py:459:  [ 75/156] Installing shadow-utils-2:4.1 100% |  57.8 MiB/s |   4.6 MiB |  00m00s
DEBUG util.py:459:  [ 76/156] Installing libutempter-0:1.2. 100% | 102.5 MiB/s | 419.8 KiB |  00m00s
DEBUG util.py:459:  [ 77/156] Installing zip-0:3.0-41.fc41. 100% | 160.6 MiB/s |   1.1 MiB |  00m00s
DEBUG util.py:459:  [ 78/156] Installing gdbm-1:1.23-7.fc41 100% | 130.2 MiB/s | 933.4 KiB |  00m00s
DEBUG util.py:459:  [ 79/156] Installing cyrus-sasl-lib-0:2 100% | 207.1 MiB/s |   3.1 MiB |  00m00s
DEBUG util.py:459:  [ 80/156] Installing libfdisk-0:2.40.4- 100% | 100.9 MiB/s | 413.4 KiB |  00m00s
DEBUG util.py:459:  [ 81/156] Installing libxml2-0:2.12.10- 100% | 189.2 MiB/s |   1.9 MiB |  00m00s
DEBUG util.py:459:  [ 82/156] Installing bzip2-0:1.0.8-19.f 100% |  84.4 MiB/s | 432.2 KiB |  00m00s
DEBUG util.py:459:  [ 83/156] Installing add-determinism-0: 100% | 203.4 MiB/s |   2.0 MiB |  00m00s
DEBUG util.py:459:  [ 84/156] Installing build-reproducibil 100% | 500.0 KiB/s |   1.0 KiB |  00m00s
DEBUG util.py:459:  [ 85/156] Installing sqlite-libs-0:3.46 100% | 163.7 MiB/s |   1.5 MiB |  00m00s
DEBUG util.py:459:  [ 86/156] Installing ed-0:1.20.2-2.fc41 100% |  69.6 MiB/s | 285.1 KiB |  00m00s
DEBUG util.py:459:  [ 87/156] Installing patch-0:2.7.6-25.f 100% |  95.7 MiB/s | 392.1 KiB |  00m00s
DEBUG util.py:459:  [ 88/156] Installing elfutils-default-y 100% | 145.9 KiB/s |   2.0 KiB |  00m00s
DEBUG util.py:459:  [ 89/156] Installing elfutils-libs-0:0. 100% | 121.9 MiB/s | 748.8 KiB |  00m00s
DEBUG util.py:459:  [ 90/156] Installing cpio-0:2.15-2.fc41 100% | 111.0 MiB/s |   1.2 MiB |  00m00s
DEBUG util.py:459:  [ 91/156] Installing diffutils-0:3.10-8 100% | 140.6 MiB/s |   2.1 MiB |  00m00s
DEBUG util.py:459:  [ 92/156] Installing jansson-0:2.13.1-1 100% |  72.2 MiB/s | 221.9 KiB |  00m00s
DEBUG util.py:459:  [ 93/156] Installing libgomp-0:14.2.1-7 100% | 120.9 MiB/s | 495.2 KiB |  00m00s
DEBUG util.py:459:  [ 94/156] Installing json-c-0:0.17-4.fc 100% |  66.3 MiB/s | 203.7 KiB |  00m00s
DEBUG util.py:459:  [ 95/156] Installing libpkgconf-0:2.3.0 100% |  97.3 MiB/s | 199.2 KiB |  00m00s
DEBUG util.py:459:  [ 96/156] Installing pkgconf-0:2.3.0-1. 100% |  59.4 MiB/s | 243.1 KiB |  00m00s
DEBUG util.py:459:  [ 97/156] Installing pkgconf-pkg-config 100% | 886.7 KiB/s |   1.8 KiB |  00m00s
DEBUG util.py:459:  [ 98/156] Installing keyutils-libs-0:1. 100% |  74.2 MiB/s | 227.9 KiB |  00m00s
DEBUG util.py:459:  [ 99/156] Installing libverto-0:0.3.2-9 100% |  64.9 MiB/s | 199.3 KiB |  00m00s
DEBUG util.py:459:  [100/156] Installing xxhash-libs-0:0.8. 100% |  41.9 MiB/s |  85.9 KiB |  00m00s
DEBUG util.py:459:  [101/156] Installing libbrotli-0:1.1.0- 100% | 163.0 MiB/s |   1.1 MiB |  00m00s
DEBUG util.py:459:  [102/156] Installing libnghttp2-0:1.62. 100% |  64.9 MiB/s | 199.3 KiB |  00m00s
DEBUG util.py:459:  [103/156] Installing libtool-ltdl-0:2.4 100% |  72.7 MiB/s | 223.4 KiB |  00m00s
DEBUG util.py:459:  [104/156] Installing rust-srpm-macros-0 100% |   2.7 MiB/s |   5.6 KiB |  00m00s
DEBUG util.py:459:  [105/156] Installing qt6-srpm-macros-0: 100% | 714.8 KiB/s | 732.0   B |  00m00s
DEBUG util.py:459:  [106/156] Installing qt5-srpm-macros-0: 100% | 757.8 KiB/s | 776.0   B |  00m00s
DEBUG util.py:459:  [107/156] Installing perl-srpm-macros-0 100% |   1.1 MiB/s |   1.1 KiB |  00m00s
DEBUG util.py:459:  [108/156] Installing package-notes-srpm 100% |   1.0 MiB/s |   2.0 KiB |  00m00s
DEBUG util.py:459:  [109/156] Installing openblas-srpm-macr 100% | 382.8 KiB/s | 392.0   B |  00m00s
DEBUG util.py:459:  [110/156] Installing ocaml-srpm-macros- 100% |   2.1 MiB/s |   2.2 KiB |  00m00s
DEBUG util.py:459:  [111/156] Installing kernel-srpm-macros 100% |   1.1 MiB/s |   2.3 KiB |  00m00s
DEBUG util.py:459:  [112/156] Installing gnat-srpm-macros-0 100% |   1.2 MiB/s |   1.3 KiB |  00m00s
DEBUG util.py:459:  [113/156] Installing ghc-srpm-macros-0: 100% |   1.0 MiB/s |   1.0 KiB |  00m00s
DEBUG util.py:459:  [114/156] Installing fpc-srpm-macros-0: 100% | 410.2 KiB/s | 420.0   B |  00m00s
DEBUG util.py:459:  [115/156] Installing ansible-srpm-macro 100% |  17.7 MiB/s |  36.2 KiB |  00m00s
DEBUG util.py:459:  [116/156] Installing coreutils-common-0 100% | 183.4 MiB/s |  11.2 MiB |  00m00s
DEBUG util.py:459:  [117/156] Installing openssl-libs-1:3.2 100% | 220.6 MiB/s |   6.4 MiB |  00m00s
DEBUG util.py:459:  [118/156] Installing coreutils-0:9.5-11 100% | 130.9 MiB/s |   8.0 MiB |  00m00s
DEBUG util.py:459:  [119/156] Installing ca-certificates-0: 100% |   1.8 MiB/s |   2.4 MiB |  00m01s
DEBUG util.py:459:  [120/156] Installing krb5-libs-0:1.21.3 100% | 136.6 MiB/s |   2.6 MiB |  00m00s
DEBUG util.py:459:  [121/156] Installing libarchive-0:3.7.4 100% | 148.5 MiB/s | 912.6 KiB |  00m00s
DEBUG util.py:459:  [122/156] Installing libtirpc-0:1.3.6-1 100% |  50.6 MiB/s | 207.3 KiB |  00m00s
DEBUG util.py:459:  [123/156] Installing gzip-0:1.13-2.fc41 100% |  69.0 MiB/s | 494.4 KiB |  00m00s
DEBUG util.py:459:  [124/156] Installing authselect-libs-0: 100% |  53.9 MiB/s | 882.8 KiB |  00m00s
DEBUG util.py:459:  [125/156] Installing cracklib-0:2.9.11- 100% |  71.1 MiB/s | 946.3 KiB |  00m00s
DEBUG util.py:459:  [126/156] Installing libpwquality-0:1.4 100% |  73.8 MiB/s |   1.1 MiB |  00m00s
DEBUG util.py:459:  [127/156] Installing libnsl2-0:2.0.1-2. 100% |  72.6 MiB/s | 223.2 KiB |  00m00s
DEBUG util.py:459:  [128/156] Installing pam-0:1.6.1-7.fc41 100% |  95.3 MiB/s |   4.3 MiB |  00m00s
DEBUG util.py:459:  [129/156] Installing libssh-0:0.10.6-8. 100% | 113.9 MiB/s | 583.4 KiB |  00m00s
DEBUG util.py:459:  [130/156] Installing rpm-sequoia-0:1.7. 100% | 191.5 MiB/s |   2.3 MiB |  00m00s
DEBUG util.py:459:  [131/156] Installing rpm-libs-0:4.20.1- 100% | 119.7 MiB/s | 735.5 KiB |  00m00s
DEBUG util.py:459:  [132/156] Installing rpm-build-libs-0:4 100% |  65.0 MiB/s | 199.6 KiB |  00m00s
DEBUG util.py:459:  [133/156] Installing libevent-0:2.1.12- 100% | 190.4 MiB/s |   1.5 MiB |  00m00s
DEBUG util.py:459:  [134/156] Installing openldap-0:2.6.9-1 100% | 106.7 MiB/s | 765.1 KiB |  00m00s
DEBUG util.py:459:  [135/156] Installing libcurl-0:8.9.1-3. 100% | 152.8 MiB/s | 782.2 KiB |  00m00s
DEBUG util.py:459:  [136/156] Installing elfutils-debuginfo 100% |  35.8 MiB/s | 146.5 KiB |  00m00s
DEBUG util.py:459:  [137/156] Installing binutils-0:2.43.1- 100% | 203.7 MiB/s |  30.6 MiB |  00m00s
DEBUG util.py:459:  [138/156] Installing elfutils-0:0.193-2 100% | 178.1 MiB/s |   3.2 MiB |  00m00s
DEBUG util.py:459:  [139/156] Installing gdb-minimal-0:16.2 100% | 242.7 MiB/s |  13.1 MiB |  00m00s
DEBUG util.py:459:  [140/156] Installing debugedit-0:5.1-6. 100% |  48.3 MiB/s | 247.5 KiB |  00m00s
DEBUG util.py:459:  [141/156] Installing curl-0:8.9.1-3.fc4 100% |  28.8 MiB/s | 795.9 KiB |  00m00s
DEBUG util.py:459:  [142/156] Installing rpm-0:4.20.1-1.fc4 100% |  70.3 MiB/s |   2.7 MiB |  00m00s
DEBUG util.py:459:  [143/156] Installing efi-srpm-macros-0: 100% |  20.1 MiB/s |  41.2 KiB |  00m00s
DEBUG util.py:459:  [144/156] Installing lua-srpm-macros-0: 100% | 951.2 KiB/s |   1.9 KiB |  00m00s
DEBUG util.py:459:  [145/156] Installing zig-srpm-macros-0: 100% | 832.0 KiB/s |   1.7 KiB |  00m00s
DEBUG util.py:459:  [146/156] Installing fonts-srpm-macros- 100% |  27.8 MiB/s |  57.0 KiB |  00m00s
DEBUG util.py:459:  [147/156] Installing forge-srpm-macros- 100% |  19.7 MiB/s |  40.3 KiB |  00m00s
DEBUG util.py:459:  [148/156] Installing go-srpm-macros-0:3 100% |  30.3 MiB/s |  62.0 KiB |  00m00s
DEBUG util.py:459:  [149/156] Installing python-srpm-macros 100% |  25.5 MiB/s |  52.2 KiB |  00m00s
DEBUG util.py:459:  [150/156] Installing redhat-rpm-config- 100% |  26.5 MiB/s | 190.2 KiB |  00m00s
DEBUG util.py:459:  [151/156] Installing rpm-build-0:4.20.1 100% |  57.9 MiB/s | 533.9 KiB |  00m00s
DEBUG util.py:459:  [152/156] Installing pyproject-srpm-mac 100% | 834.6 KiB/s |   2.5 KiB |  00m00s
DEBUG util.py:459:  [153/156] Installing util-linux-0:2.40. 100% |  87.3 MiB/s |   6.7 MiB |  00m00s
DEBUG util.py:459:  [154/156] Installing authselect-0:1.5.0 100% |  30.3 MiB/s | 185.9 KiB |  00m00s
DEBUG util.py:459:  [155/156] Installing which-0:2.21-42.fc 100% |  61.1 MiB/s | 250.4 KiB |  00m00s
DEBUG util.py:459:  [156/156] Installing info-0:7.1.1-1.fc4 100% | 125.3 KiB/s | 422.0 KiB |  00m03s
DEBUG util.py:459:  Warning: skipped OpenPGP checks for 154 packages from repository: build
DEBUG util.py:459:  Complete!
DEBUG util.py:608:  Child return code was: 0
DEBUG util.py:183:  kill orphans in chroot /var/lib/mock/f41-build-59362116-6573023/root
DEBUG util.py:183:  kill orphans in chroot /var/lib/mock/f41-build-59362116-6573023-bootstrap/root/var/lib/mock/f41-build-59362116-6573023/root
DEBUG util.py:634:  child environment: None
DEBUG util.py:556:  Executing command: ['/bin/umount', '-n', '-l', '/var/lib/mock/f41-build-59362116-6573023-bootstrap/root/var/lib/mock/f41-build-59362116-6573023/root'] with env {'TERM': 'vt100', 'SHELL': '/bin/sh', 'HOME': '/builddir', 'HOSTNAME': 'mock', 'PATH': '/usr/bin:/bin:/usr/sbin:/sbin', 'LANG': 'C.UTF-8'} and shell False
DEBUG util.py:608:  Child return code was: 0
DEBUG util.py:634:  child environment: None
DEBUG util.py:556:  Executing command: ['/bin/umount', '-n', '-l', '/var/lib/mock/f41-build-59362116-6573023-bootstrap/root/var/lib/mock/f41-build-59362116-6573023/root'] with env {'TERM': 'vt100', 'SHELL': '/bin/sh', 'HOME': '/builddir', 'HOSTNAME': 'mock', 'PATH': '/usr/bin:/bin:/usr/sbin:/sbin', 'LANG': 'C.UTF-8'} and shell False
DEBUG util.py:608:  Child return code was: 0
DEBUG util.py:634:  child environment: None
DEBUG util.py:556:  Executing command: ['/bin/umount', '-n', '-l', '/var/lib/mock/f41-build-59362116-6573023/root/sys/fs/selinux'] with env {'TERM': 'vt100', 'SHELL': '/bin/sh', 'HOME': '/builddir', 'HOSTNAME': 'mock', 'PATH': '/usr/bin:/bin:/usr/sbin:/sbin', 'LANG': 'C.UTF-8'} and shell False
DEBUG util.py:608:  Child return code was: 0
DEBUG util.py:634:  child environment: None
DEBUG util.py:556:  Executing command: ['/bin/umount', '-n', '/var/lib/mock/f41-build-59362116-6573023/root/proc/filesystems'] with env {'TERM': 'vt100', 'SHELL': '/bin/sh', 'HOME': '/builddir', 'HOSTNAME': 'mock', 'PATH': '/usr/bin:/bin:/usr/sbin:/sbin', 'LANG': 'C.UTF-8'} and shell False
DEBUG util.py:608:  Child return code was: 0
DEBUG util.py:634:  child environment: None
DEBUG util.py:556:  Executing command: ['/bin/umount', '-n', '-l', '/var/lib/mock/f41-build-59362116-6573023/root/dev/pts'] with env {'TERM': 'vt100', 'SHELL': '/bin/sh', 'HOME': '/builddir', 'HOSTNAME': 'mock', 'PATH': '/usr/bin:/bin:/usr/sbin:/sbin', 'LANG': 'C.UTF-8'} and shell False
DEBUG util.py:608:  Child return code was: 0
DEBUG util.py:634:  child environment: None
DEBUG util.py:556:  Executing command: ['/bin/umount', '-n', '-l', '/var/lib/mock/f41-build-59362116-6573023/root/dev/shm'] with env {'TERM': 'vt100', 'SHELL': '/bin/sh', 'HOME': '/builddir', 'HOSTNAME': 'mock', 'PATH': '/usr/bin:/bin:/usr/sbin:/sbin', 'LANG': 'C.UTF-8'} and shell False
DEBUG util.py:608:  Child return code was: 0
DEBUG util.py:634:  child environment: None
DEBUG util.py:556:  Executing command: ['/bin/umount', '-n', '-l', '/var/lib/mock/f41-build-59362116-6573023/root/sys'] with env {'TERM': 'vt100', 'SHELL': '/bin/sh', 'HOME': '/builddir', 'HOSTNAME': 'mock', 'PATH': '/usr/bin:/bin:/usr/sbin:/sbin', 'LANG': 'C.UTF-8'} and shell False
DEBUG util.py:608:  Child return code was: 0
DEBUG util.py:634:  child environment: None
DEBUG util.py:556:  Executing command: ['/bin/umount', '-n', '-l', '/var/lib/mock/f41-build-59362116-6573023/root/sys'] with env {'TERM': 'vt100', 'SHELL': '/bin/sh', 'HOME': '/builddir', 'HOSTNAME': 'mock', 'PATH': '/usr/bin:/bin:/usr/sbin:/sbin', 'LANG': 'C.UTF-8'} and shell False
DEBUG util.py:608:  Child return code was: 0
DEBUG util.py:634:  child environment: None
DEBUG util.py:556:  Executing command: ['/bin/umount', '-n', '-l', '/var/lib/mock/f41-build-59362116-6573023/root/proc'] with env {'TERM': 'vt100', 'SHELL': '/bin/sh', 'HOME': '/builddir', 'HOSTNAME': 'mock', 'PATH': '/usr/bin:/bin:/usr/sbin:/sbin', 'LANG': 'C.UTF-8'} and shell False
DEBUG util.py:608:  Child return code was: 0
DEBUG util.py:634:  child environment: None
DEBUG util.py:556:  Executing command: ['/bin/umount', '-n', '-l', '/var/lib/mock/f41-build-59362116-6573023/root/proc'] with env {'TERM': 'vt100', 'SHELL': '/bin/sh', 'HOME': '/builddir', 'HOSTNAME': 'mock', 'PATH': '/usr/bin:/bin:/usr/sbin:/sbin', 'LANG': 'C.UTF-8'} and shell False
DEBUG util.py:608:  Child return code was: 0
DEBUG file_util.py:30:  touching file: /var/lib/mock/f41-build-59362116-6573023/root/etc/os-release
DEBUG file_util.py:18:  ensuring that dir exists: /var/lib/mock/f41-build-59362116-6573023/root/builddir/build
DEBUG file_util.py:21:  created dir: /var/lib/mock/f41-build-59362116-6573023/root/builddir/build
DEBUG file_util.py:18:  ensuring that dir exists: /var/lib/mock/f41-build-59362116-6573023/root/builddir/build/RPMS
DEBUG file_util.py:21:  created dir: /var/lib/mock/f41-build-59362116-6573023/root/builddir/build/RPMS
DEBUG file_util.py:18:  ensuring that dir exists: /var/lib/mock/f41-build-59362116-6573023/root/builddir/build/SPECS
DEBUG file_util.py:21:  created dir: /var/lib/mock/f41-build-59362116-6573023/root/builddir/build/SPECS
DEBUG file_util.py:18:  ensuring that dir exists: /var/lib/mock/f41-build-59362116-6573023/root/builddir/build/SRPMS
DEBUG file_util.py:21:  created dir: /var/lib/mock/f41-build-59362116-6573023/root/builddir/build/SRPMS
DEBUG file_util.py:18:  ensuring that dir exists: /var/lib/mock/f41-build-59362116-6573023/root/builddir/build/SOURCES
DEBUG file_util.py:21:  created dir: /var/lib/mock/f41-build-59362116-6573023/root/builddir/build/SOURCES
DEBUG file_util.py:18:  ensuring that dir exists: /var/lib/mock/f41-build-59362116-6573023/root/builddir/build/BUILD
DEBUG file_util.py:21:  created dir: /var/lib/mock/f41-build-59362116-6573023/root/builddir/build/BUILD
DEBUG file_util.py:18:  ensuring that dir exists: /var/lib/mock/f41-build-59362116-6573023/root/builddir/build/BUILDROOT
DEBUG file_util.py:21:  created dir: /var/lib/mock/f41-build-59362116-6573023/root/builddir/build/BUILDROOT
DEBUG file_util.py:18:  ensuring that dir exists: /var/lib/mock/f41-build-59362116-6573023/root/builddir/build/originals
DEBUG file_util.py:21:  created dir: /var/lib/mock/f41-build-59362116-6573023/root/builddir/build/originals
DEBUG file_util.py:18:  ensuring that dir exists: /var/lib/mock/f41-build-59362116-6573023/root/builddir
DEBUG util.py:634:  child environment: None
DEBUG util.py:556:  Executing command: ['userdel', '-f', 'mockbuild', '--prefix', '/var/lib/mock/f41-build-59362116-6573023/root'] with env {'TERM': 'vt100', 'SHELL': '/bin/sh', 'HOME': '/builddir', 'HOSTNAME': 'mock', 'PATH': '/usr/bin:/bin:/usr/sbin:/sbin', 'LANG': 'C.UTF-8'} and shell False
DEBUG util.py:459:  userdel: user 'mockbuild' does not exist
DEBUG util.py:608:  Child return code was: 6
DEBUG util.py:634:  child environment: None
DEBUG util.py:556:  Executing command: ['groupdel', 'mock', '--prefix', '/var/lib/mock/f41-build-59362116-6573023/root'] with env {'TERM': 'vt100', 'SHELL': '/bin/sh', 'HOME': '/builddir', 'HOSTNAME': 'mock', 'PATH': '/usr/bin:/bin:/usr/sbin:/sbin', 'LANG': 'C.UTF-8'} and shell False
DEBUG util.py:459:  groupdel: group 'mock' does not exist
DEBUG util.py:608:  Child return code was: 6
DEBUG util.py:634:  child environment: None
DEBUG util.py:556:  Executing command: ['groupadd', 'mock', '-g', '425', '--prefix', '/var/lib/mock/f41-build-59362116-6573023/root'] with env {'TERM': 'vt100', 'SHELL': '/bin/sh', 'HOME': '/builddir', 'HOSTNAME': 'mock', 'PATH': '/usr/bin:/bin:/usr/sbin:/sbin', 'LANG': 'C.UTF-8'} and shell False
DEBUG util.py:608:  Child return code was: 0
DEBUG util.py:634:  child environment: None
DEBUG util.py:556:  Executing command: ['useradd', 'mockbuild', '-o', '-u', '1000', '-g', '425', '-N', '-d', '/builddir', '--prefix', '/var/lib/mock/f41-build-59362116-6573023/root'] with env {'TERM': 'vt100', 'SHELL': '/bin/sh', 'HOME': '/builddir', 'HOSTNAME': 'mock', 'PATH': '/usr/bin:/bin:/usr/sbin:/sbin', 'LANG': 'C.UTF-8'} and shell False
DEBUG util.py:459:  useradd: warning: the home directory /builddir already exists.
DEBUG util.py:459:  useradd: Not copying any file from skel directory into it.
DEBUG util.py:608:  Child return code was: 0
DEBUG file_util.py:30:  touching file: /var/lib/mock/f41-build-59362116-6573023/root/.initialized
DEBUG file_util.py:18:  ensuring that dir exists: /var/lib/mock/f41-build-59362116-6573023-bootstrap/root/var/lib/mock/f41-build-59362116-6573023/root
DEBUG util.py:634:  child environment: None
DEBUG util.py:556:  Executing command: ['/bin/mount', '-n', '-t', 'tmpfs', '-o', 'private,mode=0755', 'tmpfs', '/var/lib/mock/f41-build-59362116-6573023-bootstrap/root/var/lib/mock/f41-build-59362116-6573023/root'] with env {'TERM': 'vt100', 'SHELL': '/bin/sh', 'HOME': '/builddir', 'HOSTNAME': 'mock', 'PATH': '/usr/bin:/bin:/usr/sbin:/sbin', 'LANG': 'C.UTF-8'} and shell False
DEBUG util.py:608:  Child return code was: 0
DEBUG file_util.py:18:  ensuring that dir exists: /var/lib/mock/f41-build-59362116-6573023-bootstrap/root/var/lib/mock/f41-build-59362116-6573023/root
DEBUG util.py:634:  child environment: None
DEBUG util.py:556:  Executing command: ['/bin/mount', '-n', '-o', 'rbind', '/var/lib/mock/f41-build-59362116-6573023/root', '/var/lib/mock/f41-build-59362116-6573023-bootstrap/root/var/lib/mock/f41-build-59362116-6573023/root'] with env {'TERM': 'vt100', 'SHELL': '/bin/sh', 'HOME': '/builddir', 'HOSTNAME': 'mock', 'PATH': '/usr/bin:/bin:/usr/sbin:/sbin', 'LANG': 'C.UTF-8'} and shell False
DEBUG util.py:608:  Child return code was: 0
DEBUG util.py:634:  child environment: None
DEBUG util.py:556:  Executing command: ['/bin/mount', '-n', '-o', 'remount,private,rbind', '--target', '/var/lib/mock/f41-build-59362116-6573023-bootstrap/root/var/lib/mock/f41-build-59362116-6573023/root'] with env {'TERM': 'vt100', 'SHELL': '/bin/sh', 'HOME': '/builddir', 'HOSTNAME': 'mock', 'PATH': '/usr/bin:/bin:/usr/sbin:/sbin', 'LANG': 'C.UTF-8'} and shell False
DEBUG util.py:608:  Child return code was: 0
DEBUG util.py:634:  child environment: None
DEBUG util.py:551:  Using nspawn with args ['--capability=cap_ipc_lock', '--rlimit=RLIMIT_CORE=infinity', '--bind=/tmp/mock-resolv.of9cark5:/etc/resolv.conf']
DEBUG util.py:556:  Executing command: ['/usr/bin/systemd-nspawn', '-q', '-M', 'b8498711ec56416cafa3163e1882df0c', '-D', '/var/lib/mock/f41-build-59362116-6573023-bootstrap/root', '-a', '--capability=cap_ipc_lock', '--rlimit=RLIMIT_CORE=infinity', '--bind=/tmp/mock-resolv.of9cark5:/etc/resolv.conf', '--console=pipe', '--setenv=TERM=vt100', '--setenv=SHELL=/bin/bash', '--setenv=HOME=/builddir', '--setenv=HOSTNAME=mock', '--setenv=PATH=/usr/bin:/bin:/usr/sbin:/sbin', '--setenv=PROMPT_COMMAND=printf "\\033]0;<mock-chroot>\\007"', '--setenv=PS1=<mock-chroot> \\s-\\v\\$ ', '--setenv=LANG=C.UTF-8', '--resolv-conf=off', '/bin/rpm', '-qa', '--root', '/var/lib/mock/f41-build-59362116-6573023/root'] with env {'TERM': 'vt100', 'SHELL': '/bin/bash', 'HOME': '/builddir', 'HOSTNAME': 'mock', 'PATH': '/usr/bin:/bin:/usr/sbin:/sbin', 'PROMPT_COMMAND': 'printf "\\033]0;<mock-chroot>\\007"', 'PS1': '<mock-chroot> \\s-\\v\\$ ', 'LANG': 'C.UTF-8', 'SYSTEMD_NSPAWN_TMPFS_TMP': '0', 'SYSTEMD_SECCOMP': '0'} and shell False
DEBUG util.py:461:  libgcc-14.2.1-7.fc41.aarch64
DEBUG util.py:461:  libssh-config-0.10.6-8.fc41.noarch
DEBUG util.py:461:  publicsuffix-list-dafsa-20250116-1.fc41.noarch
DEBUG util.py:461:  fedora-release-identity-basic-41-32.noarch
DEBUG util.py:461:  fedora-gpg-keys-41-1.noarch
DEBUG util.py:461:  fedora-repos-41-1.noarch
DEBUG util.py:461:  fedora-release-common-41-32.noarch
DEBUG util.py:461:  fedora-release-41-32.noarch
DEBUG util.py:461:  setup-2.15.0-8.fc41.noarch
DEBUG util.py:461:  filesystem-3.18-23.fc41.aarch64
DEBUG util.py:461:  basesystem-11-21.fc41.noarch
DEBUG util.py:461:  pkgconf-m4-2.3.0-1.fc41.noarch
DEBUG util.py:461:  pcre2-syntax-10.44-1.fc41.1.noarch
DEBUG util.py:461:  ncurses-base-6.5-2.20240629.fc41.noarch
DEBUG util.py:461:  glibc-minimal-langpack-2.40-25.fc41.aarch64
DEBUG util.py:461:  ncurses-libs-6.5-2.20240629.fc41.aarch64
DEBUG util.py:461:  glibc-2.40-25.fc41.aarch64
DEBUG util.py:461:  bash-5.2.32-1.fc41.aarch64
DEBUG util.py:461:  glibc-common-2.40-25.fc41.aarch64
DEBUG util.py:461:  glibc-gconv-extra-2.40-25.fc41.aarch64
DEBUG util.py:461:  zlib-ng-compat-2.2.3-2.fc41.aarch64
DEBUG util.py:461:  bzip2-libs-1.0.8-19.fc41.aarch64
DEBUG util.py:461:  xz-libs-5.6.2-2.fc41.aarch64
DEBUG util.py:461:  readline-8.2-10.fc41.aarch64
DEBUG util.py:461:  popt-1.19-7.fc41.aarch64
DEBUG util.py:461:  libuuid-2.40.4-1.fc41.aarch64
DEBUG util.py:461:  libblkid-2.40.4-1.fc41.aarch64
DEBUG util.py:461:  gmp-6.3.0-2.fc41.aarch64
DEBUG util.py:461:  libattr-2.5.2-4.fc41.aarch64
DEBUG util.py:461:  libacl-2.3.2-2.fc41.aarch64
DEBUG util.py:461:  libxcrypt-4.4.38-7.fc41.aarch64
DEBUG util.py:461:  libstdc++-14.2.1-7.fc41.aarch64
DEBUG util.py:461:  libzstd-1.5.7-1.fc41.aarch64
DEBUG util.py:461:  elfutils-libelf-0.193-2.fc41.aarch64
DEBUG util.py:461:  libeconf-0.6.2-3.fc41.aarch64
DEBUG util.py:461:  gdbm-libs-1.23-7.fc41.aarch64
DEBUG util.py:461:  dwz-0.15-8.fc41.aarch64
DEBUG util.py:461:  mpfr-4.2.1-5.fc41.aarch64
DEBUG util.py:461:  gawk-5.3.0-4.fc41.aarch64
DEBUG util.py:461:  unzip-6.0-64.fc41.aarch64
DEBUG util.py:461:  file-libs-5.45-7.fc41.aarch64
DEBUG util.py:461:  file-5.45-7.fc41.aarch64
DEBUG util.py:461:  crypto-policies-20250124-1.git4d262e7.fc41.noarch
DEBUG util.py:461:  pcre2-10.44-1.fc41.1.aarch64
DEBUG util.py:461:  grep-3.11-9.fc41.aarch64
DEBUG util.py:461:  xz-5.6.2-2.fc41.aarch64
DEBUG util.py:461:  libcap-ng-0.8.5-3.fc41.aarch64
DEBUG util.py:461:  audit-libs-4.0.3-1.fc41.aarch64
DEBUG util.py:461:  pam-libs-1.6.1-7.fc41.aarch64
DEBUG util.py:461:  libcap-2.70-4.fc41.aarch64
DEBUG util.py:461:  systemd-libs-256.12-1.fc41.aarch64
DEBUG util.py:461:  libsmartcols-2.40.4-1.fc41.aarch64
DEBUG util.py:461:  libsepol-3.7-2.fc41.aarch64
DEBUG util.py:461:  libselinux-3.7-5.fc41.aarch64
DEBUG util.py:461:  sed-4.9-3.fc41.aarch64
DEBUG util.py:461:  findutils-4.10.0-4.fc41.aarch64
DEBUG util.py:461:  libmount-2.40.4-1.fc41.aarch64
DEBUG util.py:461:  alternatives-1.31-1.fc41.aarch64
DEBUG util.py:461:  lz4-libs-1.10.0-1.fc41.aarch64
DEBUG util.py:461:  lua-libs-5.4.7-3.fc41.aarch64
DEBUG util.py:461:  libffi-3.4.6-3.fc41.aarch64
DEBUG util.py:461:  libcom_err-1.47.1-6.fc41.aarch64
DEBUG util.py:461:  libtasn1-4.20.0-1.fc41.aarch64
DEBUG util.py:461:  p11-kit-0.25.5-3.fc41.aarch64
DEBUG util.py:461:  libunistring-1.1-8.fc41.aarch64
DEBUG util.py:461:  libidn2-2.3.8-1.fc41.aarch64
DEBUG util.py:461:  libpsl-0.21.5-4.fc41.aarch64
DEBUG util.py:461:  p11-kit-trust-0.25.5-3.fc41.aarch64
DEBUG util.py:461:  zstd-1.5.7-1.fc41.aarch64
DEBUG util.py:461:  util-linux-core-2.40.4-1.fc41.aarch64
DEBUG util.py:461:  tar-1.35-4.fc41.aarch64
DEBUG util.py:461:  libsemanage-3.7-2.fc41.aarch64
DEBUG util.py:461:  shadow-utils-4.15.1-12.fc41.aarch64
DEBUG util.py:461:  libutempter-1.2.1-15.fc41.aarch64
DEBUG util.py:461:  zip-3.0-41.fc41.aarch64
DEBUG util.py:461:  gdbm-1.23-7.fc41.aarch64
DEBUG util.py:461:  cyrus-sasl-lib-2.1.28-27.fc41.aarch64
DEBUG util.py:461:  libfdisk-2.40.4-1.fc41.aarch64
DEBUG util.py:461:  libxml2-2.12.10-1.fc41.aarch64
DEBUG util.py:461:  bzip2-1.0.8-19.fc41.aarch64
DEBUG util.py:461:  add-determinism-0.3.6-3.fc41.aarch64
DEBUG util.py:461:  build-reproducibility-srpm-macros-0.3.6-3.fc41.noarch
DEBUG util.py:461:  sqlite-libs-3.46.1-2.fc41.aarch64
DEBUG util.py:461:  ed-1.20.2-2.fc41.aarch64
DEBUG util.py:461:  patch-2.7.6-25.fc41.aarch64
DEBUG util.py:461:  elfutils-default-yama-scope-0.193-2.fc41.noarch
DEBUG util.py:461:  elfutils-libs-0.193-2.fc41.aarch64
DEBUG util.py:461:  cpio-2.15-2.fc41.aarch64
DEBUG util.py:461:  diffutils-3.10-8.fc41.aarch64
DEBUG util.py:461:  jansson-2.13.1-10.fc41.aarch64
DEBUG util.py:461:  libgomp-14.2.1-7.fc41.aarch64
DEBUG util.py:461:  json-c-0.17-4.fc41.aarch64
DEBUG util.py:461:  libpkgconf-2.3.0-1.fc41.aarch64
DEBUG util.py:461:  pkgconf-2.3.0-1.fc41.aarch64
DEBUG util.py:461:  pkgconf-pkg-config-2.3.0-1.fc41.aarch64
DEBUG util.py:461:  keyutils-libs-1.6.3-4.fc41.aarch64
DEBUG util.py:461:  libverto-0.3.2-9.fc41.aarch64
DEBUG util.py:461:  xxhash-libs-0.8.3-1.fc41.aarch64
DEBUG util.py:461:  libbrotli-1.1.0-5.fc41.aarch64
DEBUG util.py:461:  libnghttp2-1.62.1-3.fc41.aarch64
DEBUG util.py:461:  libtool-ltdl-2.4.7-12.fc41.aarch64
DEBUG util.py:461:  rust-srpm-macros-26.3-3.fc41.noarch
DEBUG util.py:461:  qt6-srpm-macros-6.8.2-1.fc41.noarch
DEBUG util.py:461:  qt5-srpm-macros-5.15.15-1.fc41.noarch
DEBUG util.py:461:  perl-srpm-macros-1-56.fc41.noarch
DEBUG util.py:461:  package-notes-srpm-macros-0.5-12.fc41.noarch
DEBUG util.py:461:  openblas-srpm-macros-2-18.fc41.noarch
DEBUG util.py:461:  ocaml-srpm-macros-10-3.fc41.noarch
DEBUG util.py:461:  kernel-srpm-macros-1.0-24.fc41.noarch
DEBUG util.py:461:  gnat-srpm-macros-6-6.fc41.noarch
DEBUG util.py:461:  ghc-srpm-macros-1.9.1-2.fc41.noarch
DEBUG util.py:461:  fpc-srpm-macros-1.3-13.fc41.noarch
DEBUG util.py:461:  ansible-srpm-macros-1-16.fc41.noarch
DEBUG util.py:461:  coreutils-common-9.5-11.fc41.aarch64
DEBUG util.py:461:  openssl-libs-3.2.4-1.fc41.aarch64
DEBUG util.py:461:  coreutils-9.5-11.fc41.aarch64
DEBUG util.py:461:  ca-certificates-2024.2.69_v8.0.401-1.0.fc41.noarch
DEBUG util.py:461:  krb5-libs-1.21.3-4.fc41.aarch64
DEBUG util.py:461:  libarchive-3.7.4-4.fc41.aarch64
DEBUG util.py:461:  libtirpc-1.3.6-1.rc3.fc41.aarch64
DEBUG util.py:461:  gzip-1.13-2.fc41.aarch64
DEBUG util.py:461:  authselect-libs-1.5.0-8.fc41.aarch64
DEBUG util.py:461:  cracklib-2.9.11-6.fc41.aarch64
DEBUG util.py:461:  libpwquality-1.4.5-11.fc41.aarch64
DEBUG util.py:461:  libnsl2-2.0.1-2.fc41.aarch64
DEBUG util.py:461:  pam-1.6.1-7.fc41.aarch64
DEBUG util.py:461:  libssh-0.10.6-8.fc41.aarch64
DEBUG util.py:461:  rpm-sequoia-1.7.0-5.fc41.aarch64
DEBUG util.py:461:  rpm-libs-4.20.1-1.fc41.aarch64
DEBUG util.py:461:  rpm-build-libs-4.20.1-1.fc41.aarch64
DEBUG util.py:461:  libevent-2.1.12-14.fc41.aarch64
DEBUG util.py:461:  openldap-2.6.9-1.fc41.aarch64
DEBUG util.py:461:  libcurl-8.9.1-3.fc41.aarch64
DEBUG util.py:461:  elfutils-debuginfod-client-0.193-2.fc41.aarch64
DEBUG util.py:461:  binutils-2.43.1-5.fc41.aarch64
DEBUG util.py:461:  elfutils-0.193-2.fc41.aarch64
DEBUG util.py:461:  gdb-minimal-16.2-2.fc41.aarch64
DEBUG util.py:461:  debugedit-5.1-6.fc41.aarch64
DEBUG util.py:461:  curl-8.9.1-3.fc41.aarch64
DEBUG util.py:461:  rpm-4.20.1-1.fc41.aarch64
DEBUG util.py:461:  efi-srpm-macros-5-13.fc41.noarch
DEBUG util.py:461:  lua-srpm-macros-1-14.fc41.noarch
DEBUG util.py:461:  zig-srpm-macros-1-3.fc41.noarch
DEBUG util.py:461:  fonts-srpm-macros-2.0.5-17.fc41.noarch
DEBUG util.py:461:  forge-srpm-macros-0.4.0-1.fc41.noarch
DEBUG util.py:461:  go-srpm-macros-3.6.0-5.fc41.noarch
DEBUG util.py:461:  python-srpm-macros-3.13-3.fc41.noarch
DEBUG util.py:461:  redhat-rpm-config-294-1.fc41.noarch
DEBUG util.py:461:  rpm-build-4.20.1-1.fc41.aarch64
DEBUG util.py:461:  pyproject-srpm-macros-1.18.1-1.fc41.noarch
DEBUG util.py:461:  util-linux-2.40.4-1.fc41.aarch64
DEBUG util.py:461:  authselect-1.5.0-8.fc41.aarch64
DEBUG util.py:461:  which-2.21-42.fc41.aarch64
DEBUG util.py:461:  info-7.1.1-1.fc41.aarch64
DEBUG util.py:608:  Child return code was: 0
DEBUG util.py:183:  kill orphans in chroot /var/lib/mock/f41-build-59362116-6573023/root
DEBUG util.py:183:  kill orphans in chroot /var/lib/mock/f41-build-59362116-6573023-bootstrap/root/var/lib/mock/f41-build-59362116-6573023/root
DEBUG util.py:634:  child environment: None
DEBUG util.py:556:  Executing command: ['/bin/umount', '-n', '-l', '/var/lib/mock/f41-build-59362116-6573023-bootstrap/root/var/lib/mock/f41-build-59362116-6573023/root'] with env {'TERM': 'vt100', 'SHELL': '/bin/sh', 'HOME': '/builddir', 'HOSTNAME': 'mock', 'PATH': '/usr/bin:/bin:/usr/sbin:/sbin', 'LANG': 'C.UTF-8'} and shell False
DEBUG util.py:608:  Child return code was: 0
DEBUG util.py:634:  child environment: None
DEBUG util.py:556:  Executing command: ['/bin/umount', '-n', '-l', '/var/lib/mock/f41-build-59362116-6573023-bootstrap/root/var/lib/mock/f41-build-59362116-6573023/root'] with env {'TERM': 'vt100', 'SHELL': '/bin/sh', 'HOME': '/builddir', 'HOSTNAME': 'mock', 'PATH': '/usr/bin:/bin:/usr/sbin:/sbin', 'LANG': 'C.UTF-8'} and shell False
DEBUG util.py:608:  Child return code was: 0
INFO backend.py:228:  Installed packages:
INFO backend.py:229:  add-determinism-0.3.6-3.fc41.aarch64
alternatives-1.31-1.fc41.aarch64
ansible-srpm-macros-1-16.fc41.noarch
audit-libs-4.0.3-1.fc41.aarch64
authselect-1.5.0-8.fc41.aarch64
authselect-libs-1.5.0-8.fc41.aarch64
basesystem-11-21.fc41.noarch
bash-5.2.32-1.fc41.aarch64
binutils-2.43.1-5.fc41.aarch64
build-reproducibility-srpm-macros-0.3.6-3.fc41.noarch
bzip2-1.0.8-19.fc41.aarch64
bzip2-libs-1.0.8-19.fc41.aarch64
ca-certificates-2024.2.69_v8.0.401-1.0.fc41.noarch
coreutils-9.5-11.fc41.aarch64
coreutils-common-9.5-11.fc41.aarch64
cpio-2.15-2.fc41.aarch64
cracklib-2.9.11-6.fc41.aarch64
crypto-policies-20250124-1.git4d262e7.fc41.noarch
curl-8.9.1-3.fc41.aarch64
cyrus-sasl-lib-2.1.28-27.fc41.aarch64
debugedit-5.1-6.fc41.aarch64
diffutils-3.10-8.fc41.aarch64
dwz-0.15-8.fc41.aarch64
ed-1.20.2-2.fc41.aarch64
efi-srpm-macros-5-13.fc41.noarch
elfutils-0.193-2.fc41.aarch64
elfutils-debuginfod-client-0.193-2.fc41.aarch64
elfutils-default-yama-scope-0.193-2.fc41.noarch
elfutils-libelf-0.193-2.fc41.aarch64
elfutils-libs-0.193-2.fc41.aarch64
fedora-gpg-keys-41-1.noarch
fedora-release-41-32.noarch
fedora-release-common-41-32.noarch
fedora-release-identity-basic-41-32.noarch
fedora-repos-41-1.noarch
file-5.45-7.fc41.aarch64
file-libs-5.45-7.fc41.aarch64
filesystem-3.18-23.fc41.aarch64
findutils-4.10.0-4.fc41.aarch64
fonts-srpm-macros-2.0.5-17.fc41.noarch
forge-srpm-macros-0.4.0-1.fc41.noarch
fpc-srpm-macros-1.3-13.fc41.noarch
gawk-5.3.0-4.fc41.aarch64
gdb-minimal-16.2-2.fc41.aarch64
gdbm-1.23-7.fc41.aarch64
gdbm-libs-1.23-7.fc41.aarch64
ghc-srpm-macros-1.9.1-2.fc41.noarch
glibc-2.40-25.fc41.aarch64
glibc-common-2.40-25.fc41.aarch64
glibc-gconv-extra-2.40-25.fc41.aarch64
glibc-minimal-langpack-2.40-25.fc41.aarch64
gmp-6.3.0-2.fc41.aarch64
gnat-srpm-macros-6-6.fc41.noarch
go-srpm-macros-3.6.0-5.fc41.noarch
grep-3.11-9.fc41.aarch64
gzip-1.13-2.fc41.aarch64
info-7.1.1-1.fc41.aarch64
jansson-2.13.1-10.fc41.aarch64
json-c-0.17-4.fc41.aarch64
kernel-srpm-macros-1.0-24.fc41.noarch
keyutils-libs-1.6.3-4.fc41.aarch64
krb5-libs-1.21.3-4.fc41.aarch64
libacl-2.3.2-2.fc41.aarch64
libarchive-3.7.4-4.fc41.aarch64
libattr-2.5.2-4.fc41.aarch64
libblkid-2.40.4-1.fc41.aarch64
libbrotli-1.1.0-5.fc41.aarch64
libcap-2.70-4.fc41.aarch64
libcap-ng-0.8.5-3.fc41.aarch64
libcom_err-1.47.1-6.fc41.aarch64
libcurl-8.9.1-3.fc41.aarch64
libeconf-0.6.2-3.fc41.aarch64
libevent-2.1.12-14.fc41.aarch64
libfdisk-2.40.4-1.fc41.aarch64
libffi-3.4.6-3.fc41.aarch64
libgcc-14.2.1-7.fc41.aarch64
libgomp-14.2.1-7.fc41.aarch64
libidn2-2.3.8-1.fc41.aarch64
libmount-2.40.4-1.fc41.aarch64
libnghttp2-1.62.1-3.fc41.aarch64
libnsl2-2.0.1-2.fc41.aarch64
libpkgconf-2.3.0-1.fc41.aarch64
libpsl-0.21.5-4.fc41.aarch64
libpwquality-1.4.5-11.fc41.aarch64
libselinux-3.7-5.fc41.aarch64
libsemanage-3.7-2.fc41.aarch64
libsepol-3.7-2.fc41.aarch64
libsmartcols-2.40.4-1.fc41.aarch64
libssh-0.10.6-8.fc41.aarch64
libssh-config-0.10.6-8.fc41.noarch
libstdc++-14.2.1-7.fc41.aarch64
libtasn1-4.20.0-1.fc41.aarch64
libtirpc-1.3.6-1.rc3.fc41.aarch64
libtool-ltdl-2.4.7-12.fc41.aarch64
libunistring-1.1-8.fc41.aarch64
libutempter-1.2.1-15.fc41.aarch64
libuuid-2.40.4-1.fc41.aarch64
libverto-0.3.2-9.fc41.aarch64
libxcrypt-4.4.38-7.fc41.aarch64
libxml2-2.12.10-1.fc41.aarch64
libzstd-1.5.7-1.fc41.aarch64
lua-libs-5.4.7-3.fc41.aarch64
lua-srpm-macros-1-14.fc41.noarch
lz4-libs-1.10.0-1.fc41.aarch64
mpfr-4.2.1-5.fc41.aarch64
ncurses-base-6.5-2.20240629.fc41.noarch
ncurses-libs-6.5-2.20240629.fc41.aarch64
ocaml-srpm-macros-10-3.fc41.noarch
openblas-srpm-macros-2-18.fc41.noarch
openldap-2.6.9-1.fc41.aarch64
openssl-libs-3.2.4-1.fc41.aarch64
p11-kit-0.25.5-3.fc41.aarch64
p11-kit-trust-0.25.5-3.fc41.aarch64
package-notes-srpm-macros-0.5-12.fc41.noarch
pam-1.6.1-7.fc41.aarch64
pam-libs-1.6.1-7.fc41.aarch64
patch-2.7.6-25.fc41.aarch64
pcre2-10.44-1.fc41.1.aarch64
pcre2-syntax-10.44-1.fc41.1.noarch
perl-srpm-macros-1-56.fc41.noarch
pkgconf-2.3.0-1.fc41.aarch64
pkgconf-m4-2.3.0-1.fc41.noarch
pkgconf-pkg-config-2.3.0-1.fc41.aarch64
popt-1.19-7.fc41.aarch64
publicsuffix-list-dafsa-20250116-1.fc41.noarch
pyproject-srpm-macros-1.18.1-1.fc41.noarch
python-srpm-macros-3.13-3.fc41.noarch
qt5-srpm-macros-5.15.15-1.fc41.noarch
qt6-srpm-macros-6.8.2-1.fc41.noarch
readline-8.2-10.fc41.aarch64
redhat-rpm-config-294-1.fc41.noarch
rpm-4.20.1-1.fc41.aarch64
rpm-build-4.20.1-1.fc41.aarch64
rpm-build-libs-4.20.1-1.fc41.aarch64
rpm-libs-4.20.1-1.fc41.aarch64
rpm-sequoia-1.7.0-5.fc41.aarch64
rust-srpm-macros-26.3-3.fc41.noarch
sed-4.9-3.fc41.aarch64
setup-2.15.0-8.fc41.noarch
shadow-utils-4.15.1-12.fc41.aarch64
sqlite-libs-3.46.1-2.fc41.aarch64
systemd-libs-256.12-1.fc41.aarch64
tar-1.35-4.fc41.aarch64
unzip-6.0-64.fc41.aarch64
util-linux-2.40.4-1.fc41.aarch64
util-linux-core-2.40.4-1.fc41.aarch64
which-2.21-42.fc41.aarch64
xxhash-libs-0.8.3-1.fc41.aarch64
xz-5.6.2-2.fc41.aarch64
xz-libs-5.6.2-2.fc41.aarch64
zig-srpm-macros-1-3.fc41.noarch
zip-3.0-41.fc41.aarch64
zlib-ng-compat-2.2.3-2.fc41.aarch64
zstd-1.5.7-1.fc41.aarch64
DEBUG util.py:183:  kill orphans in chroot /var/lib/mock/f41-build-59362116-6573023/root
DEBUG util.py:183:  kill orphans in chroot /var/lib/mock/f41-build-59362116-6573023-bootstrap/root
INFO buildroot.py:667:  Mock Version: 6.1
DEBUG file_util.py:18:  ensuring that dir exists: /var/lib/mock/f41-build-59362116-6573023/root
DEBUG file_util.py:18:  ensuring that dir exists: /var/lib/mock/f41-build-59362116-6573023-bootstrap
DEBUG file_util.py:18:  ensuring that dir exists: /var/lib/mock/f41-build-59362116-6573023-bootstrap
DEBUG file_util.py:18:  ensuring that dir exists: /var/lib/mock/f41-build-59362116-6573023-bootstrap/root
DEBUG file_util.py:18:  ensuring that dir exists: /var/lib/mock/f41-build-59362116-6573023-bootstrap/results
INFO buildroot.py:318:  calling preinit hooks
DEBUG buildroot.py:723:  create skeleton dirs
DEBUG file_util.py:18:  ensuring that dir exists: /var/lib/mock/f41-build-59362116-6573023-bootstrap/root/var/lib/rpm
DEBUG file_util.py:18:  ensuring that dir exists: /var/lib/mock/f41-build-59362116-6573023-bootstrap/root/var/lib/yum
DEBUG file_util.py:18:  ensuring that dir exists: /var/lib/mock/f41-build-59362116-6573023-bootstrap/root/var/lib/dbus
DEBUG file_util.py:18:  ensuring that dir exists: /var/lib/mock/f41-build-59362116-6573023-bootstrap/root/var/log
DEBUG file_util.py:18:  ensuring that dir exists: /var/lib/mock/f41-build-59362116-6573023-bootstrap/root/var/cache/dnf
DEBUG file_util.py:18:  ensuring that dir exists: /var/lib/mock/f41-build-59362116-6573023-bootstrap/root/var/cache/yum
DEBUG file_util.py:18:  ensuring that dir exists: /var/lib/mock/f41-build-59362116-6573023-bootstrap/root/etc/rpm
DEBUG file_util.py:18:  ensuring that dir exists: /var/lib/mock/f41-build-59362116-6573023-bootstrap/root/tmp
DEBUG file_util.py:18:  ensuring that dir exists: /var/lib/mock/f41-build-59362116-6573023-bootstrap/root/tmp/ccache
DEBUG file_util.py:18:  ensuring that dir exists: /var/lib/mock/f41-build-59362116-6573023-bootstrap/root/var/tmp
DEBUG file_util.py:18:  ensuring that dir exists: /var/lib/mock/f41-build-59362116-6573023-bootstrap/root/etc/dnf
DEBUG file_util.py:18:  ensuring that dir exists: /var/lib/mock/f41-build-59362116-6573023-bootstrap/root/etc/dnf/vars
DEBUG file_util.py:18:  ensuring that dir exists: /var/lib/mock/f41-build-59362116-6573023-bootstrap/root/etc/yum.repos.d
DEBUG file_util.py:18:  ensuring that dir exists: /var/lib/mock/f41-build-59362116-6573023-bootstrap/root/etc/yum
DEBUG file_util.py:18:  ensuring that dir exists: /var/lib/mock/f41-build-59362116-6573023-bootstrap/root/proc
DEBUG file_util.py:18:  ensuring that dir exists: /var/lib/mock/f41-build-59362116-6573023-bootstrap/root/sys
DEBUG file_util.py:18:  ensuring that dir exists: /var/lib/mock/f41-build-59362116-6573023-bootstrap/root/dev/pts
DEBUG file_util.py:18:  ensuring that dir exists: /var/lib/mock/f41-build-59362116-6573023-bootstrap/root/dev/shm
DEBUG file_util.py:18:  ensuring that dir exists: /var/lib/mock/f41-build-59362116-6573023-bootstrap/root/dev/mapper
DEBUG file_util.py:21:  created dir: /var/lib/mock/f41-build-59362116-6573023-bootstrap/root/dev/mapper
DEBUG buildroot.py:867:  kernel version == 6.13.8-200.fc41.aarch64
DEBUG file_util.py:30:  touching file: /var/lib/mock/f41-build-59362116-6573023-bootstrap/root/etc/fstab
DEBUG file_util.py:30:  touching file: /var/lib/mock/f41-build-59362116-6573023-bootstrap/root/etc/yum/yum.conf
DEBUG file_util.py:30:  touching file: /var/lib/mock/f41-build-59362116-6573023-bootstrap/root/etc/dnf/dnf.conf
DEBUG file_util.py:30:  touching file: /var/lib/mock/f41-build-59362116-6573023-bootstrap/root/var/log/yum.log
DEBUG buildroot.py:332:  rootdir = /var/lib/mock/f41-build-59362116-6573023-bootstrap/root
DEBUG buildroot.py:333:  resultdir = /var/lib/mock/f41-build-59362116-6573023-bootstrap/results
DEBUG package_manager.py:63:  searching for 'dnf5' package manager or alternatives
INFO buildroot.py:181:  Package manager dnf5 detected and used (fallback)
DEBUG file_util.py:18:  ensuring that dir exists: /var/lib/mock/f41-build-59362116-6573023-bootstrap/root/etc/pki/mock
DEBUG file_util.py:158:  Updating files in /var/lib/mock/f41-build-59362116-6573023-bootstrap/root/etc/pki/ca-trust with files from /etc/pki/ca-trust
DEBUG file_util.py:18:  ensuring that dir exists: /var/lib/mock/f41-build-59362116-6573023-bootstrap/root/etc/pki/ca-trust
DEBUG file_util.py:18:  ensuring that dir exists: /var/lib/mock/f41-build-59362116-6573023-bootstrap/root/etc/pki/ca-trust/./extracted
DEBUG file_util.py:18:  ensuring that dir exists: /var/lib/mock/f41-build-59362116-6573023-bootstrap/root/etc/pki/ca-trust/./source
DEBUG file_util.py:18:  ensuring that dir exists: /var/lib/mock/f41-build-59362116-6573023-bootstrap/root/etc/pki/ca-trust/extracted/edk2
DEBUG file_util.py:18:  ensuring that dir exists: /var/lib/mock/f41-build-59362116-6573023-bootstrap/root/etc/pki/ca-trust/extracted/java
DEBUG file_util.py:18:  ensuring that dir exists: /var/lib/mock/f41-build-59362116-6573023-bootstrap/root/etc/pki/ca-trust/extracted/openssl
DEBUG file_util.py:18:  ensuring that dir exists: /var/lib/mock/f41-build-59362116-6573023-bootstrap/root/etc/pki/ca-trust/extracted/pem
DEBUG file_util.py:18:  ensuring that dir exists: /var/lib/mock/f41-build-59362116-6573023-bootstrap/root/etc/pki/ca-trust/extracted/pem/directory-hash
DEBUG file_util.py:18:  ensuring that dir exists: /var/lib/mock/f41-build-59362116-6573023-bootstrap/root/etc/pki/ca-trust/source/anchors
DEBUG file_util.py:18:  ensuring that dir exists: /var/lib/mock/f41-build-59362116-6573023-bootstrap/root/etc/pki/ca-trust/source/blocklist
DEBUG file_util.py:158:  Updating files in /var/lib/mock/f41-build-59362116-6573023-bootstrap/root/usr/share/pki/ca-trust-source with files from /usr/share/pki/ca-trust-source
DEBUG file_util.py:18:  ensuring that dir exists: /var/lib/mock/f41-build-59362116-6573023-bootstrap/root/usr/share/pki/ca-trust-source
DEBUG file_util.py:18:  ensuring that dir exists: /var/lib/mock/f41-build-59362116-6573023-bootstrap/root/usr/share/pki/ca-trust-source/./anchors
DEBUG file_util.py:18:  ensuring that dir exists: /var/lib/mock/f41-build-59362116-6573023-bootstrap/root/usr/share/pki/ca-trust-source/./blocklist
DEBUG file_util.py:18:  ensuring that dir exists: /var/lib/mock/f41-build-59362116-6573023-bootstrap/root/usr/share
DEBUG package_manager.py:388:  Copying /usr/share/distribution-gpg-keys to the bootstrap chroot
DEBUG util.py:634:  child environment: None
DEBUG util.py:556:  Executing command: ['cp', '-a', '/usr/share/distribution-gpg-keys', '/var/lib/mock/f41-build-59362116-6573023-bootstrap/root/usr/share'] with env {'TERM': 'vt100', 'SHELL': '/bin/sh', 'HOME': '/builddir', 'HOSTNAME': 'mock', 'PATH': '/usr/bin:/bin:/usr/sbin:/sbin', 'LANG': 'C.UTF-8'} and shell False
DEBUG util.py:608:  Child return code was: 0
DEBUG file_util.py:18:  ensuring that dir exists: /var/lib/mock/f41-build-59362116-6573023-bootstrap/root/etc/dnf
DEBUG package_manager.py:689:  configure DNF vars
DEBUG file_util.py:18:  ensuring that dir exists: /var/lib/mock/f41-build-59362116-6573023-bootstrap/root/etc
DEBUG file_util.py:18:  ensuring that dir exists: /var/lib/mock/f41-build-59362116-6573023-bootstrap/root/etc
DEBUG buildroot.py:38:  method _make_users skipped in bootstrap
DEBUG file_util.py:30:  touching file: /var/lib/mock/f41-build-59362116-6573023-bootstrap/root/.initialized
DEBUG file_util.py:18:  ensuring that dir exists: /var/lib/mock/f41-build-59362116-6573023
DEBUG file_util.py:18:  ensuring that dir exists: /var/lib/mock/f41-build-59362116-6573023/root
DEBUG file_util.py:18:  ensuring that dir exists: /var/lib/mock/f41-build-59362116-6573023/result
INFO buildroot.py:318:  calling preinit hooks
DEBUG util.py:634:  child environment: None
DEBUG util.py:556:  Executing command: ['/usr/bin/lscpu'] with env {'TERM': 'vt100', 'SHELL': '/bin/sh', 'HOME': '/builddir', 'HOSTNAME': 'mock', 'PATH': '/usr/bin:/bin:/usr/sbin:/sbin', 'LANG': 'C.UTF-8'} and shell False
DEBUG util.py:461:  Architecture:                         aarch64
DEBUG util.py:461:  CPU op-mode(s):                       32-bit, 64-bit
DEBUG util.py:461:  Byte Order:                           Little Endian
DEBUG util.py:461:  CPU(s):                               80
DEBUG util.py:461:  On-line CPU(s) list:                  0-79
DEBUG util.py:461:  Vendor ID:                            ARM
DEBUG util.py:461:  Model name:                           Neoverse-N1
DEBUG util.py:461:  Model:                                1
DEBUG util.py:461:  Thread(s) per core:                   1
DEBUG util.py:461:  Core(s) per socket:                   80
DEBUG util.py:461:  Socket(s):                            1
DEBUG util.py:461:  Stepping:                             r3p1
DEBUG util.py:461:  Frequency boost:                      disabled
DEBUG util.py:461:  CPU(s) scaling MHz:                   35%
DEBUG util.py:461:  CPU max MHz:                          3000.0000
DEBUG util.py:461:  CPU min MHz:                          1000.0000
DEBUG util.py:461:  BogoMIPS:                             50.00
DEBUG util.py:461:  Flags:                                fp asimd evtstrm aes pmull sha1 sha2 crc32 atomics fphp asimdhp cpuid asimdrdm lrcpc dcpop asimddp
DEBUG util.py:461:  L1d cache:                            5 MiB (80 instances)
DEBUG util.py:461:  L1i cache:                            5 MiB (80 instances)
DEBUG util.py:461:  L2 cache:                             80 MiB (80 instances)
DEBUG util.py:461:  NUMA node(s):                         1
DEBUG util.py:461:  NUMA node0 CPU(s):                    0-79
DEBUG util.py:461:  Vulnerability Gather data sampling:   Not affected
DEBUG util.py:461:  Vulnerability Itlb multihit:          Not affected
DEBUG util.py:461:  Vulnerability L1tf:                   Not affected
DEBUG util.py:461:  Vulnerability Mds:                    Not affected
DEBUG util.py:461:  Vulnerability Meltdown:               Not affected
DEBUG util.py:461:  Vulnerability Mmio stale data:        Not affected
DEBUG util.py:461:  Vulnerability Reg file data sampling: Not affected
DEBUG util.py:461:  Vulnerability Retbleed:               Not affected
DEBUG util.py:461:  Vulnerability Spec rstack overflow:   Not affected
DEBUG util.py:461:  Vulnerability Spec store bypass:      Mitigation; Speculative Store Bypass disabled via prctl
DEBUG util.py:461:  Vulnerability Spectre v1:             Mitigation; __user pointer sanitization
DEBUG util.py:461:  Vulnerability Spectre v2:             Mitigation; CSV2, BHB
DEBUG util.py:461:  Vulnerability Srbds:                  Not affected
DEBUG util.py:461:  Vulnerability Tsx async abort:        Not affected
DEBUG util.py:608:  Child return code was: 0
DEBUG util.py:634:  child environment: None
DEBUG util.py:556:  Executing command: ['/bin/free'] with env {'TERM': 'vt100', 'SHELL': '/bin/sh', 'HOME': '/builddir', 'HOSTNAME': 'mock', 'PATH': '/usr/bin:/bin:/usr/sbin:/sbin', 'LANG': 'C.UTF-8'} and shell False
DEBUG util.py:461:                 total        used        free      shared  buff/cache   available
DEBUG util.py:461:  Mem:       394770884     7316164   367314840        5212    23882512   387454720
DEBUG util.py:461:  Swap:        8388604       63948     8324656
DEBUG util.py:608:  Child return code was: 0
DEBUG util.py:634:  child environment: None
DEBUG util.py:556:  Executing command: ['/bin/df', '-H', '-T', '/var/lib/mock/f41-build-59362116-6573023/root', '/var/cache/mock'] with env {'TERM': 'vt100', 'SHELL': '/bin/sh', 'HOME': '/builddir', 'HOSTNAME': 'mock', 'PATH': '/usr/bin:/bin:/usr/sbin:/sbin', 'LANG': 'C.UTF-8'} and shell False
DEBUG util.py:461:  Filesystem                                            Type   Size  Used Avail Use% Mounted on
DEBUG util.py:461:  /dev/mapper/luks-bd42170b-24cb-4858-b03a-4b579709d1a5 btrfs  2.9T   21G  2.9T   1% /
DEBUG util.py:461:  /dev/mapper/luks-bd42170b-24cb-4858-b03a-4b579709d1a5 btrfs  2.9T   21G  2.9T   1% /
DEBUG util.py:608:  Child return code was: 0
DEBUG buildroot.py:723:  create skeleton dirs
DEBUG file_util.py:18:  ensuring that dir exists: /var/lib/mock/f41-build-59362116-6573023/root/var/lib/rpm
DEBUG file_util.py:18:  ensuring that dir exists: /var/lib/mock/f41-build-59362116-6573023/root/var/lib/yum
DEBUG file_util.py:18:  ensuring that dir exists: /var/lib/mock/f41-build-59362116-6573023/root/var/lib/dbus
DEBUG file_util.py:18:  ensuring that dir exists: /var/lib/mock/f41-build-59362116-6573023/root/var/log
DEBUG file_util.py:18:  ensuring that dir exists: /var/lib/mock/f41-build-59362116-6573023/root/var/cache/dnf
DEBUG file_util.py:18:  ensuring that dir exists: /var/lib/mock/f41-build-59362116-6573023/root/var/cache/yum
DEBUG file_util.py:18:  ensuring that dir exists: /var/lib/mock/f41-build-59362116-6573023/root/etc/rpm
DEBUG file_util.py:18:  ensuring that dir exists: /var/lib/mock/f41-build-59362116-6573023/root/tmp
DEBUG file_util.py:18:  ensuring that dir exists: /var/lib/mock/f41-build-59362116-6573023/root/tmp/ccache
DEBUG file_util.py:18:  ensuring that dir exists: /var/lib/mock/f41-build-59362116-6573023/root/var/tmp
DEBUG file_util.py:18:  ensuring that dir exists: /var/lib/mock/f41-build-59362116-6573023/root/etc/dnf
DEBUG file_util.py:18:  ensuring that dir exists: /var/lib/mock/f41-build-59362116-6573023/root/etc/dnf/vars
DEBUG file_util.py:18:  ensuring that dir exists: /var/lib/mock/f41-build-59362116-6573023/root/etc/yum.repos.d
DEBUG file_util.py:18:  ensuring that dir exists: /var/lib/mock/f41-build-59362116-6573023/root/etc/yum
DEBUG file_util.py:18:  ensuring that dir exists: /var/lib/mock/f41-build-59362116-6573023/root/proc
DEBUG file_util.py:18:  ensuring that dir exists: /var/lib/mock/f41-build-59362116-6573023/root/sys
DEBUG file_util.py:18:  ensuring that dir exists: /var/lib/mock/f41-build-59362116-6573023/root/dev/pts
DEBUG file_util.py:18:  ensuring that dir exists: /var/lib/mock/f41-build-59362116-6573023/root/dev/shm
DEBUG file_util.py:18:  ensuring that dir exists: /var/lib/mock/f41-build-59362116-6573023/root/dev/mapper
DEBUG file_util.py:21:  created dir: /var/lib/mock/f41-build-59362116-6573023/root/dev/mapper
DEBUG buildroot.py:867:  kernel version == 6.13.8-200.fc41.aarch64
DEBUG file_util.py:30:  touching file: /var/lib/mock/f41-build-59362116-6573023/root/etc/fstab
DEBUG file_util.py:30:  touching file: /var/lib/mock/f41-build-59362116-6573023/root/etc/yum/yum.conf
DEBUG file_util.py:30:  touching file: /var/lib/mock/f41-build-59362116-6573023/root/etc/dnf/dnf.conf
DEBUG file_util.py:30:  touching file: /var/lib/mock/f41-build-59362116-6573023/root/var/log/yum.log
DEBUG buildroot.py:332:  rootdir = /var/lib/mock/f41-build-59362116-6573023/root
DEBUG buildroot.py:333:  resultdir = /var/lib/mock/f41-build-59362116-6573023/result
INFO buildroot.py:181:  Package manager dnf5 detected and used (direct choice)
DEBUG file_util.py:18:  ensuring that dir exists: /var/lib/mock/f41-build-59362116-6573023/root/etc/pki/mock
DEBUG file_util.py:158:  Updating files in /var/lib/mock/f41-build-59362116-6573023/root/etc/pki/ca-trust with files from /etc/pki/ca-trust
DEBUG file_util.py:18:  ensuring that dir exists: /var/lib/mock/f41-build-59362116-6573023/root/etc/pki/ca-trust
DEBUG file_util.py:18:  ensuring that dir exists: /var/lib/mock/f41-build-59362116-6573023/root/etc/pki/ca-trust/./extracted
DEBUG file_util.py:18:  ensuring that dir exists: /var/lib/mock/f41-build-59362116-6573023/root/etc/pki/ca-trust/./source
DEBUG file_util.py:18:  ensuring that dir exists: /var/lib/mock/f41-build-59362116-6573023/root/etc/pki/ca-trust/extracted/edk2
DEBUG file_util.py:18:  ensuring that dir exists: /var/lib/mock/f41-build-59362116-6573023/root/etc/pki/ca-trust/extracted/java
DEBUG file_util.py:18:  ensuring that dir exists: /var/lib/mock/f41-build-59362116-6573023/root/etc/pki/ca-trust/extracted/openssl
DEBUG file_util.py:18:  ensuring that dir exists: /var/lib/mock/f41-build-59362116-6573023/root/etc/pki/ca-trust/extracted/pem
DEBUG file_util.py:18:  ensuring that dir exists: /var/lib/mock/f41-build-59362116-6573023/root/etc/pki/ca-trust/extracted/pem/directory-hash
DEBUG file_util.py:18:  ensuring that dir exists: /var/lib/mock/f41-build-59362116-6573023/root/etc/pki/ca-trust/source/anchors
DEBUG file_util.py:18:  ensuring that dir exists: /var/lib/mock/f41-build-59362116-6573023/root/etc/pki/ca-trust/source/blocklist
DEBUG file_util.py:158:  Updating files in /var/lib/mock/f41-build-59362116-6573023/root/usr/share/pki/ca-trust-source with files from /usr/share/pki/ca-trust-source
DEBUG file_util.py:18:  ensuring that dir exists: /var/lib/mock/f41-build-59362116-6573023/root/usr/share/pki/ca-trust-source
DEBUG file_util.py:18:  ensuring that dir exists: /var/lib/mock/f41-build-59362116-6573023/root/usr/share/pki/ca-trust-source/./anchors
DEBUG file_util.py:18:  ensuring that dir exists: /var/lib/mock/f41-build-59362116-6573023/root/usr/share/pki/ca-trust-source/./blocklist
DEBUG file_util.py:18:  ensuring that dir exists: /var/lib/mock/f41-build-59362116-6573023/root/etc/dnf
DEBUG package_manager.py:689:  configure DNF vars
DEBUG util.py:634:  child environment: None
DEBUG util.py:556:  Executing command: ['userdel', '-f', 'mockbuild', '--prefix', '/var/lib/mock/f41-build-59362116-6573023/root'] with env {'TERM': 'vt100', 'SHELL': '/bin/sh', 'HOME': '/builddir', 'HOSTNAME': 'mock', 'PATH': '/usr/bin:/bin:/usr/sbin:/sbin', 'LANG': 'C.UTF-8'} and shell False
DEBUG util.py:608:  Child return code was: 0
DEBUG util.py:634:  child environment: None
DEBUG util.py:556:  Executing command: ['groupdel', 'mock', '--prefix', '/var/lib/mock/f41-build-59362116-6573023/root'] with env {'TERM': 'vt100', 'SHELL': '/bin/sh', 'HOME': '/builddir', 'HOSTNAME': 'mock', 'PATH': '/usr/bin:/bin:/usr/sbin:/sbin', 'LANG': 'C.UTF-8'} and shell False
DEBUG util.py:608:  Child return code was: 0
DEBUG util.py:634:  child environment: None
DEBUG util.py:556:  Executing command: ['groupadd', 'mock', '-g', '425', '--prefix', '/var/lib/mock/f41-build-59362116-6573023/root'] with env {'TERM': 'vt100', 'SHELL': '/bin/sh', 'HOME': '/builddir', 'HOSTNAME': 'mock', 'PATH': '/usr/bin:/bin:/usr/sbin:/sbin', 'LANG': 'C.UTF-8'} and shell False
DEBUG util.py:608:  Child return code was: 0
DEBUG util.py:634:  child environment: None
DEBUG util.py:556:  Executing command: ['useradd', 'mockbuild', '-o', '-u', '1000', '-g', '425', '-N', '-d', '/builddir', '--prefix', '/var/lib/mock/f41-build-59362116-6573023/root'] with env {'TERM': 'vt100', 'SHELL': '/bin/sh', 'HOME': '/builddir', 'HOSTNAME': 'mock', 'PATH': '/usr/bin:/bin:/usr/sbin:/sbin', 'LANG': 'C.UTF-8'} and shell False
DEBUG util.py:459:  useradd: warning: the home directory /builddir already exists.
DEBUG util.py:459:  useradd: Not copying any file from skel directory into it.
DEBUG util.py:459:  Creating mailbox file: File exists
DEBUG util.py:608:  Child return code was: 0
DEBUG file_util.py:30:  touching file: /var/lib/mock/f41-build-59362116-6573023/root/.initialized
INFO backend.py:386:  Running in chroot: ['uname -r']
DEBUG util.py:634:  child environment: None
DEBUG util.py:551:  Using nspawn with args ['--capability=cap_ipc_lock', '--rlimit=RLIMIT_CORE=infinity', '--bind=/tmp/mock-resolv.xyed8sr5:/etc/resolv.conf', '--bind=/dev/btrfs-control', '--bind=/dev/mapper/control', '--bind=/dev/fuse', '--bind=/dev/loop-control', '--bind=/dev/loop0', '--bind=/dev/loop1', '--bind=/dev/loop2', '--bind=/dev/loop3', '--bind=/dev/loop4', '--bind=/dev/loop5', '--bind=/dev/loop6', '--bind=/dev/loop7', '--bind=/dev/loop8', '--bind=/dev/loop9', '--bind=/dev/loop10', '--bind=/dev/loop11']
DEBUG util.py:556:  Executing command: ['/usr/bin/systemd-nspawn', '-q', '-M', 'b9fa760a9e8a4114928b62ba7de2a8f8', '-D', '/var/lib/mock/f41-build-59362116-6573023/root', '-a', '--capability=cap_ipc_lock', '--rlimit=RLIMIT_CORE=infinity', '--bind=/tmp/mock-resolv.xyed8sr5:/etc/resolv.conf', '--bind=/dev/btrfs-control', '--bind=/dev/mapper/control', '--bind=/dev/fuse', '--bind=/dev/loop-control', '--bind=/dev/loop0', '--bind=/dev/loop1', '--bind=/dev/loop2', '--bind=/dev/loop3', '--bind=/dev/loop4', '--bind=/dev/loop5', '--bind=/dev/loop6', '--bind=/dev/loop7', '--bind=/dev/loop8', '--bind=/dev/loop9', '--bind=/dev/loop10', '--bind=/dev/loop11', '--console=pipe', '--setenv=TERM=vt100', '--setenv=SHELL=/bin/bash', '--setenv=HOME=/builddir', '--setenv=HOSTNAME=mock', '--setenv=PATH=/usr/bin:/bin:/usr/sbin:/sbin', '--setenv=PROMPT_COMMAND=printf "\\033]0;<mock-chroot>\\007"', '--setenv=PS1=<mock-chroot> \\s-\\v\\$ ', '--setenv=LANG=C.UTF-8', '--resolv-conf=off', '/bin/sh', '-c', 'uname -r'] with env {'TERM': 'vt100', 'SHELL': '/bin/bash', 'HOME': '/builddir', 'HOSTNAME': 'mock', 'PATH': '/usr/bin:/bin:/usr/sbin:/sbin', 'PROMPT_COMMAND': 'printf "\\033]0;<mock-chroot>\\007"', 'PS1': '<mock-chroot> \\s-\\v\\$ ', 'LANG': 'C.UTF-8', 'SYSTEMD_NSPAWN_TMPFS_TMP': '0', 'SYSTEMD_SECCOMP': '0'} and shell False
DEBUG util.py:461:  6.13.8-200.fc41.aarch64
DEBUG util.py:608:  Child return code was: 0
DEBUG util.py:183:  kill orphans in chroot /var/lib/mock/f41-build-59362116-6573023/root
DEBUG util.py:183:  kill orphans in chroot /var/lib/mock/f41-build-59362116-6573023-bootstrap/root
INFO buildroot.py:667:  Mock Version: 6.1
DEBUG file_util.py:18:  ensuring that dir exists: /var/lib/mock/f41-build-59362116-6573023/root
DEBUG file_util.py:18:  ensuring that dir exists: /var/lib/mock/f41-build-59362116-6573023-bootstrap
DEBUG file_util.py:18:  ensuring that dir exists: /var/lib/mock/f41-build-59362116-6573023-bootstrap
DEBUG file_util.py:18:  ensuring that dir exists: /var/lib/mock/f41-build-59362116-6573023-bootstrap/root
DEBUG file_util.py:18:  ensuring that dir exists: /var/lib/mock/f41-build-59362116-6573023-bootstrap/results
INFO buildroot.py:318:  calling preinit hooks
DEBUG buildroot.py:723:  create skeleton dirs
DEBUG file_util.py:18:  ensuring that dir exists: /var/lib/mock/f41-build-59362116-6573023-bootstrap/root/var/lib/rpm
DEBUG file_util.py:18:  ensuring that dir exists: /var/lib/mock/f41-build-59362116-6573023-bootstrap/root/var/lib/yum
DEBUG file_util.py:18:  ensuring that dir exists: /var/lib/mock/f41-build-59362116-6573023-bootstrap/root/var/lib/dbus
DEBUG file_util.py:18:  ensuring that dir exists: /var/lib/mock/f41-build-59362116-6573023-bootstrap/root/var/log
DEBUG file_util.py:18:  ensuring that dir exists: /var/lib/mock/f41-build-59362116-6573023-bootstrap/root/var/cache/dnf
DEBUG file_util.py:18:  ensuring that dir exists: /var/lib/mock/f41-build-59362116-6573023-bootstrap/root/var/cache/yum
DEBUG file_util.py:18:  ensuring that dir exists: /var/lib/mock/f41-build-59362116-6573023-bootstrap/root/etc/rpm
DEBUG file_util.py:18:  ensuring that dir exists: /var/lib/mock/f41-build-59362116-6573023-bootstrap/root/tmp
DEBUG file_util.py:18:  ensuring that dir exists: /var/lib/mock/f41-build-59362116-6573023-bootstrap/root/tmp/ccache
DEBUG file_util.py:18:  ensuring that dir exists: /var/lib/mock/f41-build-59362116-6573023-bootstrap/root/var/tmp
DEBUG file_util.py:18:  ensuring that dir exists: /var/lib/mock/f41-build-59362116-6573023-bootstrap/root/etc/dnf
DEBUG file_util.py:18:  ensuring that dir exists: /var/lib/mock/f41-build-59362116-6573023-bootstrap/root/etc/dnf/vars
DEBUG file_util.py:18:  ensuring that dir exists: /var/lib/mock/f41-build-59362116-6573023-bootstrap/root/etc/yum.repos.d
DEBUG file_util.py:21:  created dir: /var/lib/mock/f41-build-59362116-6573023-bootstrap/root/etc/yum.repos.d
DEBUG file_util.py:18:  ensuring that dir exists: /var/lib/mock/f41-build-59362116-6573023-bootstrap/root/etc/yum
DEBUG file_util.py:18:  ensuring that dir exists: /var/lib/mock/f41-build-59362116-6573023-bootstrap/root/proc
DEBUG file_util.py:18:  ensuring that dir exists: /var/lib/mock/f41-build-59362116-6573023-bootstrap/root/sys
DEBUG file_util.py:18:  ensuring that dir exists: /var/lib/mock/f41-build-59362116-6573023-bootstrap/root/dev/pts
DEBUG file_util.py:18:  ensuring that dir exists: /var/lib/mock/f41-build-59362116-6573023-bootstrap/root/dev/shm
DEBUG file_util.py:18:  ensuring that dir exists: /var/lib/mock/f41-build-59362116-6573023-bootstrap/root/dev/mapper
DEBUG file_util.py:21:  created dir: /var/lib/mock/f41-build-59362116-6573023-bootstrap/root/dev/mapper
DEBUG buildroot.py:867:  kernel version == 6.13.8-200.fc41.aarch64
DEBUG file_util.py:30:  touching file: /var/lib/mock/f41-build-59362116-6573023-bootstrap/root/etc/fstab
DEBUG file_util.py:30:  touching file: /var/lib/mock/f41-build-59362116-6573023-bootstrap/root/etc/yum/yum.conf
DEBUG file_util.py:30:  touching file: /var/lib/mock/f41-build-59362116-6573023-bootstrap/root/etc/dnf/dnf.conf
DEBUG file_util.py:30:  touching file: /var/lib/mock/f41-build-59362116-6573023-bootstrap/root/var/log/yum.log
DEBUG buildroot.py:332:  rootdir = /var/lib/mock/f41-build-59362116-6573023-bootstrap/root
DEBUG buildroot.py:333:  resultdir = /var/lib/mock/f41-build-59362116-6573023-bootstrap/results
DEBUG package_manager.py:63:  searching for 'dnf5' package manager or alternatives
INFO buildroot.py:181:  Package manager dnf5 detected and used (fallback)
DEBUG file_util.py:18:  ensuring that dir exists: /var/lib/mock/f41-build-59362116-6573023-bootstrap/root/etc/pki/mock
DEBUG file_util.py:158:  Updating files in /var/lib/mock/f41-build-59362116-6573023-bootstrap/root/etc/pki/ca-trust with files from /etc/pki/ca-trust
DEBUG file_util.py:18:  ensuring that dir exists: /var/lib/mock/f41-build-59362116-6573023-bootstrap/root/etc/pki/ca-trust
DEBUG file_util.py:18:  ensuring that dir exists: /var/lib/mock/f41-build-59362116-6573023-bootstrap/root/etc/pki/ca-trust/./extracted
DEBUG file_util.py:18:  ensuring that dir exists: /var/lib/mock/f41-build-59362116-6573023-bootstrap/root/etc/pki/ca-trust/./source
DEBUG file_util.py:18:  ensuring that dir exists: /var/lib/mock/f41-build-59362116-6573023-bootstrap/root/etc/pki/ca-trust/extracted/edk2
DEBUG file_util.py:18:  ensuring that dir exists: /var/lib/mock/f41-build-59362116-6573023-bootstrap/root/etc/pki/ca-trust/extracted/java
DEBUG file_util.py:18:  ensuring that dir exists: /var/lib/mock/f41-build-59362116-6573023-bootstrap/root/etc/pki/ca-trust/extracted/openssl
DEBUG file_util.py:18:  ensuring that dir exists: /var/lib/mock/f41-build-59362116-6573023-bootstrap/root/etc/pki/ca-trust/extracted/pem
DEBUG file_util.py:18:  ensuring that dir exists: /var/lib/mock/f41-build-59362116-6573023-bootstrap/root/etc/pki/ca-trust/extracted/pem/directory-hash
DEBUG file_util.py:18:  ensuring that dir exists: /var/lib/mock/f41-build-59362116-6573023-bootstrap/root/etc/pki/ca-trust/source/anchors
DEBUG file_util.py:18:  ensuring that dir exists: /var/lib/mock/f41-build-59362116-6573023-bootstrap/root/etc/pki/ca-trust/source/blocklist
DEBUG file_util.py:158:  Updating files in /var/lib/mock/f41-build-59362116-6573023-bootstrap/root/usr/share/pki/ca-trust-source with files from /usr/share/pki/ca-trust-source
DEBUG file_util.py:18:  ensuring that dir exists: /var/lib/mock/f41-build-59362116-6573023-bootstrap/root/usr/share/pki/ca-trust-source
DEBUG file_util.py:18:  ensuring that dir exists: /var/lib/mock/f41-build-59362116-6573023-bootstrap/root/usr/share/pki/ca-trust-source/./anchors
DEBUG file_util.py:18:  ensuring that dir exists: /var/lib/mock/f41-build-59362116-6573023-bootstrap/root/usr/share/pki/ca-trust-source/./blocklist
DEBUG file_util.py:18:  ensuring that dir exists: /var/lib/mock/f41-build-59362116-6573023-bootstrap/root/usr/share
DEBUG package_manager.py:388:  Copying /usr/share/distribution-gpg-keys to the bootstrap chroot
DEBUG util.py:634:  child environment: None
DEBUG util.py:556:  Executing command: ['cp', '-a', '/usr/share/distribution-gpg-keys', '/var/lib/mock/f41-build-59362116-6573023-bootstrap/root/usr/share'] with env {'TERM': 'vt100', 'SHELL': '/bin/sh', 'HOME': '/builddir', 'HOSTNAME': 'mock', 'PATH': '/usr/bin:/bin:/usr/sbin:/sbin', 'LANG': 'C.UTF-8'} and shell False
DEBUG util.py:608:  Child return code was: 0
DEBUG file_util.py:18:  ensuring that dir exists: /var/lib/mock/f41-build-59362116-6573023-bootstrap/root/etc/dnf
DEBUG package_manager.py:689:  configure DNF vars
DEBUG file_util.py:18:  ensuring that dir exists: /var/lib/mock/f41-build-59362116-6573023-bootstrap/root/etc
DEBUG file_util.py:18:  ensuring that dir exists: /var/lib/mock/f41-build-59362116-6573023-bootstrap/root/etc
DEBUG buildroot.py:38:  method _cleanup_homedir skipped in bootstrap
DEBUG buildroot.py:38:  method _setup_build_dirs skipped in bootstrap
DEBUG buildroot.py:38:  method _make_users skipped in bootstrap
DEBUG file_util.py:30:  touching file: /var/lib/mock/f41-build-59362116-6573023-bootstrap/root/.initialized
DEBUG file_util.py:18:  ensuring that dir exists: /var/lib/mock/f41-build-59362116-6573023
DEBUG file_util.py:18:  ensuring that dir exists: /var/lib/mock/f41-build-59362116-6573023/root
DEBUG file_util.py:18:  ensuring that dir exists: /var/lib/mock/f41-build-59362116-6573023/result
INFO buildroot.py:318:  calling preinit hooks
DEBUG util.py:634:  child environment: None
DEBUG util.py:556:  Executing command: ['/usr/bin/lscpu'] with env {'TERM': 'vt100', 'SHELL': '/bin/sh', 'HOME': '/builddir', 'HOSTNAME': 'mock', 'PATH': '/usr/bin:/bin:/usr/sbin:/sbin', 'LANG': 'C.UTF-8'} and shell False
DEBUG util.py:461:  Architecture:                         aarch64
DEBUG util.py:461:  CPU op-mode(s):                       32-bit, 64-bit
DEBUG util.py:461:  Byte Order:                           Little Endian
DEBUG util.py:461:  CPU(s):                               80
DEBUG util.py:461:  On-line CPU(s) list:                  0-79
DEBUG util.py:461:  Vendor ID:                            ARM
DEBUG util.py:461:  Model name:                           Neoverse-N1
DEBUG util.py:461:  Model:                                1
DEBUG util.py:461:  Thread(s) per core:                   1
DEBUG util.py:461:  Core(s) per socket:                   80
DEBUG util.py:461:  Socket(s):                            1
DEBUG util.py:461:  Stepping:                             r3p1
DEBUG util.py:461:  Frequency boost:                      disabled
DEBUG util.py:461:  CPU(s) scaling MHz:                   35%
DEBUG util.py:461:  CPU max MHz:                          3000.0000
DEBUG util.py:461:  CPU min MHz:                          1000.0000
DEBUG util.py:461:  BogoMIPS:                             50.00
DEBUG util.py:461:  Flags:                                fp asimd evtstrm aes pmull sha1 sha2 crc32 atomics fphp asimdhp cpuid asimdrdm lrcpc dcpop asimddp
DEBUG util.py:461:  L1d cache:                            5 MiB (80 instances)
DEBUG util.py:461:  L1i cache:                            5 MiB (80 instances)
DEBUG util.py:461:  L2 cache:                             80 MiB (80 instances)
DEBUG util.py:461:  NUMA node(s):                         1
DEBUG util.py:461:  NUMA node0 CPU(s):                    0-79
DEBUG util.py:461:  Vulnerability Gather data sampling:   Not affected
DEBUG util.py:461:  Vulnerability Itlb multihit:          Not affected
DEBUG util.py:461:  Vulnerability L1tf:                   Not affected
DEBUG util.py:461:  Vulnerability Mds:                    Not affected
DEBUG util.py:461:  Vulnerability Meltdown:               Not affected
DEBUG util.py:461:  Vulnerability Mmio stale data:        Not affected
DEBUG util.py:461:  Vulnerability Reg file data sampling: Not affected
DEBUG util.py:461:  Vulnerability Retbleed:               Not affected
DEBUG util.py:461:  Vulnerability Spec rstack overflow:   Not affected
DEBUG util.py:461:  Vulnerability Spec store bypass:      Mitigation; Speculative Store Bypass disabled via prctl
DEBUG util.py:461:  Vulnerability Spectre v1:             Mitigation; __user pointer sanitization
DEBUG util.py:461:  Vulnerability Spectre v2:             Mitigation; CSV2, BHB
DEBUG util.py:461:  Vulnerability Srbds:                  Not affected
DEBUG util.py:461:  Vulnerability Tsx async abort:        Not affected
DEBUG util.py:608:  Child return code was: 0
DEBUG util.py:634:  child environment: None
DEBUG util.py:556:  Executing command: ['/bin/free'] with env {'TERM': 'vt100', 'SHELL': '/bin/sh', 'HOME': '/builddir', 'HOSTNAME': 'mock', 'PATH': '/usr/bin:/bin:/usr/sbin:/sbin', 'LANG': 'C.UTF-8'} and shell False
DEBUG util.py:461:                 total        used        free      shared  buff/cache   available
DEBUG util.py:461:  Mem:       394770884     7465300   367164088        5212    23884152   387305584
DEBUG util.py:461:  Swap:        8388604       63948     8324656
DEBUG util.py:608:  Child return code was: 0
DEBUG util.py:634:  child environment: None
DEBUG util.py:556:  Executing command: ['/bin/df', '-H', '-T', '/var/lib/mock/f41-build-59362116-6573023/root', '/var/cache/mock'] with env {'TERM': 'vt100', 'SHELL': '/bin/sh', 'HOME': '/builddir', 'HOSTNAME': 'mock', 'PATH': '/usr/bin:/bin:/usr/sbin:/sbin', 'LANG': 'C.UTF-8'} and shell False
DEBUG util.py:461:  Filesystem                                            Type   Size  Used Avail Use% Mounted on
DEBUG util.py:461:  /dev/mapper/luks-bd42170b-24cb-4858-b03a-4b579709d1a5 btrfs  2.9T   21G  2.9T   1% /
DEBUG util.py:461:  /dev/mapper/luks-bd42170b-24cb-4858-b03a-4b579709d1a5 btrfs  2.9T   21G  2.9T   1% /
DEBUG util.py:608:  Child return code was: 0
DEBUG buildroot.py:723:  create skeleton dirs
DEBUG file_util.py:18:  ensuring that dir exists: /var/lib/mock/f41-build-59362116-6573023/root/var/lib/rpm
DEBUG file_util.py:18:  ensuring that dir exists: /var/lib/mock/f41-build-59362116-6573023/root/var/lib/yum
DEBUG file_util.py:18:  ensuring that dir exists: /var/lib/mock/f41-build-59362116-6573023/root/var/lib/dbus
DEBUG file_util.py:18:  ensuring that dir exists: /var/lib/mock/f41-build-59362116-6573023/root/var/log
DEBUG file_util.py:18:  ensuring that dir exists: /var/lib/mock/f41-build-59362116-6573023/root/var/cache/dnf
DEBUG file_util.py:18:  ensuring that dir exists: /var/lib/mock/f41-build-59362116-6573023/root/var/cache/yum
DEBUG file_util.py:18:  ensuring that dir exists: /var/lib/mock/f41-build-59362116-6573023/root/etc/rpm
DEBUG file_util.py:18:  ensuring that dir exists: /var/lib/mock/f41-build-59362116-6573023/root/tmp
DEBUG file_util.py:18:  ensuring that dir exists: /var/lib/mock/f41-build-59362116-6573023/root/tmp/ccache
DEBUG file_util.py:18:  ensuring that dir exists: /var/lib/mock/f41-build-59362116-6573023/root/var/tmp
DEBUG file_util.py:18:  ensuring that dir exists: /var/lib/mock/f41-build-59362116-6573023/root/etc/dnf
DEBUG file_util.py:18:  ensuring that dir exists: /var/lib/mock/f41-build-59362116-6573023/root/etc/dnf/vars
DEBUG file_util.py:18:  ensuring that dir exists: /var/lib/mock/f41-build-59362116-6573023/root/etc/yum.repos.d
DEBUG file_util.py:21:  created dir: /var/lib/mock/f41-build-59362116-6573023/root/etc/yum.repos.d
DEBUG file_util.py:18:  ensuring that dir exists: /var/lib/mock/f41-build-59362116-6573023/root/etc/yum
DEBUG file_util.py:18:  ensuring that dir exists: /var/lib/mock/f41-build-59362116-6573023/root/proc
DEBUG file_util.py:18:  ensuring that dir exists: /var/lib/mock/f41-build-59362116-6573023/root/sys
DEBUG file_util.py:18:  ensuring that dir exists: /var/lib/mock/f41-build-59362116-6573023/root/dev/pts
DEBUG file_util.py:18:  ensuring that dir exists: /var/lib/mock/f41-build-59362116-6573023/root/dev/shm
DEBUG file_util.py:18:  ensuring that dir exists: /var/lib/mock/f41-build-59362116-6573023/root/dev/mapper
DEBUG file_util.py:21:  created dir: /var/lib/mock/f41-build-59362116-6573023/root/dev/mapper
DEBUG buildroot.py:867:  kernel version == 6.13.8-200.fc41.aarch64
DEBUG file_util.py:30:  touching file: /var/lib/mock/f41-build-59362116-6573023/root/etc/fstab
DEBUG file_util.py:30:  touching file: /var/lib/mock/f41-build-59362116-6573023/root/etc/yum/yum.conf
DEBUG file_util.py:30:  touching file: /var/lib/mock/f41-build-59362116-6573023/root/etc/dnf/dnf.conf
DEBUG file_util.py:30:  touching file: /var/lib/mock/f41-build-59362116-6573023/root/var/log/yum.log
DEBUG buildroot.py:332:  rootdir = /var/lib/mock/f41-build-59362116-6573023/root
DEBUG buildroot.py:333:  resultdir = /var/lib/mock/f41-build-59362116-6573023/result
INFO buildroot.py:181:  Package manager dnf5 detected and used (direct choice)
DEBUG file_util.py:18:  ensuring that dir exists: /var/lib/mock/f41-build-59362116-6573023/root/etc/pki/mock
DEBUG file_util.py:158:  Updating files in /var/lib/mock/f41-build-59362116-6573023/root/etc/pki/ca-trust with files from /etc/pki/ca-trust
DEBUG file_util.py:18:  ensuring that dir exists: /var/lib/mock/f41-build-59362116-6573023/root/etc/pki/ca-trust
DEBUG file_util.py:18:  ensuring that dir exists: /var/lib/mock/f41-build-59362116-6573023/root/etc/pki/ca-trust/./extracted
DEBUG file_util.py:18:  ensuring that dir exists: /var/lib/mock/f41-build-59362116-6573023/root/etc/pki/ca-trust/./source
DEBUG file_util.py:18:  ensuring that dir exists: /var/lib/mock/f41-build-59362116-6573023/root/etc/pki/ca-trust/extracted/edk2
DEBUG file_util.py:18:  ensuring that dir exists: /var/lib/mock/f41-build-59362116-6573023/root/etc/pki/ca-trust/extracted/java
DEBUG file_util.py:18:  ensuring that dir exists: /var/lib/mock/f41-build-59362116-6573023/root/etc/pki/ca-trust/extracted/openssl
DEBUG file_util.py:18:  ensuring that dir exists: /var/lib/mock/f41-build-59362116-6573023/root/etc/pki/ca-trust/extracted/pem
DEBUG file_util.py:18:  ensuring that dir exists: /var/lib/mock/f41-build-59362116-6573023/root/etc/pki/ca-trust/extracted/pem/directory-hash
DEBUG file_util.py:18:  ensuring that dir exists: /var/lib/mock/f41-build-59362116-6573023/root/etc/pki/ca-trust/source/anchors
DEBUG file_util.py:18:  ensuring that dir exists: /var/lib/mock/f41-build-59362116-6573023/root/etc/pki/ca-trust/source/blocklist
DEBUG file_util.py:158:  Updating files in /var/lib/mock/f41-build-59362116-6573023/root/usr/share/pki/ca-trust-source with files from /usr/share/pki/ca-trust-source
DEBUG file_util.py:18:  ensuring that dir exists: /var/lib/mock/f41-build-59362116-6573023/root/usr/share/pki/ca-trust-source
DEBUG file_util.py:18:  ensuring that dir exists: /var/lib/mock/f41-build-59362116-6573023/root/usr/share/pki/ca-trust-source/./anchors
DEBUG file_util.py:18:  ensuring that dir exists: /var/lib/mock/f41-build-59362116-6573023/root/usr/share/pki/ca-trust-source/./blocklist
DEBUG file_util.py:18:  ensuring that dir exists: /var/lib/mock/f41-build-59362116-6573023/root/etc/dnf
DEBUG package_manager.py:689:  configure DNF vars
DEBUG util.py:634:  child environment: None
DEBUG util.py:556:  Executing command: ['rpm', '-q', 'rpm', 'rpm-sequoia', 'python3-dnf', 'python3-dnf-plugins-core', 'yum', 'yum-utils', 'dnf5', 'dnf5-plugins', '--root', '/var/lib/mock/f41-build-59362116-6573023-bootstrap/root'] with env {'TERM': 'vt100', 'SHELL': '/bin/sh', 'HOME': '/builddir', 'HOSTNAME': 'mock', 'PATH': '/usr/bin:/bin:/usr/sbin:/sbin', 'LANG': 'C.UTF-8'} and shell False
DEBUG util.py:461:  rpm-4.20.1-1.fc41.aarch64
DEBUG util.py:461:  rpm-sequoia-1.7.0-5.fc41.aarch64
DEBUG util.py:461:  package python3-dnf is not installed
DEBUG util.py:461:  package python3-dnf-plugins-core is not installed
DEBUG util.py:461:  package yum is not installed
DEBUG util.py:461:  package yum-utils is not installed
DEBUG util.py:461:  dnf5-5.2.12.0-2.fc41.aarch64
DEBUG util.py:461:  dnf5-plugins-5.2.12.0-2.fc41.aarch64
DEBUG util.py:608:  Child return code was: 4
INFO package_manager.py:201:  Buildroot is handled by package management installed into bootstrap:
  rpm-4.20.1-1.fc41.aarch64
  rpm-sequoia-1.7.0-5.fc41.aarch64
  dnf5-5.2.12.0-2.fc41.aarch64
  dnf5-plugins-5.2.12.0-2.fc41.aarch64
DEBUG file_util.py:18:  ensuring that dir exists: /var/lib/mock/f41-build-59362116-6573023/root/builddir/build
DEBUG file_util.py:18:  ensuring that dir exists: /var/lib/mock/f41-build-59362116-6573023/root/builddir/build/RPMS
DEBUG file_util.py:21:  created dir: /var/lib/mock/f41-build-59362116-6573023/root/builddir/build/RPMS
DEBUG file_util.py:18:  ensuring that dir exists: /var/lib/mock/f41-build-59362116-6573023/root/builddir/build/SPECS
DEBUG file_util.py:21:  created dir: /var/lib/mock/f41-build-59362116-6573023/root/builddir/build/SPECS
DEBUG file_util.py:18:  ensuring that dir exists: /var/lib/mock/f41-build-59362116-6573023/root/builddir/build/SRPMS
DEBUG file_util.py:21:  created dir: /var/lib/mock/f41-build-59362116-6573023/root/builddir/build/SRPMS
DEBUG file_util.py:18:  ensuring that dir exists: /var/lib/mock/f41-build-59362116-6573023/root/builddir/build/SOURCES
DEBUG file_util.py:18:  ensuring that dir exists: /var/lib/mock/f41-build-59362116-6573023/root/builddir/build/BUILD
DEBUG file_util.py:21:  created dir: /var/lib/mock/f41-build-59362116-6573023/root/builddir/build/BUILD
DEBUG file_util.py:18:  ensuring that dir exists: /var/lib/mock/f41-build-59362116-6573023/root/builddir/build/BUILDROOT
DEBUG file_util.py:21:  created dir: /var/lib/mock/f41-build-59362116-6573023/root/builddir/build/BUILDROOT
DEBUG file_util.py:18:  ensuring that dir exists: /var/lib/mock/f41-build-59362116-6573023/root/builddir/build/originals
DEBUG file_util.py:21:  created dir: /var/lib/mock/f41-build-59362116-6573023/root/builddir/build/originals
DEBUG file_util.py:18:  ensuring that dir exists: /var/lib/mock/f41-build-59362116-6573023/root/builddir
DEBUG util.py:634:  child environment: None
DEBUG util.py:556:  Executing command: ['userdel', '-f', 'mockbuild', '--prefix', '/var/lib/mock/f41-build-59362116-6573023/root'] with env {'TERM': 'vt100', 'SHELL': '/bin/sh', 'HOME': '/builddir', 'HOSTNAME': 'mock', 'PATH': '/usr/bin:/bin:/usr/sbin:/sbin', 'LANG': 'C.UTF-8'} and shell False
DEBUG util.py:608:  Child return code was: 0
DEBUG util.py:634:  child environment: None
DEBUG util.py:556:  Executing command: ['groupdel', 'mock', '--prefix', '/var/lib/mock/f41-build-59362116-6573023/root'] with env {'TERM': 'vt100', 'SHELL': '/bin/sh', 'HOME': '/builddir', 'HOSTNAME': 'mock', 'PATH': '/usr/bin:/bin:/usr/sbin:/sbin', 'LANG': 'C.UTF-8'} and shell False
DEBUG util.py:608:  Child return code was: 0
DEBUG util.py:634:  child environment: None
DEBUG util.py:556:  Executing command: ['groupadd', 'mock', '-g', '425', '--prefix', '/var/lib/mock/f41-build-59362116-6573023/root'] with env {'TERM': 'vt100', 'SHELL': '/bin/sh', 'HOME': '/builddir', 'HOSTNAME': 'mock', 'PATH': '/usr/bin:/bin:/usr/sbin:/sbin', 'LANG': 'C.UTF-8'} and shell False
DEBUG util.py:608:  Child return code was: 0
DEBUG util.py:634:  child environment: None
DEBUG util.py:556:  Executing command: ['useradd', 'mockbuild', '-o', '-u', '1000', '-g', '425', '-N', '-d', '/builddir', '--prefix', '/var/lib/mock/f41-build-59362116-6573023/root'] with env {'TERM': 'vt100', 'SHELL': '/bin/sh', 'HOME': '/builddir', 'HOSTNAME': 'mock', 'PATH': '/usr/bin:/bin:/usr/sbin:/sbin', 'LANG': 'C.UTF-8'} and shell False
DEBUG util.py:459:  useradd: warning: the home directory /builddir already exists.
DEBUG util.py:459:  useradd: Not copying any file from skel directory into it.
DEBUG util.py:459:  Creating mailbox file: File exists
DEBUG util.py:608:  Child return code was: 0
DEBUG file_util.py:30:  touching file: /var/lib/mock/f41-build-59362116-6573023/root/.initialized
DEBUG util.py:634:  child environment: None
DEBUG util.py:551:  Using nspawn with args ['--capability=cap_ipc_lock', '--rlimit=RLIMIT_CORE=infinity', '--bind=/tmp/mock-resolv.u5qwqi5l:/etc/resolv.conf', '--bind=/dev/btrfs-control', '--bind=/dev/mapper/control', '--bind=/dev/fuse', '--bind=/dev/loop-control', '--bind=/dev/loop0', '--bind=/dev/loop1', '--bind=/dev/loop2', '--bind=/dev/loop3', '--bind=/dev/loop4', '--bind=/dev/loop5', '--bind=/dev/loop6', '--bind=/dev/loop7', '--bind=/dev/loop8', '--bind=/dev/loop9', '--bind=/dev/loop10', '--bind=/dev/loop11']
DEBUG util.py:556:  Executing command: ['/usr/bin/systemd-nspawn', '-q', '-M', '46715a1400074c6db6621577b99016b4', '-D', '/var/lib/mock/f41-build-59362116-6573023/root', '-a', '-u', 'mockbuild', '--capability=cap_ipc_lock', '--rlimit=RLIMIT_CORE=infinity', '--bind=/tmp/mock-resolv.u5qwqi5l:/etc/resolv.conf', '--bind=/dev/btrfs-control', '--bind=/dev/mapper/control', '--bind=/dev/fuse', '--bind=/dev/loop-control', '--bind=/dev/loop0', '--bind=/dev/loop1', '--bind=/dev/loop2', '--bind=/dev/loop3', '--bind=/dev/loop4', '--bind=/dev/loop5', '--bind=/dev/loop6', '--bind=/dev/loop7', '--bind=/dev/loop8', '--bind=/dev/loop9', '--bind=/dev/loop10', '--bind=/dev/loop11', '--console=pipe', '--setenv=TERM=vt100', '--setenv=SHELL=/bin/bash', '--setenv=HOME=/builddir', '--setenv=HOSTNAME=mock', '--setenv=PATH=/usr/bin:/bin:/usr/sbin:/sbin', '--setenv=PROMPT_COMMAND=printf "\\033]0;<mock-chroot>\\007"', '--setenv=PS1=<mock-chroot> \\s-\\v\\$ ', '--setenv=LANG=C.UTF-8', '--resolv-conf=off', '/bin/rpm', '-Uvh', '--nodeps', '/builddir/build/originals/DisplayCAL-3.9.16-1.fc41.src.rpm'] with env {'TERM': 'vt100', 'SHELL': '/bin/bash', 'HOME': '/builddir', 'HOSTNAME': 'mock', 'PATH': '/usr/bin:/bin:/usr/sbin:/sbin', 'PROMPT_COMMAND': 'printf "\\033]0;<mock-chroot>\\007"', 'PS1': '<mock-chroot> \\s-\\v\\$ ', 'LANG': 'C.UTF-8', 'SYSTEMD_NSPAWN_TMPFS_TMP': '0', 'SYSTEMD_SECCOMP': '0'} and shell False
DEBUG util.py:461:  Updating / installing...
DEBUG util.py:461:  DisplayCAL-3.9.16-1.fc41              ########################################
DEBUG util.py:608:  Child return code was: 0
DEBUG util.py:634:  child environment: None
DEBUG util.py:551:  Using nspawn with args ['--capability=cap_ipc_lock', '--rlimit=RLIMIT_CORE=infinity', '--bind=/tmp/mock-resolv.u5qwqi5l:/etc/resolv.conf', '--bind=/dev/btrfs-control', '--bind=/dev/mapper/control', '--bind=/dev/fuse', '--bind=/dev/loop-control', '--bind=/dev/loop0', '--bind=/dev/loop1', '--bind=/dev/loop2', '--bind=/dev/loop3', '--bind=/dev/loop4', '--bind=/dev/loop5', '--bind=/dev/loop6', '--bind=/dev/loop7', '--bind=/dev/loop8', '--bind=/dev/loop9', '--bind=/dev/loop10', '--bind=/dev/loop11']
DEBUG util.py:556:  Executing command: ['/usr/bin/systemd-nspawn', '-q', '-M', '8f688358bc3c406eb7bd61288f8cd9b2', '-D', '/var/lib/mock/f41-build-59362116-6573023/root', '-a', '-u', 'mockbuild', '--capability=cap_ipc_lock', '--rlimit=RLIMIT_CORE=infinity', '--bind=/tmp/mock-resolv.u5qwqi5l:/etc/resolv.conf', '--bind=/dev/btrfs-control', '--bind=/dev/mapper/control', '--bind=/dev/fuse', '--bind=/dev/loop-control', '--bind=/dev/loop0', '--bind=/dev/loop1', '--bind=/dev/loop2', '--bind=/dev/loop3', '--bind=/dev/loop4', '--bind=/dev/loop5', '--bind=/dev/loop6', '--bind=/dev/loop7', '--bind=/dev/loop8', '--bind=/dev/loop9', '--bind=/dev/loop10', '--bind=/dev/loop11', '--console=pipe', '--setenv=TERM=vt100', '--setenv=SHELL=/bin/bash', '--setenv=HOME=/builddir', '--setenv=HOSTNAME=mock', '--setenv=PATH=/usr/bin:/bin:/usr/sbin:/sbin', '--setenv=PROMPT_COMMAND=printf "\\033]0;<mock-chroot>\\007"', '--setenv=PS1=<mock-chroot> \\s-\\v\\$ ', '--setenv=LANG=C.UTF-8', '--resolv-conf=off', '/bin/rpm', '-qpl', '/builddir/build/originals/DisplayCAL-3.9.16-1.fc41.src.rpm'] with env {'TERM': 'vt100', 'SHELL': '/bin/bash', 'HOME': '/builddir', 'HOSTNAME': 'mock', 'PATH': '/usr/bin:/bin:/usr/sbin:/sbin', 'PROMPT_COMMAND': 'printf "\\033]0;<mock-chroot>\\007"', 'PS1': '<mock-chroot> \\s-\\v\\$ ', 'LANG': 'C.UTF-8', 'SYSTEMD_NSPAWN_TMPFS_TMP': '0', 'SYSTEMD_SECCOMP': '0'} and shell False
DEBUG util.py:461:  DisplayCAL-3.9.16.tar.gz
DEBUG util.py:461:  DisplayCAL.spec
DEBUG util.py:461:  displaycal-3.9.15-downgrade-wxpython.patch
DEBUG util.py:461:  displaycal-3.9.15-fix-autostart-location.patch
DEBUG util.py:461:  displaycal-3.9.3-udev-dir.patch
DEBUG util.py:461:  displaycal-skip-update-check.patch
DEBUG util.py:608:  Child return code was: 0
DEBUG util.py:634:  child environment: None
DEBUG util.py:551:  Using nspawn with args ['--capability=cap_ipc_lock', '--rlimit=RLIMIT_CORE=infinity', '--bind=/tmp/mock-resolv.u5qwqi5l:/etc/resolv.conf', '--bind=/dev/btrfs-control', '--bind=/dev/mapper/control', '--bind=/dev/fuse', '--bind=/dev/loop-control', '--bind=/dev/loop0', '--bind=/dev/loop1', '--bind=/dev/loop2', '--bind=/dev/loop3', '--bind=/dev/loop4', '--bind=/dev/loop5', '--bind=/dev/loop6', '--bind=/dev/loop7', '--bind=/dev/loop8', '--bind=/dev/loop9', '--bind=/dev/loop10', '--bind=/dev/loop11']
DEBUG util.py:556:  Executing command: ['/usr/bin/systemd-nspawn', '-q', '-M', 'b2c2609b477143bca25b052c54e7f480', '-D', '/var/lib/mock/f41-build-59362116-6573023/root', '-a', '--capability=cap_ipc_lock', '--rlimit=RLIMIT_CORE=infinity', '--bind=/tmp/mock-resolv.u5qwqi5l:/etc/resolv.conf', '--bind=/dev/btrfs-control', '--bind=/dev/mapper/control', '--bind=/dev/fuse', '--bind=/dev/loop-control', '--bind=/dev/loop0', '--bind=/dev/loop1', '--bind=/dev/loop2', '--bind=/dev/loop3', '--bind=/dev/loop4', '--bind=/dev/loop5', '--bind=/dev/loop6', '--bind=/dev/loop7', '--bind=/dev/loop8', '--bind=/dev/loop9', '--bind=/dev/loop10', '--bind=/dev/loop11', '--console=pipe', '--setenv=TERM=vt100', '--setenv=SHELL=/bin/bash', '--setenv=HOME=/builddir', '--setenv=HOSTNAME=mock', '--setenv=PATH=/usr/bin:/bin:/usr/sbin:/sbin', '--setenv=PROMPT_COMMAND=printf "\\033]0;<mock-chroot>\\007"', '--setenv=PS1=<mock-chroot> \\s-\\v\\$ ', '--setenv=LANG=C.UTF-8', '--resolv-conf=off', '/bin/sh', '-c', 'case $(rpmbuild --help) in *--noclean*) exit 0; esac; exit 1'] with env {'TERM': 'vt100', 'SHELL': '/bin/bash', 'HOME': '/builddir', 'HOSTNAME': 'mock', 'PATH': '/usr/bin:/bin:/usr/sbin:/sbin', 'PROMPT_COMMAND': 'printf "\\033]0;<mock-chroot>\\007"', 'PS1': '<mock-chroot> \\s-\\v\\$ ', 'LANG': 'C.UTF-8', 'SYSTEMD_NSPAWN_TMPFS_TMP': '0', 'SYSTEMD_SECCOMP': '0'} and shell False
DEBUG util.py:608:  Child return code was: 0
DEBUG util.py:634:  child environment: None
DEBUG file_util.py:18:  ensuring that dir exists: /var/lib/mock/f41-build-59362116-6573023/root/proc
DEBUG util.py:634:  child environment: None
DEBUG util.py:556:  Executing command: ['/bin/mount', '-n', '-t', 'tmpfs', '-o', 'rprivate,mode=0755', 'tmpfs', '/var/lib/mock/f41-build-59362116-6573023/root/proc'] with env {'TERM': 'vt100', 'SHELL': '/bin/sh', 'HOME': '/builddir', 'HOSTNAME': 'mock', 'PATH': '/usr/bin:/bin:/usr/sbin:/sbin', 'LANG': 'C.UTF-8'} and shell False
DEBUG util.py:608:  Child return code was: 0
DEBUG file_util.py:18:  ensuring that dir exists: /var/lib/mock/f41-build-59362116-6573023/root/proc
DEBUG util.py:634:  child environment: None
DEBUG util.py:556:  Executing command: ['/bin/mount', '-n', '-o', 'rbind', '/proc', '/var/lib/mock/f41-build-59362116-6573023/root/proc'] with env {'TERM': 'vt100', 'SHELL': '/bin/sh', 'HOME': '/builddir', 'HOSTNAME': 'mock', 'PATH': '/usr/bin:/bin:/usr/sbin:/sbin', 'LANG': 'C.UTF-8'} and shell False
DEBUG util.py:608:  Child return code was: 0
DEBUG util.py:634:  child environment: None
DEBUG util.py:556:  Executing command: ['/bin/mount', '-n', '-o', 'remount,nodev,noexec,nosuid,readonly,rprivate,rbind', '--target', '/var/lib/mock/f41-build-59362116-6573023/root/proc'] with env {'TERM': 'vt100', 'SHELL': '/bin/sh', 'HOME': '/builddir', 'HOSTNAME': 'mock', 'PATH': '/usr/bin:/bin:/usr/sbin:/sbin', 'LANG': 'C.UTF-8'} and shell False
DEBUG util.py:608:  Child return code was: 0
DEBUG file_util.py:18:  ensuring that dir exists: /var/lib/mock/f41-build-59362116-6573023/root/sys
DEBUG util.py:634:  child environment: None
DEBUG util.py:556:  Executing command: ['/bin/mount', '-n', '-t', 'tmpfs', '-o', 'rprivate,mode=0755', 'tmpfs', '/var/lib/mock/f41-build-59362116-6573023/root/sys'] with env {'TERM': 'vt100', 'SHELL': '/bin/sh', 'HOME': '/builddir', 'HOSTNAME': 'mock', 'PATH': '/usr/bin:/bin:/usr/sbin:/sbin', 'LANG': 'C.UTF-8'} and shell False
DEBUG util.py:608:  Child return code was: 0
DEBUG file_util.py:18:  ensuring that dir exists: /var/lib/mock/f41-build-59362116-6573023/root/sys
DEBUG util.py:634:  child environment: None
DEBUG util.py:556:  Executing command: ['/bin/mount', '-n', '-o', 'rbind', '/sys', '/var/lib/mock/f41-build-59362116-6573023/root/sys'] with env {'TERM': 'vt100', 'SHELL': '/bin/sh', 'HOME': '/builddir', 'HOSTNAME': 'mock', 'PATH': '/usr/bin:/bin:/usr/sbin:/sbin', 'LANG': 'C.UTF-8'} and shell False
DEBUG util.py:608:  Child return code was: 0
DEBUG util.py:634:  child environment: None
DEBUG util.py:556:  Executing command: ['/bin/mount', '-n', '-o', 'remount,nodev,noexec,nosuid,readonly,rprivate,rbind', '--target', '/var/lib/mock/f41-build-59362116-6573023/root/sys'] with env {'TERM': 'vt100', 'SHELL': '/bin/sh', 'HOME': '/builddir', 'HOSTNAME': 'mock', 'PATH': '/usr/bin:/bin:/usr/sbin:/sbin', 'LANG': 'C.UTF-8'} and shell False
DEBUG util.py:608:  Child return code was: 0
DEBUG file_util.py:18:  ensuring that dir exists: /var/lib/mock/f41-build-59362116-6573023/root/dev/shm
DEBUG util.py:634:  child environment: None
DEBUG util.py:556:  Executing command: ['/bin/mount', '-n', '-t', 'tmpfs', 'tmpfs', '/var/lib/mock/f41-build-59362116-6573023/root/dev/shm'] with env {'TERM': 'vt100', 'SHELL': '/bin/sh', 'HOME': '/builddir', 'HOSTNAME': 'mock', 'PATH': '/usr/bin:/bin:/usr/sbin:/sbin', 'LANG': 'C.UTF-8'} and shell False
DEBUG util.py:608:  Child return code was: 0
DEBUG file_util.py:18:  ensuring that dir exists: /var/lib/mock/f41-build-59362116-6573023/root/dev/pts
DEBUG util.py:634:  child environment: None
DEBUG util.py:556:  Executing command: ['/bin/mount', '-n', '-t', 'devpts', '-o', 'gid=5,mode=0620,ptmxmode=0666,newinstance', 'devpts', '/var/lib/mock/f41-build-59362116-6573023/root/dev/pts'] with env {'TERM': 'vt100', 'SHELL': '/bin/sh', 'HOME': '/builddir', 'HOSTNAME': 'mock', 'PATH': '/usr/bin:/bin:/usr/sbin:/sbin', 'LANG': 'C.UTF-8'} and shell False
DEBUG util.py:608:  Child return code was: 0
DEBUG util.py:634:  child environment: None
DEBUG util.py:556:  Executing command: ['/bin/mount', '-n', '-o', 'bind', '/tmp/mock-selinux-plugin.39mwdkt7', '/var/lib/mock/f41-build-59362116-6573023/root/proc/filesystems'] with env {'TERM': 'vt100', 'SHELL': '/bin/sh', 'HOME': '/builddir', 'HOSTNAME': 'mock', 'PATH': '/usr/bin:/bin:/usr/sbin:/sbin', 'LANG': 'C.UTF-8'} and shell False
DEBUG util.py:608:  Child return code was: 0
DEBUG file_util.py:18:  ensuring that dir exists: /var/lib/mock/f41-build-59362116-6573023/root/sys/fs/selinux
DEBUG util.py:634:  child environment: None
DEBUG util.py:556:  Executing command: ['/bin/mount', '-n', '-t', 'tmpfs', 'tmpfs', '/var/lib/mock/f41-build-59362116-6573023/root/sys/fs/selinux'] with env {'TERM': 'vt100', 'SHELL': '/bin/sh', 'HOME': '/builddir', 'HOSTNAME': 'mock', 'PATH': '/usr/bin:/bin:/usr/sbin:/sbin', 'LANG': 'C.UTF-8'} and shell False
DEBUG util.py:608:  Child return code was: 0
DEBUG file_util.py:18:  ensuring that dir exists: /var/lib/mock/f41-build-59362116-6573023-bootstrap/root/var/lib/mock/f41-build-59362116-6573023/root
DEBUG util.py:634:  child environment: None
DEBUG util.py:556:  Executing command: ['/bin/mount', '-n', '-t', 'tmpfs', '-o', 'private,mode=0755', 'tmpfs', '/var/lib/mock/f41-build-59362116-6573023-bootstrap/root/var/lib/mock/f41-build-59362116-6573023/root'] with env {'TERM': 'vt100', 'SHELL': '/bin/sh', 'HOME': '/builddir', 'HOSTNAME': 'mock', 'PATH': '/usr/bin:/bin:/usr/sbin:/sbin', 'LANG': 'C.UTF-8'} and shell False
DEBUG util.py:608:  Child return code was: 0
DEBUG file_util.py:18:  ensuring that dir exists: /var/lib/mock/f41-build-59362116-6573023-bootstrap/root/var/lib/mock/f41-build-59362116-6573023/root
DEBUG util.py:634:  child environment: None
DEBUG util.py:556:  Executing command: ['/bin/mount', '-n', '-o', 'rbind', '/var/lib/mock/f41-build-59362116-6573023/root', '/var/lib/mock/f41-build-59362116-6573023-bootstrap/root/var/lib/mock/f41-build-59362116-6573023/root'] with env {'TERM': 'vt100', 'SHELL': '/bin/sh', 'HOME': '/builddir', 'HOSTNAME': 'mock', 'PATH': '/usr/bin:/bin:/usr/sbin:/sbin', 'LANG': 'C.UTF-8'} and shell False
DEBUG util.py:608:  Child return code was: 0
DEBUG util.py:634:  child environment: None
DEBUG util.py:556:  Executing command: ['/bin/mount', '-n', '-o', 'remount,private,rbind', '--target', '/var/lib/mock/f41-build-59362116-6573023-bootstrap/root/var/lib/mock/f41-build-59362116-6573023/root'] with env {'TERM': 'vt100', 'SHELL': '/bin/sh', 'HOME': '/builddir', 'HOSTNAME': 'mock', 'PATH': '/usr/bin:/bin:/usr/sbin:/sbin', 'LANG': 'C.UTF-8'} and shell False
DEBUG util.py:608:  Child return code was: 0
DEBUG file_util.py:18:  ensuring that dir exists: /var/lib/mock/f41-build-59362116-6573023/root/installation-homedir
DEBUG package_manager.py:295:  ['/usr/bin/dnf5', 'builddep', '--installroot', '/var/lib/mock/f41-build-59362116-6573023/root/', '/var/lib/mock/f41-build-59362116-6573023/root//builddir/build/SRPMS/DisplayCAL-3.9.16-1.fc41.src.rpm', '--setopt=deltarpm=False', '--setopt=allow_vendor_change=yes', '--allowerasing']
DEBUG util.py:634:  child environment: None
DEBUG util.py:551:  Using nspawn with args ['--capability=cap_ipc_lock', '--rlimit=RLIMIT_CORE=infinity', '--bind=/tmp/mock-resolv.803xiq5_:/etc/resolv.conf']
DEBUG util.py:556:  Executing command: ['/usr/bin/systemd-nspawn', '-q', '-M', '1f712108360e44549828b7ae0d140463', '-D', '/var/lib/mock/f41-build-59362116-6573023-bootstrap/root', '-a', '--capability=cap_ipc_lock', '--rlimit=RLIMIT_CORE=infinity', '--bind=/tmp/mock-resolv.803xiq5_:/etc/resolv.conf', '--console=pipe', '--setenv=TERM=vt100', '--setenv=SHELL=/bin/bash', '--setenv=HOME=/var/lib/mock/f41-build-59362116-6573023/root/installation-homedir', '--setenv=HOSTNAME=mock', '--setenv=PATH=/usr/bin:/bin:/usr/sbin:/sbin', '--setenv=PROMPT_COMMAND=printf "\\033]0;<mock-chroot>\\007"', '--setenv=PS1=<mock-chroot> \\s-\\v\\$ ', '--setenv=LANG=C.UTF-8', '--setenv=LC_MESSAGES=C.UTF-8', '--resolv-conf=off', '/usr/bin/dnf5', 'builddep', '--installroot', '/var/lib/mock/f41-build-59362116-6573023/root/', '/var/lib/mock/f41-build-59362116-6573023/root//builddir/build/SRPMS/DisplayCAL-3.9.16-1.fc41.src.rpm', '--setopt=deltarpm=False', '--setopt=allow_vendor_change=yes', '--allowerasing', '--setopt=tsflags=nocontexts'] with env {'TERM': 'vt100', 'SHELL': '/bin/bash', 'HOME': '/var/lib/mock/f41-build-59362116-6573023/root/installation-homedir', 'HOSTNAME': 'mock', 'PATH': '/usr/bin:/bin:/usr/sbin:/sbin', 'PROMPT_COMMAND': 'printf "\\033]0;<mock-chroot>\\007"', 'PS1': '<mock-chroot> \\s-\\v\\$ ', 'LANG': 'C.UTF-8', 'LC_MESSAGES': 'C.UTF-8', 'SYSTEMD_NSPAWN_TMPFS_TMP': '0', 'SYSTEMD_SECCOMP': '0'} and shell False
DEBUG util.py:459:  Updating and loading repositories:
DEBUG util.py:459:   build                                  100% | 158.9 KiB/s |   3.5 KiB |  00m00s
DEBUG util.py:459:  Repositories loaded.
DEBUG util.py:461:  Package                 Arch    Version                 Repository      Size
DEBUG util.py:461:  Installing:
DEBUG util.py:461:   git-core               aarch64 2.49.0-1.fc41           build       22.7 MiB
DEBUG util.py:461:   libXinerama-devel      aarch64 1.1.5-7.fc41            build        7.0 KiB
DEBUG util.py:461:   libXrandr-devel        aarch64 1.5.4-4.fc41            build       21.8 KiB
DEBUG util.py:461:   libXxf86vm-devel       aarch64 1.1.6-1.fc41            build       12.1 KiB
DEBUG util.py:461:   pyproject-rpm-macros   noarch  1.18.1-1.fc41           build      114.5 KiB
DEBUG util.py:461:   python3-devel          aarch64 3.13.3-2.fc41           build        1.8 MiB
DEBUG util.py:461:   xdg-user-dirs          aarch64 0.18-9.fc41             build      210.5 KiB
DEBUG util.py:461:  Installing dependencies:
DEBUG util.py:461:   expat                  aarch64 2.7.1-1.fc41            build      354.4 KiB
DEBUG util.py:461:   less                   aarch64 668-1.fc41              build      550.1 KiB
DEBUG util.py:461:   libX11                 aarch64 1.8.11-1.fc41           build        1.3 MiB
DEBUG util.py:461:   libX11-common          noarch  1.8.11-1.fc41           build        1.2 MiB
DEBUG util.py:461:   libX11-devel           aarch64 1.8.11-1.fc41           build        1.0 MiB
DEBUG util.py:461:   libX11-xcb             aarch64 1.8.11-1.fc41           build       67.1 KiB
DEBUG util.py:461:   libXau                 aarch64 1.0.11-7.fc41           build      242.9 KiB
DEBUG util.py:461:   libXau-devel           aarch64 1.0.11-7.fc41           build        6.4 KiB
DEBUG util.py:461:   libXext                aarch64 1.3.6-2.fc41            build      210.0 KiB
DEBUG util.py:461:   libXext-devel          aarch64 1.3.6-2.fc41            build       98.9 KiB
DEBUG util.py:461:   libXinerama            aarch64 1.1.5-7.fc41            build      199.1 KiB
DEBUG util.py:461:   libXrandr              aarch64 1.5.4-4.fc41            build      199.8 KiB
DEBUG util.py:461:   libXrender             aarch64 0.9.12-1.fc41           build       68.7 KiB
DEBUG util.py:461:   libXrender-devel       aarch64 0.9.12-1.fc41           build       50.1 KiB
DEBUG util.py:461:   libXxf86vm             aarch64 1.1.6-1.fc41            build       68.2 KiB
DEBUG util.py:461:   libb2                  aarch64 0.98.1-12.fc41          build      202.2 KiB
DEBUG util.py:461:   libcbor                aarch64 0.11.0-2.fc41           build      202.0 KiB
DEBUG util.py:461:   libedit                aarch64 3.1-54.20250104cvs.fc41 build      275.3 KiB
DEBUG util.py:461:   libfido2               aarch64 1.15.0-2.fc41           build      342.4 KiB
DEBUG util.py:461:   libxcb                 aarch64 1.17.0-3.fc41           build        2.2 MiB
DEBUG util.py:461:   libxcb-devel           aarch64 1.17.0-3.fc41           build        2.7 MiB
DEBUG util.py:461:   mpdecimal              aarch64 2.5.1-16.fc41           build      328.9 KiB
DEBUG util.py:461:   openssh                aarch64 9.9p1-3.fc41            build        1.4 MiB
DEBUG util.py:461:   openssh-clients        aarch64 9.9p1-3.fc41            build        2.8 MiB
DEBUG util.py:461:   python-pip-wheel       noarch  24.2-1.fc41             build        1.2 MiB
DEBUG util.py:461:   python-rpm-macros      noarch  3.13-3.fc41             build       22.1 KiB
DEBUG util.py:461:   python3                aarch64 3.13.3-2.fc41           build       84.8 KiB
DEBUG util.py:461:   python3-libs           aarch64 3.13.3-2.fc41           build       42.3 MiB
DEBUG util.py:461:   python3-packaging      noarch  24.2-3.fc41             build      558.3 KiB
DEBUG util.py:461:   python3-rpm-generators noarch  14-11.fc41              build       81.7 KiB
DEBUG util.py:461:   python3-rpm-macros     noarch  3.13-3.fc41             build        6.4 KiB
DEBUG util.py:461:   tzdata                 noarch  2025b-1.fc41            build        1.6 MiB
DEBUG util.py:461:   xorg-x11-proto-devel   noarch  2024.1-3.fc41           build        1.7 MiB
DEBUG util.py:461:  Transaction Summary:
DEBUG util.py:461:   Installing:        40 packages
DEBUG util.py:459:  Total size of inbound packages is 21 MiB. Need to download 21 MiB.
DEBUG util.py:459:  After this operation, 88 MiB extra will be used (install 88 MiB, remove 0 B).
DEBUG util.py:459:  [ 1/40] python3-devel-0:3.13.3-2.fc41.a 100% |  12.1 MiB/s | 359.4 KiB |  00m00s
DEBUG util.py:459:  [ 2/40] libXinerama-devel-0:1.1.5-7.fc4 100% | 426.0 KiB/s |  13.2 KiB |  00m00s
DEBUG util.py:459:  [ 3/40] libXrandr-devel-0:1.5.4-4.fc41. 100% |   3.8 MiB/s |  19.3 KiB |  00m00s
DEBUG util.py:459:  [ 4/40] pyproject-rpm-macros-0:1.18.1-1 100% |  10.9 MiB/s |  44.8 KiB |  00m00s
DEBUG util.py:459:  [ 5/40] libXxf86vm-devel-0:1.1.6-1.fc41 100% |   1.5 MiB/s |  18.0 KiB |  00m00s
DEBUG util.py:459:  [ 6/40] xdg-user-dirs-0:0.18-9.fc41.aar 100% |  10.9 MiB/s |  66.8 KiB |  00m00s
DEBUG util.py:459:  [ 7/40] expat-0:2.7.1-1.fc41.aarch64    100% |  22.1 MiB/s | 112.9 KiB |  00m00s
DEBUG util.py:459:  [ 8/40] git-core-0:2.49.0-1.fc41.aarch6 100% |  77.5 MiB/s |   5.0 MiB |  00m00s
DEBUG util.py:459:  [ 9/40] less-0:668-1.fc41.aarch64       100% |  10.3 MiB/s | 190.3 KiB |  00m00s
DEBUG util.py:459:  [10/40] python3-0:3.13.3-2.fc41.aarch64 100% |   7.3 MiB/s |  30.0 KiB |  00m00s
DEBUG util.py:459:  [11/40] openssh-clients-0:9.9p1-3.fc41. 100% |  29.5 MiB/s | 755.3 KiB |  00m00s
DEBUG util.py:459:  [12/40] libXext-devel-0:1.3.6-2.fc41.aa 100% |  11.8 MiB/s |  72.5 KiB |  00m00s
DEBUG util.py:459:  [13/40] libX11-devel-0:1.8.11-1.fc41.aa 100% |  46.8 MiB/s | 911.0 KiB |  00m00s
DEBUG util.py:459:  [14/40] libXinerama-0:1.1.5-7.fc41.aarc 100% |   2.4 MiB/s |  14.6 KiB |  00m00s
DEBUG util.py:459:  [15/40] libXrandr-0:1.5.4-4.fc41.aarch6 100% |   4.5 MiB/s |  27.6 KiB |  00m00s
DEBUG util.py:459:  [16/40] xorg-x11-proto-devel-0:2024.1-3 100% |  26.0 MiB/s | 265.9 KiB |  00m00s
DEBUG util.py:459:  [17/40] libXrender-devel-0:0.9.12-1.fc4 100% |   3.7 MiB/s |  18.9 KiB |  00m00s
DEBUG util.py:459:  [18/40] libXxf86vm-0:1.1.6-1.fc41.aarch 100% |   4.1 MiB/s |  16.6 KiB |  00m00s
DEBUG util.py:459:  [19/40] python-rpm-macros-0:3.13-3.fc41 100% |   5.8 MiB/s |  17.7 KiB |  00m00s
DEBUG util.py:459:  [20/40] python3-rpm-macros-0:3.13-3.fc4 100% |   3.0 MiB/s |  12.4 KiB |  00m00s
DEBUG util.py:459:  [21/40] libedit-0:3.1-54.20250104cvs.fc 100% |  19.7 MiB/s | 100.7 KiB |  00m00s
DEBUG util.py:459:  [22/40] libfido2-0:1.15.0-2.fc41.aarch6 100% |  15.8 MiB/s |  97.0 KiB |  00m00s
DEBUG util.py:459:  [23/40] libb2-0:0.98.1-12.fc41.aarch64  100% |   6.1 MiB/s |  24.9 KiB |  00m00s
DEBUG util.py:459:  [24/40] openssh-0:9.9p1-3.fc41.aarch64  100% |  37.4 MiB/s | 344.4 KiB |  00m00s
DEBUG util.py:459:  [25/40] mpdecimal-0:2.5.1-16.fc41.aarch 100% |  14.5 MiB/s |  89.1 KiB |  00m00s
DEBUG util.py:459:  [26/40] tzdata-0:2025b-1.fc41.noarch    100% |  41.9 MiB/s | 429.2 KiB |  00m00s
DEBUG util.py:459:  [27/40] python-pip-wheel-0:24.2-1.fc41. 100% |  60.1 MiB/s |   1.2 MiB |  00m00s
DEBUG util.py:459:  [28/40] python3-libs-0:3.13.3-2.fc41.aa 100% |  89.2 MiB/s |   8.7 MiB |  00m00s
DEBUG util.py:459:  [29/40] libX11-xcb-0:1.8.11-1.fc41.aarc 100% | 566.3 KiB/s |  11.9 KiB |  00m00s
DEBUG util.py:459:  [30/40] libX11-0:1.8.11-1.fc41.aarch64  100% |  20.3 MiB/s | 643.6 KiB |  00m00s
DEBUG util.py:459:  [31/40] libXext-0:1.3.6-2.fc41.aarch64  100% |   7.6 MiB/s |  38.8 KiB |  00m00s
DEBUG util.py:459:  [32/40] libXrender-0:0.9.12-1.fc41.aarc 100% |   6.3 MiB/s |  25.8 KiB |  00m00s
DEBUG util.py:459:  [33/40] libcbor-0:0.11.0-2.fc41.aarch64 100% |   6.4 MiB/s |  32.8 KiB |  00m00s
DEBUG util.py:459:  [34/40] libxcb-devel-0:1.17.0-3.fc41.aa 100% |  63.1 MiB/s |   1.1 MiB |  00m00s
DEBUG util.py:459:  [35/40] libX11-common-0:1.8.11-1.fc41.n 100% |  15.7 MiB/s | 145.1 KiB |  00m00s
DEBUG util.py:459:  [36/40] libxcb-0:1.17.0-3.fc41.aarch64  100% |  26.4 MiB/s | 243.3 KiB |  00m00s
DEBUG util.py:459:  [37/40] libXau-devel-0:1.0.11-7.fc41.aa 100% |   2.7 MiB/s |  13.8 KiB |  00m00s
DEBUG util.py:459:  [38/40] libXau-0:1.0.11-7.fc41.aarch64  100% |   7.9 MiB/s |  32.4 KiB |  00m00s
DEBUG util.py:459:  [39/40] python3-rpm-generators-0:14-11. 100% |   9.5 MiB/s |  29.3 KiB |  00m00s
DEBUG util.py:459:  [40/40] python3-packaging-0:24.2-3.fc41 100% |  28.0 MiB/s | 143.6 KiB |  00m00s
DEBUG util.py:459:  --------------------------------------------------------------------------------
DEBUG util.py:459:  [40/40] Total                           100% | 107.5 MiB/s |  21.2 MiB |  00m00s
DEBUG util.py:459:  Running transaction
DEBUG util.py:459:  [ 1/42] Verify package files            100% | 540.0   B/s |  40.0   B |  00m00s
DEBUG util.py:459:  [ 2/42] Prepare transaction             100% | 555.0   B/s |  40.0   B |  00m00s
DEBUG util.py:459:  [ 3/42] Installing xorg-x11-proto-devel 100% |  66.0 MiB/s |   1.8 MiB |  00m00s
DEBUG util.py:459:  [ 4/42] Installing python-rpm-macros-0: 100% |  11.1 MiB/s |  22.8 KiB |  00m00s
DEBUG util.py:459:  [ 5/42] Installing python3-rpm-macros-0 100% |   6.5 MiB/s |   6.7 KiB |  00m00s
DEBUG util.py:459:  [ 6/42] Installing libXau-0:1.0.11-7.fc 100% |  13.3 MiB/s | 244.5 KiB |  00m00s
DEBUG util.py:459:  [ 7/42] Installing libxcb-0:1.17.0-3.fc 100% | 127.7 MiB/s |   2.2 MiB |  00m00s
DEBUG util.py:459:  [ 8/42] Installing expat-0:2.7.1-1.fc41 100% |  87.0 MiB/s | 356.5 KiB |  00m00s
DEBUG util.py:459:  [ 9/42] Installing libXau-devel-0:1.0.1 100% |   1.3 MiB/s |   8.2 KiB |  00m00s
DEBUG util.py:459:  [10/42] Installing libxcb-devel-0:1.17. 100% |  14.7 MiB/s |   3.1 MiB |  00m00s
DEBUG util.py:459:  [11/42] Installing pyproject-rpm-macros 100% |  37.9 MiB/s | 116.4 KiB |  00m00s
DEBUG util.py:459:  [12/42] Installing libX11-common-0:1.8. 100% |  44.0 MiB/s |   1.2 MiB |  00m00s
DEBUG util.py:459:  [13/42] Installing libX11-0:1.8.11-1.fc 100% | 191.8 MiB/s |   1.3 MiB |  00m00s
DEBUG util.py:459:  [14/42] Installing libXext-0:1.3.6-2.fc 100% |  68.8 MiB/s | 211.2 KiB |  00m00s
DEBUG util.py:459:  [15/42] Installing libXrender-0:0.9.12- 100% |  34.2 MiB/s |  70.0 KiB |  00m00s
DEBUG util.py:459:  [16/42] Installing libXrandr-0:1.5.4-4. 100% |  98.2 MiB/s | 201.0 KiB |  00m00s
DEBUG util.py:459:  [17/42] Installing libXinerama-0:1.1.5- 100% |  97.8 MiB/s | 200.2 KiB |  00m00s
DEBUG util.py:459:  [18/42] Installing libXxf86vm-0:1.1.6-1 100% |  33.9 MiB/s |  69.4 KiB |  00m00s
DEBUG util.py:459:  [19/42] Installing libcbor-0:0.11.0-2.f 100% |  66.2 MiB/s | 203.4 KiB |  00m00s
DEBUG util.py:459:  [20/42] Installing libfido2-0:1.15.0-2. 100% |  84.0 MiB/s | 343.9 KiB |  00m00s
DEBUG util.py:459:  [21/42] Installing libX11-xcb-0:1.8.11- 100% |  22.1 MiB/s |  67.9 KiB |  00m00s
DEBUG util.py:459:  [22/42] Installing libX11-devel-0:1.8.1 100% |  15.3 MiB/s |   1.1 MiB |  00m00s
DEBUG util.py:459:  [23/42] Installing libXext-devel-0:1.3. 100% |  12.0 MiB/s | 110.9 KiB |  00m00s
DEBUG util.py:459:  [24/42] Installing libXrender-devel-0:0 100% |  10.0 MiB/s |  51.0 KiB |  00m00s
DEBUG util.py:459:  [25/42] Installing tzdata-0:2025b-1.fc4 100% |  13.6 MiB/s |   1.9 MiB |  00m00s
DEBUG util.py:459:  [26/42] Installing python-pip-wheel-0:2 100% | 248.3 MiB/s |   1.2 MiB |  00m00s
DEBUG util.py:459:  [27/42] Installing mpdecimal-0:2.5.1-16 100% | 107.4 MiB/s | 330.0 KiB |  00m00s
DEBUG util.py:459:  [28/42] Installing libb2-0:0.98.1-12.fc 100% |  33.1 MiB/s | 203.3 KiB |  00m00s
DEBUG util.py:459:  [29/42] Installing python3-libs-0:3.13. 100% | 131.4 MiB/s |  42.7 MiB |  00m00s
DEBUG util.py:459:  [30/42] Installing python3-0:3.13.3-2.f 100% |  28.2 MiB/s |  86.6 KiB |  00m00s
DEBUG util.py:459:  [31/42] Installing python3-packaging-0: 100% |  55.7 MiB/s | 570.6 KiB |  00m00s
DEBUG util.py:459:  [32/42] Installing python3-rpm-generato 100% |  40.5 MiB/s |  82.9 KiB |  00m00s
DEBUG util.py:459:  [33/42] Installing openssh-0:9.9p1-3.fc 100% | 153.5 MiB/s |   1.4 MiB |  00m00s
DEBUG util.py:459:  [34/42] Installing libedit-0:3.1-54.202 100% |  90.2 MiB/s | 277.0 KiB |  00m00s
DEBUG util.py:459:  [35/42] Installing openssh-clients-0:9. 100% |  97.2 MiB/s |   2.8 MiB |  00m00s
DEBUG util.py:459:  [36/42] Installing less-0:668-1.fc41.aa 100% |  77.2 MiB/s | 553.5 KiB |  00m00s
DEBUG util.py:459:  [37/42] Installing git-core-0:2.49.0-1. 100% | 227.0 MiB/s |  22.7 MiB |  00m00s
DEBUG util.py:459:  [38/42] Installing python3-devel-0:3.13 100% |  53.6 MiB/s |   1.8 MiB |  00m00s
DEBUG util.py:459:  [39/42] Installing libXrandr-devel-0:1. 100% |   8.0 MiB/s |  24.7 KiB |  00m00s
DEBUG util.py:459:  [40/42] Installing libXinerama-devel-0: 100% |   4.2 MiB/s |   8.5 KiB |  00m00s
DEBUG util.py:459:  [41/42] Installing libXxf86vm-devel-0:1 100% |   4.0 MiB/s |  16.3 KiB |  00m00s
DEBUG util.py:459:  [42/42] Installing xdg-user-dirs-0:0.18 100% | 237.0 KiB/s | 225.4 KiB |  00m01s
DEBUG util.py:459:  Warning: skipped OpenPGP checks for 40 packages from repository: build
DEBUG util.py:459:  Complete!
DEBUG util.py:608:  Child return code was: 0
DEBUG util.py:183:  kill orphans in chroot /var/lib/mock/f41-build-59362116-6573023/root
DEBUG util.py:183:  kill orphans in chroot /var/lib/mock/f41-build-59362116-6573023-bootstrap/root/var/lib/mock/f41-build-59362116-6573023/root
DEBUG util.py:634:  child environment: None
DEBUG util.py:556:  Executing command: ['/bin/umount', '-n', '-l', '/var/lib/mock/f41-build-59362116-6573023-bootstrap/root/var/lib/mock/f41-build-59362116-6573023/root'] with env {'TERM': 'vt100', 'SHELL': '/bin/sh', 'HOME': '/builddir', 'HOSTNAME': 'mock', 'PATH': '/usr/bin:/bin:/usr/sbin:/sbin', 'LANG': 'C.UTF-8'} and shell False
DEBUG util.py:608:  Child return code was: 0
DEBUG util.py:634:  child environment: None
DEBUG util.py:556:  Executing command: ['/bin/umount', '-n', '-l', '/var/lib/mock/f41-build-59362116-6573023-bootstrap/root/var/lib/mock/f41-build-59362116-6573023/root'] with env {'TERM': 'vt100', 'SHELL': '/bin/sh', 'HOME': '/builddir', 'HOSTNAME': 'mock', 'PATH': '/usr/bin:/bin:/usr/sbin:/sbin', 'LANG': 'C.UTF-8'} and shell False
DEBUG util.py:608:  Child return code was: 0
DEBUG util.py:634:  child environment: None
DEBUG util.py:556:  Executing command: ['/bin/umount', '-n', '-l', '/var/lib/mock/f41-build-59362116-6573023/root/sys/fs/selinux'] with env {'TERM': 'vt100', 'SHELL': '/bin/sh', 'HOME': '/builddir', 'HOSTNAME': 'mock', 'PATH': '/usr/bin:/bin:/usr/sbin:/sbin', 'LANG': 'C.UTF-8'} and shell False
DEBUG util.py:608:  Child return code was: 0
DEBUG util.py:634:  child environment: None
DEBUG util.py:556:  Executing command: ['/bin/umount', '-n', '/var/lib/mock/f41-build-59362116-6573023/root/proc/filesystems'] with env {'TERM': 'vt100', 'SHELL': '/bin/sh', 'HOME': '/builddir', 'HOSTNAME': 'mock', 'PATH': '/usr/bin:/bin:/usr/sbin:/sbin', 'LANG': 'C.UTF-8'} and shell False
DEBUG util.py:608:  Child return code was: 0
DEBUG util.py:634:  child environment: None
DEBUG util.py:556:  Executing command: ['/bin/umount', '-n', '-l', '/var/lib/mock/f41-build-59362116-6573023/root/dev/pts'] with env {'TERM': 'vt100', 'SHELL': '/bin/sh', 'HOME': '/builddir', 'HOSTNAME': 'mock', 'PATH': '/usr/bin:/bin:/usr/sbin:/sbin', 'LANG': 'C.UTF-8'} and shell False
DEBUG util.py:608:  Child return code was: 0
DEBUG util.py:634:  child environment: None
DEBUG util.py:556:  Executing command: ['/bin/umount', '-n', '-l', '/var/lib/mock/f41-build-59362116-6573023/root/dev/shm'] with env {'TERM': 'vt100', 'SHELL': '/bin/sh', 'HOME': '/builddir', 'HOSTNAME': 'mock', 'PATH': '/usr/bin:/bin:/usr/sbin:/sbin', 'LANG': 'C.UTF-8'} and shell False
DEBUG util.py:608:  Child return code was: 0
DEBUG util.py:634:  child environment: None
DEBUG util.py:556:  Executing command: ['/bin/umount', '-n', '-l', '/var/lib/mock/f41-build-59362116-6573023/root/sys'] with env {'TERM': 'vt100', 'SHELL': '/bin/sh', 'HOME': '/builddir', 'HOSTNAME': 'mock', 'PATH': '/usr/bin:/bin:/usr/sbin:/sbin', 'LANG': 'C.UTF-8'} and shell False
DEBUG util.py:608:  Child return code was: 0
DEBUG util.py:634:  child environment: None
DEBUG util.py:556:  Executing command: ['/bin/umount', '-n', '-l', '/var/lib/mock/f41-build-59362116-6573023/root/sys'] with env {'TERM': 'vt100', 'SHELL': '/bin/sh', 'HOME': '/builddir', 'HOSTNAME': 'mock', 'PATH': '/usr/bin:/bin:/usr/sbin:/sbin', 'LANG': 'C.UTF-8'} and shell False
DEBUG util.py:608:  Child return code was: 0
DEBUG util.py:634:  child environment: None
DEBUG util.py:556:  Executing command: ['/bin/umount', '-n', '-l', '/var/lib/mock/f41-build-59362116-6573023/root/proc'] with env {'TERM': 'vt100', 'SHELL': '/bin/sh', 'HOME': '/builddir', 'HOSTNAME': 'mock', 'PATH': '/usr/bin:/bin:/usr/sbin:/sbin', 'LANG': 'C.UTF-8'} and shell False
DEBUG util.py:608:  Child return code was: 0
DEBUG util.py:634:  child environment: None
DEBUG util.py:556:  Executing command: ['/bin/umount', '-n', '-l', '/var/lib/mock/f41-build-59362116-6573023/root/proc'] with env {'TERM': 'vt100', 'SHELL': '/bin/sh', 'HOME': '/builddir', 'HOSTNAME': 'mock', 'PATH': '/usr/bin:/bin:/usr/sbin:/sbin', 'LANG': 'C.UTF-8'} and shell False
DEBUG util.py:608:  Child return code was: 0
DEBUG file_util.py:18:  ensuring that dir exists: /var/lib/mock/f41-build-59362116-6573023-bootstrap/root/var/lib/mock/f41-build-59362116-6573023/root
DEBUG util.py:634:  child environment: None
DEBUG util.py:556:  Executing command: ['/bin/mount', '-n', '-t', 'tmpfs', '-o', 'private,mode=0755', 'tmpfs', '/var/lib/mock/f41-build-59362116-6573023-bootstrap/root/var/lib/mock/f41-build-59362116-6573023/root'] with env {'TERM': 'vt100', 'SHELL': '/bin/sh', 'HOME': '/builddir', 'HOSTNAME': 'mock', 'PATH': '/usr/bin:/bin:/usr/sbin:/sbin', 'LANG': 'C.UTF-8'} and shell False
DEBUG util.py:608:  Child return code was: 0
DEBUG file_util.py:18:  ensuring that dir exists: /var/lib/mock/f41-build-59362116-6573023-bootstrap/root/var/lib/mock/f41-build-59362116-6573023/root
DEBUG util.py:634:  child environment: None
DEBUG util.py:556:  Executing command: ['/bin/mount', '-n', '-o', 'rbind', '/var/lib/mock/f41-build-59362116-6573023/root', '/var/lib/mock/f41-build-59362116-6573023-bootstrap/root/var/lib/mock/f41-build-59362116-6573023/root'] with env {'TERM': 'vt100', 'SHELL': '/bin/sh', 'HOME': '/builddir', 'HOSTNAME': 'mock', 'PATH': '/usr/bin:/bin:/usr/sbin:/sbin', 'LANG': 'C.UTF-8'} and shell False
DEBUG util.py:608:  Child return code was: 0
DEBUG util.py:634:  child environment: None
DEBUG util.py:556:  Executing command: ['/bin/mount', '-n', '-o', 'remount,private,rbind', '--target', '/var/lib/mock/f41-build-59362116-6573023-bootstrap/root/var/lib/mock/f41-build-59362116-6573023/root'] with env {'TERM': 'vt100', 'SHELL': '/bin/sh', 'HOME': '/builddir', 'HOSTNAME': 'mock', 'PATH': '/usr/bin:/bin:/usr/sbin:/sbin', 'LANG': 'C.UTF-8'} and shell False
DEBUG util.py:608:  Child return code was: 0
DEBUG util.py:634:  child environment: None
DEBUG util.py:551:  Using nspawn with args ['--capability=cap_ipc_lock', '--rlimit=RLIMIT_CORE=infinity', '--bind=/tmp/mock-resolv.803xiq5_:/etc/resolv.conf']
DEBUG util.py:556:  Executing command: ['/usr/bin/systemd-nspawn', '-q', '-M', 'a19c40be8adf48f49bf4b5488f3ab239', '-D', '/var/lib/mock/f41-build-59362116-6573023-bootstrap/root', '-a', '--capability=cap_ipc_lock', '--rlimit=RLIMIT_CORE=infinity', '--bind=/tmp/mock-resolv.803xiq5_:/etc/resolv.conf', '--console=pipe', '--setenv=TERM=vt100', '--setenv=SHELL=/bin/bash', '--setenv=HOME=/builddir', '--setenv=HOSTNAME=mock', '--setenv=PATH=/usr/bin:/bin:/usr/sbin:/sbin', '--setenv=PROMPT_COMMAND=printf "\\033]0;<mock-chroot>\\007"', '--setenv=PS1=<mock-chroot> \\s-\\v\\$ ', '--setenv=LANG=C.UTF-8', '--resolv-conf=off', '/bin/rpm', '-qa', '--root', '/var/lib/mock/f41-build-59362116-6573023/root'] with env {'TERM': 'vt100', 'SHELL': '/bin/bash', 'HOME': '/builddir', 'HOSTNAME': 'mock', 'PATH': '/usr/bin:/bin:/usr/sbin:/sbin', 'PROMPT_COMMAND': 'printf "\\033]0;<mock-chroot>\\007"', 'PS1': '<mock-chroot> \\s-\\v\\$ ', 'LANG': 'C.UTF-8', 'SYSTEMD_NSPAWN_TMPFS_TMP': '0', 'SYSTEMD_SECCOMP': '0'} and shell False
DEBUG util.py:461:  libgcc-14.2.1-7.fc41.aarch64
DEBUG util.py:461:  libssh-config-0.10.6-8.fc41.noarch
DEBUG util.py:461:  publicsuffix-list-dafsa-20250116-1.fc41.noarch
DEBUG util.py:461:  fedora-release-identity-basic-41-32.noarch
DEBUG util.py:461:  fedora-gpg-keys-41-1.noarch
DEBUG util.py:461:  fedora-repos-41-1.noarch
DEBUG util.py:461:  fedora-release-common-41-32.noarch
DEBUG util.py:461:  fedora-release-41-32.noarch
DEBUG util.py:461:  setup-2.15.0-8.fc41.noarch
DEBUG util.py:461:  filesystem-3.18-23.fc41.aarch64
DEBUG util.py:461:  basesystem-11-21.fc41.noarch
DEBUG util.py:461:  pkgconf-m4-2.3.0-1.fc41.noarch
DEBUG util.py:461:  pcre2-syntax-10.44-1.fc41.1.noarch
DEBUG util.py:461:  ncurses-base-6.5-2.20240629.fc41.noarch
DEBUG util.py:461:  glibc-minimal-langpack-2.40-25.fc41.aarch64
DEBUG util.py:461:  ncurses-libs-6.5-2.20240629.fc41.aarch64
DEBUG util.py:461:  glibc-2.40-25.fc41.aarch64
DEBUG util.py:461:  bash-5.2.32-1.fc41.aarch64
DEBUG util.py:461:  glibc-common-2.40-25.fc41.aarch64
DEBUG util.py:461:  glibc-gconv-extra-2.40-25.fc41.aarch64
DEBUG util.py:461:  zlib-ng-compat-2.2.3-2.fc41.aarch64
DEBUG util.py:461:  bzip2-libs-1.0.8-19.fc41.aarch64
DEBUG util.py:461:  xz-libs-5.6.2-2.fc41.aarch64
DEBUG util.py:461:  readline-8.2-10.fc41.aarch64
DEBUG util.py:461:  popt-1.19-7.fc41.aarch64
DEBUG util.py:461:  libuuid-2.40.4-1.fc41.aarch64
DEBUG util.py:461:  libblkid-2.40.4-1.fc41.aarch64
DEBUG util.py:461:  gmp-6.3.0-2.fc41.aarch64
DEBUG util.py:461:  libattr-2.5.2-4.fc41.aarch64
DEBUG util.py:461:  libacl-2.3.2-2.fc41.aarch64
DEBUG util.py:461:  libxcrypt-4.4.38-7.fc41.aarch64
DEBUG util.py:461:  libstdc++-14.2.1-7.fc41.aarch64
DEBUG util.py:461:  libzstd-1.5.7-1.fc41.aarch64
DEBUG util.py:461:  elfutils-libelf-0.193-2.fc41.aarch64
DEBUG util.py:461:  libeconf-0.6.2-3.fc41.aarch64
DEBUG util.py:461:  gdbm-libs-1.23-7.fc41.aarch64
DEBUG util.py:461:  dwz-0.15-8.fc41.aarch64
DEBUG util.py:461:  mpfr-4.2.1-5.fc41.aarch64
DEBUG util.py:461:  gawk-5.3.0-4.fc41.aarch64
DEBUG util.py:461:  unzip-6.0-64.fc41.aarch64
DEBUG util.py:461:  file-libs-5.45-7.fc41.aarch64
DEBUG util.py:461:  file-5.45-7.fc41.aarch64
DEBUG util.py:461:  crypto-policies-20250124-1.git4d262e7.fc41.noarch
DEBUG util.py:461:  pcre2-10.44-1.fc41.1.aarch64
DEBUG util.py:461:  grep-3.11-9.fc41.aarch64
DEBUG util.py:461:  xz-5.6.2-2.fc41.aarch64
DEBUG util.py:461:  libcap-ng-0.8.5-3.fc41.aarch64
DEBUG util.py:461:  audit-libs-4.0.3-1.fc41.aarch64
DEBUG util.py:461:  pam-libs-1.6.1-7.fc41.aarch64
DEBUG util.py:461:  libcap-2.70-4.fc41.aarch64
DEBUG util.py:461:  systemd-libs-256.12-1.fc41.aarch64
DEBUG util.py:461:  libsmartcols-2.40.4-1.fc41.aarch64
DEBUG util.py:461:  libsepol-3.7-2.fc41.aarch64
DEBUG util.py:461:  libselinux-3.7-5.fc41.aarch64
DEBUG util.py:461:  sed-4.9-3.fc41.aarch64
DEBUG util.py:461:  findutils-4.10.0-4.fc41.aarch64
DEBUG util.py:461:  libmount-2.40.4-1.fc41.aarch64
DEBUG util.py:461:  alternatives-1.31-1.fc41.aarch64
DEBUG util.py:461:  lz4-libs-1.10.0-1.fc41.aarch64
DEBUG util.py:461:  lua-libs-5.4.7-3.fc41.aarch64
DEBUG util.py:461:  libffi-3.4.6-3.fc41.aarch64
DEBUG util.py:461:  libcom_err-1.47.1-6.fc41.aarch64
DEBUG util.py:461:  libtasn1-4.20.0-1.fc41.aarch64
DEBUG util.py:461:  p11-kit-0.25.5-3.fc41.aarch64
DEBUG util.py:461:  libunistring-1.1-8.fc41.aarch64
DEBUG util.py:461:  libidn2-2.3.8-1.fc41.aarch64
DEBUG util.py:461:  libpsl-0.21.5-4.fc41.aarch64
DEBUG util.py:461:  p11-kit-trust-0.25.5-3.fc41.aarch64
DEBUG util.py:461:  zstd-1.5.7-1.fc41.aarch64
DEBUG util.py:461:  util-linux-core-2.40.4-1.fc41.aarch64
DEBUG util.py:461:  tar-1.35-4.fc41.aarch64
DEBUG util.py:461:  libsemanage-3.7-2.fc41.aarch64
DEBUG util.py:461:  shadow-utils-4.15.1-12.fc41.aarch64
DEBUG util.py:461:  libutempter-1.2.1-15.fc41.aarch64
DEBUG util.py:461:  zip-3.0-41.fc41.aarch64
DEBUG util.py:461:  gdbm-1.23-7.fc41.aarch64
DEBUG util.py:461:  cyrus-sasl-lib-2.1.28-27.fc41.aarch64
DEBUG util.py:461:  libfdisk-2.40.4-1.fc41.aarch64
DEBUG util.py:461:  libxml2-2.12.10-1.fc41.aarch64
DEBUG util.py:461:  bzip2-1.0.8-19.fc41.aarch64
DEBUG util.py:461:  add-determinism-0.3.6-3.fc41.aarch64
DEBUG util.py:461:  build-reproducibility-srpm-macros-0.3.6-3.fc41.noarch
DEBUG util.py:461:  sqlite-libs-3.46.1-2.fc41.aarch64
DEBUG util.py:461:  ed-1.20.2-2.fc41.aarch64
DEBUG util.py:461:  patch-2.7.6-25.fc41.aarch64
DEBUG util.py:461:  elfutils-default-yama-scope-0.193-2.fc41.noarch
DEBUG util.py:461:  elfutils-libs-0.193-2.fc41.aarch64
DEBUG util.py:461:  cpio-2.15-2.fc41.aarch64
DEBUG util.py:461:  diffutils-3.10-8.fc41.aarch64
DEBUG util.py:461:  jansson-2.13.1-10.fc41.aarch64
DEBUG util.py:461:  libgomp-14.2.1-7.fc41.aarch64
DEBUG util.py:461:  json-c-0.17-4.fc41.aarch64
DEBUG util.py:461:  libpkgconf-2.3.0-1.fc41.aarch64
DEBUG util.py:461:  pkgconf-2.3.0-1.fc41.aarch64
DEBUG util.py:461:  pkgconf-pkg-config-2.3.0-1.fc41.aarch64
DEBUG util.py:461:  keyutils-libs-1.6.3-4.fc41.aarch64
DEBUG util.py:461:  libverto-0.3.2-9.fc41.aarch64
DEBUG util.py:461:  xxhash-libs-0.8.3-1.fc41.aarch64
DEBUG util.py:461:  libbrotli-1.1.0-5.fc41.aarch64
DEBUG util.py:461:  libnghttp2-1.62.1-3.fc41.aarch64
DEBUG util.py:461:  libtool-ltdl-2.4.7-12.fc41.aarch64
DEBUG util.py:461:  rust-srpm-macros-26.3-3.fc41.noarch
DEBUG util.py:461:  qt6-srpm-macros-6.8.2-1.fc41.noarch
DEBUG util.py:461:  qt5-srpm-macros-5.15.15-1.fc41.noarch
DEBUG util.py:461:  perl-srpm-macros-1-56.fc41.noarch
DEBUG util.py:461:  package-notes-srpm-macros-0.5-12.fc41.noarch
DEBUG util.py:461:  openblas-srpm-macros-2-18.fc41.noarch
DEBUG util.py:461:  ocaml-srpm-macros-10-3.fc41.noarch
DEBUG util.py:461:  kernel-srpm-macros-1.0-24.fc41.noarch
DEBUG util.py:461:  gnat-srpm-macros-6-6.fc41.noarch
DEBUG util.py:461:  ghc-srpm-macros-1.9.1-2.fc41.noarch
DEBUG util.py:461:  fpc-srpm-macros-1.3-13.fc41.noarch
DEBUG util.py:461:  ansible-srpm-macros-1-16.fc41.noarch
DEBUG util.py:461:  coreutils-common-9.5-11.fc41.aarch64
DEBUG util.py:461:  openssl-libs-3.2.4-1.fc41.aarch64
DEBUG util.py:461:  coreutils-9.5-11.fc41.aarch64
DEBUG util.py:461:  ca-certificates-2024.2.69_v8.0.401-1.0.fc41.noarch
DEBUG util.py:461:  krb5-libs-1.21.3-4.fc41.aarch64
DEBUG util.py:461:  libarchive-3.7.4-4.fc41.aarch64
DEBUG util.py:461:  libtirpc-1.3.6-1.rc3.fc41.aarch64
DEBUG util.py:461:  gzip-1.13-2.fc41.aarch64
DEBUG util.py:461:  authselect-libs-1.5.0-8.fc41.aarch64
DEBUG util.py:461:  cracklib-2.9.11-6.fc41.aarch64
DEBUG util.py:461:  libpwquality-1.4.5-11.fc41.aarch64
DEBUG util.py:461:  libnsl2-2.0.1-2.fc41.aarch64
DEBUG util.py:461:  pam-1.6.1-7.fc41.aarch64
DEBUG util.py:461:  libssh-0.10.6-8.fc41.aarch64
DEBUG util.py:461:  rpm-sequoia-1.7.0-5.fc41.aarch64
DEBUG util.py:461:  rpm-libs-4.20.1-1.fc41.aarch64
DEBUG util.py:461:  rpm-build-libs-4.20.1-1.fc41.aarch64
DEBUG util.py:461:  libevent-2.1.12-14.fc41.aarch64
DEBUG util.py:461:  openldap-2.6.9-1.fc41.aarch64
DEBUG util.py:461:  libcurl-8.9.1-3.fc41.aarch64
DEBUG util.py:461:  elfutils-debuginfod-client-0.193-2.fc41.aarch64
DEBUG util.py:461:  binutils-2.43.1-5.fc41.aarch64
DEBUG util.py:461:  elfutils-0.193-2.fc41.aarch64
DEBUG util.py:461:  gdb-minimal-16.2-2.fc41.aarch64
DEBUG util.py:461:  debugedit-5.1-6.fc41.aarch64
DEBUG util.py:461:  curl-8.9.1-3.fc41.aarch64
DEBUG util.py:461:  rpm-4.20.1-1.fc41.aarch64
DEBUG util.py:461:  efi-srpm-macros-5-13.fc41.noarch
DEBUG util.py:461:  lua-srpm-macros-1-14.fc41.noarch
DEBUG util.py:461:  zig-srpm-macros-1-3.fc41.noarch
DEBUG util.py:461:  fonts-srpm-macros-2.0.5-17.fc41.noarch
DEBUG util.py:461:  forge-srpm-macros-0.4.0-1.fc41.noarch
DEBUG util.py:461:  go-srpm-macros-3.6.0-5.fc41.noarch
DEBUG util.py:461:  python-srpm-macros-3.13-3.fc41.noarch
DEBUG util.py:461:  redhat-rpm-config-294-1.fc41.noarch
DEBUG util.py:461:  rpm-build-4.20.1-1.fc41.aarch64
DEBUG util.py:461:  pyproject-srpm-macros-1.18.1-1.fc41.noarch
DEBUG util.py:461:  util-linux-2.40.4-1.fc41.aarch64
DEBUG util.py:461:  authselect-1.5.0-8.fc41.aarch64
DEBUG util.py:461:  which-2.21-42.fc41.aarch64
DEBUG util.py:461:  info-7.1.1-1.fc41.aarch64
DEBUG util.py:461:  xorg-x11-proto-devel-2024.1-3.fc41.noarch
DEBUG util.py:461:  python-rpm-macros-3.13-3.fc41.noarch
DEBUG util.py:461:  python3-rpm-macros-3.13-3.fc41.noarch
DEBUG util.py:461:  libXau-1.0.11-7.fc41.aarch64
DEBUG util.py:461:  libxcb-1.17.0-3.fc41.aarch64
DEBUG util.py:461:  expat-2.7.1-1.fc41.aarch64
DEBUG util.py:461:  libXau-devel-1.0.11-7.fc41.aarch64
DEBUG util.py:461:  libxcb-devel-1.17.0-3.fc41.aarch64
DEBUG util.py:461:  pyproject-rpm-macros-1.18.1-1.fc41.noarch
DEBUG util.py:461:  libX11-common-1.8.11-1.fc41.noarch
DEBUG util.py:461:  libX11-1.8.11-1.fc41.aarch64
DEBUG util.py:461:  libXext-1.3.6-2.fc41.aarch64
DEBUG util.py:461:  libXrender-0.9.12-1.fc41.aarch64
DEBUG util.py:461:  libXrandr-1.5.4-4.fc41.aarch64
DEBUG util.py:461:  libXinerama-1.1.5-7.fc41.aarch64
DEBUG util.py:461:  libXxf86vm-1.1.6-1.fc41.aarch64
DEBUG util.py:461:  libcbor-0.11.0-2.fc41.aarch64
DEBUG util.py:461:  libfido2-1.15.0-2.fc41.aarch64
DEBUG util.py:461:  libX11-xcb-1.8.11-1.fc41.aarch64
DEBUG util.py:461:  libX11-devel-1.8.11-1.fc41.aarch64
DEBUG util.py:461:  libXext-devel-1.3.6-2.fc41.aarch64
DEBUG util.py:461:  libXrender-devel-0.9.12-1.fc41.aarch64
DEBUG util.py:461:  tzdata-2025b-1.fc41.noarch
DEBUG util.py:461:  python-pip-wheel-24.2-1.fc41.noarch
DEBUG util.py:461:  mpdecimal-2.5.1-16.fc41.aarch64
DEBUG util.py:461:  libb2-0.98.1-12.fc41.aarch64
DEBUG util.py:461:  python3-libs-3.13.3-2.fc41.aarch64
DEBUG util.py:461:  python3-3.13.3-2.fc41.aarch64
DEBUG util.py:461:  python3-packaging-24.2-3.fc41.noarch
DEBUG util.py:461:  python3-rpm-generators-14-11.fc41.noarch
DEBUG util.py:461:  openssh-9.9p1-3.fc41.aarch64
DEBUG util.py:461:  libedit-3.1-54.20250104cvs.fc41.aarch64
DEBUG util.py:461:  openssh-clients-9.9p1-3.fc41.aarch64
DEBUG util.py:461:  less-668-1.fc41.aarch64
DEBUG util.py:461:  git-core-2.49.0-1.fc41.aarch64
DEBUG util.py:461:  python3-devel-3.13.3-2.fc41.aarch64
DEBUG util.py:461:  libXrandr-devel-1.5.4-4.fc41.aarch64
DEBUG util.py:461:  libXinerama-devel-1.1.5-7.fc41.aarch64
DEBUG util.py:461:  libXxf86vm-devel-1.1.6-1.fc41.aarch64
DEBUG util.py:461:  xdg-user-dirs-0.18-9.fc41.aarch64
DEBUG util.py:608:  Child return code was: 0
DEBUG util.py:183:  kill orphans in chroot /var/lib/mock/f41-build-59362116-6573023/root
DEBUG util.py:183:  kill orphans in chroot /var/lib/mock/f41-build-59362116-6573023-bootstrap/root/var/lib/mock/f41-build-59362116-6573023/root
DEBUG util.py:634:  child environment: None
DEBUG util.py:556:  Executing command: ['/bin/umount', '-n', '-l', '/var/lib/mock/f41-build-59362116-6573023-bootstrap/root/var/lib/mock/f41-build-59362116-6573023/root'] with env {'TERM': 'vt100', 'SHELL': '/bin/sh', 'HOME': '/builddir', 'HOSTNAME': 'mock', 'PATH': '/usr/bin:/bin:/usr/sbin:/sbin', 'LANG': 'C.UTF-8'} and shell False
DEBUG util.py:608:  Child return code was: 0
DEBUG util.py:634:  child environment: None
DEBUG util.py:556:  Executing command: ['/bin/umount', '-n', '-l', '/var/lib/mock/f41-build-59362116-6573023-bootstrap/root/var/lib/mock/f41-build-59362116-6573023/root'] with env {'TERM': 'vt100', 'SHELL': '/bin/sh', 'HOME': '/builddir', 'HOSTNAME': 'mock', 'PATH': '/usr/bin:/bin:/usr/sbin:/sbin', 'LANG': 'C.UTF-8'} and shell False
DEBUG util.py:608:  Child return code was: 0
DEBUG util.py:634:  child environment: None
INFO backend.py:767:  Going to install missing dynamic buildrequires
DEBUG file_util.py:18:  ensuring that dir exists: /var/lib/mock/f41-build-59362116-6573023/root/proc
DEBUG util.py:634:  child environment: None
DEBUG util.py:556:  Executing command: ['/bin/mount', '-n', '-t', 'tmpfs', '-o', 'rprivate,mode=0755', 'tmpfs', '/var/lib/mock/f41-build-59362116-6573023/root/proc'] with env {'TERM': 'vt100', 'SHELL': '/bin/sh', 'HOME': '/builddir', 'HOSTNAME': 'mock', 'PATH': '/usr/bin:/bin:/usr/sbin:/sbin', 'LANG': 'C.UTF-8'} and shell False
DEBUG util.py:608:  Child return code was: 0
DEBUG file_util.py:18:  ensuring that dir exists: /var/lib/mock/f41-build-59362116-6573023/root/proc
DEBUG util.py:634:  child environment: None
DEBUG util.py:556:  Executing command: ['/bin/mount', '-n', '-o', 'rbind', '/proc', '/var/lib/mock/f41-build-59362116-6573023/root/proc'] with env {'TERM': 'vt100', 'SHELL': '/bin/sh', 'HOME': '/builddir', 'HOSTNAME': 'mock', 'PATH': '/usr/bin:/bin:/usr/sbin:/sbin', 'LANG': 'C.UTF-8'} and shell False
DEBUG util.py:608:  Child return code was: 0
DEBUG util.py:634:  child environment: None
DEBUG util.py:556:  Executing command: ['/bin/mount', '-n', '-o', 'remount,nodev,noexec,nosuid,readonly,rprivate,rbind', '--target', '/var/lib/mock/f41-build-59362116-6573023/root/proc'] with env {'TERM': 'vt100', 'SHELL': '/bin/sh', 'HOME': '/builddir', 'HOSTNAME': 'mock', 'PATH': '/usr/bin:/bin:/usr/sbin:/sbin', 'LANG': 'C.UTF-8'} and shell False
DEBUG util.py:608:  Child return code was: 0
DEBUG file_util.py:18:  ensuring that dir exists: /var/lib/mock/f41-build-59362116-6573023/root/sys
DEBUG util.py:634:  child environment: None
DEBUG util.py:556:  Executing command: ['/bin/mount', '-n', '-t', 'tmpfs', '-o', 'rprivate,mode=0755', 'tmpfs', '/var/lib/mock/f41-build-59362116-6573023/root/sys'] with env {'TERM': 'vt100', 'SHELL': '/bin/sh', 'HOME': '/builddir', 'HOSTNAME': 'mock', 'PATH': '/usr/bin:/bin:/usr/sbin:/sbin', 'LANG': 'C.UTF-8'} and shell False
DEBUG util.py:608:  Child return code was: 0
DEBUG file_util.py:18:  ensuring that dir exists: /var/lib/mock/f41-build-59362116-6573023/root/sys
DEBUG util.py:634:  child environment: None
DEBUG util.py:556:  Executing command: ['/bin/mount', '-n', '-o', 'rbind', '/sys', '/var/lib/mock/f41-build-59362116-6573023/root/sys'] with env {'TERM': 'vt100', 'SHELL': '/bin/sh', 'HOME': '/builddir', 'HOSTNAME': 'mock', 'PATH': '/usr/bin:/bin:/usr/sbin:/sbin', 'LANG': 'C.UTF-8'} and shell False
DEBUG util.py:608:  Child return code was: 0
DEBUG util.py:634:  child environment: None
DEBUG util.py:556:  Executing command: ['/bin/mount', '-n', '-o', 'remount,nodev,noexec,nosuid,readonly,rprivate,rbind', '--target', '/var/lib/mock/f41-build-59362116-6573023/root/sys'] with env {'TERM': 'vt100', 'SHELL': '/bin/sh', 'HOME': '/builddir', 'HOSTNAME': 'mock', 'PATH': '/usr/bin:/bin:/usr/sbin:/sbin', 'LANG': 'C.UTF-8'} and shell False
DEBUG util.py:608:  Child return code was: 0
DEBUG file_util.py:18:  ensuring that dir exists: /var/lib/mock/f41-build-59362116-6573023/root/dev/shm
DEBUG util.py:634:  child environment: None
DEBUG util.py:556:  Executing command: ['/bin/mount', '-n', '-t', 'tmpfs', 'tmpfs', '/var/lib/mock/f41-build-59362116-6573023/root/dev/shm'] with env {'TERM': 'vt100', 'SHELL': '/bin/sh', 'HOME': '/builddir', 'HOSTNAME': 'mock', 'PATH': '/usr/bin:/bin:/usr/sbin:/sbin', 'LANG': 'C.UTF-8'} and shell False
DEBUG util.py:608:  Child return code was: 0
DEBUG file_util.py:18:  ensuring that dir exists: /var/lib/mock/f41-build-59362116-6573023/root/dev/pts
DEBUG util.py:634:  child environment: None
DEBUG util.py:556:  Executing command: ['/bin/mount', '-n', '-t', 'devpts', '-o', 'gid=5,mode=0620,ptmxmode=0666,newinstance', 'devpts', '/var/lib/mock/f41-build-59362116-6573023/root/dev/pts'] with env {'TERM': 'vt100', 'SHELL': '/bin/sh', 'HOME': '/builddir', 'HOSTNAME': 'mock', 'PATH': '/usr/bin:/bin:/usr/sbin:/sbin', 'LANG': 'C.UTF-8'} and shell False
DEBUG util.py:608:  Child return code was: 0
DEBUG util.py:634:  child environment: None
DEBUG util.py:556:  Executing command: ['/bin/mount', '-n', '-o', 'bind', '/tmp/mock-selinux-plugin.39mwdkt7', '/var/lib/mock/f41-build-59362116-6573023/root/proc/filesystems'] with env {'TERM': 'vt100', 'SHELL': '/bin/sh', 'HOME': '/builddir', 'HOSTNAME': 'mock', 'PATH': '/usr/bin:/bin:/usr/sbin:/sbin', 'LANG': 'C.UTF-8'} and shell False
DEBUG util.py:608:  Child return code was: 0
DEBUG file_util.py:18:  ensuring that dir exists: /var/lib/mock/f41-build-59362116-6573023/root/sys/fs/selinux
DEBUG util.py:634:  child environment: None
DEBUG util.py:556:  Executing command: ['/bin/mount', '-n', '-t', 'tmpfs', 'tmpfs', '/var/lib/mock/f41-build-59362116-6573023/root/sys/fs/selinux'] with env {'TERM': 'vt100', 'SHELL': '/bin/sh', 'HOME': '/builddir', 'HOSTNAME': 'mock', 'PATH': '/usr/bin:/bin:/usr/sbin:/sbin', 'LANG': 'C.UTF-8'} and shell False
DEBUG util.py:608:  Child return code was: 0
DEBUG file_util.py:18:  ensuring that dir exists: /var/lib/mock/f41-build-59362116-6573023-bootstrap/root/var/lib/mock/f41-build-59362116-6573023/root
DEBUG util.py:634:  child environment: None
DEBUG util.py:556:  Executing command: ['/bin/mount', '-n', '-t', 'tmpfs', '-o', 'private,mode=0755', 'tmpfs', '/var/lib/mock/f41-build-59362116-6573023-bootstrap/root/var/lib/mock/f41-build-59362116-6573023/root'] with env {'TERM': 'vt100', 'SHELL': '/bin/sh', 'HOME': '/builddir', 'HOSTNAME': 'mock', 'PATH': '/usr/bin:/bin:/usr/sbin:/sbin', 'LANG': 'C.UTF-8'} and shell False
DEBUG util.py:608:  Child return code was: 0
DEBUG file_util.py:18:  ensuring that dir exists: /var/lib/mock/f41-build-59362116-6573023-bootstrap/root/var/lib/mock/f41-build-59362116-6573023/root
DEBUG util.py:634:  child environment: None
DEBUG util.py:556:  Executing command: ['/bin/mount', '-n', '-o', 'rbind', '/var/lib/mock/f41-build-59362116-6573023/root', '/var/lib/mock/f41-build-59362116-6573023-bootstrap/root/var/lib/mock/f41-build-59362116-6573023/root'] with env {'TERM': 'vt100', 'SHELL': '/bin/sh', 'HOME': '/builddir', 'HOSTNAME': 'mock', 'PATH': '/usr/bin:/bin:/usr/sbin:/sbin', 'LANG': 'C.UTF-8'} and shell False
DEBUG util.py:608:  Child return code was: 0
DEBUG util.py:634:  child environment: None
DEBUG util.py:556:  Executing command: ['/bin/mount', '-n', '-o', 'remount,private,rbind', '--target', '/var/lib/mock/f41-build-59362116-6573023-bootstrap/root/var/lib/mock/f41-build-59362116-6573023/root'] with env {'TERM': 'vt100', 'SHELL': '/bin/sh', 'HOME': '/builddir', 'HOSTNAME': 'mock', 'PATH': '/usr/bin:/bin:/usr/sbin:/sbin', 'LANG': 'C.UTF-8'} and shell False
DEBUG util.py:608:  Child return code was: 0
DEBUG file_util.py:18:  ensuring that dir exists: /var/lib/mock/f41-build-59362116-6573023/root/installation-homedir
DEBUG package_manager.py:295:  ['/usr/bin/dnf5', 'builddep', '--installroot', '/var/lib/mock/f41-build-59362116-6573023/root/', '/var/lib/mock/f41-build-59362116-6573023/root/builddir/build/SRPMS/DisplayCAL-3.9.16-1.fc41.buildreqs.nosrc.rpm', '--setopt=deltarpm=False', '--setopt=allow_vendor_change=yes', '--allowerasing']
DEBUG util.py:634:  child environment: None
DEBUG util.py:551:  Using nspawn with args ['--capability=cap_ipc_lock', '--rlimit=RLIMIT_CORE=infinity', '--bind=/tmp/mock-resolv.803xiq5_:/etc/resolv.conf']
DEBUG util.py:556:  Executing command: ['/usr/bin/systemd-nspawn', '-q', '-M', '34bab1f42b534156946daf3847f7b2fe', '-D', '/var/lib/mock/f41-build-59362116-6573023-bootstrap/root', '-a', '--capability=cap_ipc_lock', '--rlimit=RLIMIT_CORE=infinity', '--bind=/tmp/mock-resolv.803xiq5_:/etc/resolv.conf', '--console=pipe', '--setenv=TERM=vt100', '--setenv=SHELL=/bin/bash', '--setenv=HOME=/var/lib/mock/f41-build-59362116-6573023/root/installation-homedir', '--setenv=HOSTNAME=mock', '--setenv=PATH=/usr/bin:/bin:/usr/sbin:/sbin', '--setenv=PROMPT_COMMAND=printf "\\033]0;<mock-chroot>\\007"', '--setenv=PS1=<mock-chroot> \\s-\\v\\$ ', '--setenv=LANG=C.UTF-8', '--setenv=LC_MESSAGES=C.UTF-8', '--resolv-conf=off', '/usr/bin/dnf5', 'builddep', '--installroot', '/var/lib/mock/f41-build-59362116-6573023/root/', '/var/lib/mock/f41-build-59362116-6573023/root/builddir/build/SRPMS/DisplayCAL-3.9.16-1.fc41.buildreqs.nosrc.rpm', '--setopt=deltarpm=False', '--setopt=allow_vendor_change=yes', '--allowerasing', '--setopt=tsflags=nocontexts'] with env {'TERM': 'vt100', 'SHELL': '/bin/bash', 'HOME': '/var/lib/mock/f41-build-59362116-6573023/root/installation-homedir', 'HOSTNAME': 'mock', 'PATH': '/usr/bin:/bin:/usr/sbin:/sbin', 'PROMPT_COMMAND': 'printf "\\033]0;<mock-chroot>\\007"', 'PS1': '<mock-chroot> \\s-\\v\\$ ', 'LANG': 'C.UTF-8', 'LC_MESSAGES': 'C.UTF-8', 'SYSTEMD_NSPAWN_TMPFS_TMP': '0', 'SYSTEMD_SECCOMP': '0'} and shell False
DEBUG util.py:459:  Updating and loading repositories:
DEBUG util.py:459:  Repositories loaded.
DEBUG util.py:459:  Package "git-core-2.49.0-1.fc41.aarch64" is already installed.
DEBUG util.py:459:  Package "python3-devel-3.13.3-2.fc41.aarch64" is already installed.
DEBUG util.py:459:  Package "libXinerama-devel-1.1.5-7.fc41.aarch64" is already installed.
DEBUG util.py:459:  Package "libXrandr-devel-1.5.4-4.fc41.aarch64" is already installed.
DEBUG util.py:459:  Package "libXxf86vm-devel-1.1.6-1.fc41.aarch64" is already installed.
DEBUG util.py:459:  Package "pyproject-rpm-macros-1.18.1-1.fc41.noarch" is already installed.
DEBUG util.py:459:  Package "python3-devel-3.13.3-2.fc41.aarch64" is already installed.
DEBUG util.py:459:  Package "python3-packaging-24.2-3.fc41.noarch" is already installed.
DEBUG util.py:459:  Package "xdg-user-dirs-0.18-9.fc41.aarch64" is already installed.
DEBUG util.py:461:  Package             Arch   Version       Repository      Size
DEBUG util.py:461:  Installing:
DEBUG util.py:461:   python3-pip        noarch 24.2-1.fc41   build       11.4 MiB
DEBUG util.py:461:   python3-setuptools noarch 69.2.0-8.fc41 build        7.2 MiB
DEBUG util.py:461:  Transaction Summary:
DEBUG util.py:461:   Installing:         2 packages
DEBUG util.py:459:  Total size of inbound packages is 4 MiB. Need to download 4 MiB.
DEBUG util.py:459:  After this operation, 19 MiB extra will be used (install 19 MiB, remove 0 B).
DEBUG util.py:459:  [1/2] python3-setuptools-0:69.2.0-8.fc4 100% |  45.3 MiB/s |   1.4 MiB |  00m00s
DEBUG util.py:459:  [2/2] python3-pip-0:24.2-1.fc41.noarch  100% |  48.2 MiB/s |   2.5 MiB |  00m00s
DEBUG util.py:459:  --------------------------------------------------------------------------------
DEBUG util.py:459:  [2/2] Total                             100% |  76.1 MiB/s |   4.0 MiB |  00m00s
DEBUG util.py:459:  Running transaction
DEBUG util.py:459:  [1/4] Verify package files              100% | 153.0   B/s |   2.0   B |  00m00s
DEBUG util.py:459:  [2/4] Prepare transaction               100% |  76.0   B/s |   2.0   B |  00m00s
DEBUG util.py:459:  [3/4] Installing python3-setuptools-0:6 100% |  76.4 MiB/s |   7.3 MiB |  00m00s
DEBUG util.py:459:  [4/4] Installing python3-pip-0:24.2-1.f 100% |  20.3 MiB/s |  11.7 MiB |  00m01s
DEBUG util.py:459:  Warning: skipped OpenPGP checks for 2 packages from repository: build
DEBUG util.py:459:  Complete!
DEBUG util.py:608:  Child return code was: 0
DEBUG util.py:183:  kill orphans in chroot /var/lib/mock/f41-build-59362116-6573023/root
DEBUG util.py:183:  kill orphans in chroot /var/lib/mock/f41-build-59362116-6573023-bootstrap/root/var/lib/mock/f41-build-59362116-6573023/root
DEBUG util.py:634:  child environment: None
DEBUG util.py:556:  Executing command: ['/bin/umount', '-n', '-l', '/var/lib/mock/f41-build-59362116-6573023-bootstrap/root/var/lib/mock/f41-build-59362116-6573023/root'] with env {'TERM': 'vt100', 'SHELL': '/bin/sh', 'HOME': '/builddir', 'HOSTNAME': 'mock', 'PATH': '/usr/bin:/bin:/usr/sbin:/sbin', 'LANG': 'C.UTF-8'} and shell False
DEBUG util.py:608:  Child return code was: 0
DEBUG util.py:634:  child environment: None
DEBUG util.py:556:  Executing command: ['/bin/umount', '-n', '-l', '/var/lib/mock/f41-build-59362116-6573023-bootstrap/root/var/lib/mock/f41-build-59362116-6573023/root'] with env {'TERM': 'vt100', 'SHELL': '/bin/sh', 'HOME': '/builddir', 'HOSTNAME': 'mock', 'PATH': '/usr/bin:/bin:/usr/sbin:/sbin', 'LANG': 'C.UTF-8'} and shell False
DEBUG util.py:608:  Child return code was: 0
DEBUG util.py:634:  child environment: None
DEBUG util.py:556:  Executing command: ['/bin/umount', '-n', '-l', '/var/lib/mock/f41-build-59362116-6573023/root/sys/fs/selinux'] with env {'TERM': 'vt100', 'SHELL': '/bin/sh', 'HOME': '/builddir', 'HOSTNAME': 'mock', 'PATH': '/usr/bin:/bin:/usr/sbin:/sbin', 'LANG': 'C.UTF-8'} and shell False
DEBUG util.py:608:  Child return code was: 0
DEBUG util.py:634:  child environment: None
DEBUG util.py:556:  Executing command: ['/bin/umount', '-n', '/var/lib/mock/f41-build-59362116-6573023/root/proc/filesystems'] with env {'TERM': 'vt100', 'SHELL': '/bin/sh', 'HOME': '/builddir', 'HOSTNAME': 'mock', 'PATH': '/usr/bin:/bin:/usr/sbin:/sbin', 'LANG': 'C.UTF-8'} and shell False
DEBUG util.py:608:  Child return code was: 0
DEBUG util.py:634:  child environment: None
DEBUG util.py:556:  Executing command: ['/bin/umount', '-n', '-l', '/var/lib/mock/f41-build-59362116-6573023/root/dev/pts'] with env {'TERM': 'vt100', 'SHELL': '/bin/sh', 'HOME': '/builddir', 'HOSTNAME': 'mock', 'PATH': '/usr/bin:/bin:/usr/sbin:/sbin', 'LANG': 'C.UTF-8'} and shell False
DEBUG util.py:608:  Child return code was: 0
DEBUG util.py:634:  child environment: None
DEBUG util.py:556:  Executing command: ['/bin/umount', '-n', '-l', '/var/lib/mock/f41-build-59362116-6573023/root/dev/shm'] with env {'TERM': 'vt100', 'SHELL': '/bin/sh', 'HOME': '/builddir', 'HOSTNAME': 'mock', 'PATH': '/usr/bin:/bin:/usr/sbin:/sbin', 'LANG': 'C.UTF-8'} and shell False
DEBUG util.py:608:  Child return code was: 0
DEBUG util.py:634:  child environment: None
DEBUG util.py:556:  Executing command: ['/bin/umount', '-n', '-l', '/var/lib/mock/f41-build-59362116-6573023/root/sys'] with env {'TERM': 'vt100', 'SHELL': '/bin/sh', 'HOME': '/builddir', 'HOSTNAME': 'mock', 'PATH': '/usr/bin:/bin:/usr/sbin:/sbin', 'LANG': 'C.UTF-8'} and shell False
DEBUG util.py:608:  Child return code was: 0
DEBUG util.py:634:  child environment: None
DEBUG util.py:556:  Executing command: ['/bin/umount', '-n', '-l', '/var/lib/mock/f41-build-59362116-6573023/root/sys'] with env {'TERM': 'vt100', 'SHELL': '/bin/sh', 'HOME': '/builddir', 'HOSTNAME': 'mock', 'PATH': '/usr/bin:/bin:/usr/sbin:/sbin', 'LANG': 'C.UTF-8'} and shell False
DEBUG util.py:608:  Child return code was: 0
DEBUG util.py:634:  child environment: None
DEBUG util.py:556:  Executing command: ['/bin/umount', '-n', '-l', '/var/lib/mock/f41-build-59362116-6573023/root/proc'] with env {'TERM': 'vt100', 'SHELL': '/bin/sh', 'HOME': '/builddir', 'HOSTNAME': 'mock', 'PATH': '/usr/bin:/bin:/usr/sbin:/sbin', 'LANG': 'C.UTF-8'} and shell False
DEBUG util.py:608:  Child return code was: 0
DEBUG util.py:634:  child environment: None
DEBUG util.py:556:  Executing command: ['/bin/umount', '-n', '-l', '/var/lib/mock/f41-build-59362116-6573023/root/proc'] with env {'TERM': 'vt100', 'SHELL': '/bin/sh', 'HOME': '/builddir', 'HOSTNAME': 'mock', 'PATH': '/usr/bin:/bin:/usr/sbin:/sbin', 'LANG': 'C.UTF-8'} and shell False
DEBUG util.py:608:  Child return code was: 0
DEBUG file_util.py:18:  ensuring that dir exists: /var/lib/mock/f41-build-59362116-6573023-bootstrap/root/var/lib/mock/f41-build-59362116-6573023/root
DEBUG util.py:634:  child environment: None
DEBUG util.py:556:  Executing command: ['/bin/mount', '-n', '-t', 'tmpfs', '-o', 'private,mode=0755', 'tmpfs', '/var/lib/mock/f41-build-59362116-6573023-bootstrap/root/var/lib/mock/f41-build-59362116-6573023/root'] with env {'TERM': 'vt100', 'SHELL': '/bin/sh', 'HOME': '/builddir', 'HOSTNAME': 'mock', 'PATH': '/usr/bin:/bin:/usr/sbin:/sbin', 'LANG': 'C.UTF-8'} and shell False
DEBUG util.py:608:  Child return code was: 0
DEBUG file_util.py:18:  ensuring that dir exists: /var/lib/mock/f41-build-59362116-6573023-bootstrap/root/var/lib/mock/f41-build-59362116-6573023/root
DEBUG util.py:634:  child environment: None
DEBUG util.py:556:  Executing command: ['/bin/mount', '-n', '-o', 'rbind', '/var/lib/mock/f41-build-59362116-6573023/root', '/var/lib/mock/f41-build-59362116-6573023-bootstrap/root/var/lib/mock/f41-build-59362116-6573023/root'] with env {'TERM': 'vt100', 'SHELL': '/bin/sh', 'HOME': '/builddir', 'HOSTNAME': 'mock', 'PATH': '/usr/bin:/bin:/usr/sbin:/sbin', 'LANG': 'C.UTF-8'} and shell False
DEBUG util.py:608:  Child return code was: 0
DEBUG util.py:634:  child environment: None
DEBUG util.py:556:  Executing command: ['/bin/mount', '-n', '-o', 'remount,private,rbind', '--target', '/var/lib/mock/f41-build-59362116-6573023-bootstrap/root/var/lib/mock/f41-build-59362116-6573023/root'] with env {'TERM': 'vt100', 'SHELL': '/bin/sh', 'HOME': '/builddir', 'HOSTNAME': 'mock', 'PATH': '/usr/bin:/bin:/usr/sbin:/sbin', 'LANG': 'C.UTF-8'} and shell False
DEBUG util.py:608:  Child return code was: 0
DEBUG util.py:634:  child environment: None
DEBUG util.py:551:  Using nspawn with args ['--capability=cap_ipc_lock', '--rlimit=RLIMIT_CORE=infinity', '--bind=/tmp/mock-resolv.803xiq5_:/etc/resolv.conf']
DEBUG util.py:556:  Executing command: ['/usr/bin/systemd-nspawn', '-q', '-M', 'b8a93fd1b9224abf941bc0f9929b5817', '-D', '/var/lib/mock/f41-build-59362116-6573023-bootstrap/root', '-a', '--capability=cap_ipc_lock', '--rlimit=RLIMIT_CORE=infinity', '--bind=/tmp/mock-resolv.803xiq5_:/etc/resolv.conf', '--console=pipe', '--setenv=TERM=vt100', '--setenv=SHELL=/bin/bash', '--setenv=HOME=/builddir', '--setenv=HOSTNAME=mock', '--setenv=PATH=/usr/bin:/bin:/usr/sbin:/sbin', '--setenv=PROMPT_COMMAND=printf "\\033]0;<mock-chroot>\\007"', '--setenv=PS1=<mock-chroot> \\s-\\v\\$ ', '--setenv=LANG=C.UTF-8', '--resolv-conf=off', '/bin/rpm', '-qa', '--root', '/var/lib/mock/f41-build-59362116-6573023/root'] with env {'TERM': 'vt100', 'SHELL': '/bin/bash', 'HOME': '/builddir', 'HOSTNAME': 'mock', 'PATH': '/usr/bin:/bin:/usr/sbin:/sbin', 'PROMPT_COMMAND': 'printf "\\033]0;<mock-chroot>\\007"', 'PS1': '<mock-chroot> \\s-\\v\\$ ', 'LANG': 'C.UTF-8', 'SYSTEMD_NSPAWN_TMPFS_TMP': '0', 'SYSTEMD_SECCOMP': '0'} and shell False
DEBUG util.py:461:  libgcc-14.2.1-7.fc41.aarch64
DEBUG util.py:461:  libssh-config-0.10.6-8.fc41.noarch
DEBUG util.py:461:  publicsuffix-list-dafsa-20250116-1.fc41.noarch
DEBUG util.py:461:  fedora-release-identity-basic-41-32.noarch
DEBUG util.py:461:  fedora-gpg-keys-41-1.noarch
DEBUG util.py:461:  fedora-repos-41-1.noarch
DEBUG util.py:461:  fedora-release-common-41-32.noarch
DEBUG util.py:461:  fedora-release-41-32.noarch
DEBUG util.py:461:  setup-2.15.0-8.fc41.noarch
DEBUG util.py:461:  filesystem-3.18-23.fc41.aarch64
DEBUG util.py:461:  basesystem-11-21.fc41.noarch
DEBUG util.py:461:  pkgconf-m4-2.3.0-1.fc41.noarch
DEBUG util.py:461:  pcre2-syntax-10.44-1.fc41.1.noarch
DEBUG util.py:461:  ncurses-base-6.5-2.20240629.fc41.noarch
DEBUG util.py:461:  glibc-minimal-langpack-2.40-25.fc41.aarch64
DEBUG util.py:461:  ncurses-libs-6.5-2.20240629.fc41.aarch64
DEBUG util.py:461:  glibc-2.40-25.fc41.aarch64
DEBUG util.py:461:  bash-5.2.32-1.fc41.aarch64
DEBUG util.py:461:  glibc-common-2.40-25.fc41.aarch64
DEBUG util.py:461:  glibc-gconv-extra-2.40-25.fc41.aarch64
DEBUG util.py:461:  zlib-ng-compat-2.2.3-2.fc41.aarch64
DEBUG util.py:461:  bzip2-libs-1.0.8-19.fc41.aarch64
DEBUG util.py:461:  xz-libs-5.6.2-2.fc41.aarch64
DEBUG util.py:461:  readline-8.2-10.fc41.aarch64
DEBUG util.py:461:  popt-1.19-7.fc41.aarch64
DEBUG util.py:461:  libuuid-2.40.4-1.fc41.aarch64
DEBUG util.py:461:  libblkid-2.40.4-1.fc41.aarch64
DEBUG util.py:461:  gmp-6.3.0-2.fc41.aarch64
DEBUG util.py:461:  libattr-2.5.2-4.fc41.aarch64
DEBUG util.py:461:  libacl-2.3.2-2.fc41.aarch64
DEBUG util.py:461:  libxcrypt-4.4.38-7.fc41.aarch64
DEBUG util.py:461:  libstdc++-14.2.1-7.fc41.aarch64
DEBUG util.py:461:  libzstd-1.5.7-1.fc41.aarch64
DEBUG util.py:461:  elfutils-libelf-0.193-2.fc41.aarch64
DEBUG util.py:461:  libeconf-0.6.2-3.fc41.aarch64
DEBUG util.py:461:  gdbm-libs-1.23-7.fc41.aarch64
DEBUG util.py:461:  dwz-0.15-8.fc41.aarch64
DEBUG util.py:461:  mpfr-4.2.1-5.fc41.aarch64
DEBUG util.py:461:  gawk-5.3.0-4.fc41.aarch64
DEBUG util.py:461:  unzip-6.0-64.fc41.aarch64
DEBUG util.py:461:  file-libs-5.45-7.fc41.aarch64
DEBUG util.py:461:  file-5.45-7.fc41.aarch64
DEBUG util.py:461:  crypto-policies-20250124-1.git4d262e7.fc41.noarch
DEBUG util.py:461:  pcre2-10.44-1.fc41.1.aarch64
DEBUG util.py:461:  grep-3.11-9.fc41.aarch64
DEBUG util.py:461:  xz-5.6.2-2.fc41.aarch64
DEBUG util.py:461:  libcap-ng-0.8.5-3.fc41.aarch64
DEBUG util.py:461:  audit-libs-4.0.3-1.fc41.aarch64
DEBUG util.py:461:  pam-libs-1.6.1-7.fc41.aarch64
DEBUG util.py:461:  libcap-2.70-4.fc41.aarch64
DEBUG util.py:461:  systemd-libs-256.12-1.fc41.aarch64
DEBUG util.py:461:  libsmartcols-2.40.4-1.fc41.aarch64
DEBUG util.py:461:  libsepol-3.7-2.fc41.aarch64
DEBUG util.py:461:  libselinux-3.7-5.fc41.aarch64
DEBUG util.py:461:  sed-4.9-3.fc41.aarch64
DEBUG util.py:461:  findutils-4.10.0-4.fc41.aarch64
DEBUG util.py:461:  libmount-2.40.4-1.fc41.aarch64
DEBUG util.py:461:  alternatives-1.31-1.fc41.aarch64
DEBUG util.py:461:  lz4-libs-1.10.0-1.fc41.aarch64
DEBUG util.py:461:  lua-libs-5.4.7-3.fc41.aarch64
DEBUG util.py:461:  libffi-3.4.6-3.fc41.aarch64
DEBUG util.py:461:  libcom_err-1.47.1-6.fc41.aarch64
DEBUG util.py:461:  libtasn1-4.20.0-1.fc41.aarch64
DEBUG util.py:461:  p11-kit-0.25.5-3.fc41.aarch64
DEBUG util.py:461:  libunistring-1.1-8.fc41.aarch64
DEBUG util.py:461:  libidn2-2.3.8-1.fc41.aarch64
DEBUG util.py:461:  libpsl-0.21.5-4.fc41.aarch64
DEBUG util.py:461:  p11-kit-trust-0.25.5-3.fc41.aarch64
DEBUG util.py:461:  zstd-1.5.7-1.fc41.aarch64
DEBUG util.py:461:  util-linux-core-2.40.4-1.fc41.aarch64
DEBUG util.py:461:  tar-1.35-4.fc41.aarch64
DEBUG util.py:461:  libsemanage-3.7-2.fc41.aarch64
DEBUG util.py:461:  shadow-utils-4.15.1-12.fc41.aarch64
DEBUG util.py:461:  libutempter-1.2.1-15.fc41.aarch64
DEBUG util.py:461:  zip-3.0-41.fc41.aarch64
DEBUG util.py:461:  gdbm-1.23-7.fc41.aarch64
DEBUG util.py:461:  cyrus-sasl-lib-2.1.28-27.fc41.aarch64
DEBUG util.py:461:  libfdisk-2.40.4-1.fc41.aarch64
DEBUG util.py:461:  libxml2-2.12.10-1.fc41.aarch64
DEBUG util.py:461:  bzip2-1.0.8-19.fc41.aarch64
DEBUG util.py:461:  add-determinism-0.3.6-3.fc41.aarch64
DEBUG util.py:461:  build-reproducibility-srpm-macros-0.3.6-3.fc41.noarch
DEBUG util.py:461:  sqlite-libs-3.46.1-2.fc41.aarch64
DEBUG util.py:461:  ed-1.20.2-2.fc41.aarch64
DEBUG util.py:461:  patch-2.7.6-25.fc41.aarch64
DEBUG util.py:461:  elfutils-default-yama-scope-0.193-2.fc41.noarch
DEBUG util.py:461:  elfutils-libs-0.193-2.fc41.aarch64
DEBUG util.py:461:  cpio-2.15-2.fc41.aarch64
DEBUG util.py:461:  diffutils-3.10-8.fc41.aarch64
DEBUG util.py:461:  jansson-2.13.1-10.fc41.aarch64
DEBUG util.py:461:  libgomp-14.2.1-7.fc41.aarch64
DEBUG util.py:461:  json-c-0.17-4.fc41.aarch64
DEBUG util.py:461:  libpkgconf-2.3.0-1.fc41.aarch64
DEBUG util.py:461:  pkgconf-2.3.0-1.fc41.aarch64
DEBUG util.py:461:  pkgconf-pkg-config-2.3.0-1.fc41.aarch64
DEBUG util.py:461:  keyutils-libs-1.6.3-4.fc41.aarch64
DEBUG util.py:461:  libverto-0.3.2-9.fc41.aarch64
DEBUG util.py:461:  xxhash-libs-0.8.3-1.fc41.aarch64
DEBUG util.py:461:  libbrotli-1.1.0-5.fc41.aarch64
DEBUG util.py:461:  libnghttp2-1.62.1-3.fc41.aarch64
DEBUG util.py:461:  libtool-ltdl-2.4.7-12.fc41.aarch64
DEBUG util.py:461:  rust-srpm-macros-26.3-3.fc41.noarch
DEBUG util.py:461:  qt6-srpm-macros-6.8.2-1.fc41.noarch
DEBUG util.py:461:  qt5-srpm-macros-5.15.15-1.fc41.noarch
DEBUG util.py:461:  perl-srpm-macros-1-56.fc41.noarch
DEBUG util.py:461:  package-notes-srpm-macros-0.5-12.fc41.noarch
DEBUG util.py:461:  openblas-srpm-macros-2-18.fc41.noarch
DEBUG util.py:461:  ocaml-srpm-macros-10-3.fc41.noarch
DEBUG util.py:461:  kernel-srpm-macros-1.0-24.fc41.noarch
DEBUG util.py:461:  gnat-srpm-macros-6-6.fc41.noarch
DEBUG util.py:461:  ghc-srpm-macros-1.9.1-2.fc41.noarch
DEBUG util.py:461:  fpc-srpm-macros-1.3-13.fc41.noarch
DEBUG util.py:461:  ansible-srpm-macros-1-16.fc41.noarch
DEBUG util.py:461:  coreutils-common-9.5-11.fc41.aarch64
DEBUG util.py:461:  openssl-libs-3.2.4-1.fc41.aarch64
DEBUG util.py:461:  coreutils-9.5-11.fc41.aarch64
DEBUG util.py:461:  ca-certificates-2024.2.69_v8.0.401-1.0.fc41.noarch
DEBUG util.py:461:  krb5-libs-1.21.3-4.fc41.aarch64
DEBUG util.py:461:  libarchive-3.7.4-4.fc41.aarch64
DEBUG util.py:461:  libtirpc-1.3.6-1.rc3.fc41.aarch64
DEBUG util.py:461:  gzip-1.13-2.fc41.aarch64
DEBUG util.py:461:  authselect-libs-1.5.0-8.fc41.aarch64
DEBUG util.py:461:  cracklib-2.9.11-6.fc41.aarch64
DEBUG util.py:461:  libpwquality-1.4.5-11.fc41.aarch64
DEBUG util.py:461:  libnsl2-2.0.1-2.fc41.aarch64
DEBUG util.py:461:  pam-1.6.1-7.fc41.aarch64
DEBUG util.py:461:  libssh-0.10.6-8.fc41.aarch64
DEBUG util.py:461:  rpm-sequoia-1.7.0-5.fc41.aarch64
DEBUG util.py:461:  rpm-libs-4.20.1-1.fc41.aarch64
DEBUG util.py:461:  rpm-build-libs-4.20.1-1.fc41.aarch64
DEBUG util.py:461:  libevent-2.1.12-14.fc41.aarch64
DEBUG util.py:461:  openldap-2.6.9-1.fc41.aarch64
DEBUG util.py:461:  libcurl-8.9.1-3.fc41.aarch64
DEBUG util.py:461:  elfutils-debuginfod-client-0.193-2.fc41.aarch64
DEBUG util.py:461:  binutils-2.43.1-5.fc41.aarch64
DEBUG util.py:461:  elfutils-0.193-2.fc41.aarch64
DEBUG util.py:461:  gdb-minimal-16.2-2.fc41.aarch64
DEBUG util.py:461:  debugedit-5.1-6.fc41.aarch64
DEBUG util.py:461:  curl-8.9.1-3.fc41.aarch64
DEBUG util.py:461:  rpm-4.20.1-1.fc41.aarch64
DEBUG util.py:461:  efi-srpm-macros-5-13.fc41.noarch
DEBUG util.py:461:  lua-srpm-macros-1-14.fc41.noarch
DEBUG util.py:461:  zig-srpm-macros-1-3.fc41.noarch
DEBUG util.py:461:  fonts-srpm-macros-2.0.5-17.fc41.noarch
DEBUG util.py:461:  forge-srpm-macros-0.4.0-1.fc41.noarch
DEBUG util.py:461:  go-srpm-macros-3.6.0-5.fc41.noarch
DEBUG util.py:461:  python-srpm-macros-3.13-3.fc41.noarch
DEBUG util.py:461:  redhat-rpm-config-294-1.fc41.noarch
DEBUG util.py:461:  rpm-build-4.20.1-1.fc41.aarch64
DEBUG util.py:461:  pyproject-srpm-macros-1.18.1-1.fc41.noarch
DEBUG util.py:461:  util-linux-2.40.4-1.fc41.aarch64
DEBUG util.py:461:  authselect-1.5.0-8.fc41.aarch64
DEBUG util.py:461:  which-2.21-42.fc41.aarch64
DEBUG util.py:461:  info-7.1.1-1.fc41.aarch64
DEBUG util.py:461:  xorg-x11-proto-devel-2024.1-3.fc41.noarch
DEBUG util.py:461:  python-rpm-macros-3.13-3.fc41.noarch
DEBUG util.py:461:  python3-rpm-macros-3.13-3.fc41.noarch
DEBUG util.py:461:  libXau-1.0.11-7.fc41.aarch64
DEBUG util.py:461:  libxcb-1.17.0-3.fc41.aarch64
DEBUG util.py:461:  expat-2.7.1-1.fc41.aarch64
DEBUG util.py:461:  libXau-devel-1.0.11-7.fc41.aarch64
DEBUG util.py:461:  libxcb-devel-1.17.0-3.fc41.aarch64
DEBUG util.py:461:  pyproject-rpm-macros-1.18.1-1.fc41.noarch
DEBUG util.py:461:  libX11-common-1.8.11-1.fc41.noarch
DEBUG util.py:461:  libX11-1.8.11-1.fc41.aarch64
DEBUG util.py:461:  libXext-1.3.6-2.fc41.aarch64
DEBUG util.py:461:  libXrender-0.9.12-1.fc41.aarch64
DEBUG util.py:461:  libXrandr-1.5.4-4.fc41.aarch64
DEBUG util.py:461:  libXinerama-1.1.5-7.fc41.aarch64
DEBUG util.py:461:  libXxf86vm-1.1.6-1.fc41.aarch64
DEBUG util.py:461:  libcbor-0.11.0-2.fc41.aarch64
DEBUG util.py:461:  libfido2-1.15.0-2.fc41.aarch64
DEBUG util.py:461:  libX11-xcb-1.8.11-1.fc41.aarch64
DEBUG util.py:461:  libX11-devel-1.8.11-1.fc41.aarch64
DEBUG util.py:461:  libXext-devel-1.3.6-2.fc41.aarch64
DEBUG util.py:461:  libXrender-devel-0.9.12-1.fc41.aarch64
DEBUG util.py:461:  tzdata-2025b-1.fc41.noarch
DEBUG util.py:461:  python-pip-wheel-24.2-1.fc41.noarch
DEBUG util.py:461:  mpdecimal-2.5.1-16.fc41.aarch64
DEBUG util.py:461:  libb2-0.98.1-12.fc41.aarch64
DEBUG util.py:461:  python3-libs-3.13.3-2.fc41.aarch64
DEBUG util.py:461:  python3-3.13.3-2.fc41.aarch64
DEBUG util.py:461:  python3-packaging-24.2-3.fc41.noarch
DEBUG util.py:461:  python3-rpm-generators-14-11.fc41.noarch
DEBUG util.py:461:  openssh-9.9p1-3.fc41.aarch64
DEBUG util.py:461:  libedit-3.1-54.20250104cvs.fc41.aarch64
DEBUG util.py:461:  openssh-clients-9.9p1-3.fc41.aarch64
DEBUG util.py:461:  less-668-1.fc41.aarch64
DEBUG util.py:461:  git-core-2.49.0-1.fc41.aarch64
DEBUG util.py:461:  python3-devel-3.13.3-2.fc41.aarch64
DEBUG util.py:461:  libXrandr-devel-1.5.4-4.fc41.aarch64
DEBUG util.py:461:  libXinerama-devel-1.1.5-7.fc41.aarch64
DEBUG util.py:461:  libXxf86vm-devel-1.1.6-1.fc41.aarch64
DEBUG util.py:461:  xdg-user-dirs-0.18-9.fc41.aarch64
DEBUG util.py:461:  python3-setuptools-69.2.0-8.fc41.noarch
DEBUG util.py:461:  python3-pip-24.2-1.fc41.noarch
DEBUG util.py:608:  Child return code was: 0
DEBUG util.py:183:  kill orphans in chroot /var/lib/mock/f41-build-59362116-6573023/root
DEBUG util.py:183:  kill orphans in chroot /var/lib/mock/f41-build-59362116-6573023-bootstrap/root/var/lib/mock/f41-build-59362116-6573023/root
DEBUG util.py:634:  child environment: None
DEBUG util.py:556:  Executing command: ['/bin/umount', '-n', '-l', '/var/lib/mock/f41-build-59362116-6573023-bootstrap/root/var/lib/mock/f41-build-59362116-6573023/root'] with env {'TERM': 'vt100', 'SHELL': '/bin/sh', 'HOME': '/builddir', 'HOSTNAME': 'mock', 'PATH': '/usr/bin:/bin:/usr/sbin:/sbin', 'LANG': 'C.UTF-8'} and shell False
DEBUG util.py:608:  Child return code was: 0
DEBUG util.py:634:  child environment: None
DEBUG util.py:556:  Executing command: ['/bin/umount', '-n', '-l', '/var/lib/mock/f41-build-59362116-6573023-bootstrap/root/var/lib/mock/f41-build-59362116-6573023/root'] with env {'TERM': 'vt100', 'SHELL': '/bin/sh', 'HOME': '/builddir', 'HOSTNAME': 'mock', 'PATH': '/usr/bin:/bin:/usr/sbin:/sbin', 'LANG': 'C.UTF-8'} and shell False
DEBUG util.py:608:  Child return code was: 0
DEBUG file_util.py:18:  ensuring that dir exists: /var/lib/mock/f41-build-59362116-6573023-bootstrap/root/var/lib/mock/f41-build-59362116-6573023/root
DEBUG util.py:634:  child environment: None
DEBUG util.py:556:  Executing command: ['/bin/mount', '-n', '-t', 'tmpfs', '-o', 'private,mode=0755', 'tmpfs', '/var/lib/mock/f41-build-59362116-6573023-bootstrap/root/var/lib/mock/f41-build-59362116-6573023/root'] with env {'TERM': 'vt100', 'SHELL': '/bin/sh', 'HOME': '/builddir', 'HOSTNAME': 'mock', 'PATH': '/usr/bin:/bin:/usr/sbin:/sbin', 'LANG': 'C.UTF-8'} and shell False
DEBUG util.py:608:  Child return code was: 0
DEBUG file_util.py:18:  ensuring that dir exists: /var/lib/mock/f41-build-59362116-6573023-bootstrap/root/var/lib/mock/f41-build-59362116-6573023/root
DEBUG util.py:634:  child environment: None
DEBUG util.py:556:  Executing command: ['/bin/mount', '-n', '-o', 'rbind', '/var/lib/mock/f41-build-59362116-6573023/root', '/var/lib/mock/f41-build-59362116-6573023-bootstrap/root/var/lib/mock/f41-build-59362116-6573023/root'] with env {'TERM': 'vt100', 'SHELL': '/bin/sh', 'HOME': '/builddir', 'HOSTNAME': 'mock', 'PATH': '/usr/bin:/bin:/usr/sbin:/sbin', 'LANG': 'C.UTF-8'} and shell False
DEBUG util.py:608:  Child return code was: 0
DEBUG util.py:634:  child environment: None
DEBUG util.py:556:  Executing command: ['/bin/mount', '-n', '-o', 'remount,private,rbind', '--target', '/var/lib/mock/f41-build-59362116-6573023-bootstrap/root/var/lib/mock/f41-build-59362116-6573023/root'] with env {'TERM': 'vt100', 'SHELL': '/bin/sh', 'HOME': '/builddir', 'HOSTNAME': 'mock', 'PATH': '/usr/bin:/bin:/usr/sbin:/sbin', 'LANG': 'C.UTF-8'} and shell False
DEBUG util.py:608:  Child return code was: 0
DEBUG util.py:634:  child environment: None
DEBUG util.py:551:  Using nspawn with args ['--capability=cap_ipc_lock', '--rlimit=RLIMIT_CORE=infinity', '--bind=/tmp/mock-resolv.803xiq5_:/etc/resolv.conf']
DEBUG util.py:556:  Executing command: ['/usr/bin/systemd-nspawn', '-q', '-M', '3d06c1ac1ed94ecbaeb4745ee52e4734', '-D', '/var/lib/mock/f41-build-59362116-6573023-bootstrap/root', '-a', '--capability=cap_ipc_lock', '--rlimit=RLIMIT_CORE=infinity', '--bind=/tmp/mock-resolv.803xiq5_:/etc/resolv.conf', '--console=pipe', '--setenv=TERM=vt100', '--setenv=SHELL=/bin/bash', '--setenv=HOME=/builddir', '--setenv=HOSTNAME=mock', '--setenv=PATH=/usr/bin:/bin:/usr/sbin:/sbin', '--setenv=PROMPT_COMMAND=printf "\\033]0;<mock-chroot>\\007"', '--setenv=PS1=<mock-chroot> \\s-\\v\\$ ', '--setenv=LANG=C.UTF-8', '--resolv-conf=off', '/bin/rpm', '-qa', '--root', '/var/lib/mock/f41-build-59362116-6573023/root'] with env {'TERM': 'vt100', 'SHELL': '/bin/bash', 'HOME': '/builddir', 'HOSTNAME': 'mock', 'PATH': '/usr/bin:/bin:/usr/sbin:/sbin', 'PROMPT_COMMAND': 'printf "\\033]0;<mock-chroot>\\007"', 'PS1': '<mock-chroot> \\s-\\v\\$ ', 'LANG': 'C.UTF-8', 'SYSTEMD_NSPAWN_TMPFS_TMP': '0', 'SYSTEMD_SECCOMP': '0'} and shell False
DEBUG util.py:461:  libgcc-14.2.1-7.fc41.aarch64
DEBUG util.py:461:  libssh-config-0.10.6-8.fc41.noarch
DEBUG util.py:461:  publicsuffix-list-dafsa-20250116-1.fc41.noarch
DEBUG util.py:461:  fedora-release-identity-basic-41-32.noarch
DEBUG util.py:461:  fedora-gpg-keys-41-1.noarch
DEBUG util.py:461:  fedora-repos-41-1.noarch
DEBUG util.py:461:  fedora-release-common-41-32.noarch
DEBUG util.py:461:  fedora-release-41-32.noarch
DEBUG util.py:461:  setup-2.15.0-8.fc41.noarch
DEBUG util.py:461:  filesystem-3.18-23.fc41.aarch64
DEBUG util.py:461:  basesystem-11-21.fc41.noarch
DEBUG util.py:461:  pkgconf-m4-2.3.0-1.fc41.noarch
DEBUG util.py:461:  pcre2-syntax-10.44-1.fc41.1.noarch
DEBUG util.py:461:  ncurses-base-6.5-2.20240629.fc41.noarch
DEBUG util.py:461:  glibc-minimal-langpack-2.40-25.fc41.aarch64
DEBUG util.py:461:  ncurses-libs-6.5-2.20240629.fc41.aarch64
DEBUG util.py:461:  glibc-2.40-25.fc41.aarch64
DEBUG util.py:461:  bash-5.2.32-1.fc41.aarch64
DEBUG util.py:461:  glibc-common-2.40-25.fc41.aarch64
DEBUG util.py:461:  glibc-gconv-extra-2.40-25.fc41.aarch64
DEBUG util.py:461:  zlib-ng-compat-2.2.3-2.fc41.aarch64
DEBUG util.py:461:  bzip2-libs-1.0.8-19.fc41.aarch64
DEBUG util.py:461:  xz-libs-5.6.2-2.fc41.aarch64
DEBUG util.py:461:  readline-8.2-10.fc41.aarch64
DEBUG util.py:461:  popt-1.19-7.fc41.aarch64
DEBUG util.py:461:  libuuid-2.40.4-1.fc41.aarch64
DEBUG util.py:461:  libblkid-2.40.4-1.fc41.aarch64
DEBUG util.py:461:  gmp-6.3.0-2.fc41.aarch64
DEBUG util.py:461:  libattr-2.5.2-4.fc41.aarch64
DEBUG util.py:461:  libacl-2.3.2-2.fc41.aarch64
DEBUG util.py:461:  libxcrypt-4.4.38-7.fc41.aarch64
DEBUG util.py:461:  libstdc++-14.2.1-7.fc41.aarch64
DEBUG util.py:461:  libzstd-1.5.7-1.fc41.aarch64
DEBUG util.py:461:  elfutils-libelf-0.193-2.fc41.aarch64
DEBUG util.py:461:  libeconf-0.6.2-3.fc41.aarch64
DEBUG util.py:461:  gdbm-libs-1.23-7.fc41.aarch64
DEBUG util.py:461:  dwz-0.15-8.fc41.aarch64
DEBUG util.py:461:  mpfr-4.2.1-5.fc41.aarch64
DEBUG util.py:461:  gawk-5.3.0-4.fc41.aarch64
DEBUG util.py:461:  unzip-6.0-64.fc41.aarch64
DEBUG util.py:461:  file-libs-5.45-7.fc41.aarch64
DEBUG util.py:461:  file-5.45-7.fc41.aarch64
DEBUG util.py:461:  crypto-policies-20250124-1.git4d262e7.fc41.noarch
DEBUG util.py:461:  pcre2-10.44-1.fc41.1.aarch64
DEBUG util.py:461:  grep-3.11-9.fc41.aarch64
DEBUG util.py:461:  xz-5.6.2-2.fc41.aarch64
DEBUG util.py:461:  libcap-ng-0.8.5-3.fc41.aarch64
DEBUG util.py:461:  audit-libs-4.0.3-1.fc41.aarch64
DEBUG util.py:461:  pam-libs-1.6.1-7.fc41.aarch64
DEBUG util.py:461:  libcap-2.70-4.fc41.aarch64
DEBUG util.py:461:  systemd-libs-256.12-1.fc41.aarch64
DEBUG util.py:461:  libsmartcols-2.40.4-1.fc41.aarch64
DEBUG util.py:461:  libsepol-3.7-2.fc41.aarch64
DEBUG util.py:461:  libselinux-3.7-5.fc41.aarch64
DEBUG util.py:461:  sed-4.9-3.fc41.aarch64
DEBUG util.py:461:  findutils-4.10.0-4.fc41.aarch64
DEBUG util.py:461:  libmount-2.40.4-1.fc41.aarch64
DEBUG util.py:461:  alternatives-1.31-1.fc41.aarch64
DEBUG util.py:461:  lz4-libs-1.10.0-1.fc41.aarch64
DEBUG util.py:461:  lua-libs-5.4.7-3.fc41.aarch64
DEBUG util.py:461:  libffi-3.4.6-3.fc41.aarch64
DEBUG util.py:461:  libcom_err-1.47.1-6.fc41.aarch64
DEBUG util.py:461:  libtasn1-4.20.0-1.fc41.aarch64
DEBUG util.py:461:  p11-kit-0.25.5-3.fc41.aarch64
DEBUG util.py:461:  libunistring-1.1-8.fc41.aarch64
DEBUG util.py:461:  libidn2-2.3.8-1.fc41.aarch64
DEBUG util.py:461:  libpsl-0.21.5-4.fc41.aarch64
DEBUG util.py:461:  p11-kit-trust-0.25.5-3.fc41.aarch64
DEBUG util.py:461:  zstd-1.5.7-1.fc41.aarch64
DEBUG util.py:461:  util-linux-core-2.40.4-1.fc41.aarch64
DEBUG util.py:461:  tar-1.35-4.fc41.aarch64
DEBUG util.py:461:  libsemanage-3.7-2.fc41.aarch64
DEBUG util.py:461:  shadow-utils-4.15.1-12.fc41.aarch64
DEBUG util.py:461:  libutempter-1.2.1-15.fc41.aarch64
DEBUG util.py:461:  zip-3.0-41.fc41.aarch64
DEBUG util.py:461:  gdbm-1.23-7.fc41.aarch64
DEBUG util.py:461:  cyrus-sasl-lib-2.1.28-27.fc41.aarch64
DEBUG util.py:461:  libfdisk-2.40.4-1.fc41.aarch64
DEBUG util.py:461:  libxml2-2.12.10-1.fc41.aarch64
DEBUG util.py:461:  bzip2-1.0.8-19.fc41.aarch64
DEBUG util.py:461:  add-determinism-0.3.6-3.fc41.aarch64
DEBUG util.py:461:  build-reproducibility-srpm-macros-0.3.6-3.fc41.noarch
DEBUG util.py:461:  sqlite-libs-3.46.1-2.fc41.aarch64
DEBUG util.py:461:  ed-1.20.2-2.fc41.aarch64
DEBUG util.py:461:  patch-2.7.6-25.fc41.aarch64
DEBUG util.py:461:  elfutils-default-yama-scope-0.193-2.fc41.noarch
DEBUG util.py:461:  elfutils-libs-0.193-2.fc41.aarch64
DEBUG util.py:461:  cpio-2.15-2.fc41.aarch64
DEBUG util.py:461:  diffutils-3.10-8.fc41.aarch64
DEBUG util.py:461:  jansson-2.13.1-10.fc41.aarch64
DEBUG util.py:461:  libgomp-14.2.1-7.fc41.aarch64
DEBUG util.py:461:  json-c-0.17-4.fc41.aarch64
DEBUG util.py:461:  libpkgconf-2.3.0-1.fc41.aarch64
DEBUG util.py:461:  pkgconf-2.3.0-1.fc41.aarch64
DEBUG util.py:461:  pkgconf-pkg-config-2.3.0-1.fc41.aarch64
DEBUG util.py:461:  keyutils-libs-1.6.3-4.fc41.aarch64
DEBUG util.py:461:  libverto-0.3.2-9.fc41.aarch64
DEBUG util.py:461:  xxhash-libs-0.8.3-1.fc41.aarch64
DEBUG util.py:461:  libbrotli-1.1.0-5.fc41.aarch64
DEBUG util.py:461:  libnghttp2-1.62.1-3.fc41.aarch64
DEBUG util.py:461:  libtool-ltdl-2.4.7-12.fc41.aarch64
DEBUG util.py:461:  rust-srpm-macros-26.3-3.fc41.noarch
DEBUG util.py:461:  qt6-srpm-macros-6.8.2-1.fc41.noarch
DEBUG util.py:461:  qt5-srpm-macros-5.15.15-1.fc41.noarch
DEBUG util.py:461:  perl-srpm-macros-1-56.fc41.noarch
DEBUG util.py:461:  package-notes-srpm-macros-0.5-12.fc41.noarch
DEBUG util.py:461:  openblas-srpm-macros-2-18.fc41.noarch
DEBUG util.py:461:  ocaml-srpm-macros-10-3.fc41.noarch
DEBUG util.py:461:  kernel-srpm-macros-1.0-24.fc41.noarch
DEBUG util.py:461:  gnat-srpm-macros-6-6.fc41.noarch
DEBUG util.py:461:  ghc-srpm-macros-1.9.1-2.fc41.noarch
DEBUG util.py:461:  fpc-srpm-macros-1.3-13.fc41.noarch
DEBUG util.py:461:  ansible-srpm-macros-1-16.fc41.noarch
DEBUG util.py:461:  coreutils-common-9.5-11.fc41.aarch64
DEBUG util.py:461:  openssl-libs-3.2.4-1.fc41.aarch64
DEBUG util.py:461:  coreutils-9.5-11.fc41.aarch64
DEBUG util.py:461:  ca-certificates-2024.2.69_v8.0.401-1.0.fc41.noarch
DEBUG util.py:461:  krb5-libs-1.21.3-4.fc41.aarch64
DEBUG util.py:461:  libarchive-3.7.4-4.fc41.aarch64
DEBUG util.py:461:  libtirpc-1.3.6-1.rc3.fc41.aarch64
DEBUG util.py:461:  gzip-1.13-2.fc41.aarch64
DEBUG util.py:461:  authselect-libs-1.5.0-8.fc41.aarch64
DEBUG util.py:461:  cracklib-2.9.11-6.fc41.aarch64
DEBUG util.py:461:  libpwquality-1.4.5-11.fc41.aarch64
DEBUG util.py:461:  libnsl2-2.0.1-2.fc41.aarch64
DEBUG util.py:461:  pam-1.6.1-7.fc41.aarch64
DEBUG util.py:461:  libssh-0.10.6-8.fc41.aarch64
DEBUG util.py:461:  rpm-sequoia-1.7.0-5.fc41.aarch64
DEBUG util.py:461:  rpm-libs-4.20.1-1.fc41.aarch64
DEBUG util.py:461:  rpm-build-libs-4.20.1-1.fc41.aarch64
DEBUG util.py:461:  libevent-2.1.12-14.fc41.aarch64
DEBUG util.py:461:  openldap-2.6.9-1.fc41.aarch64
DEBUG util.py:461:  libcurl-8.9.1-3.fc41.aarch64
DEBUG util.py:461:  elfutils-debuginfod-client-0.193-2.fc41.aarch64
DEBUG util.py:461:  binutils-2.43.1-5.fc41.aarch64
DEBUG util.py:461:  elfutils-0.193-2.fc41.aarch64
DEBUG util.py:461:  gdb-minimal-16.2-2.fc41.aarch64
DEBUG util.py:461:  debugedit-5.1-6.fc41.aarch64
DEBUG util.py:461:  curl-8.9.1-3.fc41.aarch64
DEBUG util.py:461:  rpm-4.20.1-1.fc41.aarch64
DEBUG util.py:461:  efi-srpm-macros-5-13.fc41.noarch
DEBUG util.py:461:  lua-srpm-macros-1-14.fc41.noarch
DEBUG util.py:461:  zig-srpm-macros-1-3.fc41.noarch
DEBUG util.py:461:  fonts-srpm-macros-2.0.5-17.fc41.noarch
DEBUG util.py:461:  forge-srpm-macros-0.4.0-1.fc41.noarch
DEBUG util.py:461:  go-srpm-macros-3.6.0-5.fc41.noarch
DEBUG util.py:461:  python-srpm-macros-3.13-3.fc41.noarch
DEBUG util.py:461:  redhat-rpm-config-294-1.fc41.noarch
DEBUG util.py:461:  rpm-build-4.20.1-1.fc41.aarch64
DEBUG util.py:461:  pyproject-srpm-macros-1.18.1-1.fc41.noarch
DEBUG util.py:461:  util-linux-2.40.4-1.fc41.aarch64
DEBUG util.py:461:  authselect-1.5.0-8.fc41.aarch64
DEBUG util.py:461:  which-2.21-42.fc41.aarch64
DEBUG util.py:461:  info-7.1.1-1.fc41.aarch64
DEBUG util.py:461:  xorg-x11-proto-devel-2024.1-3.fc41.noarch
DEBUG util.py:461:  python-rpm-macros-3.13-3.fc41.noarch
DEBUG util.py:461:  python3-rpm-macros-3.13-3.fc41.noarch
DEBUG util.py:461:  libXau-1.0.11-7.fc41.aarch64
DEBUG util.py:461:  libxcb-1.17.0-3.fc41.aarch64
DEBUG util.py:461:  expat-2.7.1-1.fc41.aarch64
DEBUG util.py:461:  libXau-devel-1.0.11-7.fc41.aarch64
DEBUG util.py:461:  libxcb-devel-1.17.0-3.fc41.aarch64
DEBUG util.py:461:  pyproject-rpm-macros-1.18.1-1.fc41.noarch
DEBUG util.py:461:  libX11-common-1.8.11-1.fc41.noarch
DEBUG util.py:461:  libX11-1.8.11-1.fc41.aarch64
DEBUG util.py:461:  libXext-1.3.6-2.fc41.aarch64
DEBUG util.py:461:  libXrender-0.9.12-1.fc41.aarch64
DEBUG util.py:461:  libXrandr-1.5.4-4.fc41.aarch64
DEBUG util.py:461:  libXinerama-1.1.5-7.fc41.aarch64
DEBUG util.py:461:  libXxf86vm-1.1.6-1.fc41.aarch64
DEBUG util.py:461:  libcbor-0.11.0-2.fc41.aarch64
DEBUG util.py:461:  libfido2-1.15.0-2.fc41.aarch64
DEBUG util.py:461:  libX11-xcb-1.8.11-1.fc41.aarch64
DEBUG util.py:461:  libX11-devel-1.8.11-1.fc41.aarch64
DEBUG util.py:461:  libXext-devel-1.3.6-2.fc41.aarch64
DEBUG util.py:461:  libXrender-devel-0.9.12-1.fc41.aarch64
DEBUG util.py:461:  tzdata-2025b-1.fc41.noarch
DEBUG util.py:461:  python-pip-wheel-24.2-1.fc41.noarch
DEBUG util.py:461:  mpdecimal-2.5.1-16.fc41.aarch64
DEBUG util.py:461:  libb2-0.98.1-12.fc41.aarch64
DEBUG util.py:461:  python3-libs-3.13.3-2.fc41.aarch64
DEBUG util.py:461:  python3-3.13.3-2.fc41.aarch64
DEBUG util.py:461:  python3-packaging-24.2-3.fc41.noarch
DEBUG util.py:461:  python3-rpm-generators-14-11.fc41.noarch
DEBUG util.py:461:  openssh-9.9p1-3.fc41.aarch64
DEBUG util.py:461:  libedit-3.1-54.20250104cvs.fc41.aarch64
DEBUG util.py:461:  openssh-clients-9.9p1-3.fc41.aarch64
DEBUG util.py:461:  less-668-1.fc41.aarch64
DEBUG util.py:461:  git-core-2.49.0-1.fc41.aarch64
DEBUG util.py:461:  python3-devel-3.13.3-2.fc41.aarch64
DEBUG util.py:461:  libXrandr-devel-1.5.4-4.fc41.aarch64
DEBUG util.py:461:  libXinerama-devel-1.1.5-7.fc41.aarch64
DEBUG util.py:461:  libXxf86vm-devel-1.1.6-1.fc41.aarch64
DEBUG util.py:461:  xdg-user-dirs-0.18-9.fc41.aarch64
DEBUG util.py:461:  python3-setuptools-69.2.0-8.fc41.noarch
DEBUG util.py:461:  python3-pip-24.2-1.fc41.noarch
DEBUG util.py:608:  Child return code was: 0
DEBUG util.py:183:  kill orphans in chroot /var/lib/mock/f41-build-59362116-6573023/root
DEBUG util.py:183:  kill orphans in chroot /var/lib/mock/f41-build-59362116-6573023-bootstrap/root/var/lib/mock/f41-build-59362116-6573023/root
DEBUG util.py:634:  child environment: None
DEBUG util.py:556:  Executing command: ['/bin/umount', '-n', '-l', '/var/lib/mock/f41-build-59362116-6573023-bootstrap/root/var/lib/mock/f41-build-59362116-6573023/root'] with env {'TERM': 'vt100', 'SHELL': '/bin/sh', 'HOME': '/builddir', 'HOSTNAME': 'mock', 'PATH': '/usr/bin:/bin:/usr/sbin:/sbin', 'LANG': 'C.UTF-8'} and shell False
DEBUG util.py:608:  Child return code was: 0
DEBUG util.py:634:  child environment: None
DEBUG util.py:556:  Executing command: ['/bin/umount', '-n', '-l', '/var/lib/mock/f41-build-59362116-6573023-bootstrap/root/var/lib/mock/f41-build-59362116-6573023/root'] with env {'TERM': 'vt100', 'SHELL': '/bin/sh', 'HOME': '/builddir', 'HOSTNAME': 'mock', 'PATH': '/usr/bin:/bin:/usr/sbin:/sbin', 'LANG': 'C.UTF-8'} and shell False
DEBUG util.py:608:  Child return code was: 0
DEBUG util.py:634:  child environment: None
DEBUG util.py:183:  kill orphans in chroot /var/lib/mock/f41-build-59362116-6573023/root
DEBUG util.py:183:  kill orphans in chroot /var/lib/mock/f41-build-59362116-6573023-bootstrap/root
