INFO buildroot.py:603:  Mock Version: 5.5
DEBUG file_util.py:18:  ensuring that dir exists: /var/lib/mock/f41-build-49652926-5916286/root
DEBUG file_util.py:21:  created dir: /var/lib/mock/f41-build-49652926-5916286/root
DEBUG file_util.py:18:  ensuring that dir exists: /var/lib/mock/f41-build-49652926-5916286-bootstrap
DEBUG file_util.py:21:  created dir: /var/lib/mock/f41-build-49652926-5916286-bootstrap
DEBUG file_util.py:18:  ensuring that dir exists: /var/lib/mock/f41-build-49652926-5916286-bootstrap
DEBUG file_util.py:18:  ensuring that dir exists: /var/lib/mock/f41-build-49652926-5916286-bootstrap/root
DEBUG file_util.py:21:  created dir: /var/lib/mock/f41-build-49652926-5916286-bootstrap/root
DEBUG file_util.py:18:  ensuring that dir exists: /var/lib/mock/f41-build-49652926-5916286-bootstrap/results
DEBUG file_util.py:21:  created dir: /var/lib/mock/f41-build-49652926-5916286-bootstrap/results
INFO buildroot.py:284:  calling preinit hooks
DEBUG buildroot.py:659:  create skeleton dirs
DEBUG file_util.py:18:  ensuring that dir exists: /var/lib/mock/f41-build-49652926-5916286-bootstrap/root/var/lib/rpm
DEBUG file_util.py:21:  created dir: /var/lib/mock/f41-build-49652926-5916286-bootstrap/root/var/lib/rpm
DEBUG file_util.py:18:  ensuring that dir exists: /var/lib/mock/f41-build-49652926-5916286-bootstrap/root/var/lib/yum
DEBUG file_util.py:21:  created dir: /var/lib/mock/f41-build-49652926-5916286-bootstrap/root/var/lib/yum
DEBUG file_util.py:18:  ensuring that dir exists: /var/lib/mock/f41-build-49652926-5916286-bootstrap/root/var/lib/dbus
DEBUG file_util.py:21:  created dir: /var/lib/mock/f41-build-49652926-5916286-bootstrap/root/var/lib/dbus
DEBUG file_util.py:18:  ensuring that dir exists: /var/lib/mock/f41-build-49652926-5916286-bootstrap/root/var/log
DEBUG file_util.py:21:  created dir: /var/lib/mock/f41-build-49652926-5916286-bootstrap/root/var/log
DEBUG file_util.py:18:  ensuring that dir exists: /var/lib/mock/f41-build-49652926-5916286-bootstrap/root/var/cache/dnf
DEBUG file_util.py:21:  created dir: /var/lib/mock/f41-build-49652926-5916286-bootstrap/root/var/cache/dnf
DEBUG file_util.py:18:  ensuring that dir exists: /var/lib/mock/f41-build-49652926-5916286-bootstrap/root/var/cache/yum
DEBUG file_util.py:21:  created dir: /var/lib/mock/f41-build-49652926-5916286-bootstrap/root/var/cache/yum
DEBUG file_util.py:18:  ensuring that dir exists: /var/lib/mock/f41-build-49652926-5916286-bootstrap/root/etc/rpm
DEBUG file_util.py:21:  created dir: /var/lib/mock/f41-build-49652926-5916286-bootstrap/root/etc/rpm
DEBUG file_util.py:18:  ensuring that dir exists: /var/lib/mock/f41-build-49652926-5916286-bootstrap/root/tmp
DEBUG file_util.py:21:  created dir: /var/lib/mock/f41-build-49652926-5916286-bootstrap/root/tmp
DEBUG file_util.py:18:  ensuring that dir exists: /var/lib/mock/f41-build-49652926-5916286-bootstrap/root/tmp/ccache
DEBUG file_util.py:21:  created dir: /var/lib/mock/f41-build-49652926-5916286-bootstrap/root/tmp/ccache
DEBUG file_util.py:18:  ensuring that dir exists: /var/lib/mock/f41-build-49652926-5916286-bootstrap/root/var/tmp
DEBUG file_util.py:21:  created dir: /var/lib/mock/f41-build-49652926-5916286-bootstrap/root/var/tmp
DEBUG file_util.py:18:  ensuring that dir exists: /var/lib/mock/f41-build-49652926-5916286-bootstrap/root/etc/dnf
DEBUG file_util.py:21:  created dir: /var/lib/mock/f41-build-49652926-5916286-bootstrap/root/etc/dnf
DEBUG file_util.py:18:  ensuring that dir exists: /var/lib/mock/f41-build-49652926-5916286-bootstrap/root/etc/dnf/vars
DEBUG file_util.py:21:  created dir: /var/lib/mock/f41-build-49652926-5916286-bootstrap/root/etc/dnf/vars
DEBUG file_util.py:18:  ensuring that dir exists: /var/lib/mock/f41-build-49652926-5916286-bootstrap/root/etc/yum.repos.d
DEBUG file_util.py:21:  created dir: /var/lib/mock/f41-build-49652926-5916286-bootstrap/root/etc/yum.repos.d
DEBUG file_util.py:18:  ensuring that dir exists: /var/lib/mock/f41-build-49652926-5916286-bootstrap/root/etc/yum
DEBUG file_util.py:21:  created dir: /var/lib/mock/f41-build-49652926-5916286-bootstrap/root/etc/yum
DEBUG file_util.py:18:  ensuring that dir exists: /var/lib/mock/f41-build-49652926-5916286-bootstrap/root/proc
DEBUG file_util.py:21:  created dir: /var/lib/mock/f41-build-49652926-5916286-bootstrap/root/proc
DEBUG file_util.py:18:  ensuring that dir exists: /var/lib/mock/f41-build-49652926-5916286-bootstrap/root/sys
DEBUG file_util.py:21:  created dir: /var/lib/mock/f41-build-49652926-5916286-bootstrap/root/sys
DEBUG file_util.py:18:  ensuring that dir exists: /var/lib/mock/f41-build-49652926-5916286-bootstrap/root/dev/pts
DEBUG file_util.py:21:  created dir: /var/lib/mock/f41-build-49652926-5916286-bootstrap/root/dev/pts
DEBUG file_util.py:18:  ensuring that dir exists: /var/lib/mock/f41-build-49652926-5916286-bootstrap/root/dev/shm
DEBUG file_util.py:21:  created dir: /var/lib/mock/f41-build-49652926-5916286-bootstrap/root/dev/shm
DEBUG file_util.py:18:  ensuring that dir exists: /var/lib/mock/f41-build-49652926-5916286-bootstrap/root/dev/mapper
DEBUG file_util.py:21:  created dir: /var/lib/mock/f41-build-49652926-5916286-bootstrap/root/dev/mapper
DEBUG buildroot.py:803:  kernel version == 6.8.0-0.rc7.55.fc40.1.x86_64
DEBUG file_util.py:30:  touching file: /var/lib/mock/f41-build-49652926-5916286-bootstrap/root/etc/fstab
DEBUG file_util.py:30:  touching file: /var/lib/mock/f41-build-49652926-5916286-bootstrap/root/etc/yum/yum.conf
DEBUG file_util.py:30:  touching file: /var/lib/mock/f41-build-49652926-5916286-bootstrap/root/etc/dnf/dnf.conf
DEBUG file_util.py:30:  touching file: /var/lib/mock/f41-build-49652926-5916286-bootstrap/root/var/log/yum.log
DEBUG buildroot.py:298:  rootdir = /var/lib/mock/f41-build-49652926-5916286-bootstrap/root
DEBUG buildroot.py:299:  resultdir = /var/lib/mock/f41-build-49652926-5916286-bootstrap/results
DEBUG package_manager.py:56:  searching for 'dnf5' package manager or alternatives
INFO buildroot.py:174:  Package manager dnf5 detected and used (fallback)
DEBUG file_util.py:18:  ensuring that dir exists: /var/lib/mock/f41-build-49652926-5916286-bootstrap/root/etc/pki/mock
DEBUG file_util.py:21:  created dir: /var/lib/mock/f41-build-49652926-5916286-bootstrap/root/etc/pki/mock
DEBUG file_util.py:158:  Updating files in /var/lib/mock/f41-build-49652926-5916286-bootstrap/root/etc/pki/ca-trust with files from /etc/pki/ca-trust
DEBUG file_util.py:18:  ensuring that dir exists: /var/lib/mock/f41-build-49652926-5916286-bootstrap/root/etc/pki/ca-trust
DEBUG file_util.py:21:  created dir: /var/lib/mock/f41-build-49652926-5916286-bootstrap/root/etc/pki/ca-trust
DEBUG file_util.py:18:  ensuring that dir exists: /var/lib/mock/f41-build-49652926-5916286-bootstrap/root/etc/pki/ca-trust/./extracted
DEBUG file_util.py:21:  created dir: /var/lib/mock/f41-build-49652926-5916286-bootstrap/root/etc/pki/ca-trust/./extracted
DEBUG file_util.py:18:  ensuring that dir exists: /var/lib/mock/f41-build-49652926-5916286-bootstrap/root/etc/pki/ca-trust/./source
DEBUG file_util.py:21:  created dir: /var/lib/mock/f41-build-49652926-5916286-bootstrap/root/etc/pki/ca-trust/./source
DEBUG file_util.py:18:  ensuring that dir exists: /var/lib/mock/f41-build-49652926-5916286-bootstrap/root/etc/pki/ca-trust/extracted/edk2
DEBUG file_util.py:21:  created dir: /var/lib/mock/f41-build-49652926-5916286-bootstrap/root/etc/pki/ca-trust/extracted/edk2
DEBUG file_util.py:18:  ensuring that dir exists: /var/lib/mock/f41-build-49652926-5916286-bootstrap/root/etc/pki/ca-trust/extracted/java
DEBUG file_util.py:21:  created dir: /var/lib/mock/f41-build-49652926-5916286-bootstrap/root/etc/pki/ca-trust/extracted/java
DEBUG file_util.py:18:  ensuring that dir exists: /var/lib/mock/f41-build-49652926-5916286-bootstrap/root/etc/pki/ca-trust/extracted/openssl
DEBUG file_util.py:21:  created dir: /var/lib/mock/f41-build-49652926-5916286-bootstrap/root/etc/pki/ca-trust/extracted/openssl
DEBUG file_util.py:18:  ensuring that dir exists: /var/lib/mock/f41-build-49652926-5916286-bootstrap/root/etc/pki/ca-trust/extracted/pem
DEBUG file_util.py:21:  created dir: /var/lib/mock/f41-build-49652926-5916286-bootstrap/root/etc/pki/ca-trust/extracted/pem
DEBUG file_util.py:18:  ensuring that dir exists: /var/lib/mock/f41-build-49652926-5916286-bootstrap/root/etc/pki/ca-trust/extracted/pem/directory-hash
DEBUG file_util.py:21:  created dir: /var/lib/mock/f41-build-49652926-5916286-bootstrap/root/etc/pki/ca-trust/extracted/pem/directory-hash
DEBUG file_util.py:18:  ensuring that dir exists: /var/lib/mock/f41-build-49652926-5916286-bootstrap/root/etc/pki/ca-trust/source/anchors
DEBUG file_util.py:21:  created dir: /var/lib/mock/f41-build-49652926-5916286-bootstrap/root/etc/pki/ca-trust/source/anchors
DEBUG file_util.py:18:  ensuring that dir exists: /var/lib/mock/f41-build-49652926-5916286-bootstrap/root/etc/pki/ca-trust/source/blacklist
DEBUG file_util.py:21:  created dir: /var/lib/mock/f41-build-49652926-5916286-bootstrap/root/etc/pki/ca-trust/source/blacklist
DEBUG file_util.py:18:  ensuring that dir exists: /var/lib/mock/f41-build-49652926-5916286-bootstrap/root/etc/pki/ca-trust/source/blocklist
DEBUG file_util.py:21:  created dir: /var/lib/mock/f41-build-49652926-5916286-bootstrap/root/etc/pki/ca-trust/source/blocklist
DEBUG file_util.py:158:  Updating files in /var/lib/mock/f41-build-49652926-5916286-bootstrap/root/usr/share/pki/ca-trust-source with files from /usr/share/pki/ca-trust-source
DEBUG file_util.py:18:  ensuring that dir exists: /var/lib/mock/f41-build-49652926-5916286-bootstrap/root/usr/share/pki/ca-trust-source
DEBUG file_util.py:21:  created dir: /var/lib/mock/f41-build-49652926-5916286-bootstrap/root/usr/share/pki/ca-trust-source
DEBUG file_util.py:18:  ensuring that dir exists: /var/lib/mock/f41-build-49652926-5916286-bootstrap/root/usr/share/pki/ca-trust-source/./anchors
DEBUG file_util.py:21:  created dir: /var/lib/mock/f41-build-49652926-5916286-bootstrap/root/usr/share/pki/ca-trust-source/./anchors
DEBUG file_util.py:18:  ensuring that dir exists: /var/lib/mock/f41-build-49652926-5916286-bootstrap/root/usr/share/pki/ca-trust-source/./blacklist
DEBUG file_util.py:21:  created dir: /var/lib/mock/f41-build-49652926-5916286-bootstrap/root/usr/share/pki/ca-trust-source/./blacklist
DEBUG file_util.py:18:  ensuring that dir exists: /var/lib/mock/f41-build-49652926-5916286-bootstrap/root/usr/share/pki/ca-trust-source/./blocklist
DEBUG file_util.py:21:  created dir: /var/lib/mock/f41-build-49652926-5916286-bootstrap/root/usr/share/pki/ca-trust-source/./blocklist
DEBUG file_util.py:18:  ensuring that dir exists: /var/lib/mock/f41-build-49652926-5916286-bootstrap/root/usr/share
DEBUG package_manager.py:382:  Copying /usr/share/distribution-gpg-keys to the bootstrap chroot
DEBUG util.py:636:  child environment: None
DEBUG util.py:558:  Executing command: ['cp', '-a', '/usr/share/distribution-gpg-keys', '/var/lib/mock/f41-build-49652926-5916286-bootstrap/root/usr/share'] with env {'TERM': 'vt100', 'SHELL': '/bin/sh', 'HOME': '/builddir', 'HOSTNAME': 'mock', 'PATH': '/usr/bin:/bin:/usr/sbin:/sbin', 'LANG': 'C.UTF-8'} and shell False
DEBUG util.py:610:  Child return code was: 0
DEBUG file_util.py:18:  ensuring that dir exists: /var/lib/mock/f41-build-49652926-5916286-bootstrap/root/etc/dnf
DEBUG package_manager.py:683:  configure DNF vars
DEBUG file_util.py:18:  ensuring that dir exists: /var/lib/mock/f41-build-49652926-5916286-bootstrap/root/etc
DEBUG file_util.py:18:  ensuring that dir exists: /var/lib/mock/f41-build-49652926-5916286-bootstrap/root/etc
DEBUG file_util.py:18:  ensuring that dir exists: /var/lib/mock/f41-build-49652926-5916286-bootstrap/root/proc
DEBUG util.py:636:  child environment: None
DEBUG util.py:558:  Executing command: ['/bin/mount', '-n', '-t', 'tmpfs', '-o', 'rprivate,mode=0755', 'tmpfs', '/var/lib/mock/f41-build-49652926-5916286-bootstrap/root/proc'] with env {'TERM': 'vt100', 'SHELL': '/bin/sh', 'HOME': '/builddir', 'HOSTNAME': 'mock', 'PATH': '/usr/bin:/bin:/usr/sbin:/sbin', 'LANG': 'C.UTF-8'} and shell False
DEBUG util.py:610:  Child return code was: 0
DEBUG file_util.py:18:  ensuring that dir exists: /var/lib/mock/f41-build-49652926-5916286-bootstrap/root/proc
DEBUG util.py:636:  child environment: None
DEBUG util.py:558:  Executing command: ['/bin/mount', '-n', '-o', 'rbind', '/proc', '/var/lib/mock/f41-build-49652926-5916286-bootstrap/root/proc'] with env {'TERM': 'vt100', 'SHELL': '/bin/sh', 'HOME': '/builddir', 'HOSTNAME': 'mock', 'PATH': '/usr/bin:/bin:/usr/sbin:/sbin', 'LANG': 'C.UTF-8'} and shell False
DEBUG util.py:610:  Child return code was: 0
DEBUG util.py:636:  child environment: None
DEBUG util.py:558:  Executing command: ['/bin/mount', '-n', '-o', 'remount,nodev,noexec,nosuid,readonly,rprivate,rbind', '--target', '/var/lib/mock/f41-build-49652926-5916286-bootstrap/root/proc'] with env {'TERM': 'vt100', 'SHELL': '/bin/sh', 'HOME': '/builddir', 'HOSTNAME': 'mock', 'PATH': '/usr/bin:/bin:/usr/sbin:/sbin', 'LANG': 'C.UTF-8'} and shell False
DEBUG util.py:610:  Child return code was: 0
DEBUG file_util.py:18:  ensuring that dir exists: /var/lib/mock/f41-build-49652926-5916286-bootstrap/root/sys
DEBUG util.py:636:  child environment: None
DEBUG util.py:558:  Executing command: ['/bin/mount', '-n', '-t', 'tmpfs', '-o', 'rprivate,mode=0755', 'tmpfs', '/var/lib/mock/f41-build-49652926-5916286-bootstrap/root/sys'] with env {'TERM': 'vt100', 'SHELL': '/bin/sh', 'HOME': '/builddir', 'HOSTNAME': 'mock', 'PATH': '/usr/bin:/bin:/usr/sbin:/sbin', 'LANG': 'C.UTF-8'} and shell False
DEBUG util.py:610:  Child return code was: 0
DEBUG file_util.py:18:  ensuring that dir exists: /var/lib/mock/f41-build-49652926-5916286-bootstrap/root/sys
DEBUG util.py:636:  child environment: None
DEBUG util.py:558:  Executing command: ['/bin/mount', '-n', '-o', 'rbind', '/sys', '/var/lib/mock/f41-build-49652926-5916286-bootstrap/root/sys'] with env {'TERM': 'vt100', 'SHELL': '/bin/sh', 'HOME': '/builddir', 'HOSTNAME': 'mock', 'PATH': '/usr/bin:/bin:/usr/sbin:/sbin', 'LANG': 'C.UTF-8'} and shell False
DEBUG util.py:610:  Child return code was: 0
DEBUG util.py:636:  child environment: None
DEBUG util.py:558:  Executing command: ['/bin/mount', '-n', '-o', 'remount,nodev,noexec,nosuid,readonly,rprivate,rbind', '--target', '/var/lib/mock/f41-build-49652926-5916286-bootstrap/root/sys'] with env {'TERM': 'vt100', 'SHELL': '/bin/sh', 'HOME': '/builddir', 'HOSTNAME': 'mock', 'PATH': '/usr/bin:/bin:/usr/sbin:/sbin', 'LANG': 'C.UTF-8'} and shell False
DEBUG util.py:610:  Child return code was: 0
DEBUG file_util.py:18:  ensuring that dir exists: /var/lib/mock/f41-build-49652926-5916286-bootstrap/root/dev/shm
DEBUG util.py:636:  child environment: None
DEBUG util.py:558:  Executing command: ['/bin/mount', '-n', '-t', 'tmpfs', 'tmpfs', '/var/lib/mock/f41-build-49652926-5916286-bootstrap/root/dev/shm'] with env {'TERM': 'vt100', 'SHELL': '/bin/sh', 'HOME': '/builddir', 'HOSTNAME': 'mock', 'PATH': '/usr/bin:/bin:/usr/sbin:/sbin', 'LANG': 'C.UTF-8'} and shell False
DEBUG util.py:610:  Child return code was: 0
DEBUG file_util.py:18:  ensuring that dir exists: /var/lib/mock/f41-build-49652926-5916286-bootstrap/root/dev/pts
DEBUG util.py:636:  child environment: None
DEBUG util.py:558:  Executing command: ['/bin/mount', '-n', '-t', 'devpts', '-o', 'gid=5,mode=0620,ptmxmode=0666,newinstance', 'devpts', '/var/lib/mock/f41-build-49652926-5916286-bootstrap/root/dev/pts'] with env {'TERM': 'vt100', 'SHELL': '/bin/sh', 'HOME': '/builddir', 'HOSTNAME': 'mock', 'PATH': '/usr/bin:/bin:/usr/sbin:/sbin', 'LANG': 'C.UTF-8'} and shell False
DEBUG util.py:610:  Child return code was: 0
DEBUG util.py:636:  child environment: None
DEBUG util.py:558:  Executing command: ['/bin/mount', '-n', '-o', 'bind', '/tmp/mock-selinux-plugin.im9esuxs', '/var/lib/mock/f41-build-49652926-5916286-bootstrap/root/proc/filesystems'] with env {'TERM': 'vt100', 'SHELL': '/bin/sh', 'HOME': '/builddir', 'HOSTNAME': 'mock', 'PATH': '/usr/bin:/bin:/usr/sbin:/sbin', 'LANG': 'C.UTF-8'} and shell False
DEBUG util.py:610:  Child return code was: 0
DEBUG file_util.py:18:  ensuring that dir exists: /var/lib/mock/f41-build-49652926-5916286-bootstrap/root/sys/fs/selinux
DEBUG util.py:636:  child environment: None
DEBUG util.py:558:  Executing command: ['/bin/mount', '-n', '-t', 'tmpfs', 'tmpfs', '/var/lib/mock/f41-build-49652926-5916286-bootstrap/root/sys/fs/selinux'] with env {'TERM': 'vt100', 'SHELL': '/bin/sh', 'HOME': '/builddir', 'HOSTNAME': 'mock', 'PATH': '/usr/bin:/bin:/usr/sbin:/sbin', 'LANG': 'C.UTF-8'} and shell False
DEBUG util.py:610:  Child return code was: 0
DEBUG file_util.py:18:  ensuring that dir exists: /var/lib/mock/f41-build-49652926-5916286-bootstrap/root/installation-homedir
DEBUG file_util.py:21:  created dir: /var/lib/mock/f41-build-49652926-5916286-bootstrap/root/installation-homedir
DEBUG package_manager.py:289:  ['/usr/bin/dnf5', '--installroot', '/var/lib/mock/f41-build-49652926-5916286-bootstrap/root/', 'install', 'dnf5', 'dnf5-plugins', '--setopt=deltarpm=False', '--setopt=allow_vendor_change=yes', '--allowerasing']
DEBUG util.py:636:  child environment: None
DEBUG util.py:558:  Executing command: ['/usr/bin/dnf5', '--installroot', '/var/lib/mock/f41-build-49652926-5916286-bootstrap/root/', 'install', 'dnf5', 'dnf5-plugins', '--setopt=deltarpm=False', '--setopt=allow_vendor_change=yes', '--allowerasing', '--setopt=tsflags=nocontexts'] with env {'TERM': 'vt100', 'SHELL': '/bin/bash', 'HOME': '/var/lib/mock/f41-build-49652926-5916286-bootstrap/root/installation-homedir', 'HOSTNAME': 'mock', 'PATH': '/usr/bin:/bin:/usr/sbin:/sbin', 'PROMPT_COMMAND': 'printf "\\033]0;<mock-chroot>\\007"', 'PS1': '<mock-chroot> \\s-\\v\\$ ', 'LANG': 'C.UTF-8', 'LC_MESSAGES': 'C.UTF-8'} and shell False
DEBUG util.py:463:  Updating and loading repositories:
DEBUG util.py:463:   build                                  100% |  74.0 MiB/s |  15.6 MiB |  00m00s
DEBUG util.py:463:  Repositories loaded.
DEBUG util.py:463:  Package                        Arch   Version                    Repository      Size
DEBUG util.py:463:  Installing:                                                                          
DEBUG util.py:463:   dnf5                          i686   5.1.14-1.fc41              build        1.5 MiB
DEBUG util.py:463:   dnf5-plugins                  i686   5.1.14-1.fc41              build        1.0 MiB
DEBUG util.py:463:  Installing dependencies:                                                             
DEBUG util.py:463:   alternatives                  i686   1.26-3.fc40                build       57.4 KiB
DEBUG util.py:463:   audit-libs                    i686   4.0.1-1.fc41               build      337.9 KiB
DEBUG util.py:463:   basesystem                    noarch 11-20.fc40                 build        0.0   B
DEBUG util.py:463:   bash                          i686   5.2.26-3.fc40              build        8.3 MiB
DEBUG util.py:463:   bzip2-libs                    i686   1.0.8-18.fc40              build       75.9 KiB
DEBUG util.py:463:   ca-certificates               noarch 2023.2.62_v7.0.401-6.fc40  build        2.3 MiB
DEBUG util.py:463:   coreutils                     i686   9.4-6.fc40                 build        5.6 MiB
DEBUG util.py:463:   coreutils-common              i686   9.4-6.fc40                 build       11.4 MiB
DEBUG util.py:463:   crypto-policies               noarch 20240304-1.git0375239.fc41 build      149.2 KiB
DEBUG util.py:463:   curl                          i686   8.6.0-7.fc41               build      733.8 KiB
DEBUG util.py:463:   cyrus-sasl-lib                i686   2.1.28-19.fc40             build        2.5 MiB
DEBUG util.py:463:   dnf-data                      noarch 4.19.0-1.fc40              build       38.8 KiB
DEBUG util.py:463:   elfutils-default-yama-scope   noarch 0.191-2.fc41               build        1.8 KiB
DEBUG util.py:463:   elfutils-libelf               i686   0.191-2.fc41               build        1.2 MiB
DEBUG util.py:463:   elfutils-libs                 i686   0.191-2.fc41               build      696.6 KiB
DEBUG util.py:463:   fedora-gpg-keys               noarch 41-0.1                     build      125.0 KiB
DEBUG util.py:463:   fedora-release                noarch 41-0.6                     build        0.0   B
DEBUG util.py:463:   fedora-release-common         noarch 41-0.6                     build       19.2 KiB
DEBUG util.py:463:   fedora-release-identity-basic noarch 41-0.6                     build      694.0   B
DEBUG util.py:463:   fedora-repos                  noarch 41-0.1                     build        4.9 KiB
DEBUG util.py:463:   fedora-repos-rawhide          noarch 41-0.1                     build        2.2 KiB
DEBUG util.py:463:   file-libs                     i686   5.45-5.fc41                build        9.9 MiB
DEBUG util.py:463:   filesystem                    i686   3.18-8.fc40                build       88.0   B
DEBUG util.py:463:   findutils                     i686   1:4.9.0-8.fc40             build        1.5 MiB
DEBUG util.py:463:   fmt                           i686   10.2.1-3.fc40              build      378.5 KiB
DEBUG util.py:463:   gawk                          i686   5.3.0-3.fc40               build        1.7 MiB
DEBUG util.py:463:   gdbm-libs                     i686   1:1.23-6.fc40              build      124.4 KiB
DEBUG util.py:463:   glib2                         i686   2.79.1-1.fc40              build       14.8 MiB
DEBUG util.py:463:   glibc                         i686   2.39.9000-5.fc41           build        5.5 MiB
DEBUG util.py:463:   glibc-common                  i686   2.39.9000-5.fc41           build        1.0 MiB
DEBUG util.py:463:   glibc-minimal-langpack        i686   2.39.9000-5.fc41           build        0.0   B
DEBUG util.py:463:   gmp                           i686   1:6.3.0-1.fc41             build      734.5 KiB
DEBUG util.py:463:   gnutls                        i686   3.8.3-2.fc40               build        3.3 MiB
DEBUG util.py:463:   grep                          i686   3.11-7.fc40                build        1.0 MiB
DEBUG util.py:463:   json-c                        i686   0.17-3.fc40                build       85.6 KiB
DEBUG util.py:463:   keyutils-libs                 i686   1.6.3-3.fc40               build       57.6 KiB
DEBUG util.py:463:   krb5-libs                     i686   1.21.2-5.fc40              build        2.3 MiB
DEBUG util.py:463:   libacl                        i686   2.3.2-1.fc40               build       39.3 KiB
DEBUG util.py:463:   libarchive                    i686   3.7.2-3.fc40               build      982.4 KiB
DEBUG util.py:463:   libattr                       i686   2.5.2-3.fc40               build       23.7 KiB
DEBUG util.py:463:   libblkid                      i686   2.40-0.11.rc1.fc41         build      285.5 KiB
DEBUG util.py:463:   libbrotli                     i686   1.1.0-3.fc40               build      855.4 KiB
DEBUG util.py:463:   libcap                        i686   2.69-3.fc40                build      201.9 KiB
DEBUG util.py:463:   libcap-ng                     i686   0.8.4-4.fc40               build       67.6 KiB
DEBUG util.py:463:   libcom_err                    i686   1.47.0-5.fc40              build       58.4 KiB
DEBUG util.py:463:   libcurl                       i686   8.6.0-7.fc41               build      800.9 KiB
DEBUG util.py:463:   libdnf5                       i686   5.1.14-1.fc41              build        2.8 MiB
DEBUG util.py:463:   libdnf5-cli                   i686   5.1.14-1.fc41              build      549.4 KiB
DEBUG util.py:463:   libeconf                      i686   0.6.2-1.fc41               build       57.2 KiB
DEBUG util.py:463:   libevent                      i686   2.1.12-12.fc40             build      948.1 KiB
DEBUG util.py:463:   libffi                        i686   3.4.4-8.fc41               build       76.8 KiB
DEBUG util.py:463:   libgcc                        i686   14.0.1-0.8.fc41            build      301.7 KiB
DEBUG util.py:463:   libgomp                       i686   14.0.1-0.8.fc41            build      521.5 KiB
DEBUG util.py:463:   libidn2                       i686   2.3.7-1.fc40               build      324.3 KiB
DEBUG util.py:463:   libmodulemd                   i686   2.15.0-9.fc41              build      739.7 KiB
DEBUG util.py:463:   libmount                      i686   2.40-0.11.rc1.fc41         build      387.0 KiB
DEBUG util.py:463:   libnghttp2                    i686   1.60.0-2.fc41              build      173.5 KiB
DEBUG util.py:463:   libpsl                        i686   0.21.5-3.fc40              build       71.8 KiB
DEBUG util.py:463:   librepo                       i686   1.17.0-3.fc40              build      231.3 KiB
DEBUG util.py:463:   libreport-filesystem          noarch 2.17.15-1.fc41             build        0.0   B
DEBUG util.py:463:   libselinux                    i686   3.6-4.fc40                 build      192.3 KiB
DEBUG util.py:463:   libsepol                      i686   3.6-3.fc40                 build      865.5 KiB
DEBUG util.py:463:   libsmartcols                  i686   2.40-0.11.rc1.fc41         build      179.7 KiB
DEBUG util.py:463:   libsolv                       i686   0.7.28-1.fc40              build      968.2 KiB
DEBUG util.py:463:   libssh                        i686   0.10.6-6.fc41              build      547.3 KiB
DEBUG util.py:463:   libssh-config                 noarch 0.10.6-6.fc41              build      277.0   B
DEBUG util.py:463:   libstdc++                     i686   14.0.1-0.8.fc41            build        2.8 MiB
DEBUG util.py:463:   libtasn1                      i686   4.19.0-6.fc40              build      178.9 KiB
DEBUG util.py:463:   libtool-ltdl                  i686   2.4.7-10.fc40              build       69.4 KiB
DEBUG util.py:463:   libunistring                  i686   1.1-7.fc41                 build        1.7 MiB
DEBUG util.py:463:   libuuid                       i686   2.40-0.11.rc1.fc41         build       32.6 KiB
DEBUG util.py:463:   libverto                      i686   0.3.2-8.fc40               build       28.7 KiB
DEBUG util.py:463:   libxcrypt                     i686   4.4.36-5.fc40              build      274.2 KiB
DEBUG util.py:463:   libxml2                       i686   2.12.5-1.fc40              build        1.8 MiB
DEBUG util.py:463:   libyaml                       i686   0.2.5-14.fc40              build      129.7 KiB
DEBUG util.py:463:   libzstd                       i686   1.5.5-5.fc40               build      711.2 KiB
DEBUG util.py:463:   lua-libs                      i686   5.4.6-5.fc40               build      308.6 KiB
DEBUG util.py:463:   lz4-libs                      i686   1.9.4-6.fc40               build      132.7 KiB
DEBUG util.py:463:   mpfr                          i686   4.2.1-3.fc40               build      982.5 KiB
DEBUG util.py:463:   ncurses-base                  noarch 6.4-12.20240127.fc40       build      326.2 KiB
DEBUG util.py:463:   ncurses-libs                  i686   6.4-12.20240127.fc40       build      963.1 KiB
DEBUG util.py:463:   nettle                        i686   3.9.1-6.fc40               build      780.2 KiB
DEBUG util.py:463:   openldap                      i686   2.6.7-1.fc40               build      660.5 KiB
DEBUG util.py:463:   openssl-libs                  i686   1:3.2.1-3.fc41             build        6.2 MiB
DEBUG util.py:463:   p11-kit                       i686   0.25.3-4.fc40              build        2.3 MiB
DEBUG util.py:463:   p11-kit-trust                 i686   0.25.3-4.fc40              build      357.7 KiB
DEBUG util.py:463:   pam-libs                      i686   1.6.0-2.fc41               build      120.8 KiB
DEBUG util.py:463:   pcre2                         i686   10.42-2.fc40.2             build      648.1 KiB
DEBUG util.py:463:   pcre2-syntax                  noarch 10.42-2.fc40.2             build      235.1 KiB
DEBUG util.py:463:   popt                          i686   1.19-6.fc40                build      135.9 KiB
DEBUG util.py:463:   publicsuffix-list-dafsa       noarch 20240107-3.fc40            build       67.5 KiB
DEBUG util.py:463:   readline                      i686   8.2-8.fc40                 build      457.5 KiB
DEBUG util.py:463:   rpm                           i686   4.19.1.1-1.fc40            build        2.9 MiB
DEBUG util.py:463:   rpm-build-libs                i686   4.19.1.1-1.fc40            build      201.2 KiB
DEBUG util.py:463:   rpm-libs                      i686   4.19.1.1-1.fc40            build      756.8 KiB
DEBUG util.py:463:   rpm-sequoia                   i686   1.6.0-2.fc40               build        2.6 MiB
DEBUG util.py:463:   sdbus-cpp                     i686   1.5.0-2.fc41               build      311.8 KiB
DEBUG util.py:463:   sed                           i686   4.9-1.fc40                 build      860.6 KiB
DEBUG util.py:463:   setup                         noarch 2.14.5-2.fc40              build      720.4 KiB
DEBUG util.py:463:   sqlite-libs                   i686   3.45.2-1.fc41              build        1.5 MiB
DEBUG util.py:463:   systemd-libs                  i686   255.4-1.fc41               build        1.9 MiB
DEBUG util.py:463:   xz-libs                       i686   5.6.1-1.fc41               build      230.5 KiB
DEBUG util.py:463:   zchunk-libs                   i686   1.4.0-2.fc40               build      100.4 KiB
DEBUG util.py:463:   zlib-ng-compat                i686   2.1.6-2.fc40               build      145.4 KiB
DEBUG util.py:463:  Transaction Summary:
DEBUG util.py:463:   Installing:      106 packages
DEBUG util.py:463:  Total size of inbound packages is 39 MiB. Need to download 39 MiB.
DEBUG util.py:463:  After this operation 126 MiB will be used (install 126 MiB, remove 0 B).
DEBUG util.py:463:  [  1/106] dnf5-plugins-0:5.1.14-1.fc41. 100% |   9.8 MiB/s | 369.8 KiB |  00m00s
DEBUG util.py:463:  [  2/106] dnf-data-0:4.19.0-1.fc40.noar 100% |   1.0 MiB/s |  40.1 KiB |  00m00s
DEBUG util.py:463:  [  3/106] dnf5-0:5.1.14-1.fc41.i686     100% |  13.8 MiB/s | 648.6 KiB |  00m00s
DEBUG util.py:463:  [  4/106] fmt-0:10.2.1-3.fc40.i686      100% |  14.1 MiB/s | 129.7 KiB |  00m00s
DEBUG util.py:463:  [  5/106] glibc-0:2.39.9000-5.fc41.i686 100% |  52.7 MiB/s |   2.0 MiB |  00m00s
DEBUG util.py:463:  [  6/106] libdnf5-0:5.1.14-1.fc41.i686  100% |  27.1 MiB/s |   1.1 MiB |  00m00s
DEBUG util.py:463:  [  7/106] libdnf5-cli-0:5.1.14-1.fc41.i 100% |   6.6 MiB/s | 248.3 KiB |  00m00s
DEBUG util.py:463:  [  8/106] libsmartcols-0:2.40-0.11.rc1. 100% |  16.9 MiB/s |  86.4 KiB |  00m00s
DEBUG util.py:463:  [  9/106] libgcc-0:14.0.1-0.8.fc41.i686 100% |  14.8 MiB/s | 136.1 KiB |  00m00s
DEBUG util.py:463:  [ 10/106] libstdc++-0:14.0.1-0.8.fc41.i 100% |  57.4 MiB/s | 940.9 KiB |  00m00s
DEBUG util.py:463:  [ 11/106] rpm-libs-0:4.19.1.1-1.fc40.i6 100% |  23.6 MiB/s | 338.8 KiB |  00m00s
DEBUG util.py:463:  [ 12/106] json-c-0:0.17-3.fc40.i686     100% |   9.2 MiB/s |  47.3 KiB |  00m00s
DEBUG util.py:463:  [ 13/106] rpm-build-libs-0:4.19.1.1-1.f 100% |  16.5 MiB/s | 101.6 KiB |  00m00s
DEBUG util.py:463:  [ 14/106] libreport-filesystem-0:2.17.1 100% |   6.9 MiB/s |  14.1 KiB |  00m00s
DEBUG util.py:463:  [ 15/106] sdbus-cpp-0:1.5.0-2.fc41.i686 100% |  17.0 MiB/s | 121.9 KiB |  00m00s
DEBUG util.py:463:  [ 16/106] basesystem-0:11-20.fc40.noarc 100% |   1.4 MiB/s |   7.2 KiB |  00m00s
DEBUG util.py:463:  [ 17/106] glibc-common-0:2.39.9000-5.fc 100% |  42.7 MiB/s | 393.3 KiB |  00m00s
DEBUG util.py:463:  [ 18/106] libmodulemd-0:2.15.0-9.fc41.i 100% |  23.1 MiB/s | 237.0 KiB |  00m00s
DEBUG util.py:463:  [ 19/106] librepo-0:1.17.0-3.fc40.i686  100% |  17.1 MiB/s | 104.9 KiB |  00m00s
DEBUG util.py:463:  [ 20/106] libsolv-0:0.7.28-1.fc40.i686  100% |  48.2 MiB/s | 444.5 KiB |  00m00s
DEBUG util.py:463:  [ 21/106] libxml2-0:2.12.5-1.fc40.i686  100% |  41.9 MiB/s | 729.0 KiB |  00m00s
DEBUG util.py:463:  [ 22/106] glib2-0:2.79.1-1.fc40.i686    100% |  52.9 MiB/s |   3.1 MiB |  00m00s
DEBUG util.py:463:  [ 23/106] sqlite-libs-0:3.45.2-1.fc41.i 100% |  18.8 MiB/s | 749.2 KiB |  00m00s
DEBUG util.py:463:  [ 24/106] bzip2-libs-0:1.0.8-18.fc40.i6 100% |   1.4 MiB/s |  41.1 KiB |  00m00s
DEBUG util.py:463:  [ 25/106] libcap-0:2.69-3.fc40.i686     100% |  27.2 MiB/s |  83.6 KiB |  00m00s
DEBUG util.py:463:  [ 26/106] libacl-0:2.3.2-1.fc40.i686    100% |   5.0 MiB/s |  25.8 KiB |  00m00s
DEBUG util.py:463:  [ 27/106] libzstd-0:1.5.5-5.fc40.i686   100% |  39.7 MiB/s | 284.9 KiB |  00m00s
DEBUG util.py:463:  [ 28/106] lua-libs-0:5.4.6-5.fc40.i686  100% |  20.8 MiB/s | 149.1 KiB |  00m00s
DEBUG util.py:463:  [ 29/106] popt-0:1.19-6.fc40.i686       100% |  12.1 MiB/s |  61.7 KiB |  00m00s
DEBUG util.py:463:  [ 30/106] rpm-0:4.19.1.1-1.fc40.i686    100% |  49.8 MiB/s | 510.3 KiB |  00m00s
DEBUG util.py:463:  [ 31/106] rpm-sequoia-0:1.6.0-2.fc40.i6 100% |  56.8 MiB/s | 931.1 KiB |  00m00s
DEBUG util.py:463:  [ 32/106] xz-libs-0:5.6.1-1.fc41.i686   100% |  10.8 MiB/s | 122.2 KiB |  00m00s
DEBUG util.py:463:  [ 33/106] zlib-ng-compat-0:2.1.6-2.fc40 100% |   6.6 MiB/s |  81.4 KiB |  00m00s
DEBUG util.py:463:  [ 34/106] elfutils-libelf-0:0.191-2.fc4 100% |  35.1 MiB/s | 215.4 KiB |  00m00s
DEBUG util.py:463:  [ 35/106] elfutils-libs-0:0.191-2.fc41. 100% |  35.6 MiB/s | 291.9 KiB |  00m00s
DEBUG util.py:463:  [ 36/106] file-libs-0:5.45-5.fc41.i686  100% |  47.1 MiB/s | 771.7 KiB |  00m00s
DEBUG util.py:463:  [ 37/106] libgomp-0:14.0.1-0.8.fc41.i68 100% |  23.8 MiB/s | 340.8 KiB |  00m00s
DEBUG util.py:463:  [ 38/106] systemd-libs-0:255.4-1.fc41.i 100% |  40.5 MiB/s | 747.3 KiB |  00m00s
DEBUG util.py:463:  [ 39/106] setup-0:2.14.5-2.fc40.noarch  100% |  13.1 MiB/s | 148.1 KiB |  00m00s
DEBUG util.py:463:  [ 40/106] filesystem-0:3.18-8.fc40.i686 100% |  48.6 MiB/s |   1.1 MiB |  00m00s
DEBUG util.py:463:  [ 41/106] bash-0:5.2.26-3.fc40.i686     100% |  58.4 MiB/s |   1.8 MiB |  00m00s
DEBUG util.py:463:  [ 42/106] libffi-0:3.4.4-8.fc41.i686    100% |   2.3 MiB/s |  37.6 KiB |  00m00s
DEBUG util.py:463:  [ 43/106] gnutls-0:3.8.3-2.fc40.i686    100% |  29.6 MiB/s |   1.1 MiB |  00m00s
DEBUG util.py:463:  [ 44/106] libmount-0:2.40-0.11.rc1.fc41 100% |  13.2 MiB/s | 162.7 KiB |  00m00s
DEBUG util.py:463:  [ 45/106] libselinux-0:3.6-4.fc40.i686  100% |   7.0 MiB/s |  92.5 KiB |  00m00s
DEBUG util.py:463:  [ 46/106] pcre2-0:10.42-2.fc40.2.i686   100% |  32.6 MiB/s | 234.0 KiB |  00m00s
DEBUG util.py:463:  [ 47/106] libyaml-0:0.2.5-14.fc40.i686  100% |   7.6 MiB/s |  62.1 KiB |  00m00s
DEBUG util.py:463:  [ 48/106] zchunk-libs-0:1.4.0-2.fc40.i6 100% |   9.0 MiB/s |  55.2 KiB |  00m00s
DEBUG util.py:463:  [ 49/106] libattr-0:2.5.2-3.fc40.i686   100% |   4.5 MiB/s |  18.3 KiB |  00m00s
DEBUG util.py:463:  [ 50/106] openssl-libs-1:3.2.1-3.fc41.i 100% |  74.2 MiB/s |   2.3 MiB |  00m00s
DEBUG util.py:463:  [ 51/106] pam-libs-0:1.6.0-2.fc41.i686  100% |   3.1 MiB/s |  59.8 KiB |  00m00s
DEBUG util.py:463:  [ 52/106] curl-0:8.6.0-7.fc41.i686      100% |  13.6 MiB/s | 306.6 KiB |  00m00s
DEBUG util.py:463:  [ 53/106] findutils-1:4.9.0-8.fc40.i686 100% |  48.3 MiB/s | 494.4 KiB |  00m00s
DEBUG util.py:463:  [ 54/106] libarchive-0:3.7.2-3.fc40.i68 100% |  29.2 MiB/s | 448.1 KiB |  00m00s
DEBUG util.py:463:  [ 55/106] sed-0:4.9-1.fc40.i686         100% |  23.4 MiB/s | 311.4 KiB |  00m00s
DEBUG util.py:463:  [ 56/106] elfutils-default-yama-scope-0 100% |   3.2 MiB/s |  13.2 KiB |  00m00s
DEBUG util.py:463:  [ 57/106] lz4-libs-0:1.9.4-6.fc40.i686  100% |  11.4 MiB/s |  69.8 KiB |  00m00s
DEBUG util.py:463:  [ 58/106] ncurses-libs-0:6.4-12.2024012 100% |  49.4 MiB/s | 353.9 KiB |  00m00s
DEBUG util.py:463:  [ 59/106] crypto-policies-0:20240304-1. 100% |   9.7 MiB/s |  69.2 KiB |  00m00s
DEBUG util.py:463:  [ 60/106] gmp-1:6.3.0-1.fc41.i686       100% |  30.4 MiB/s | 311.3 KiB |  00m00s
DEBUG util.py:463:  [ 61/106] libidn2-0:2.3.7-1.fc40.i686   100% |  15.8 MiB/s | 113.0 KiB |  00m00s
DEBUG util.py:463:  [ 62/106] libtasn1-0:4.19.0-6.fc40.i686 100% |  24.4 MiB/s |  74.9 KiB |  00m00s
DEBUG util.py:463:  [ 63/106] libunistring-0:1.1-7.fc41.i68 100% |  54.0 MiB/s | 553.0 KiB |  00m00s
DEBUG util.py:463:  [ 64/106] nettle-0:3.9.1-6.fc40.i686    100% |  28.6 MiB/s | 439.0 KiB |  00m00s
DEBUG util.py:463:  [ 65/106] p11-kit-0:0.25.3-4.fc40.i686  100% |  28.8 MiB/s | 471.6 KiB |  00m00s
DEBUG util.py:463:  [ 66/106] p11-kit-trust-0:0.25.3-4.fc40 100% |  12.2 MiB/s | 137.4 KiB |  00m00s
DEBUG util.py:463:  [ 67/106] libblkid-0:2.40-0.11.rc1.fc41 100% |  33.5 MiB/s | 137.3 KiB |  00m00s
DEBUG util.py:463:  [ 68/106] libuuid-0:2.40-0.11.rc1.fc41. 100% |   5.9 MiB/s |  30.4 KiB |  00m00s
DEBUG util.py:463:  [ 69/106] libsepol-0:3.6-3.fc40.i686    100% |  49.4 MiB/s | 354.0 KiB |  00m00s
DEBUG util.py:463:  [ 70/106] pcre2-syntax-0:10.42-2.fc40.2 100% |  17.4 MiB/s | 142.7 KiB |  00m00s
DEBUG util.py:463:  [ 71/106] ca-certificates-0:2023.2.62_v 100% |  52.6 MiB/s | 862.1 KiB |  00m00s
DEBUG util.py:463:  [ 72/106] audit-libs-0:4.0.1-1.fc41.i68 100% |  10.5 MiB/s | 129.1 KiB |  00m00s
DEBUG util.py:463:  [ 73/106] libeconf-0:0.6.2-1.fc41.i686  100% |   3.3 MiB/s |  33.8 KiB |  00m00s
DEBUG util.py:463:  [ 74/106] alternatives-0:1.26-3.fc40.i6 100% |  19.6 MiB/s |  40.1 KiB |  00m00s
DEBUG util.py:463:  [ 75/106] ncurses-base-0:6.4-12.2024012 100% |  12.5 MiB/s |  63.8 KiB |  00m00s
DEBUG util.py:463:  [ 76/106] grep-0:3.11-7.fc40.i686       100% |  41.3 MiB/s | 295.7 KiB |  00m00s
DEBUG util.py:463:  [ 77/106] libcap-ng-0:0.8.4-4.fc40.i686 100% |   6.5 MiB/s |  33.0 KiB |  00m00s
DEBUG util.py:463:  [ 78/106] fedora-release-0:41-0.6.noarc 100% |   5.2 MiB/s |  10.7 KiB |  00m00s
DEBUG util.py:463:  [ 79/106] fedora-release-common-0:41-0. 100% |   6.9 MiB/s |  21.2 KiB |  00m00s
DEBUG util.py:463:  [ 80/106] fedora-repos-0:41-0.1.noarch  100% |   3.0 MiB/s |   9.3 KiB |  00m00s
DEBUG util.py:463:  [ 81/106] fedora-gpg-keys-0:41-0.1.noar 100% |  29.5 MiB/s | 121.0 KiB |  00m00s
DEBUG util.py:463:  [ 82/106] fedora-repos-rawhide-0:41-0.1 100% |   2.9 MiB/s |   8.9 KiB |  00m00s
DEBUG util.py:463:  [ 83/106] libcurl-0:8.6.0-7.fc41.i686   100% |  45.6 MiB/s | 373.6 KiB |  00m00s
DEBUG util.py:463:  [ 84/106] coreutils-0:9.4-6.fc40.i686   100% |  49.7 MiB/s |   1.2 MiB |  00m00s
DEBUG util.py:463:  [ 85/106] coreutils-common-0:9.4-6.fc40 100% |  48.3 MiB/s |   2.1 MiB |  00m00s
DEBUG util.py:463:  [ 86/106] krb5-libs-0:1.21.2-5.fc40.i68 100% |  21.2 MiB/s | 803.6 KiB |  00m00s
DEBUG util.py:463:  [ 87/106] libbrotli-0:1.1.0-3.fc40.i686 100% |  11.8 MiB/s | 338.4 KiB |  00m00s
DEBUG util.py:463:  [ 88/106] libpsl-0:0.21.5-3.fc40.i686   100% |  21.0 MiB/s |  64.5 KiB |  00m00s
DEBUG util.py:463:  [ 89/106] libnghttp2-0:1.60.0-2.fc41.i6 100% |  16.1 MiB/s |  82.2 KiB |  00m00s
DEBUG util.py:463:  [ 90/106] libssh-0:0.10.6-6.fc41.i686   100% |  27.7 MiB/s | 226.5 KiB |  00m00s
DEBUG util.py:463:  [ 91/106] openldap-0:2.6.7-1.fc40.i686  100% |  33.2 MiB/s | 272.1 KiB |  00m00s
DEBUG util.py:463:  [ 92/106] keyutils-libs-0:1.6.3-3.fc40. 100% |   6.2 MiB/s |  31.9 KiB |  00m00s
DEBUG util.py:463:  [ 93/106] libcom_err-0:1.47.0-5.fc40.i6 100% |   8.4 MiB/s |  25.7 KiB |  00m00s
DEBUG util.py:463:  [ 94/106] gawk-0:5.3.0-3.fc40.i686      100% |  61.5 MiB/s |   1.0 MiB |  00m00s
DEBUG util.py:463:  [ 95/106] libverto-0:0.3.2-8.fc40.i686  100% |   1.9 MiB/s |  21.0 KiB |  00m00s
DEBUG util.py:463:  [ 96/106] publicsuffix-list-dafsa-0:202 100% |   5.2 MiB/s |  58.1 KiB |  00m00s
DEBUG util.py:463:  [ 97/106] libssh-config-0:0.10.6-6.fc41 100% |   3.0 MiB/s |   9.1 KiB |  00m00s
DEBUG util.py:463:  [ 98/106] libevent-0:2.1.12-12.fc40.i68 100% |  38.6 MiB/s | 276.4 KiB |  00m00s
DEBUG util.py:463:  [ 99/106] libtool-ltdl-0:2.4.7-10.fc40. 100% |   5.3 MiB/s |  38.0 KiB |  00m00s
DEBUG util.py:463:  [100/106] cyrus-sasl-lib-0:2.1.28-19.fc 100% |  52.3 MiB/s | 856.6 KiB |  00m00s
DEBUG util.py:463:  [101/106] mpfr-0:4.2.1-3.fc40.i686      100% |  29.4 MiB/s | 391.2 KiB |  00m00s
DEBUG util.py:463:  [102/106] readline-0:8.2-8.fc40.i686    100% |  14.2 MiB/s | 218.4 KiB |  00m00s
DEBUG util.py:463:  [103/106] gdbm-libs-1:1.23-6.fc40.i686  100% |   7.3 MiB/s |  59.6 KiB |  00m00s
DEBUG util.py:463:  [104/106] libxcrypt-0:4.4.36-5.fc40.i68 100% |  29.5 MiB/s | 120.7 KiB |  00m00s
DEBUG util.py:463:  [105/106] glibc-minimal-langpack-0:2.39 100% |  14.5 MiB/s | 103.7 KiB |  00m00s
DEBUG util.py:463:  [106/106] fedora-release-identity-basic 100% |   1.9 MiB/s |  11.5 KiB |  00m00s
DEBUG util.py:463:  --------------------------------------------------------------------------------
DEBUG util.py:463:  [106/106] Total                         100% |  68.8 MiB/s |  38.5 MiB |  00m01s
DEBUG util.py:463:  Running transaction
DEBUG util.py:463:  [  1/108] Verify package files          100% | 295.0   B/s | 106.0   B |  00m00s
DEBUG util.py:463:  >>> Running pre-transaction scriptlet: filesystem-0:3.18-8.fc40.i686
DEBUG util.py:463:  >>> Stop pre-transaction scriptlet: filesystem-0:3.18-8.fc40.i686
DEBUG util.py:463:  [  2/108] Prepare transaction           100% |   1.8 KiB/s | 106.0   B |  00m00s
DEBUG util.py:463:  [  3/108] Installing libgcc-0:14.0.1-0. 100% |  49.4 MiB/s | 303.3 KiB |  00m00s
DEBUG util.py:463:  >>> Running post-install scriptlet: libgcc-0:14.0.1-0.8.fc41.i686
DEBUG util.py:463:  >>> Stop post-install scriptlet: libgcc-0:14.0.1-0.8.fc41.i686
DEBUG util.py:463:  [  4/108] Installing crypto-policies-0: 100% |   8.1 MiB/s | 181.6 KiB |  00m00s
DEBUG util.py:463:  >>> Running post-install scriptlet: crypto-policies-0:20240304-1.git0375239.fc41
DEBUG util.py:463:  >>> Stop post-install scriptlet: crypto-policies-0:20240304-1.git0375239.fc41.no
DEBUG util.py:463:  [  5/108] Installing fedora-release-ide 100% | 464.8 KiB/s | 952.0   B |  00m00s
DEBUG util.py:463:  [  6/108] Installing fedora-repos-rawhi 100% | 806.0 KiB/s |   2.4 KiB |  00m00s
DEBUG util.py:463:  [  7/108] Installing fedora-gpg-keys-0: 100% |   7.9 MiB/s | 170.1 KiB |  00m00s
DEBUG util.py:463:  [  8/108] Installing fedora-repos-0:41- 100% |   2.8 MiB/s |   5.7 KiB |  00m00s
DEBUG util.py:463:  [  9/108] Installing fedora-release-com 100% |   4.5 MiB/s |  23.3 KiB |  00m00s
DEBUG util.py:463:  [ 10/108] Installing fedora-release-0:4 100% | 121.1 KiB/s | 124.0   B |  00m00s
DEBUG util.py:463:  [ 11/108] Installing setup-0:2.14.5-2.f 100% |  27.3 MiB/s | 725.8 KiB |  00m00s
DEBUG util.py:463:  >>> Running post-install scriptlet: setup-0:2.14.5-2.fc40.noarch
DEBUG util.py:463:  >>> Stop post-install scriptlet: setup-0:2.14.5-2.fc40.noarch
DEBUG util.py:463:  [ 12/108] Installing filesystem-0:3.18- 100% |   1.2 MiB/s | 211.9 KiB |  00m00s
DEBUG util.py:463:  [ 13/108] Installing basesystem-0:11-20 100% | 121.1 KiB/s | 124.0   B |  00m00s
DEBUG util.py:463:  [ 14/108] Installing libssh-config-0:0. 100% | 398.4 KiB/s | 816.0   B |  00m00s
DEBUG util.py:463:  [ 15/108] Installing publicsuffix-list- 100% |  22.2 MiB/s |  68.3 KiB |  00m00s
DEBUG util.py:463:  [ 16/108] Installing coreutils-common-0 100% | 130.3 MiB/s |  11.5 MiB |  00m00s
DEBUG util.py:463:  [ 17/108] Installing ncurses-base-0:6.4 100% |  17.2 MiB/s | 351.6 KiB |  00m00s
DEBUG util.py:463:  [ 18/108] Installing pcre2-syntax-0:10. 100% |  58.0 MiB/s | 237.6 KiB |  00m00s
DEBUG util.py:463:  [ 19/108] Installing libreport-filesyst 100% | 489.6 KiB/s |   1.5 KiB |  00m00s
DEBUG util.py:463:  [ 20/108] Installing glibc-common-0:2.3 100% |  72.5 MiB/s |   1.0 MiB |  00m00s
DEBUG util.py:463:  [ 21/108] Installing bash-0:5.2.26-3.fc 100% | 138.2 MiB/s |   8.3 MiB |  00m00s
DEBUG util.py:463:  >>> Running post-install scriptlet: bash-0:5.2.26-3.fc40.i686
DEBUG util.py:463:  >>> Stop post-install scriptlet: bash-0:5.2.26-3.fc40.i686
DEBUG util.py:463:  [ 22/108] Installing ncurses-libs-0:6.4 100% |  78.9 MiB/s | 969.5 KiB |  00m00s
DEBUG util.py:463:  [ 23/108] Installing glibc-minimal-lang 100% |  40.4 KiB/s | 124.0   B |  00m00s
DEBUG util.py:463:  >>> Running pre-install scriptlet: glibc-0:2.39.9000-5.fc41.i686
DEBUG util.py:463:  >>> Stop pre-install scriptlet: glibc-0:2.39.9000-5.fc41.i686
DEBUG util.py:463:  [ 24/108] Installing glibc-0:2.39.9000- 100% |  87.6 MiB/s |   5.5 MiB |  00m00s
DEBUG util.py:463:  >>> Running post-install scriptlet: glibc-0:2.39.9000-5.fc41.i686
DEBUG util.py:463:  >>> Stop post-install scriptlet: glibc-0:2.39.9000-5.fc41.i686
DEBUG util.py:463:  [ 25/108] Installing elfutils-default-y 100% | 291.9 KiB/s |   2.0 KiB |  00m00s
DEBUG util.py:463:  >>> Running post-install scriptlet: elfutils-default-yama-scope-0:0.191-2.fc41.n
DEBUG util.py:463:  >>> Stop post-install scriptlet: elfutils-default-yama-scope-0:0.191-2.fc41.noar
DEBUG util.py:463:  [ 26/108] Installing dnf-data-0:4.19.0- 100% |  10.1 MiB/s |  41.4 KiB |  00m00s
DEBUG util.py:463:  [ 27/108] Installing zlib-ng-compat-0:2 100% |  35.7 MiB/s | 146.3 KiB |  00m00s
DEBUG util.py:463:  [ 28/108] Installing libzstd-0:1.5.5-5. 100% |  99.4 MiB/s | 712.4 KiB |  00m00s
DEBUG util.py:463:  [ 29/108] Installing libstdc++-0:14.0.1 100% | 127.1 MiB/s |   2.8 MiB |  00m00s
DEBUG util.py:463:  [ 30/108] Installing xz-libs-0:5.6.1-1. 100% |  56.5 MiB/s | 231.6 KiB |  00m00s
DEBUG util.py:463:  [ 31/108] Installing gmp-1:6.3.0-1.fc41 100% |  89.9 MiB/s | 736.7 KiB |  00m00s
DEBUG util.py:463:  [ 32/108] Installing libxml2-0:2.12.5-1 100% | 119.9 MiB/s |   1.8 MiB |  00m00s
DEBUG util.py:463:  [ 33/108] Installing fmt-0:10.2.1-3.fc4 100% |  74.2 MiB/s | 380.0 KiB |  00m00s
DEBUG util.py:463:  [ 34/108] Installing bzip2-libs-0:1.0.8 100% |  25.1 MiB/s |  77.0 KiB |  00m00s
DEBUG util.py:463:  [ 35/108] Installing popt-0:1.19-6.fc40 100% |  15.5 MiB/s | 142.5 KiB |  00m00s
DEBUG util.py:463:  [ 36/108] Installing pcre2-0:10.42-2.fc 100% |  90.6 MiB/s | 649.5 KiB |  00m00s
DEBUG util.py:463:  [ 37/108] Installing libtasn1-0:4.19.0- 100% |  44.1 MiB/s | 180.7 KiB |  00m00s
DEBUG util.py:463:  [ 38/108] Installing libunistring-0:1.1 100% | 123.9 MiB/s |   1.7 MiB |  00m00s
DEBUG util.py:463:  [ 39/108] Installing libidn2-0:2.3.7-1. 100% |  35.8 MiB/s | 330.3 KiB |  00m00s
DEBUG util.py:463:  [ 40/108] Installing elfutils-libelf-0: 100% | 117.6 MiB/s |   1.2 MiB |  00m00s
DEBUG util.py:463:  [ 41/108] Installing sqlite-libs-0:3.45 100% | 122.7 MiB/s |   1.5 MiB |  00m00s
DEBUG util.py:463:  [ 42/108] Installing libsmartcols-0:2.4 100% |  44.2 MiB/s | 180.9 KiB |  00m00s
DEBUG util.py:463:  [ 43/108] Installing json-c-0:0.17-3.fc 100% |  28.3 MiB/s |  86.9 KiB |  00m00s
DEBUG util.py:463:  [ 44/108] Installing lua-libs-0:5.4.6-5 100% |  60.5 MiB/s | 309.8 KiB |  00m00s
DEBUG util.py:463:  [ 45/108] Installing libffi-0:3.4.4-8.f 100% |  19.1 MiB/s |  78.1 KiB |  00m00s
DEBUG util.py:463:  [ 46/108] Installing p11-kit-0:0.25.3-4 100% |  80.0 MiB/s |   2.3 MiB |  00m00s
DEBUG util.py:463:  [ 47/108] Installing libattr-0:2.5.2-3. 100% |   8.0 MiB/s |  24.7 KiB |  00m00s
DEBUG util.py:463:  [ 48/108] Installing libacl-0:2.3.2-1.f 100% |  13.0 MiB/s |  40.1 KiB |  00m00s
DEBUG util.py:463:  [ 49/108] Installing lz4-libs-0:1.9.4-6 100% |  43.5 MiB/s | 133.7 KiB |  00m00s
DEBUG util.py:463:  [ 50/108] Installing libuuid-0:2.40-0.1 100% |  11.0 MiB/s |  33.7 KiB |  00m00s
DEBUG util.py:463:  [ 51/108] Installing libblkid-0:2.40-0. 100% |  56.0 MiB/s | 286.6 KiB |  00m00s
DEBUG util.py:463:  [ 52/108] Installing elfutils-libs-0:0. 100% |  85.3 MiB/s | 698.5 KiB |  00m00s
DEBUG util.py:463:  [ 53/108] Installing libpsl-0:0.21.5-3. 100% |  17.8 MiB/s |  72.9 KiB |  00m00s
DEBUG util.py:463:  [ 54/108] Installing grep-0:3.11-7.fc40 100% |  59.2 MiB/s |   1.0 MiB |  00m00s
DEBUG util.py:463:  [ 55/108] Installing nettle-0:3.9.1-6.f 100% |  85.0 MiB/s | 783.3 KiB |  00m00s
DEBUG util.py:463:  [ 56/108] Installing mpfr-0:4.2.1-3.fc4 100% | 106.8 MiB/s | 984.0 KiB |  00m00s
DEBUG util.py:463:  [ 57/108] Installing file-libs-0:5.45-5 100% | 203.0 MiB/s |   9.9 MiB |  00m00s
DEBUG util.py:463:  [ 58/108] Installing libgomp-0:14.0.1-0 100% |  85.1 MiB/s | 522.9 KiB |  00m00s
DEBUG util.py:463:  [ 59/108] Installing libyaml-0:0.2.5-14 100% |  42.7 MiB/s | 131.1 KiB |  00m00s
DEBUG util.py:463:  [ 60/108] Installing libsepol-0:3.6-3.f 100% | 105.8 MiB/s | 866.4 KiB |  00m00s
DEBUG util.py:463:  [ 61/108] Installing libselinux-0:3.6-4 100% |  47.2 MiB/s | 193.5 KiB |  00m00s
DEBUG util.py:463:  [ 62/108] Installing sed-0:4.9-1.fc40.i 100% |  56.6 MiB/s | 868.8 KiB |  00m00s
DEBUG util.py:463:  [ 63/108] Installing libmount-0:2.40-0. 100% |  63.2 MiB/s | 388.1 KiB |  00m00s
DEBUG util.py:463:  [ 64/108] Installing findutils-1:4.9.0- 100% |  82.7 MiB/s |   1.5 MiB |  00m00s
DEBUG util.py:463:  [ 65/108] Installing libeconf-0:0.6.2-1 100% |  19.2 MiB/s |  58.9 KiB |  00m00s
DEBUG util.py:463:  [ 66/108] Installing alternatives-0:1.2 100% |  19.2 MiB/s |  59.1 KiB |  00m00s
DEBUG util.py:463:  [ 67/108] Installing p11-kit-trust-0:0. 100% |  21.9 MiB/s | 359.4 KiB |  00m00s
DEBUG util.py:463:  >>> Running post-install scriptlet: p11-kit-trust-0:0.25.3-4.fc40.i686
DEBUG util.py:463:  >>> Stop post-install scriptlet: p11-kit-trust-0:0.25.3-4.fc40.i686
DEBUG util.py:463:  [ 68/108] Installing gnutls-0:3.8.3-2.f 100% | 119.2 MiB/s |   3.3 MiB |  00m00s
DEBUG util.py:463:  [ 69/108] Installing glib2-0:2.79.1-1.f 100% | 134.4 MiB/s |  14.8 MiB |  00m00s
DEBUG util.py:463:  [ 70/108] Installing libcap-ng-0:0.8.4- 100% |  17.0 MiB/s |  69.5 KiB |  00m00s
DEBUG util.py:463:  [ 71/108] Installing audit-libs-0:4.0.1 100% |  55.3 MiB/s | 340.0 KiB |  00m00s
DEBUG util.py:463:  [ 72/108] Installing pam-libs-0:1.6.0-2 100% |  24.1 MiB/s | 123.2 KiB |  00m00s
DEBUG util.py:463:  [ 73/108] Installing libcap-0:2.69-3.fc 100% |  28.8 MiB/s | 206.4 KiB |  00m00s
DEBUG util.py:463:  [ 74/108] Installing openssl-libs-1:3.2 100% | 141.9 MiB/s |   6.2 MiB |  00m00s
DEBUG util.py:463:  [ 75/108] Installing coreutils-0:9.4-6. 100% |  86.9 MiB/s |   5.6 MiB |  00m00s
DEBUG util.py:463:  >>> Running pre-install scriptlet: ca-certificates-0:2023.2.62_v7.0.401-6.fc40.n
DEBUG util.py:463:  >>> Stop pre-install scriptlet: ca-certificates-0:2023.2.62_v7.0.401-6.fc40.noar
DEBUG util.py:463:  [ 76/108] Installing ca-certificates-0: 100% |   1.3 MiB/s |   2.3 MiB |  00m02s
DEBUG util.py:463:  >>> Running post-install scriptlet: ca-certificates-0:2023.2.62_v7.0.401-6.fc40.
DEBUG util.py:463:  >>> Stop post-install scriptlet: ca-certificates-0:2023.2.62_v7.0.401-6.fc40.noa
DEBUG util.py:463:  [ 77/108] Installing zchunk-libs-0:1.4. 100% |  19.9 MiB/s | 101.8 KiB |  00m00s
DEBUG util.py:463:  [ 78/108] Installing rpm-sequoia-0:1.6. 100% |  91.4 MiB/s |   2.6 MiB |  00m00s
DEBUG util.py:463:  [ 79/108] Installing rpm-libs-0:4.19.1. 100% |  92.6 MiB/s | 758.4 KiB |  00m00s
DEBUG util.py:463:  [ 80/108] Installing rpm-build-libs-0:4 100% |  49.3 MiB/s | 202.0 KiB |  00m00s
DEBUG util.py:463:  [ 81/108] Installing libmodulemd-0:2.15 100% |  90.6 MiB/s | 742.1 KiB |  00m00s
DEBUG util.py:463:  [ 82/108] Installing libsolv-0:0.7.28-1 100% |  94.7 MiB/s | 969.9 KiB |  00m00s
DEBUG util.py:463:  [ 83/108] Installing libarchive-0:3.7.2 100% |  96.1 MiB/s | 984.3 KiB |  00m00s
DEBUG util.py:463:  [ 84/108] Installing libevent-0:2.1.12- 100% |  93.0 MiB/s | 951.9 KiB |  00m00s
DEBUG util.py:463:  [ 85/108] Installing systemd-libs-0:255 100% | 113.5 MiB/s |   1.9 MiB |  00m00s
DEBUG util.py:463:  [ 86/108] Installing sdbus-cpp-0:1.5.0- 100% |  51.0 MiB/s | 313.5 KiB |  00m00s
DEBUG util.py:463:  [ 87/108] Installing libbrotli-0:1.1.0- 100% |  93.1 MiB/s | 857.7 KiB |  00m00s
DEBUG util.py:463:  [ 88/108] Installing libnghttp2-0:1.60. 100% |  42.6 MiB/s | 174.6 KiB |  00m00s
DEBUG util.py:463:  [ 89/108] Installing keyutils-libs-0:1. 100% |  14.4 MiB/s |  59.0 KiB |  00m00s
DEBUG util.py:463:  [ 90/108] Installing libcom_err-0:1.47. 100% |  19.4 MiB/s |  59.6 KiB |  00m00s
DEBUG util.py:463:  [ 91/108] Installing libverto-0:0.3.2-8 100% |   7.5 MiB/s |  30.5 KiB |  00m00s
DEBUG util.py:463:  [ 92/108] Installing libtool-ltdl-0:2.4 100% |  23.0 MiB/s |  70.5 KiB |  00m00s
DEBUG util.py:463:  [ 93/108] Installing readline-0:8.2-8.f 100% |  64.1 MiB/s | 459.6 KiB |  00m00s
DEBUG util.py:463:  [ 94/108] Installing gawk-0:5.3.0-3.fc4 100% |  75.1 MiB/s |   1.7 MiB |  00m00s
DEBUG util.py:463:  [ 95/108] Installing krb5-libs-0:1.21.2 100% |  13.1 MiB/s |   2.3 MiB |  00m00s
DEBUG util.py:463:  [ 96/108] Installing libssh-0:0.10.6-6. 100% |  35.8 MiB/s | 549.4 KiB |  00m00s
DEBUG util.py:463:  [ 97/108] Installing gdbm-libs-1:1.23-6 100% |  24.6 MiB/s | 126.0 KiB |  00m00s
DEBUG util.py:463:  [ 98/108] Installing libxcrypt-0:4.4.36 100% |  19.3 MiB/s | 276.9 KiB |  00m00s
DEBUG util.py:463:  [ 99/108] Installing cyrus-sasl-lib-0:2 100% | 103.1 MiB/s |   2.5 MiB |  00m00s
DEBUG util.py:463:  [100/108] Installing openldap-0:2.6.7-1 100% |  54.1 MiB/s | 664.3 KiB |  00m00s
DEBUG util.py:463:  [101/108] Installing libcurl-0:8.6.0-7. 100% |  87.0 MiB/s | 802.0 KiB |  00m00s
DEBUG util.py:463:  [102/108] Installing librepo-0:1.17.0-3 100% |  28.4 MiB/s | 232.5 KiB |  00m00s
DEBUG util.py:463:  [103/108] Installing libdnf5-0:5.1.14-1 100% | 109.3 MiB/s |   2.8 MiB |  00m00s
DEBUG util.py:463:  [104/108] Installing libdnf5-cli-0:5.1. 100% |  67.3 MiB/s | 551.1 KiB |  00m00s
DEBUG util.py:463:  [105/108] Installing dnf5-0:5.1.14-1.fc 100% |  71.6 MiB/s |   1.5 MiB |  00m00s
DEBUG util.py:463:  [106/108] Installing curl-0:8.6.0-7.fc4 100% |  32.7 MiB/s | 736.2 KiB |  00m00s
DEBUG util.py:463:  >>> Running pre-install scriptlet: rpm-0:4.19.1.1-1.fc40.i686
DEBUG util.py:463:  >>> Stop pre-install scriptlet: rpm-0:4.19.1.1-1.fc40.i686
DEBUG util.py:463:  [107/108] Installing rpm-0:4.19.1.1-1.f 100% |  40.3 MiB/s |   2.4 MiB |  00m00s
DEBUG util.py:463:  [108/108] Installing dnf5-plugins-0:5.1 100% | 334.9 KiB/s |   1.0 MiB |  00m03s
DEBUG util.py:463:  >>> Running post-transaction scriptlet: filesystem-0:3.18-8.fc40.i686
DEBUG util.py:463:  >>> Stop post-transaction scriptlet: filesystem-0:3.18-8.fc40.i686
DEBUG util.py:463:  >>> Running post-transaction scriptlet: ca-certificates-0:2023.2.62_v7.0.401-6.f
DEBUG util.py:463:  >>> Stop post-transaction scriptlet: ca-certificates-0:2023.2.62_v7.0.401-6.fc40
DEBUG util.py:463:  >>> Running post-transaction scriptlet: rpm-0:4.19.1.1-1.fc40.i686
DEBUG util.py:463:  >>> Stop post-transaction scriptlet: rpm-0:4.19.1.1-1.fc40.i686
DEBUG util.py:463:  >>> Running trigger-install scriptlet: glibc-common-0:2.39.9000-5.fc41.i686
DEBUG util.py:463:  >>> Stop trigger-install scriptlet: glibc-common-0:2.39.9000-5.fc41.i686
DEBUG util.py:463:  >>> Running trigger-install scriptlet: glib2-0:2.79.1-1.fc40.i686
DEBUG util.py:463:  >>> Stop trigger-install scriptlet: glib2-0:2.79.1-1.fc40.i686
DEBUG util.py:461:  Warning: skipped PGP checks for 106 package(s).
DEBUG util.py:610:  Child return code was: 0
DEBUG util.py:185:  kill orphans in chroot /var/lib/mock/f41-build-49652926-5916286-bootstrap/root
DEBUG util.py:636:  child environment: None
DEBUG util.py:558:  Executing command: ['/bin/umount', '-n', '-l', '/var/lib/mock/f41-build-49652926-5916286-bootstrap/root/sys/fs/selinux'] with env {'TERM': 'vt100', 'SHELL': '/bin/sh', 'HOME': '/builddir', 'HOSTNAME': 'mock', 'PATH': '/usr/bin:/bin:/usr/sbin:/sbin', 'LANG': 'C.UTF-8'} and shell False
DEBUG util.py:610:  Child return code was: 0
DEBUG util.py:636:  child environment: None
DEBUG util.py:558:  Executing command: ['/bin/umount', '-n', '/var/lib/mock/f41-build-49652926-5916286-bootstrap/root/proc/filesystems'] with env {'TERM': 'vt100', 'SHELL': '/bin/sh', 'HOME': '/builddir', 'HOSTNAME': 'mock', 'PATH': '/usr/bin:/bin:/usr/sbin:/sbin', 'LANG': 'C.UTF-8'} and shell False
DEBUG util.py:610:  Child return code was: 0
DEBUG util.py:636:  child environment: None
DEBUG util.py:558:  Executing command: ['/bin/umount', '-n', '-l', '/var/lib/mock/f41-build-49652926-5916286-bootstrap/root/dev/pts'] with env {'TERM': 'vt100', 'SHELL': '/bin/sh', 'HOME': '/builddir', 'HOSTNAME': 'mock', 'PATH': '/usr/bin:/bin:/usr/sbin:/sbin', 'LANG': 'C.UTF-8'} and shell False
DEBUG util.py:610:  Child return code was: 0
DEBUG util.py:636:  child environment: None
DEBUG util.py:558:  Executing command: ['/bin/umount', '-n', '-l', '/var/lib/mock/f41-build-49652926-5916286-bootstrap/root/dev/shm'] with env {'TERM': 'vt100', 'SHELL': '/bin/sh', 'HOME': '/builddir', 'HOSTNAME': 'mock', 'PATH': '/usr/bin:/bin:/usr/sbin:/sbin', 'LANG': 'C.UTF-8'} and shell False
DEBUG util.py:610:  Child return code was: 0
DEBUG util.py:636:  child environment: None
DEBUG util.py:558:  Executing command: ['/bin/umount', '-n', '-l', '/var/lib/mock/f41-build-49652926-5916286-bootstrap/root/sys'] with env {'TERM': 'vt100', 'SHELL': '/bin/sh', 'HOME': '/builddir', 'HOSTNAME': 'mock', 'PATH': '/usr/bin:/bin:/usr/sbin:/sbin', 'LANG': 'C.UTF-8'} and shell False
DEBUG util.py:610:  Child return code was: 0
DEBUG util.py:636:  child environment: None
DEBUG util.py:558:  Executing command: ['/bin/umount', '-n', '-l', '/var/lib/mock/f41-build-49652926-5916286-bootstrap/root/sys'] with env {'TERM': 'vt100', 'SHELL': '/bin/sh', 'HOME': '/builddir', 'HOSTNAME': 'mock', 'PATH': '/usr/bin:/bin:/usr/sbin:/sbin', 'LANG': 'C.UTF-8'} and shell False
DEBUG util.py:610:  Child return code was: 0
DEBUG util.py:636:  child environment: None
DEBUG util.py:558:  Executing command: ['/bin/umount', '-n', '-l', '/var/lib/mock/f41-build-49652926-5916286-bootstrap/root/proc'] with env {'TERM': 'vt100', 'SHELL': '/bin/sh', 'HOME': '/builddir', 'HOSTNAME': 'mock', 'PATH': '/usr/bin:/bin:/usr/sbin:/sbin', 'LANG': 'C.UTF-8'} and shell False
DEBUG util.py:610:  Child return code was: 0
DEBUG util.py:636:  child environment: None
DEBUG util.py:558:  Executing command: ['/bin/umount', '-n', '-l', '/var/lib/mock/f41-build-49652926-5916286-bootstrap/root/proc'] with env {'TERM': 'vt100', 'SHELL': '/bin/sh', 'HOME': '/builddir', 'HOSTNAME': 'mock', 'PATH': '/usr/bin:/bin:/usr/sbin:/sbin', 'LANG': 'C.UTF-8'} and shell False
DEBUG util.py:610:  Child return code was: 0
DEBUG file_util.py:30:  touching file: /var/lib/mock/f41-build-49652926-5916286-bootstrap/root/etc/os-release
DEBUG buildroot.py:38:  method _setup_build_dirs skipped in bootstrap
DEBUG buildroot.py:38:  method _make_users skipped in bootstrap
DEBUG file_util.py:30:  touching file: /var/lib/mock/f41-build-49652926-5916286-bootstrap/root/.initialized
DEBUG file_util.py:18:  ensuring that dir exists: /var/lib/mock/f41-build-49652926-5916286
DEBUG file_util.py:18:  ensuring that dir exists: /var/lib/mock/f41-build-49652926-5916286/root
DEBUG file_util.py:18:  ensuring that dir exists: /var/lib/mock/f41-build-49652926-5916286/result
INFO buildroot.py:284:  calling preinit hooks
DEBUG util.py:636:  child environment: None
DEBUG util.py:558:  Executing command: ['/usr/bin/lscpu'] with env {'TERM': 'vt100', 'SHELL': '/bin/sh', 'HOME': '/builddir', 'HOSTNAME': 'mock', 'PATH': '/usr/bin:/bin:/usr/sbin:/sbin', 'LANG': 'C.UTF-8'} and shell False
DEBUG util.py:463:  Architecture:                       i686
DEBUG util.py:463:  CPU op-mode(s):                     32-bit, 64-bit
DEBUG util.py:463:  Address sizes:                      46 bits physical, 48 bits virtual
DEBUG util.py:463:  Byte Order:                         Little Endian
DEBUG util.py:463:  CPU(s):                             48
DEBUG util.py:463:  On-line CPU(s) list:                0-47
DEBUG util.py:463:  Vendor ID:                          GenuineIntel
DEBUG util.py:463:  Model name:                         Intel(R) Xeon(R) CPU E5-2670 v3 @ 2.30GHz
DEBUG util.py:463:  CPU family:                         6
DEBUG util.py:463:  Model:                              63
DEBUG util.py:463:  Thread(s) per core:                 2
DEBUG util.py:463:  Core(s) per socket:                 12
DEBUG util.py:463:  Socket(s):                          2
DEBUG util.py:463:  Stepping:                           2
DEBUG util.py:463:  CPU(s) scaling MHz:                 45%
DEBUG util.py:463:  CPU max MHz:                        3100.0000
DEBUG util.py:463:  CPU min MHz:                        1200.0000
DEBUG util.py:463:  BogoMIPS:                           4599.99
DEBUG util.py:463:  Flags:                              fpu vme de pse tsc msr pae mce cx8 apic sep mtrr pge mca cmov pat pse36 clflush dts acpi mmx fxsr sse sse2 ss ht tm pbe syscall nx pdpe1gb rdtscp lm constant_tsc arch_perfmon pebs bts rep_good nopl xtopology nonstop_tsc cpuid aperfmperf pni pclmulqdq dtes64 monitor ds_cpl vmx smx est tm2 ssse3 sdbg fma cx16 xtpr pdcm pcid dca sse4_1 sse4_2 x2apic movbe popcnt tsc_deadline_timer aes xsave avx f16c rdrand lahf_lm abm cpuid_fault epb pti ssbd ibrs ibpb stibp tpr_shadow flexpriority ept vpid ept_ad fsgsbase tsc_adjust bmi1 avx2 smep bmi2 erms invpcid cqm xsaveopt cqm_llc cqm_occup_llc dtherm ida arat pln pts vnmi md_clear flush_l1d
DEBUG util.py:463:  Virtualization:                     VT-x
DEBUG util.py:463:  L1d cache:                          768 KiB (24 instances)
DEBUG util.py:463:  L1i cache:                          768 KiB (24 instances)
DEBUG util.py:463:  L2 cache:                           6 MiB (24 instances)
DEBUG util.py:463:  L3 cache:                           60 MiB (2 instances)
DEBUG util.py:463:  NUMA node(s):                       2
DEBUG util.py:463:  NUMA node0 CPU(s):                  0,2,4,6,8,10,12,14,16,18,20,22,24,26,28,30,32,34,36,38,40,42,44,46
DEBUG util.py:463:  NUMA node1 CPU(s):                  1,3,5,7,9,11,13,15,17,19,21,23,25,27,29,31,33,35,37,39,41,43,45,47
DEBUG util.py:463:  Vulnerability Gather data sampling: Not affected
DEBUG util.py:463:  Vulnerability Itlb multihit:        KVM: Mitigation: VMX disabled
DEBUG util.py:463:  Vulnerability L1tf:                 Mitigation; PTE Inversion; VMX conditional cache flushes, SMT vulnerable
DEBUG util.py:463:  Vulnerability Mds:                  Mitigation; Clear CPU buffers; SMT vulnerable
DEBUG util.py:463:  Vulnerability Meltdown:             Mitigation; PTI
DEBUG util.py:463:  Vulnerability Mmio stale data:      Mitigation; Clear CPU buffers; SMT vulnerable
DEBUG util.py:463:  Vulnerability Retbleed:             Not affected
DEBUG util.py:463:  Vulnerability Spec rstack overflow: Not affected
DEBUG util.py:463:  Vulnerability Spec store bypass:    Mitigation; Speculative Store Bypass disabled via prctl
DEBUG util.py:463:  Vulnerability Spectre v1:           Mitigation; usercopy/swapgs barriers and __user pointer sanitization
DEBUG util.py:463:  Vulnerability Spectre v2:           Mitigation; Retpolines, IBPB conditional, IBRS_FW, STIBP conditional, RSB filling, PBRSB-eIBRS Not affected
DEBUG util.py:463:  Vulnerability Srbds:                Not affected
DEBUG util.py:463:  Vulnerability Tsx async abort:      Not affected
DEBUG util.py:610:  Child return code was: 0
DEBUG util.py:636:  child environment: None
DEBUG util.py:558:  Executing command: ['/bin/free'] with env {'TERM': 'vt100', 'SHELL': '/bin/sh', 'HOME': '/builddir', 'HOSTNAME': 'mock', 'PATH': '/usr/bin:/bin:/usr/sbin:/sbin', 'LANG': 'C.UTF-8'} and shell False
DEBUG util.py:463:                 total        used        free      shared  buff/cache   available
DEBUG util.py:463:  Mem:       131888140     2907020   101113336        5408    28985444   128981120
DEBUG util.py:463:  Swap:        8388604        1024     8387580
DEBUG util.py:610:  Child return code was: 0
DEBUG util.py:636:  child environment: None
DEBUG util.py:558:  Executing command: ['/bin/df', '-H', '-T', '/var/lib/mock/f41-build-49652926-5916286/root', '/var/cache/mock'] with env {'TERM': 'vt100', 'SHELL': '/bin/sh', 'HOME': '/builddir', 'HOSTNAME': 'mock', 'PATH': '/usr/bin:/bin:/usr/sbin:/sbin', 'LANG': 'C.UTF-8'} and shell False
DEBUG util.py:463:  Filesystem                                            Type   Size  Used Avail Use% Mounted on
DEBUG util.py:463:  /dev/mapper/luks-79faef87-10f5-4c87-b45d-7affc8ab8be6 btrfs  399G   24G  356G   7% /
DEBUG util.py:463:  /dev/mapper/luks-79faef87-10f5-4c87-b45d-7affc8ab8be6 btrfs  399G   24G  356G   7% /
DEBUG util.py:610:  Child return code was: 0
DEBUG buildroot.py:659:  create skeleton dirs
DEBUG file_util.py:18:  ensuring that dir exists: /var/lib/mock/f41-build-49652926-5916286/root/var/lib/rpm
DEBUG file_util.py:21:  created dir: /var/lib/mock/f41-build-49652926-5916286/root/var/lib/rpm
DEBUG file_util.py:18:  ensuring that dir exists: /var/lib/mock/f41-build-49652926-5916286/root/var/lib/yum
DEBUG file_util.py:21:  created dir: /var/lib/mock/f41-build-49652926-5916286/root/var/lib/yum
DEBUG file_util.py:18:  ensuring that dir exists: /var/lib/mock/f41-build-49652926-5916286/root/var/lib/dbus
DEBUG file_util.py:21:  created dir: /var/lib/mock/f41-build-49652926-5916286/root/var/lib/dbus
DEBUG file_util.py:18:  ensuring that dir exists: /var/lib/mock/f41-build-49652926-5916286/root/var/log
DEBUG file_util.py:21:  created dir: /var/lib/mock/f41-build-49652926-5916286/root/var/log
DEBUG file_util.py:18:  ensuring that dir exists: /var/lib/mock/f41-build-49652926-5916286/root/var/cache/dnf
DEBUG file_util.py:21:  created dir: /var/lib/mock/f41-build-49652926-5916286/root/var/cache/dnf
DEBUG file_util.py:18:  ensuring that dir exists: /var/lib/mock/f41-build-49652926-5916286/root/var/cache/yum
DEBUG file_util.py:21:  created dir: /var/lib/mock/f41-build-49652926-5916286/root/var/cache/yum
DEBUG file_util.py:18:  ensuring that dir exists: /var/lib/mock/f41-build-49652926-5916286/root/etc/rpm
DEBUG file_util.py:21:  created dir: /var/lib/mock/f41-build-49652926-5916286/root/etc/rpm
DEBUG file_util.py:18:  ensuring that dir exists: /var/lib/mock/f41-build-49652926-5916286/root/tmp
DEBUG file_util.py:21:  created dir: /var/lib/mock/f41-build-49652926-5916286/root/tmp
DEBUG file_util.py:18:  ensuring that dir exists: /var/lib/mock/f41-build-49652926-5916286/root/tmp/ccache
DEBUG file_util.py:21:  created dir: /var/lib/mock/f41-build-49652926-5916286/root/tmp/ccache
DEBUG file_util.py:18:  ensuring that dir exists: /var/lib/mock/f41-build-49652926-5916286/root/var/tmp
DEBUG file_util.py:21:  created dir: /var/lib/mock/f41-build-49652926-5916286/root/var/tmp
DEBUG file_util.py:18:  ensuring that dir exists: /var/lib/mock/f41-build-49652926-5916286/root/etc/dnf
DEBUG file_util.py:21:  created dir: /var/lib/mock/f41-build-49652926-5916286/root/etc/dnf
DEBUG file_util.py:18:  ensuring that dir exists: /var/lib/mock/f41-build-49652926-5916286/root/etc/dnf/vars
DEBUG file_util.py:21:  created dir: /var/lib/mock/f41-build-49652926-5916286/root/etc/dnf/vars
DEBUG file_util.py:18:  ensuring that dir exists: /var/lib/mock/f41-build-49652926-5916286/root/etc/yum.repos.d
DEBUG file_util.py:21:  created dir: /var/lib/mock/f41-build-49652926-5916286/root/etc/yum.repos.d
DEBUG file_util.py:18:  ensuring that dir exists: /var/lib/mock/f41-build-49652926-5916286/root/etc/yum
DEBUG file_util.py:21:  created dir: /var/lib/mock/f41-build-49652926-5916286/root/etc/yum
DEBUG file_util.py:18:  ensuring that dir exists: /var/lib/mock/f41-build-49652926-5916286/root/proc
DEBUG file_util.py:21:  created dir: /var/lib/mock/f41-build-49652926-5916286/root/proc
DEBUG file_util.py:18:  ensuring that dir exists: /var/lib/mock/f41-build-49652926-5916286/root/sys
DEBUG file_util.py:21:  created dir: /var/lib/mock/f41-build-49652926-5916286/root/sys
DEBUG file_util.py:18:  ensuring that dir exists: /var/lib/mock/f41-build-49652926-5916286/root/dev/pts
DEBUG file_util.py:21:  created dir: /var/lib/mock/f41-build-49652926-5916286/root/dev/pts
DEBUG file_util.py:18:  ensuring that dir exists: /var/lib/mock/f41-build-49652926-5916286/root/dev/shm
DEBUG file_util.py:21:  created dir: /var/lib/mock/f41-build-49652926-5916286/root/dev/shm
DEBUG file_util.py:18:  ensuring that dir exists: /var/lib/mock/f41-build-49652926-5916286/root/dev/mapper
DEBUG file_util.py:21:  created dir: /var/lib/mock/f41-build-49652926-5916286/root/dev/mapper
DEBUG buildroot.py:803:  kernel version == 6.8.0-0.rc7.55.fc40.1.x86_64
DEBUG file_util.py:30:  touching file: /var/lib/mock/f41-build-49652926-5916286/root/etc/fstab
DEBUG file_util.py:30:  touching file: /var/lib/mock/f41-build-49652926-5916286/root/etc/yum/yum.conf
DEBUG file_util.py:30:  touching file: /var/lib/mock/f41-build-49652926-5916286/root/etc/dnf/dnf.conf
DEBUG file_util.py:30:  touching file: /var/lib/mock/f41-build-49652926-5916286/root/var/log/yum.log
DEBUG buildroot.py:298:  rootdir = /var/lib/mock/f41-build-49652926-5916286/root
DEBUG buildroot.py:299:  resultdir = /var/lib/mock/f41-build-49652926-5916286/result
INFO buildroot.py:174:  Package manager dnf5 detected and used (direct choice)
DEBUG file_util.py:18:  ensuring that dir exists: /var/lib/mock/f41-build-49652926-5916286/root/etc/pki/mock
DEBUG file_util.py:21:  created dir: /var/lib/mock/f41-build-49652926-5916286/root/etc/pki/mock
DEBUG file_util.py:158:  Updating files in /var/lib/mock/f41-build-49652926-5916286/root/etc/pki/ca-trust with files from /etc/pki/ca-trust
DEBUG file_util.py:18:  ensuring that dir exists: /var/lib/mock/f41-build-49652926-5916286/root/etc/pki/ca-trust
DEBUG file_util.py:21:  created dir: /var/lib/mock/f41-build-49652926-5916286/root/etc/pki/ca-trust
DEBUG file_util.py:18:  ensuring that dir exists: /var/lib/mock/f41-build-49652926-5916286/root/etc/pki/ca-trust/./extracted
DEBUG file_util.py:21:  created dir: /var/lib/mock/f41-build-49652926-5916286/root/etc/pki/ca-trust/./extracted
DEBUG file_util.py:18:  ensuring that dir exists: /var/lib/mock/f41-build-49652926-5916286/root/etc/pki/ca-trust/./source
DEBUG file_util.py:21:  created dir: /var/lib/mock/f41-build-49652926-5916286/root/etc/pki/ca-trust/./source
DEBUG file_util.py:18:  ensuring that dir exists: /var/lib/mock/f41-build-49652926-5916286/root/etc/pki/ca-trust/extracted/edk2
DEBUG file_util.py:21:  created dir: /var/lib/mock/f41-build-49652926-5916286/root/etc/pki/ca-trust/extracted/edk2
DEBUG file_util.py:18:  ensuring that dir exists: /var/lib/mock/f41-build-49652926-5916286/root/etc/pki/ca-trust/extracted/java
DEBUG file_util.py:21:  created dir: /var/lib/mock/f41-build-49652926-5916286/root/etc/pki/ca-trust/extracted/java
DEBUG file_util.py:18:  ensuring that dir exists: /var/lib/mock/f41-build-49652926-5916286/root/etc/pki/ca-trust/extracted/openssl
DEBUG file_util.py:21:  created dir: /var/lib/mock/f41-build-49652926-5916286/root/etc/pki/ca-trust/extracted/openssl
DEBUG file_util.py:18:  ensuring that dir exists: /var/lib/mock/f41-build-49652926-5916286/root/etc/pki/ca-trust/extracted/pem
DEBUG file_util.py:21:  created dir: /var/lib/mock/f41-build-49652926-5916286/root/etc/pki/ca-trust/extracted/pem
DEBUG file_util.py:18:  ensuring that dir exists: /var/lib/mock/f41-build-49652926-5916286/root/etc/pki/ca-trust/extracted/pem/directory-hash
DEBUG file_util.py:21:  created dir: /var/lib/mock/f41-build-49652926-5916286/root/etc/pki/ca-trust/extracted/pem/directory-hash
DEBUG file_util.py:18:  ensuring that dir exists: /var/lib/mock/f41-build-49652926-5916286/root/etc/pki/ca-trust/source/anchors
DEBUG file_util.py:21:  created dir: /var/lib/mock/f41-build-49652926-5916286/root/etc/pki/ca-trust/source/anchors
DEBUG file_util.py:18:  ensuring that dir exists: /var/lib/mock/f41-build-49652926-5916286/root/etc/pki/ca-trust/source/blacklist
DEBUG file_util.py:21:  created dir: /var/lib/mock/f41-build-49652926-5916286/root/etc/pki/ca-trust/source/blacklist
DEBUG file_util.py:18:  ensuring that dir exists: /var/lib/mock/f41-build-49652926-5916286/root/etc/pki/ca-trust/source/blocklist
DEBUG file_util.py:21:  created dir: /var/lib/mock/f41-build-49652926-5916286/root/etc/pki/ca-trust/source/blocklist
DEBUG file_util.py:158:  Updating files in /var/lib/mock/f41-build-49652926-5916286/root/usr/share/pki/ca-trust-source with files from /usr/share/pki/ca-trust-source
DEBUG file_util.py:18:  ensuring that dir exists: /var/lib/mock/f41-build-49652926-5916286/root/usr/share/pki/ca-trust-source
DEBUG file_util.py:21:  created dir: /var/lib/mock/f41-build-49652926-5916286/root/usr/share/pki/ca-trust-source
DEBUG file_util.py:18:  ensuring that dir exists: /var/lib/mock/f41-build-49652926-5916286/root/usr/share/pki/ca-trust-source/./anchors
DEBUG file_util.py:21:  created dir: /var/lib/mock/f41-build-49652926-5916286/root/usr/share/pki/ca-trust-source/./anchors
DEBUG file_util.py:18:  ensuring that dir exists: /var/lib/mock/f41-build-49652926-5916286/root/usr/share/pki/ca-trust-source/./blacklist
DEBUG file_util.py:21:  created dir: /var/lib/mock/f41-build-49652926-5916286/root/usr/share/pki/ca-trust-source/./blacklist
DEBUG file_util.py:18:  ensuring that dir exists: /var/lib/mock/f41-build-49652926-5916286/root/usr/share/pki/ca-trust-source/./blocklist
DEBUG file_util.py:21:  created dir: /var/lib/mock/f41-build-49652926-5916286/root/usr/share/pki/ca-trust-source/./blocklist
DEBUG file_util.py:18:  ensuring that dir exists: /var/lib/mock/f41-build-49652926-5916286/root/etc/dnf
DEBUG package_manager.py:683:  configure DNF vars
DEBUG file_util.py:18:  ensuring that dir exists: /var/lib/mock/f41-build-49652926-5916286/root/etc
DEBUG file_util.py:18:  ensuring that dir exists: /var/lib/mock/f41-build-49652926-5916286/root/proc
DEBUG util.py:636:  child environment: None
DEBUG util.py:558:  Executing command: ['/bin/mount', '-n', '-t', 'tmpfs', '-o', 'rprivate,mode=0755', 'tmpfs', '/var/lib/mock/f41-build-49652926-5916286/root/proc'] with env {'TERM': 'vt100', 'SHELL': '/bin/sh', 'HOME': '/builddir', 'HOSTNAME': 'mock', 'PATH': '/usr/bin:/bin:/usr/sbin:/sbin', 'LANG': 'C.UTF-8'} and shell False
DEBUG util.py:610:  Child return code was: 0
DEBUG file_util.py:18:  ensuring that dir exists: /var/lib/mock/f41-build-49652926-5916286/root/proc
DEBUG util.py:636:  child environment: None
DEBUG util.py:558:  Executing command: ['/bin/mount', '-n', '-o', 'rbind', '/proc', '/var/lib/mock/f41-build-49652926-5916286/root/proc'] with env {'TERM': 'vt100', 'SHELL': '/bin/sh', 'HOME': '/builddir', 'HOSTNAME': 'mock', 'PATH': '/usr/bin:/bin:/usr/sbin:/sbin', 'LANG': 'C.UTF-8'} and shell False
DEBUG util.py:610:  Child return code was: 0
DEBUG util.py:636:  child environment: None
DEBUG util.py:558:  Executing command: ['/bin/mount', '-n', '-o', 'remount,nodev,noexec,nosuid,readonly,rprivate,rbind', '--target', '/var/lib/mock/f41-build-49652926-5916286/root/proc'] with env {'TERM': 'vt100', 'SHELL': '/bin/sh', 'HOME': '/builddir', 'HOSTNAME': 'mock', 'PATH': '/usr/bin:/bin:/usr/sbin:/sbin', 'LANG': 'C.UTF-8'} and shell False
DEBUG util.py:610:  Child return code was: 0
DEBUG file_util.py:18:  ensuring that dir exists: /var/lib/mock/f41-build-49652926-5916286/root/sys
DEBUG util.py:636:  child environment: None
DEBUG util.py:558:  Executing command: ['/bin/mount', '-n', '-t', 'tmpfs', '-o', 'rprivate,mode=0755', 'tmpfs', '/var/lib/mock/f41-build-49652926-5916286/root/sys'] with env {'TERM': 'vt100', 'SHELL': '/bin/sh', 'HOME': '/builddir', 'HOSTNAME': 'mock', 'PATH': '/usr/bin:/bin:/usr/sbin:/sbin', 'LANG': 'C.UTF-8'} and shell False
DEBUG util.py:610:  Child return code was: 0
DEBUG file_util.py:18:  ensuring that dir exists: /var/lib/mock/f41-build-49652926-5916286/root/sys
DEBUG util.py:636:  child environment: None
DEBUG util.py:558:  Executing command: ['/bin/mount', '-n', '-o', 'rbind', '/sys', '/var/lib/mock/f41-build-49652926-5916286/root/sys'] with env {'TERM': 'vt100', 'SHELL': '/bin/sh', 'HOME': '/builddir', 'HOSTNAME': 'mock', 'PATH': '/usr/bin:/bin:/usr/sbin:/sbin', 'LANG': 'C.UTF-8'} and shell False
DEBUG util.py:610:  Child return code was: 0
DEBUG util.py:636:  child environment: None
DEBUG util.py:558:  Executing command: ['/bin/mount', '-n', '-o', 'remount,nodev,noexec,nosuid,readonly,rprivate,rbind', '--target', '/var/lib/mock/f41-build-49652926-5916286/root/sys'] with env {'TERM': 'vt100', 'SHELL': '/bin/sh', 'HOME': '/builddir', 'HOSTNAME': 'mock', 'PATH': '/usr/bin:/bin:/usr/sbin:/sbin', 'LANG': 'C.UTF-8'} and shell False
DEBUG util.py:610:  Child return code was: 0
DEBUG file_util.py:18:  ensuring that dir exists: /var/lib/mock/f41-build-49652926-5916286/root/dev/shm
DEBUG util.py:636:  child environment: None
DEBUG util.py:558:  Executing command: ['/bin/mount', '-n', '-t', 'tmpfs', 'tmpfs', '/var/lib/mock/f41-build-49652926-5916286/root/dev/shm'] with env {'TERM': 'vt100', 'SHELL': '/bin/sh', 'HOME': '/builddir', 'HOSTNAME': 'mock', 'PATH': '/usr/bin:/bin:/usr/sbin:/sbin', 'LANG': 'C.UTF-8'} and shell False
DEBUG util.py:610:  Child return code was: 0
DEBUG file_util.py:18:  ensuring that dir exists: /var/lib/mock/f41-build-49652926-5916286/root/dev/pts
DEBUG util.py:636:  child environment: None
DEBUG util.py:558:  Executing command: ['/bin/mount', '-n', '-t', 'devpts', '-o', 'gid=5,mode=0620,ptmxmode=0666,newinstance', 'devpts', '/var/lib/mock/f41-build-49652926-5916286/root/dev/pts'] with env {'TERM': 'vt100', 'SHELL': '/bin/sh', 'HOME': '/builddir', 'HOSTNAME': 'mock', 'PATH': '/usr/bin:/bin:/usr/sbin:/sbin', 'LANG': 'C.UTF-8'} and shell False
DEBUG util.py:610:  Child return code was: 0
DEBUG util.py:636:  child environment: None
DEBUG util.py:558:  Executing command: ['/bin/mount', '-n', '-o', 'bind', '/tmp/mock-selinux-plugin.ojbc33v3', '/var/lib/mock/f41-build-49652926-5916286/root/proc/filesystems'] with env {'TERM': 'vt100', 'SHELL': '/bin/sh', 'HOME': '/builddir', 'HOSTNAME': 'mock', 'PATH': '/usr/bin:/bin:/usr/sbin:/sbin', 'LANG': 'C.UTF-8'} and shell False
DEBUG util.py:610:  Child return code was: 0
DEBUG file_util.py:18:  ensuring that dir exists: /var/lib/mock/f41-build-49652926-5916286/root/sys/fs/selinux
DEBUG util.py:636:  child environment: None
DEBUG util.py:558:  Executing command: ['/bin/mount', '-n', '-t', 'tmpfs', 'tmpfs', '/var/lib/mock/f41-build-49652926-5916286/root/sys/fs/selinux'] with env {'TERM': 'vt100', 'SHELL': '/bin/sh', 'HOME': '/builddir', 'HOSTNAME': 'mock', 'PATH': '/usr/bin:/bin:/usr/sbin:/sbin', 'LANG': 'C.UTF-8'} and shell False
DEBUG util.py:610:  Child return code was: 0
DEBUG file_util.py:18:  ensuring that dir exists: /var/lib/mock/f41-build-49652926-5916286-bootstrap/root/var/lib/mock/f41-build-49652926-5916286/root
DEBUG file_util.py:21:  created dir: /var/lib/mock/f41-build-49652926-5916286-bootstrap/root/var/lib/mock/f41-build-49652926-5916286/root
DEBUG util.py:636:  child environment: None
DEBUG util.py:558:  Executing command: ['/bin/mount', '-n', '-t', 'tmpfs', '-o', 'private,mode=0755', 'tmpfs', '/var/lib/mock/f41-build-49652926-5916286-bootstrap/root/var/lib/mock/f41-build-49652926-5916286/root'] with env {'TERM': 'vt100', 'SHELL': '/bin/sh', 'HOME': '/builddir', 'HOSTNAME': 'mock', 'PATH': '/usr/bin:/bin:/usr/sbin:/sbin', 'LANG': 'C.UTF-8'} and shell False
DEBUG util.py:610:  Child return code was: 0
DEBUG file_util.py:18:  ensuring that dir exists: /var/lib/mock/f41-build-49652926-5916286-bootstrap/root/var/lib/mock/f41-build-49652926-5916286/root
DEBUG util.py:636:  child environment: None
DEBUG util.py:558:  Executing command: ['/bin/mount', '-n', '-o', 'rbind', '/var/lib/mock/f41-build-49652926-5916286/root', '/var/lib/mock/f41-build-49652926-5916286-bootstrap/root/var/lib/mock/f41-build-49652926-5916286/root'] with env {'TERM': 'vt100', 'SHELL': '/bin/sh', 'HOME': '/builddir', 'HOSTNAME': 'mock', 'PATH': '/usr/bin:/bin:/usr/sbin:/sbin', 'LANG': 'C.UTF-8'} and shell False
DEBUG util.py:610:  Child return code was: 0
DEBUG util.py:636:  child environment: None
DEBUG util.py:558:  Executing command: ['/bin/mount', '-n', '-o', 'remount,private,rbind', '--target', '/var/lib/mock/f41-build-49652926-5916286-bootstrap/root/var/lib/mock/f41-build-49652926-5916286/root'] with env {'TERM': 'vt100', 'SHELL': '/bin/sh', 'HOME': '/builddir', 'HOSTNAME': 'mock', 'PATH': '/usr/bin:/bin:/usr/sbin:/sbin', 'LANG': 'C.UTF-8'} and shell False
DEBUG util.py:610:  Child return code was: 0
DEBUG file_util.py:18:  ensuring that dir exists: /var/lib/mock/f41-build-49652926-5916286/root/installation-homedir
DEBUG file_util.py:21:  created dir: /var/lib/mock/f41-build-49652926-5916286/root/installation-homedir
DEBUG package_manager.py:289:  ['/usr/bin/dnf5', '--installroot', '/var/lib/mock/f41-build-49652926-5916286/root/', 'group', 'install', 'build', '--setopt=deltarpm=False', '--setopt=allow_vendor_change=yes']
DEBUG util.py:636:  child environment: None
DEBUG util.py:553:  Using nspawn with args ['--capability=cap_ipc_lock', '--bind=/tmp/mock-resolv.w_8z4f18:/etc/resolv.conf']
DEBUG util.py:558:  Executing command: ['/usr/bin/systemd-nspawn', '-q', '-M', '2c1fdea0cc544512a8322305f09ae283', '-D', '/var/lib/mock/f41-build-49652926-5916286-bootstrap/root', '-a', '--capability=cap_ipc_lock', '--bind=/tmp/mock-resolv.w_8z4f18:/etc/resolv.conf', '--console=pipe', '--setenv=TERM=vt100', '--setenv=SHELL=/bin/bash', '--setenv=HOME=/var/lib/mock/f41-build-49652926-5916286/root/installation-homedir', '--setenv=HOSTNAME=mock', '--setenv=PATH=/usr/bin:/bin:/usr/sbin:/sbin', '--setenv=PROMPT_COMMAND=printf "\\033]0;<mock-chroot>\\007"', '--setenv=PS1=<mock-chroot> \\s-\\v\\$ ', '--setenv=LANG=C.UTF-8', '--setenv=LC_MESSAGES=C.UTF-8', '--resolv-conf=off', '/usr/bin/dnf5', '--installroot', '/var/lib/mock/f41-build-49652926-5916286/root/', 'group', 'install', 'build', '--setopt=deltarpm=False', '--setopt=allow_vendor_change=yes', '--setopt=tsflags=nocontexts'] with env {'TERM': 'vt100', 'SHELL': '/bin/bash', 'HOME': '/var/lib/mock/f41-build-49652926-5916286/root/installation-homedir', 'HOSTNAME': 'mock', 'PATH': '/usr/bin:/bin:/usr/sbin:/sbin', 'PROMPT_COMMAND': 'printf "\\033]0;<mock-chroot>\\007"', 'PS1': '<mock-chroot> \\s-\\v\\$ ', 'LANG': 'C.UTF-8', 'LC_MESSAGES': 'C.UTF-8', 'SYSTEMD_NSPAWN_TMPFS_TMP': '0', 'SYSTEMD_SECCOMP': '0'} and shell False
DEBUG util.py:463:  Updating and loading repositories:
DEBUG util.py:463:   build                                  100% |  58.0 MiB/s |  15.3 MiB |  00m00s
DEBUG util.py:463:  Repositories loaded.
DEBUG util.py:463:  Package                           Arch   Version                    Repository      Size
DEBUG util.py:463:  Installing group/module packages:                                                       
DEBUG util.py:463:   bash                             i686   5.2.26-3.fc40              build        8.3 MiB
DEBUG util.py:463:   bzip2                            i686   1.0.8-18.fc40              build       89.9 KiB
DEBUG util.py:463:   coreutils                        i686   9.4-6.fc40                 build        5.6 MiB
DEBUG util.py:463:   cpio                             i686   2.15-1.fc40                build        1.1 MiB
DEBUG util.py:463:   diffutils                        i686   3.10-5.fc40                build        1.6 MiB
DEBUG util.py:463:   fedora-release                   noarch 41-0.6                     build        0.0   B
DEBUG util.py:463:   findutils                        i686   1:4.9.0-8.fc40             build        1.5 MiB
DEBUG util.py:463:   gawk                             i686   5.3.0-3.fc40               build        1.7 MiB
DEBUG util.py:463:   glibc-minimal-langpack           i686   2.39.9000-5.fc41           build        0.0   B
DEBUG util.py:463:   grep                             i686   3.11-7.fc40                build        1.0 MiB
DEBUG util.py:463:   gzip                             i686   1.13-1.fc40                build      384.1 KiB
DEBUG util.py:463:   info                             i686   7.1-2.fc40                 build      360.4 KiB
DEBUG util.py:463:   patch                            i686   2.7.6-24.fc40              build      297.9 KiB
DEBUG util.py:463:   redhat-rpm-config                noarch 286-1.fc41                 build      185.2 KiB
DEBUG util.py:463:   rpm-build                        i686   4.19.1.1-1.fc40            build      154.8 KiB
DEBUG util.py:463:   sed                              i686   4.9-1.fc40                 build      860.6 KiB
DEBUG util.py:463:   shadow-utils                     i686   2:4.15.1-1.fc41            build        4.0 MiB
DEBUG util.py:463:   tar                              i686   2:1.35-3.fc40              build        3.0 MiB
DEBUG util.py:463:   unzip                            i686   6.0-63.fc40                build      392.2 KiB
DEBUG util.py:463:   util-linux                       i686   2.40-0.11.rc1.fc41         build        3.4 MiB
DEBUG util.py:463:   which                            i686   2.21-41.fc40               build       78.8 KiB
DEBUG util.py:463:   xz                               i686   5.6.1-1.fc41               build        2.1 MiB
DEBUG util.py:463:  Installing dependencies:                                                                
DEBUG util.py:463:   alternatives                     i686   1.26-3.fc40                build       57.4 KiB
DEBUG util.py:463:   ansible-srpm-macros              noarch 1-14.fc40                  build       35.7 KiB
DEBUG util.py:463:   audit-libs                       i686   4.0.1-1.fc41               build      337.9 KiB
DEBUG util.py:463:   authselect                       i686   1.5.0-5.fc41               build      160.7 KiB
DEBUG util.py:463:   authselect-libs                  i686   1.5.0-5.fc41               build      821.4 KiB
DEBUG util.py:463:   basesystem                       noarch 11-20.fc40                 build        0.0   B
DEBUG util.py:463:   binutils                         i686   2.42.50-5.fc41             build       25.3 MiB
DEBUG util.py:463:   binutils-gold                    i686   2.42.50-5.fc41             build        2.1 MiB
DEBUG util.py:463:   bzip2-libs                       i686   1.0.8-18.fc40              build       75.9 KiB
DEBUG util.py:463:   ca-certificates                  noarch 2023.2.62_v7.0.401-6.fc40  build        2.3 MiB
DEBUG util.py:463:   coreutils-common                 i686   9.4-6.fc40                 build       11.4 MiB
DEBUG util.py:463:   cracklib                         i686   2.9.11-5.fc40              build      235.7 KiB
DEBUG util.py:463:   crypto-policies                  noarch 20240304-1.git0375239.fc41 build      149.2 KiB
DEBUG util.py:463:   curl                             i686   8.6.0-7.fc41               build      733.8 KiB
DEBUG util.py:463:   cyrus-sasl-lib                   i686   2.1.28-19.fc40             build        2.5 MiB
DEBUG util.py:463:   debugedit                        i686   5.0-14.fc40                build      188.7 KiB
DEBUG util.py:463:   dwz                              i686   0.15-6.fc40                build      324.9 KiB
DEBUG util.py:463:   ed                               i686   1.20.1-1.fc41              build      141.3 KiB
DEBUG util.py:463:   efi-srpm-macros                  noarch 5-11.fc40                  build       40.1 KiB
DEBUG util.py:463:   elfutils                         i686   0.191-2.fc41               build        2.5 MiB
DEBUG util.py:463:   elfutils-debuginfod-client       i686   0.191-2.fc41               build       55.3 KiB
DEBUG util.py:463:   elfutils-default-yama-scope      noarch 0.191-2.fc41               build        1.8 KiB
DEBUG util.py:463:   elfutils-libelf                  i686   0.191-2.fc41               build        1.2 MiB
DEBUG util.py:463:   elfutils-libs                    i686   0.191-2.fc41               build      696.6 KiB
DEBUG util.py:463:   fedora-gpg-keys                  noarch 41-0.1                     build      125.0 KiB
DEBUG util.py:463:   fedora-release-common            noarch 41-0.6                     build       19.2 KiB
DEBUG util.py:463:   fedora-release-identity-basic    noarch 41-0.6                     build      694.0   B
DEBUG util.py:463:   fedora-repos                     noarch 41-0.1                     build        4.9 KiB
DEBUG util.py:463:   fedora-repos-rawhide             noarch 41-0.1                     build        2.2 KiB
DEBUG util.py:463:   file                             i686   5.45-5.fc41                build       94.5 KiB
DEBUG util.py:463:   file-libs                        i686   5.45-5.fc41                build        9.9 MiB
DEBUG util.py:463:   filesystem                       i686   3.18-8.fc40                build       88.0   B
DEBUG util.py:463:   fonts-srpm-macros                noarch 1:2.0.5-14.fc40            build       55.3 KiB
DEBUG util.py:463:   forge-srpm-macros                noarch 0.3.0-1.fc41               build       38.9 KiB
DEBUG util.py:463:   fpc-srpm-macros                  noarch 1.3-12.fc40                build      144.0   B
DEBUG util.py:463:   gdb-minimal                      i686   14.2-1.fc41                build       13.3 MiB
DEBUG util.py:463:   gdbm                             i686   1:1.23-6.fc40              build      449.8 KiB
DEBUG util.py:463:   gdbm-libs                        i686   1:1.23-6.fc40              build      124.4 KiB
DEBUG util.py:463:   ghc-srpm-macros                  noarch 1.9-1.fc41                 build      743.0   B
DEBUG util.py:463:   glibc                            i686   2.39.9000-5.fc41           build        5.5 MiB
DEBUG util.py:463:   glibc-common                     i686   2.39.9000-5.fc41           build        1.0 MiB
DEBUG util.py:463:   glibc-gconv-extra                i686   2.39.9000-5.fc41           build        7.3 MiB
DEBUG util.py:463:   gmp                              i686   1:6.3.0-1.fc41             build      734.5 KiB
DEBUG util.py:463:   gnat-srpm-macros                 noarch 6-5.fc40                   build        1.0 KiB
DEBUG util.py:463:   go-srpm-macros                   noarch 3.5.0-1.fc41               build       60.6 KiB
DEBUG util.py:463:   jansson                          i686   2.13.1-9.fc40              build       87.6 KiB
DEBUG util.py:463:   kernel-srpm-macros               noarch 1.0-23.fc41                build        1.9 KiB
DEBUG util.py:463:   keyutils-libs                    i686   1.6.3-3.fc40               build       57.6 KiB
DEBUG util.py:463:   krb5-libs                        i686   1.21.2-5.fc40              build        2.3 MiB
DEBUG util.py:463:   libacl                           i686   2.3.2-1.fc40               build       39.3 KiB
DEBUG util.py:463:   libarchive                       i686   3.7.2-3.fc40               build      982.4 KiB
DEBUG util.py:463:   libattr                          i686   2.5.2-3.fc40               build       23.7 KiB
DEBUG util.py:463:   libblkid                         i686   2.40-0.11.rc1.fc41         build      285.5 KiB
DEBUG util.py:463:   libbrotli                        i686   1.1.0-3.fc40               build      855.4 KiB
DEBUG util.py:463:   libcap                           i686   2.69-3.fc40                build      201.9 KiB
DEBUG util.py:463:   libcap-ng                        i686   0.8.4-4.fc40               build       67.6 KiB
DEBUG util.py:463:   libcom_err                       i686   1.47.0-5.fc40              build       58.4 KiB
DEBUG util.py:463:   libcurl                          i686   8.6.0-7.fc41               build      800.9 KiB
DEBUG util.py:463:   libeconf                         i686   0.6.2-1.fc41               build       57.2 KiB
DEBUG util.py:463:   libevent                         i686   2.1.12-12.fc40             build      948.1 KiB
DEBUG util.py:463:   libfdisk                         i686   2.40-0.11.rc1.fc41         build      410.4 KiB
DEBUG util.py:463:   libffi                           i686   3.4.4-8.fc41               build       76.8 KiB
DEBUG util.py:463:   libgcc                           i686   14.0.1-0.8.fc41            build      301.7 KiB
DEBUG util.py:463:   libgomp                          i686   14.0.1-0.8.fc41            build      521.5 KiB
DEBUG util.py:463:   libidn2                          i686   2.3.7-1.fc40               build      324.3 KiB
DEBUG util.py:463:   libmount                         i686   2.40-0.11.rc1.fc41         build      387.0 KiB
DEBUG util.py:463:   libnghttp2                       i686   1.60.0-2.fc41              build      173.5 KiB
DEBUG util.py:463:   libnsl2                          i686   2.0.1-1.fc40               build       57.1 KiB
DEBUG util.py:463:   libpkgconf                       i686   2.1.0-1.fc40               build       80.7 KiB
DEBUG util.py:463:   libpsl                           i686   0.21.5-3.fc40              build       71.8 KiB
DEBUG util.py:463:   libpwquality                     i686   1.4.5-9.fc40               build      410.6 KiB
DEBUG util.py:463:   libselinux                       i686   3.6-4.fc40                 build      192.3 KiB
DEBUG util.py:463:   libsemanage                      i686   3.6-3.fc40                 build      304.0 KiB
DEBUG util.py:463:   libsepol                         i686   3.6-3.fc40                 build      865.5 KiB
DEBUG util.py:463:   libsmartcols                     i686   2.40-0.11.rc1.fc41         build      179.7 KiB
DEBUG util.py:463:   libssh                           i686   0.10.6-6.fc41              build      547.3 KiB
DEBUG util.py:463:   libssh-config                    noarch 0.10.6-6.fc41              build      277.0   B
DEBUG util.py:463:   libstdc++                        i686   14.0.1-0.8.fc41            build        2.8 MiB
DEBUG util.py:463:   libtasn1                         i686   4.19.0-6.fc40              build      178.9 KiB
DEBUG util.py:463:   libtirpc                         i686   1.3.4-1.rc2.fc40.2         build      209.9 KiB
DEBUG util.py:463:   libtool-ltdl                     i686   2.4.7-10.fc40              build       69.4 KiB
DEBUG util.py:463:   libunistring                     i686   1.1-7.fc41                 build        1.7 MiB
DEBUG util.py:463:   libutempter                      i686   1.2.1-13.fc40              build       56.1 KiB
DEBUG util.py:463:   libuuid                          i686   2.40-0.11.rc1.fc41         build       32.6 KiB
DEBUG util.py:463:   libverto                         i686   0.3.2-8.fc40               build       28.7 KiB
DEBUG util.py:463:   libxcrypt                        i686   4.4.36-5.fc40              build      274.2 KiB
DEBUG util.py:463:   libxml2                          i686   2.12.5-1.fc40              build        1.8 MiB
DEBUG util.py:463:   libzstd                          i686   1.5.5-5.fc40               build      711.2 KiB
DEBUG util.py:463:   lua-libs                         i686   5.4.6-5.fc40               build      308.6 KiB
DEBUG util.py:463:   lua-srpm-macros                  noarch 1-13.fc40                  build        1.3 KiB
DEBUG util.py:463:   lz4-libs                         i686   1.9.4-6.fc40               build      132.7 KiB
DEBUG util.py:463:   mpfr                             i686   4.2.1-3.fc40               build      982.5 KiB
DEBUG util.py:463:   ncurses-base                     noarch 6.4-12.20240127.fc40       build      326.2 KiB
DEBUG util.py:463:   ncurses-libs                     i686   6.4-12.20240127.fc40       build      963.1 KiB
DEBUG util.py:463:   ocaml-srpm-macros                noarch 9-3.fc40                   build        1.9 KiB
DEBUG util.py:463:   openblas-srpm-macros             noarch 2-17.fc41                  build      112.0   B
DEBUG util.py:463:   openldap                         i686   2.6.7-1.fc40               build      660.5 KiB
DEBUG util.py:463:   openssl-libs                     i686   1:3.2.1-3.fc41             build        6.2 MiB
DEBUG util.py:463:   p11-kit                          i686   0.25.3-4.fc40              build        2.3 MiB
DEBUG util.py:463:   p11-kit-trust                    i686   0.25.3-4.fc40              build      357.7 KiB
DEBUG util.py:463:   package-notes-srpm-macros        noarch 0.5-11.fc40                build        1.6 KiB
DEBUG util.py:463:   pam                              i686   1.6.0-2.fc41               build        1.7 MiB
DEBUG util.py:463:   pam-libs                         i686   1.6.0-2.fc41               build      120.8 KiB
DEBUG util.py:463:   pcre2                            i686   10.42-2.fc40.2             build      648.1 KiB
DEBUG util.py:463:   pcre2-syntax                     noarch 10.42-2.fc40.2             build      235.1 KiB
DEBUG util.py:463:   perl-srpm-macros                 noarch 1-53.fc40                  build      861.0   B
DEBUG util.py:463:   pkgconf                          i686   2.1.0-1.fc40               build       80.9 KiB
DEBUG util.py:463:   pkgconf-m4                       noarch 2.1.0-1.fc40               build       13.9 KiB
DEBUG util.py:463:   pkgconf-pkg-config               i686   2.1.0-1.fc40               build      979.0   B
DEBUG util.py:463:   popt                             i686   1.19-6.fc40                build      135.9 KiB
DEBUG util.py:463:   publicsuffix-list-dafsa          noarch 20240107-3.fc40            build       67.5 KiB
DEBUG util.py:463:   pyproject-srpm-macros            noarch 1.12.0-1.fc40              build        1.5 KiB
DEBUG util.py:463:   python-srpm-macros               noarch 3.12-7.fc40                build       50.1 KiB
DEBUG util.py:463:   qt5-srpm-macros                  noarch 5.15.12-3.fc40             build      492.0   B
DEBUG util.py:463:   qt6-srpm-macros                  noarch 6.6.2-1.fc41               build      456.0   B
DEBUG util.py:463:   readline                         i686   8.2-8.fc40                 build      457.5 KiB
DEBUG util.py:463:   rpm                              i686   4.19.1.1-1.fc40            build        2.9 MiB
DEBUG util.py:463:   rpm-build-libs                   i686   4.19.1.1-1.fc40            build      201.2 KiB
DEBUG util.py:463:   rpm-libs                         i686   4.19.1.1-1.fc40            build      756.8 KiB
DEBUG util.py:463:   rpm-sequoia                      i686   1.6.0-2.fc40               build        2.6 MiB
DEBUG util.py:463:   rust-srpm-macros                 noarch 26.2-1.fc41                build        4.8 KiB
DEBUG util.py:463:   setup                            noarch 2.14.5-2.fc40              build      720.4 KiB
DEBUG util.py:463:   sqlite-libs                      i686   3.45.2-1.fc41              build        1.5 MiB
DEBUG util.py:463:   systemd-libs                     i686   255.4-1.fc41               build        1.9 MiB
DEBUG util.py:463:   util-linux-core                  i686   2.40-0.11.rc1.fc41         build        1.4 MiB
DEBUG util.py:463:   xxhash-libs                      i686   0.8.2-2.fc40               build      115.8 KiB
DEBUG util.py:463:   xz-libs                          i686   5.6.1-1.fc41               build      230.5 KiB
DEBUG util.py:463:   zig-srpm-macros                  noarch 1-2.fc40                   build        1.1 KiB
DEBUG util.py:463:   zip                              i686   3.0-40.fc40                build      707.0 KiB
DEBUG util.py:463:   zlib-ng-compat                   i686   2.1.6-2.fc40               build      145.4 KiB
DEBUG util.py:463:   zstd                             i686   1.5.5-5.fc40               build        1.5 MiB
DEBUG util.py:463:  Installing groups:                                                                      
DEBUG util.py:463:   build                                                                                  
DEBUG util.py:463:  Transaction Summary:
DEBUG util.py:463:   Installing:      153 packages
DEBUG util.py:463:  Total size of inbound packages is 53 MiB. Need to download 53 MiB.
DEBUG util.py:463:  After this operation 175 MiB will be used (install 175 MiB, remove 0 B).
DEBUG util.py:463:  [  1/153] bzip2-0:1.0.8-18.fc40.i686    100% |   1.3 MiB/s |  52.6 KiB |  00m00s
DEBUG util.py:463:  [  2/153] cpio-0:2.15-1.fc40.i686       100% |  31.5 MiB/s | 290.5 KiB |  00m00s
DEBUG util.py:463:  [  3/153] coreutils-0:9.4-6.fc40.i686   100% |  17.8 MiB/s |   1.2 MiB |  00m00s
DEBUG util.py:463:  [  4/153] diffutils-0:3.10-5.fc40.i686  100% |  19.7 MiB/s | 403.3 KiB |  00m00s
DEBUG util.py:463:  [  5/153] fedora-release-0:41-0.6.noarc 100% |   2.1 MiB/s |  10.7 KiB |  00m00s
DEBUG util.py:463:  [  6/153] bash-0:5.2.26-3.fc40.i686     100% |  19.5 MiB/s |   1.8 MiB |  00m00s
DEBUG util.py:463:  [  7/153] findutils-1:4.9.0-8.fc40.i686 100% |  19.3 MiB/s | 494.4 KiB |  00m00s
DEBUG util.py:463:  [  8/153] glibc-minimal-langpack-0:2.39 100% |  11.2 MiB/s | 103.7 KiB |  00m00s
DEBUG util.py:463:  [  9/153] grep-0:3.11-7.fc40.i686       100% |  32.1 MiB/s | 295.7 KiB |  00m00s
DEBUG util.py:463:  [ 10/153] gzip-0:1.13-1.fc40.i686       100% |  19.8 MiB/s | 162.5 KiB |  00m00s
DEBUG util.py:463:  [ 11/153] info-0:7.1-2.fc40.i686        100% |  25.9 MiB/s | 185.6 KiB |  00m00s
DEBUG util.py:463:  [ 12/153] gawk-0:5.3.0-3.fc40.i686      100% |  20.5 MiB/s |   1.0 MiB |  00m00s
DEBUG util.py:463:  [ 13/153] patch-0:2.7.6-24.fc40.i686    100% |   8.7 MiB/s | 141.9 KiB |  00m00s
DEBUG util.py:463:  [ 14/153] redhat-rpm-config-0:286-1.fc4 100% |   5.3 MiB/s |  75.8 KiB |  00m00s
DEBUG util.py:463:  [ 15/153] rpm-build-0:4.19.1.1-1.fc40.i 100% |  11.6 MiB/s |  71.3 KiB |  00m00s
DEBUG util.py:463:  [ 16/153] sed-0:4.9-1.fc40.i686         100% |  33.8 MiB/s | 311.4 KiB |  00m00s
DEBUG util.py:463:  [ 17/153] unzip-0:6.0-63.fc40.i686      100% |  29.4 MiB/s | 180.4 KiB |  00m00s
DEBUG util.py:463:  [ 18/153] tar-2:1.35-3.fc40.i686        100% |  36.9 MiB/s | 868.8 KiB |  00m00s
DEBUG util.py:463:  [ 19/153] shadow-utils-2:4.15.1-1.fc41. 100% |  34.0 MiB/s |   1.3 MiB |  00m00s
DEBUG util.py:463:  [ 20/153] which-0:2.21-41.fc40.i686     100% |   3.4 MiB/s |  41.5 KiB |  00m00s
DEBUG util.py:463:  [ 21/153] xz-0:5.6.1-1.fc41.i686        100% |  46.1 MiB/s | 565.9 KiB |  00m00s
DEBUG util.py:463:  [ 22/153] util-linux-0:2.40-0.11.rc1.fc 100% |  25.0 MiB/s |   1.2 MiB |  00m00s
DEBUG util.py:463:  [ 23/153] filesystem-0:3.18-8.fc40.i686 100% |  29.7 MiB/s |   1.1 MiB |  00m00s
DEBUG util.py:463:  [ 24/153] ncurses-libs-0:6.4-12.2024012 100% |  21.6 MiB/s | 353.9 KiB |  00m00s
DEBUG util.py:463:  [ 25/153] bzip2-libs-0:1.0.8-18.fc40.i6 100% |   8.0 MiB/s |  41.1 KiB |  00m00s
DEBUG util.py:463:  [ 26/153] gmp-1:6.3.0-1.fc41.i686       100% |  33.8 MiB/s | 311.3 KiB |  00m00s
DEBUG util.py:463:  [ 27/153] libacl-0:2.3.2-1.fc40.i686    100% |  12.6 MiB/s |  25.8 KiB |  00m00s
DEBUG util.py:463:  [ 28/153] libattr-0:2.5.2-3.fc40.i686   100% |   4.5 MiB/s |  18.3 KiB |  00m00s
DEBUG util.py:463:  [ 29/153] glibc-0:2.39.9000-5.fc41.i686 100% |  29.5 MiB/s |   2.0 MiB |  00m00s
DEBUG util.py:463:  [ 30/153] libcap-0:2.69-3.fc40.i686     100% |   4.1 MiB/s |  83.6 KiB |  00m00s
DEBUG util.py:463:  [ 31/153] libselinux-0:3.6-4.fc40.i686  100% |  22.6 MiB/s |  92.5 KiB |  00m00s
DEBUG util.py:463:  [ 32/153] fedora-release-common-0:41-0. 100% |   6.9 MiB/s |  21.2 KiB |  00m00s
DEBUG util.py:463:  [ 33/153] coreutils-common-0:9.4-6.fc40 100% |  32.2 MiB/s |   2.1 MiB |  00m00s
DEBUG util.py:463:  [ 34/153] mpfr-0:4.2.1-3.fc40.i686      100% |  15.3 MiB/s | 391.2 KiB |  00m00s
DEBUG util.py:463:  [ 35/153] readline-0:8.2-8.fc40.i686    100% |  21.3 MiB/s | 218.4 KiB |  00m00s
DEBUG util.py:463:  [ 36/153] glibc-common-0:2.39.9000-5.fc 100% |  32.0 MiB/s | 393.3 KiB |  00m00s
DEBUG util.py:463:  [ 37/153] pcre2-0:10.42-2.fc40.2.i686   100% |  19.0 MiB/s | 234.0 KiB |  00m00s
DEBUG util.py:463:  [ 38/153] ed-0:1.20.1-1.fc41.i686       100% |  15.8 MiB/s |  81.1 KiB |  00m00s
DEBUG util.py:463:  [ 39/153] ansible-srpm-macros-0:1-14.fc 100% |   6.8 MiB/s |  20.8 KiB |  00m00s
DEBUG util.py:463:  [ 40/153] dwz-0:0.15-6.fc40.i686        100% |  35.6 MiB/s | 145.7 KiB |  00m00s
DEBUG util.py:463:  [ 41/153] efi-srpm-macros-0:5-11.fc40.n 100% |   5.4 MiB/s |  22.3 KiB |  00m00s
DEBUG util.py:463:  [ 42/153] file-0:5.45-5.fc41.i686       100% |  16.0 MiB/s |  49.1 KiB |  00m00s
DEBUG util.py:463:  [ 43/153] fonts-srpm-macros-1:2.0.5-14. 100% |  12.9 MiB/s |  26.5 KiB |  00m00s
DEBUG util.py:463:  [ 44/153] forge-srpm-macros-0:0.3.0-1.f 100% |   9.4 MiB/s |  19.3 KiB |  00m00s
DEBUG util.py:463:  [ 45/153] fpc-srpm-macros-0:1.3-12.fc40 100% |   3.8 MiB/s |   7.8 KiB |  00m00s
DEBUG util.py:463:  [ 46/153] ghc-srpm-macros-0:1.9-1.fc41. 100% |   4.3 MiB/s |   8.8 KiB |  00m00s
DEBUG util.py:463:  [ 47/153] gnat-srpm-macros-0:6-5.fc40.n 100% |   4.3 MiB/s |   8.8 KiB |  00m00s
DEBUG util.py:463:  [ 48/153] openssl-libs-1:3.2.1-3.fc41.i 100% |  26.7 MiB/s |   2.3 MiB |  00m00s
DEBUG util.py:463:  [ 49/153] go-srpm-macros-0:3.5.0-1.fc41 100% |   1.3 MiB/s |  27.5 KiB |  00m00s
DEBUG util.py:463:  [ 50/153] kernel-srpm-macros-0:1.0-23.f 100% | 488.2 KiB/s |   9.8 KiB |  00m00s
DEBUG util.py:463:  [ 51/153] lua-srpm-macros-0:1-13.fc40.n 100% |   4.3 MiB/s |   8.7 KiB |  00m00s
DEBUG util.py:463:  [ 52/153] ocaml-srpm-macros-0:9-3.fc40. 100% |   3.0 MiB/s |   9.1 KiB |  00m00s
DEBUG util.py:463:  [ 53/153] openblas-srpm-macros-0:2-17.f 100% |   2.5 MiB/s |   7.7 KiB |  00m00s
DEBUG util.py:463:  [ 54/153] package-notes-srpm-macros-0:0 100% |   4.9 MiB/s |   9.9 KiB |  00m00s
DEBUG util.py:463:  [ 55/153] perl-srpm-macros-0:1-53.fc40. 100% |   2.7 MiB/s |   8.4 KiB |  00m00s
DEBUG util.py:463:  [ 56/153] pyproject-srpm-macros-0:1.12. 100% |   4.4 MiB/s |  13.6 KiB |  00m00s
DEBUG util.py:463:  [ 57/153] python-srpm-macros-0:3.12-7.f 100% |  11.6 MiB/s |  23.8 KiB |  00m00s
DEBUG util.py:463:  [ 58/153] qt5-srpm-macros-0:5.15.12-3.f 100% |   2.8 MiB/s |   8.5 KiB |  00m00s
DEBUG util.py:463:  [ 59/153] qt6-srpm-macros-0:6.6.2-1.fc4 100% |   2.9 MiB/s |   8.9 KiB |  00m00s
DEBUG util.py:463:  [ 60/153] rust-srpm-macros-0:26.2-1.fc4 100% |   6.1 MiB/s |  12.6 KiB |  00m00s
DEBUG util.py:463:  [ 61/153] zig-srpm-macros-0:1-2.fc40.no 100% |   2.6 MiB/s |   8.0 KiB |  00m00s
DEBUG util.py:463:  [ 62/153] zip-0:3.0-40.fc40.i686        100% |  43.5 MiB/s | 267.2 KiB |  00m00s
DEBUG util.py:463:  [ 63/153] rpm-0:4.19.1.1-1.fc40.i686    100% |  33.2 MiB/s | 510.3 KiB |  00m00s
DEBUG util.py:463:  [ 64/153] debugedit-0:5.0-14.fc40.i686  100% |  11.1 MiB/s |  79.5 KiB |  00m00s
DEBUG util.py:463:  [ 65/153] elfutils-0:0.191-2.fc41.i686  100% |  45.7 MiB/s | 561.9 KiB |  00m00s
DEBUG util.py:463:  [ 66/153] elfutils-libelf-0:0.191-2.fc4 100% |  16.2 MiB/s | 215.4 KiB |  00m00s
DEBUG util.py:463:  [ 67/153] pkgconf-pkg-config-0:2.1.0-1. 100% |   2.4 MiB/s |   9.7 KiB |  00m00s
DEBUG util.py:463:  [ 68/153] popt-0:1.19-6.fc40.i686       100% |  20.1 MiB/s |  61.7 KiB |  00m00s
DEBUG util.py:463:  [ 69/153] rpm-build-libs-0:4.19.1.1-1.f 100% |  24.8 MiB/s | 101.6 KiB |  00m00s
DEBUG util.py:463:  [ 70/153] rpm-libs-0:4.19.1.1-1.fc40.i6 100% |  41.4 MiB/s | 338.8 KiB |  00m00s
DEBUG util.py:463:  [ 71/153] audit-libs-0:4.0.1-1.fc41.i68 100% |  31.5 MiB/s | 129.1 KiB |  00m00s
DEBUG util.py:463:  [ 72/153] zstd-0:1.5.5-5.fc40.i686      100% |  27.2 MiB/s | 445.5 KiB |  00m00s
DEBUG util.py:463:  [ 73/153] libeconf-0:0.6.2-1.fc41.i686  100% |   5.5 MiB/s |  33.8 KiB |  00m00s
DEBUG util.py:463:  [ 74/153] libsemanage-0:3.6-3.fc40.i686 100% |  30.8 MiB/s | 126.0 KiB |  00m00s
DEBUG util.py:463:  [ 75/153] libxcrypt-0:4.4.36-5.fc40.i68 100% |  23.6 MiB/s | 120.7 KiB |  00m00s
DEBUG util.py:463:  [ 76/153] pam-libs-0:1.6.0-2.fc41.i686  100% |  14.6 MiB/s |  59.8 KiB |  00m00s
DEBUG util.py:463:  [ 77/153] setup-0:2.14.5-2.fc40.noarch  100% |  28.9 MiB/s | 148.1 KiB |  00m00s
DEBUG util.py:463:  [ 78/153] authselect-libs-0:1.5.0-5.fc4 100% |  28.9 MiB/s | 207.5 KiB |  00m00s
DEBUG util.py:463:  [ 79/153] libblkid-0:2.40-0.11.rc1.fc41 100% |  19.1 MiB/s | 137.3 KiB |  00m00s
DEBUG util.py:463:  [ 80/153] libcap-ng-0:0.8.4-4.fc40.i686 100% |   8.1 MiB/s |  33.0 KiB |  00m00s
DEBUG util.py:463:  [ 81/153] libfdisk-0:2.40-0.11.rc1.fc41 100% |  34.4 MiB/s | 176.1 KiB |  00m00s
DEBUG util.py:463:  [ 82/153] libmount-0:2.40-0.11.rc1.fc41 100% |  22.7 MiB/s | 162.7 KiB |  00m00s
DEBUG util.py:463:  [ 83/153] libsmartcols-0:2.40-0.11.rc1. 100% |  16.9 MiB/s |  86.4 KiB |  00m00s
DEBUG util.py:463:  [ 84/153] libutempter-0:1.2.1-13.fc40.i 100% |   8.7 MiB/s |  26.7 KiB |  00m00s
DEBUG util.py:463:  [ 85/153] libuuid-0:2.40-0.11.rc1.fc41. 100% |  14.8 MiB/s |  30.4 KiB |  00m00s
DEBUG util.py:463:  [ 86/153] pam-0:1.6.0-2.fc41.i686       100% |  43.3 MiB/s | 531.9 KiB |  00m00s
DEBUG util.py:463:  [ 87/153] systemd-libs-0:255.4-1.fc41.i 100% |  33.2 MiB/s | 747.3 KiB |  00m00s
DEBUG util.py:463:  [ 88/153] util-linux-core-0:2.40-0.11.r 100% |  29.1 MiB/s | 535.9 KiB |  00m00s
DEBUG util.py:463:  [ 89/153] zlib-ng-compat-0:2.1.6-2.fc40 100% |   8.8 MiB/s |  81.4 KiB |  00m00s
DEBUG util.py:463:  [ 90/153] xz-libs-0:5.6.1-1.fc41.i686   100% |  23.9 MiB/s | 122.2 KiB |  00m00s
DEBUG util.py:463:  [ 91/153] basesystem-0:11-20.fc40.noarc 100% |   2.3 MiB/s |   7.2 KiB |  00m00s
DEBUG util.py:463:  [ 92/153] binutils-0:2.42.50-5.fc41.i68 100% |  33.4 MiB/s |   5.9 MiB |  00m00s
DEBUG util.py:463:  [ 93/153] libgcc-0:14.0.1-0.8.fc41.i686 100% |   2.7 MiB/s | 136.1 KiB |  00m00s
DEBUG util.py:463:  [ 94/153] ncurses-base-0:6.4-12.2024012 100% |  15.6 MiB/s |  63.8 KiB |  00m00s
DEBUG util.py:463:  [ 95/153] libsepol-0:3.6-3.fc40.i686    100% |  38.4 MiB/s | 354.0 KiB |  00m00s
DEBUG util.py:463:  [ 96/153] glibc-gconv-extra-0:2.39.9000 100% |  19.7 MiB/s |   1.7 MiB |  00m00s
DEBUG util.py:463:  [ 97/153] crypto-policies-0:20240304-1. 100% |   3.8 MiB/s |  69.2 KiB |  00m00s
DEBUG util.py:463:  [ 98/153] fedora-repos-0:41-0.1.noarch  100% |   3.0 MiB/s |   9.3 KiB |  00m00s
DEBUG util.py:463:  [ 99/153] pcre2-syntax-0:10.42-2.fc40.2 100% |  34.8 MiB/s | 142.7 KiB |  00m00s
DEBUG util.py:463:  [100/153] ca-certificates-0:2023.2.62_v 100% |  21.0 MiB/s | 862.1 KiB |  00m00s
DEBUG util.py:463:  [101/153] curl-0:8.6.0-7.fc41.i686      100% |  20.0 MiB/s | 306.6 KiB |  00m00s
DEBUG util.py:463:  [102/153] file-libs-0:5.45-5.fc41.i686  100% |  27.9 MiB/s | 771.7 KiB |  00m00s
DEBUG util.py:463:  [103/153] alternatives-0:1.26-3.fc40.i6 100% |   3.6 MiB/s |  40.1 KiB |  00m00s
DEBUG util.py:463:  [104/153] libarchive-0:3.7.2-3.fc40.i68 100% |  20.8 MiB/s | 448.1 KiB |  00m00s
DEBUG util.py:463:  [105/153] elfutils-debuginfod-client-0: 100% |   5.4 MiB/s |  38.5 KiB |  00m00s
DEBUG util.py:463:  [106/153] jansson-0:2.13.1-9.fc40.i686  100% |  14.9 MiB/s |  45.8 KiB |  00m00s
DEBUG util.py:463:  [107/153] binutils-gold-0:2.42.50-5.fc4 100% |  34.7 MiB/s | 852.4 KiB |  00m00s
DEBUG util.py:463:  [108/153] elfutils-libs-0:0.191-2.fc41. 100% |  17.8 MiB/s | 291.9 KiB |  00m00s
DEBUG util.py:463:  [109/153] libstdc++-0:14.0.1-0.8.fc41.i 100% |  32.8 MiB/s | 940.9 KiB |  00m00s
DEBUG util.py:463:  [110/153] pkgconf-0:2.1.0-1.fc40.i686   100% |   3.9 MiB/s |  43.7 KiB |  00m00s
DEBUG util.py:463:  [111/153] pkgconf-m4-0:2.1.0-1.fc40.noa 100% |   6.8 MiB/s |  13.9 KiB |  00m00s
DEBUG util.py:463:  [112/153] libzstd-0:1.5.5-5.fc40.i686   100% |  16.4 MiB/s | 284.9 KiB |  00m00s
DEBUG util.py:463:  [113/153] lua-libs-0:5.4.6-5.fc40.i686  100% |  14.6 MiB/s | 149.1 KiB |  00m00s
DEBUG util.py:463:  [114/153] libgomp-0:14.0.1-0.8.fc41.i68 100% |  20.8 MiB/s | 340.8 KiB |  00m00s
DEBUG util.py:463:  [115/153] lz4-libs-0:1.9.4-6.fc40.i686  100% |  17.0 MiB/s |  69.8 KiB |  00m00s
DEBUG util.py:463:  [116/153] rpm-sequoia-0:1.6.0-2.fc40.i6 100% |  33.7 MiB/s | 931.1 KiB |  00m00s
DEBUG util.py:463:  [117/153] sqlite-libs-0:3.45.2-1.fc41.i 100% |  26.1 MiB/s | 749.2 KiB |  00m00s
DEBUG util.py:463:  [118/153] authselect-0:1.5.0-5.fc41.i68 100% |   6.9 MiB/s | 142.2 KiB |  00m00s
DEBUG util.py:463:  [119/153] gdbm-1:1.23-6.fc40.i686       100% |  12.2 MiB/s | 149.6 KiB |  00m00s
DEBUG util.py:463:  [120/153] libnsl2-0:2.0.1-1.fc40.i686   100% |   7.4 MiB/s |  30.5 KiB |  00m00s
DEBUG util.py:463:  [121/153] gdbm-libs-1:1.23-6.fc40.i686  100% |  11.6 MiB/s |  59.6 KiB |  00m00s
DEBUG util.py:463:  [122/153] libpwquality-0:1.4.5-9.fc40.i 100% |  21.3 MiB/s | 109.0 KiB |  00m00s
DEBUG util.py:463:  [123/153] libtirpc-0:1.3.4-1.rc2.fc40.2 100% |  16.6 MiB/s | 101.8 KiB |  00m00s
DEBUG util.py:463:  [124/153] p11-kit-0:0.25.3-4.fc40.i686  100% |  41.9 MiB/s | 471.6 KiB |  00m00s
DEBUG util.py:463:  [125/153] p11-kit-trust-0:0.25.3-4.fc40 100% |  12.2 MiB/s | 137.4 KiB |  00m00s
DEBUG util.py:463:  [126/153] fedora-gpg-keys-0:41-0.1.noar 100% |  10.7 MiB/s | 121.0 KiB |  00m00s
DEBUG util.py:463:  [127/153] fedora-repos-rawhide-0:41-0.1 100% |   1.7 MiB/s |   8.9 KiB |  00m00s
DEBUG util.py:463:  [128/153] elfutils-default-yama-scope-0 100% |   4.3 MiB/s |  13.2 KiB |  00m00s
DEBUG util.py:463:  [129/153] libpkgconf-0:2.1.0-1.fc40.i68 100% |  13.5 MiB/s |  41.4 KiB |  00m00s
DEBUG util.py:463:  [130/153] cracklib-0:2.9.11-5.fc40.i686 100% |  20.1 MiB/s |  82.3 KiB |  00m00s
DEBUG util.py:463:  [131/153] libxml2-0:2.12.5-1.fc40.i686  100% |  39.5 MiB/s | 729.0 KiB |  00m00s
DEBUG util.py:463:  [132/153] libcom_err-0:1.47.0-5.fc40.i6 100% |   2.5 MiB/s |  25.7 KiB |  00m00s
DEBUG util.py:463:  [133/153] krb5-libs-0:1.21.2-5.fc40.i68 100% |  35.7 MiB/s | 803.6 KiB |  00m00s
DEBUG util.py:463:  [134/153] libffi-0:3.4.4-8.fc41.i686    100% |   3.7 MiB/s |  37.6 KiB |  00m00s
DEBUG util.py:463:  [135/153] libtasn1-0:4.19.0-6.fc40.i686 100% |   6.1 MiB/s |  74.9 KiB |  00m00s
DEBUG util.py:463:  [136/153] keyutils-libs-0:1.6.3-3.fc40. 100% |   7.8 MiB/s |  31.9 KiB |  00m00s
DEBUG util.py:463:  [137/153] libverto-0:0.3.2-8.fc40.i686  100% |   5.1 MiB/s |  21.0 KiB |  00m00s
DEBUG util.py:463:  [138/153] fedora-release-identity-basic 100% |   3.7 MiB/s |  11.5 KiB |  00m00s
DEBUG util.py:463:  [139/153] xxhash-libs-0:0.8.2-2.fc40.i6 100% |  15.2 MiB/s |  46.8 KiB |  00m00s
DEBUG util.py:463:  [140/153] libcurl-0:8.6.0-7.fc41.i686   100% |  40.5 MiB/s | 373.6 KiB |  00m00s
DEBUG util.py:463:  [141/153] libbrotli-0:1.1.0-3.fc40.i686 100% |  23.6 MiB/s | 338.4 KiB |  00m00s
DEBUG util.py:463:  [142/153] libidn2-0:2.3.7-1.fc40.i686   100% |  13.8 MiB/s | 113.0 KiB |  00m00s
DEBUG util.py:463:  [143/153] libnghttp2-0:1.60.0-2.fc41.i6 100% |  16.1 MiB/s |  82.2 KiB |  00m00s
DEBUG util.py:463:  [144/153] libpsl-0:0.21.5-3.fc40.i686   100% |  15.8 MiB/s |  64.5 KiB |  00m00s
DEBUG util.py:463:  [145/153] libssh-0:0.10.6-6.fc41.i686   100% |  31.6 MiB/s | 226.5 KiB |  00m00s
DEBUG util.py:463:  [146/153] openldap-0:2.6.7-1.fc40.i686  100% |  26.6 MiB/s | 272.1 KiB |  00m00s
DEBUG util.py:463:  [147/153] publicsuffix-list-dafsa-0:202 100% |  14.2 MiB/s |  58.1 KiB |  00m00s
DEBUG util.py:463:  [148/153] libunistring-0:1.1-7.fc41.i68 100% |  36.0 MiB/s | 553.0 KiB |  00m00s
DEBUG util.py:463:  [149/153] libssh-config-0:0.10.6-6.fc41 100% |   1.3 MiB/s |   9.1 KiB |  00m00s
DEBUG util.py:463:  [150/153] libevent-0:2.1.12-12.fc40.i68 100% |  30.0 MiB/s | 276.4 KiB |  00m00s
DEBUG util.py:463:  [151/153] cyrus-sasl-lib-0:2.1.28-19.fc 100% |  41.8 MiB/s | 856.6 KiB |  00m00s
DEBUG util.py:463:  [152/153] libtool-ltdl-0:2.4.7-10.fc40. 100% |   3.4 MiB/s |  38.0 KiB |  00m00s
DEBUG util.py:463:  [153/153] gdb-minimal-0:14.2-1.fc41.i68 100% |  43.0 MiB/s |   4.7 MiB |  00m00s
DEBUG util.py:463:  --------------------------------------------------------------------------------
DEBUG util.py:463:  [153/153] Total                         100% |  61.8 MiB/s |  53.2 MiB |  00m01s
DEBUG util.py:463:  Running transaction
DEBUG util.py:463:  [  1/155] Verify package files          100% | 268.0   B/s | 153.0   B |  00m01s
DEBUG util.py:463:  >>> Running pre-transaction scriptlet: filesystem-0:3.18-8.fc40.i686
DEBUG util.py:463:  >>> Stop pre-transaction scriptlet: filesystem-0:3.18-8.fc40.i686
DEBUG util.py:463:  [  2/155] Prepare transaction           100% |   1.6 KiB/s | 153.0   B |  00m00s
DEBUG util.py:463:  [  3/155] Installing crypto-policies-0: 100% |   7.1 MiB/s | 181.6 KiB |  00m00s
DEBUG util.py:463:  >>> Running post-install scriptlet: crypto-policies-0:20240304-1.git0375239.fc41
DEBUG util.py:463:  >>> Stop post-install scriptlet: crypto-policies-0:20240304-1.git0375239.fc41.no
DEBUG util.py:463:  [  4/155] Installing fedora-release-ide 100% | 309.9 KiB/s | 952.0   B |  00m00s
DEBUG util.py:463:  [  5/155] Installing fedora-gpg-keys-0: 100% |   7.2 MiB/s | 170.1 KiB |  00m00s
DEBUG util.py:463:  [  6/155] Installing fedora-repos-rawhi 100% |   1.2 MiB/s |   2.4 KiB |  00m00s
DEBUG util.py:463:  [  7/155] Installing fedora-repos-0:41- 100% |   2.8 MiB/s |   5.7 KiB |  00m00s
DEBUG util.py:463:  [  8/155] Installing fedora-release-com 100% |   4.5 MiB/s |  23.3 KiB |  00m00s
DEBUG util.py:463:  [  9/155] Installing fedora-release-0:4 100% |  60.5 KiB/s | 124.0   B |  00m00s
DEBUG util.py:463:  [ 10/155] Installing setup-0:2.14.5-2.f 100% |  22.9 MiB/s | 725.8 KiB |  00m00s
DEBUG util.py:463:  >>> Running post-install scriptlet: setup-0:2.14.5-2.fc40.noarch
DEBUG util.py:463:  >>> Stop post-install scriptlet: setup-0:2.14.5-2.fc40.noarch
DEBUG util.py:463:  [ 11/155] Installing filesystem-0:3.18- 100% |   1.0 MiB/s | 211.9 KiB |  00m00s
DEBUG util.py:463:  [ 12/155] Installing basesystem-0:11-20 100% | 121.1 KiB/s | 124.0   B |  00m00s
DEBUG util.py:463:  [ 13/155] Installing libssh-config-0:0. 100% | 398.4 KiB/s | 816.0   B |  00m00s
DEBUG util.py:463:  [ 14/155] Installing publicsuffix-list- 100% |  22.2 MiB/s |  68.3 KiB |  00m00s
DEBUG util.py:463:  [ 15/155] Installing pkgconf-m4-0:2.1.0 100% |   7.0 MiB/s |  14.3 KiB |  00m00s
DEBUG util.py:463:  [ 16/155] Installing pcre2-syntax-0:10. 100% |  38.7 MiB/s | 237.6 KiB |  00m00s
DEBUG util.py:463:  [ 17/155] Installing ncurses-base-0:6.4 100% |  16.4 MiB/s | 351.6 KiB |  00m00s
DEBUG util.py:463:  [ 18/155] Installing rust-srpm-macros-0 100% |   2.7 MiB/s |   5.6 KiB |  00m00s
DEBUG util.py:463:  [ 19/155] Installing qt6-srpm-macros-0: 100% | 357.4 KiB/s | 732.0   B |  00m00s
DEBUG util.py:463:  [ 20/155] Installing qt5-srpm-macros-0: 100% | 375.0 KiB/s | 768.0   B |  00m00s
DEBUG util.py:463:  [ 21/155] Installing perl-srpm-macros-0 100% | 556.6 KiB/s |   1.1 KiB |  00m00s
DEBUG util.py:463:  [ 22/155] Installing package-notes-srpm 100% |   1.0 MiB/s |   2.0 KiB |  00m00s
DEBUG util.py:463:  [ 23/155] Installing openblas-srpm-macr 100% | 191.4 KiB/s | 392.0   B |  00m00s
DEBUG util.py:463:  [ 24/155] Installing ocaml-srpm-macros- 100% |   1.1 MiB/s |   2.2 KiB |  00m00s
DEBUG util.py:463:  [ 25/155] Installing kernel-srpm-macros 100% |   1.1 MiB/s |   2.3 KiB |  00m00s
DEBUG util.py:463:  [ 26/155] Installing gnat-srpm-macros-0 100% | 632.8 KiB/s |   1.3 KiB |  00m00s
DEBUG util.py:463:  [ 27/155] Installing ghc-srpm-macros-0: 100% | 498.0 KiB/s |   1.0 KiB |  00m00s
DEBUG util.py:463:  [ 28/155] Installing fpc-srpm-macros-0: 100% | 205.1 KiB/s | 420.0   B |  00m00s
DEBUG util.py:463:  [ 29/155] Installing ansible-srpm-macro 100% |  11.8 MiB/s |  36.2 KiB |  00m00s
DEBUG util.py:463:  [ 30/155] Installing coreutils-common-0 100% | 101.5 MiB/s |  11.5 MiB |  00m00s
DEBUG util.py:463:  [ 31/155] Installing libgcc-0:14.0.1-0. 100% |  42.3 MiB/s | 303.3 KiB |  00m00s
DEBUG util.py:463:  >>> Running post-install scriptlet: libgcc-0:14.0.1-0.8.fc41.i686
DEBUG util.py:463:  >>> Stop post-install scriptlet: libgcc-0:14.0.1-0.8.fc41.i686
DEBUG util.py:463:  [ 32/155] Installing glibc-minimal-lang 100% |  60.5 KiB/s | 124.0   B |  00m00s
DEBUG util.py:463:  [ 33/155] Installing ncurses-libs-0:6.4 100% |  55.7 MiB/s | 969.5 KiB |  00m00s
DEBUG util.py:463:  >>> Running pre-install scriptlet: glibc-0:2.39.9000-5.fc41.i686
DEBUG util.py:463:  >>> Stop pre-install scriptlet: glibc-0:2.39.9000-5.fc41.i686
DEBUG util.py:463:  [ 34/155] Installing glibc-0:2.39.9000- 100% |  71.7 MiB/s |   5.5 MiB |  00m00s
DEBUG util.py:463:  >>> Running post-install scriptlet: glibc-0:2.39.9000-5.fc41.i686
DEBUG util.py:463:  >>> Stop post-install scriptlet: glibc-0:2.39.9000-5.fc41.i686
DEBUG util.py:463:  [ 35/155] Installing bash-0:5.2.26-3.fc 100% | 102.4 MiB/s |   8.3 MiB |  00m00s
DEBUG util.py:463:  >>> Running post-install scriptlet: bash-0:5.2.26-3.fc40.i686
DEBUG util.py:463:  >>> Stop post-install scriptlet: bash-0:5.2.26-3.fc40.i686
DEBUG util.py:463:  [ 36/155] Installing glibc-common-0:2.3 100% |  50.7 MiB/s |   1.0 MiB |  00m00s
DEBUG util.py:463:  [ 37/155] Installing glibc-gconv-extra- 100% |  59.2 MiB/s |   7.3 MiB |  00m00s
DEBUG util.py:463:  >>> Running post-install scriptlet: glibc-gconv-extra-0:2.39.9000-5.fc41.i686
DEBUG util.py:463:  >>> Stop post-install scriptlet: glibc-gconv-extra-0:2.39.9000-5.fc41.i686
DEBUG util.py:463:  [ 38/155] Installing zlib-ng-compat-0:2 100% |  35.7 MiB/s | 146.3 KiB |  00m00s
DEBUG util.py:463:  [ 39/155] Installing xz-libs-0:5.6.1-1. 100% |  45.2 MiB/s | 231.6 KiB |  00m00s
DEBUG util.py:463:  [ 40/155] Installing bzip2-libs-0:1.0.8 100% |  18.8 MiB/s |  77.0 KiB |  00m00s
DEBUG util.py:463:  [ 41/155] Installing readline-0:8.2-8.f 100% |  56.1 MiB/s | 459.6 KiB |  00m00s
DEBUG util.py:463:  [ 42/155] Installing popt-0:1.19-6.fc40 100% |  13.9 MiB/s | 142.5 KiB |  00m00s
DEBUG util.py:463:  [ 43/155] Installing libuuid-0:2.40-0.1 100% |  11.0 MiB/s |  33.7 KiB |  00m00s
DEBUG util.py:463:  [ 44/155] Installing libstdc++-0:14.0.1 100% |  96.4 MiB/s |   2.8 MiB |  00m00s
DEBUG util.py:463:  [ 45/155] Installing libzstd-0:1.5.5-5. 100% |  77.3 MiB/s | 712.4 KiB |  00m00s
DEBUG util.py:463:  [ 46/155] Installing elfutils-libelf-0: 100% |  90.5 MiB/s |   1.2 MiB |  00m00s
DEBUG util.py:463:  [ 47/155] Installing libblkid-0:2.40-0. 100% |  46.7 MiB/s | 286.6 KiB |  00m00s
DEBUG util.py:463:  [ 48/155] Installing gmp-1:6.3.0-1.fc41 100% |  71.9 MiB/s | 736.7 KiB |  00m00s
DEBUG util.py:463:  [ 49/155] Installing libattr-0:2.5.2-3. 100% |   8.0 MiB/s |  24.7 KiB |  00m00s
DEBUG util.py:463:  [ 50/155] Installing libacl-0:2.3.2-1.f 100% |  13.0 MiB/s |  40.1 KiB |  00m00s
DEBUG util.py:463:  [ 51/155] Installing libxcrypt-0:4.4.36 100% |  45.1 MiB/s | 276.9 KiB |  00m00s
DEBUG util.py:463:  [ 52/155] Installing libeconf-0:0.6.2-1 100% |  14.4 MiB/s |  58.9 KiB |  00m00s
DEBUG util.py:463:  [ 53/155] Installing lz4-libs-0:1.9.4-6 100% |  32.7 MiB/s | 133.7 KiB |  00m00s
DEBUG util.py:463:  [ 54/155] Installing gdbm-libs-1:1.23-6 100% |  24.6 MiB/s | 126.0 KiB |  00m00s
DEBUG util.py:463:  [ 55/155] Installing mpfr-0:4.2.1-3.fc4 100% |  73.9 MiB/s | 984.0 KiB |  00m00s
DEBUG util.py:463:  [ 56/155] Installing gawk-0:5.3.0-3.fc4 100% |  64.0 MiB/s |   1.7 MiB |  00m00s
DEBUG util.py:463:  [ 57/155] Installing dwz-0:0.15-6.fc40. 100% |  53.1 MiB/s | 326.3 KiB |  00m00s
DEBUG util.py:463:  [ 58/155] Installing unzip-0:6.0-63.fc4 100% |  48.3 MiB/s | 395.8 KiB |  00m00s
DEBUG util.py:463:  [ 59/155] Installing file-libs-0:5.45-5 100% | 155.4 MiB/s |   9.9 MiB |  00m00s
DEBUG util.py:463:  [ 60/155] Installing file-0:5.45-5.fc41 100% |  18.8 MiB/s |  96.0 KiB |  00m00s
DEBUG util.py:463:  [ 61/155] Installing pcre2-0:10.42-2.fc 100% |  70.5 MiB/s | 649.5 KiB |  00m00s
DEBUG util.py:463:  [ 62/155] Installing grep-0:3.11-7.fc40 100% |  47.9 MiB/s |   1.0 MiB |  00m00s
DEBUG util.py:463:  [ 63/155] Installing xz-0:5.6.1-1.fc41. 100% |  56.5 MiB/s |   2.1 MiB |  00m00s
DEBUG util.py:463:  [ 64/155] Installing libcap-ng-0:0.8.4- 100% |  17.0 MiB/s |  69.5 KiB |  00m00s
DEBUG util.py:463:  [ 65/155] Installing audit-libs-0:4.0.1 100% |  47.4 MiB/s | 340.0 KiB |  00m00s
DEBUG util.py:463:  [ 66/155] Installing pam-libs-0:1.6.0-2 100% |  24.1 MiB/s | 123.2 KiB |  00m00s
DEBUG util.py:463:  [ 67/155] Installing libcap-0:2.69-3.fc 100% |  25.2 MiB/s | 206.4 KiB |  00m00s
DEBUG util.py:463:  [ 68/155] Installing systemd-libs-0:255 100% |  87.7 MiB/s |   1.9 MiB |  00m00s
DEBUG util.py:463:  [ 69/155] Installing libsmartcols-0:2.4 100% |  35.3 MiB/s | 180.9 KiB |  00m00s
DEBUG util.py:463:  [ 70/155] Installing libsepol-0:3.6-3.f 100% |  76.9 MiB/s | 866.4 KiB |  00m00s
DEBUG util.py:463:  [ 71/155] Installing libselinux-0:3.6-4 100% |  37.8 MiB/s | 193.5 KiB |  00m00s
DEBUG util.py:463:  [ 72/155] Installing sed-0:4.9-1.fc40.i 100% |  47.1 MiB/s | 868.8 KiB |  00m00s
DEBUG util.py:463:  [ 73/155] Installing findutils-1:4.9.0- 100% |  64.7 MiB/s |   1.5 MiB |  00m00s
DEBUG util.py:463:  [ 74/155] Installing libmount-0:2.40-0. 100% |  54.1 MiB/s | 388.1 KiB |  00m00s
DEBUG util.py:463:  [ 75/155] Installing alternatives-0:1.2 100% |  14.4 MiB/s |  59.1 KiB |  00m00s
DEBUG util.py:463:  [ 76/155] Installing jansson-0:2.13.1-9 100% |  21.7 MiB/s |  88.9 KiB |  00m00s
DEBUG util.py:463:  [ 77/155] Installing lua-libs-0:5.4.6-5 100% |  50.4 MiB/s | 309.8 KiB |  00m00s
DEBUG util.py:463:  [ 78/155] Installing libcom_err-0:1.47. 100% |  14.5 MiB/s |  59.6 KiB |  00m00s
DEBUG util.py:463:  [ 79/155] Installing libtasn1-0:4.19.0- 100% |  35.3 MiB/s | 180.7 KiB |  00m00s
DEBUG util.py:463:  [ 80/155] Installing libunistring-0:1.1 100% |  91.3 MiB/s |   1.7 MiB |  00m00s
DEBUG util.py:463:  [ 81/155] Installing elfutils-default-y 100% | 255.4 KiB/s |   2.0 KiB |  00m00s
DEBUG util.py:463:  >>> Running post-install scriptlet: elfutils-default-yama-scope-0:0.191-2.fc41.n
DEBUG util.py:463:  >>> Stop post-install scriptlet: elfutils-default-yama-scope-0:0.191-2.fc41.noar
DEBUG util.py:463:  [ 82/155] Installing libidn2-0:2.3.7-1. 100% |  26.9 MiB/s | 330.3 KiB |  00m00s
DEBUG util.py:463:  [ 83/155] Installing libpsl-0:0.21.5-3. 100% |  17.8 MiB/s |  72.9 KiB |  00m00s
DEBUG util.py:463:  [ 84/155] Installing util-linux-core-0: 100% |  47.5 MiB/s |   1.4 MiB |  00m00s
DEBUG util.py:463:  [ 85/155] Installing tar-2:1.35-3.fc40. 100% |  85.6 MiB/s |   3.0 MiB |  00m00s
DEBUG util.py:463:  [ 86/155] Installing libsemanage-0:3.6- 100% |  37.3 MiB/s | 305.8 KiB |  00m00s
DEBUG util.py:463:  [ 87/155] Installing shadow-utils-2:4.1 100% |  38.0 MiB/s |   4.0 MiB |  00m00s
DEBUG util.py:463:  >>> Running pre-install scriptlet: libutempter-0:1.2.1-13.fc40.i686
DEBUG util.py:463:  >>> Stop pre-install scriptlet: libutempter-0:1.2.1-13.fc40.i686
DEBUG util.py:463:  [ 88/155] Installing libutempter-0:1.2. 100% |  11.3 MiB/s |  58.1 KiB |  00m00s
DEBUG util.py:463:  [ 89/155] Installing zip-0:3.0-40.fc40. 100% |  63.1 MiB/s | 710.9 KiB |  00m00s
DEBUG util.py:463:  [ 90/155] Installing gdbm-1:1.23-6.fc40 100% |  40.4 MiB/s | 454.7 KiB |  00m00s
DEBUG util.py:463:  [ 91/155] Installing cyrus-sasl-lib-0:2 100% |  88.3 MiB/s |   2.5 MiB |  00m00s
DEBUG util.py:463:  [ 92/155] Installing zstd-0:1.5.5-5.fc4 100% |  90.1 MiB/s |   1.5 MiB |  00m00s
DEBUG util.py:463:  [ 93/155] Installing libfdisk-0:2.40-0. 100% |  57.4 MiB/s | 411.4 KiB |  00m00s
DEBUG util.py:463:  [ 94/155] Installing bzip2-0:1.0.8-18.f 100% |  15.4 MiB/s |  94.4 KiB |  00m00s
DEBUG util.py:463:  [ 95/155] Installing libxml2-0:2.12.5-1 100% |  85.6 MiB/s |   1.8 MiB |  00m00s
DEBUG util.py:463:  [ 96/155] Installing sqlite-libs-0:3.45 100% |  81.8 MiB/s |   1.5 MiB |  00m00s
DEBUG util.py:463:  [ 97/155] Installing ed-0:1.20.1-1.fc41 100% |  28.1 MiB/s | 143.6 KiB |  00m00s
DEBUG util.py:463:  [ 98/155] Installing patch-0:2.7.6-24.f 100% |  48.7 MiB/s | 299.5 KiB |  00m00s
DEBUG util.py:463:  [ 99/155] Installing cpio-0:2.15-1.fc40 100% |  58.2 MiB/s |   1.1 MiB |  00m00s
DEBUG util.py:463:  [100/155] Installing diffutils-0:3.10-5 100% |  66.3 MiB/s |   1.6 MiB |  00m00s
DEBUG util.py:463:  [101/155] Installing libgomp-0:14.0.1-0 100% |  63.8 MiB/s | 522.9 KiB |  00m00s
DEBUG util.py:463:  [102/155] Installing libpkgconf-0:2.1.0 100% |  20.0 MiB/s |  81.8 KiB |  00m00s
DEBUG util.py:463:  [103/155] Installing pkgconf-0:2.1.0-1. 100% |  13.6 MiB/s |  83.4 KiB |  00m00s
DEBUG util.py:463:  [104/155] Installing pkgconf-pkg-config 100% | 588.5 KiB/s |   1.8 KiB |  00m00s
DEBUG util.py:463:  [105/155] Installing libffi-0:3.4.4-8.f 100% |  19.1 MiB/s |  78.1 KiB |  00m00s
DEBUG util.py:463:  [106/155] Installing p11-kit-0:0.25.3-4 100% |  62.7 MiB/s |   2.3 MiB |  00m00s
DEBUG util.py:463:  [107/155] Installing p11-kit-trust-0:0. 100% |  23.4 MiB/s | 359.4 KiB |  00m00s
DEBUG util.py:463:  >>> Running post-install scriptlet: p11-kit-trust-0:0.25.3-4.fc40.i686
DEBUG util.py:463:  >>> Stop post-install scriptlet: p11-kit-trust-0:0.25.3-4.fc40.i686
DEBUG util.py:463:  [108/155] Installing openssl-libs-1:3.2 100% | 100.7 MiB/s |   6.2 MiB |  00m00s
DEBUG util.py:463:  [109/155] Installing coreutils-0:9.4-6. 100% |  75.3 MiB/s |   5.6 MiB |  00m00s
DEBUG util.py:463:  >>> Running pre-install scriptlet: ca-certificates-0:2023.2.62_v7.0.401-6.fc40.n
DEBUG util.py:463:  >>> Stop pre-install scriptlet: ca-certificates-0:2023.2.62_v7.0.401-6.fc40.noar
DEBUG util.py:463:  [110/155] Installing ca-certificates-0: 100% |   1.3 MiB/s |   2.3 MiB |  00m02s
DEBUG util.py:463:  >>> Running post-install scriptlet: ca-certificates-0:2023.2.62_v7.0.401-6.fc40.
DEBUG util.py:463:  >>> Stop post-install scriptlet: ca-certificates-0:2023.2.62_v7.0.401-6.fc40.noa
DEBUG util.py:463:  [111/155] Installing gzip-0:1.13-1.fc40 100% |  31.7 MiB/s | 389.6 KiB |  00m00s
DEBUG util.py:463:  [112/155] Installing authselect-libs-0: 100% |  37.1 MiB/s | 836.4 KiB |  00m00s
DEBUG util.py:463:  [113/155] Installing libarchive-0:3.7.2 100% |  68.7 MiB/s | 984.3 KiB |  00m00s
DEBUG util.py:463:  [114/155] Installing authselect-0:1.5.0 100% |  20.1 MiB/s | 165.0 KiB |  00m00s
DEBUG util.py:463:  [115/155] Installing cracklib-0:2.9.11- 100% |  15.1 MiB/s | 247.1 KiB |  00m00s
DEBUG util.py:463:  [116/155] Installing libpwquality-0:1.4 100% |  22.9 MiB/s | 422.9 KiB |  00m00s
DEBUG util.py:463:  [117/155] Installing rpm-sequoia-0:1.6. 100% |  94.8 MiB/s |   2.6 MiB |  00m00s
DEBUG util.py:463:  [118/155] Installing rpm-libs-0:4.19.1. 100% |  67.3 MiB/s | 758.4 KiB |  00m00s
DEBUG util.py:463:  [119/155] Installing libevent-0:2.1.12- 100% |  66.4 MiB/s | 951.9 KiB |  00m00s
DEBUG util.py:463:  [120/155] Installing keyutils-libs-0:1. 100% |  14.4 MiB/s |  59.0 KiB |  00m00s
DEBUG util.py:463:  [121/155] Installing libverto-0:0.3.2-8 100% |   7.5 MiB/s |  30.5 KiB |  00m00s
DEBUG util.py:463:  [122/155] Installing krb5-libs-0:1.21.2 100% |  72.9 MiB/s |   2.3 MiB |  00m00s
DEBUG util.py:463:  [123/155] Installing libtirpc-0:1.3.4-1 100% |  34.4 MiB/s | 211.6 KiB |  00m00s
DEBUG util.py:463:  [124/155] Installing libnsl2-0:2.0.1-1. 100% |  14.2 MiB/s |  58.2 KiB |  00m00s
DEBUG util.py:463:  [125/155] Installing pam-0:1.6.0-2.fc41 100% |  32.0 MiB/s |   1.7 MiB |  00m00s
DEBUG util.py:463:  [126/155] Installing libssh-0:0.10.6-6. 100% |  59.6 MiB/s | 549.4 KiB |  00m00s
DEBUG util.py:463:  [127/155] Installing xxhash-libs-0:0.8. 100% |  22.9 MiB/s | 117.2 KiB |  00m00s
DEBUG util.py:463:  [128/155] Installing libbrotli-0:1.1.0- 100% |  69.8 MiB/s | 857.7 KiB |  00m00s
DEBUG util.py:463:  [129/155] Installing libnghttp2-0:1.60. 100% |  34.1 MiB/s | 174.6 KiB |  00m00s
DEBUG util.py:463:  [130/155] Installing libtool-ltdl-0:2.4 100% |  17.2 MiB/s |  70.5 KiB |  00m00s
DEBUG util.py:463:  [131/155] Installing openldap-0:2.6.7-1 100% |  54.1 MiB/s | 664.3 KiB |  00m00s
DEBUG util.py:463:  [132/155] Installing libcurl-0:8.6.0-7. 100% |  71.2 MiB/s | 802.0 KiB |  00m00s
DEBUG util.py:463:  [133/155] Installing elfutils-debuginfo 100% |  11.2 MiB/s |  57.1 KiB |  00m00s
DEBUG util.py:463:  [134/155] Installing elfutils-libs-0:0. 100% |  62.0 MiB/s | 698.5 KiB |  00m00s
DEBUG util.py:463:  [135/155] Installing binutils-gold-0:2. 100% |  66.2 MiB/s |   2.1 MiB |  00m00s
DEBUG util.py:463:  >>> Running post-install scriptlet: binutils-gold-0:2.42.50-5.fc41.i686
DEBUG util.py:463:  >>> Stop post-install scriptlet: binutils-gold-0:2.42.50-5.fc41.i686
DEBUG util.py:463:  [136/155] Installing binutils-0:2.42.50 100% | 108.6 MiB/s |  25.3 MiB |  00m00s
DEBUG util.py:463:  >>> Running post-install scriptlet: binutils-0:2.42.50-5.fc41.i686
DEBUG util.py:463:  >>> Stop post-install scriptlet: binutils-0:2.42.50-5.fc41.i686
DEBUG util.py:463:  [137/155] Installing elfutils-0:0.191-2 100% |  87.5 MiB/s |   2.5 MiB |  00m00s
DEBUG util.py:463:  [138/155] Installing gdb-minimal-0:14.2 100% | 114.8 MiB/s |  13.3 MiB |  00m00s
DEBUG util.py:463:  [139/155] Installing debugedit-0:5.0-14 100% |  26.7 MiB/s | 191.4 KiB |  00m00s
DEBUG util.py:463:  [140/155] Installing rpm-build-libs-0:4 100% |  32.9 MiB/s | 202.0 KiB |  00m00s
DEBUG util.py:463:  [141/155] Installing curl-0:8.6.0-7.fc4 100% |  30.0 MiB/s | 736.2 KiB |  00m00s
DEBUG util.py:463:  >>> Running pre-install scriptlet: rpm-0:4.19.1.1-1.fc40.i686
DEBUG util.py:463:  >>> Stop pre-install scriptlet: rpm-0:4.19.1.1-1.fc40.i686
DEBUG util.py:463:  [142/155] Installing rpm-0:4.19.1.1-1.f 100% |  41.7 MiB/s |   2.4 MiB |  00m00s
DEBUG util.py:463:  [143/155] Installing efi-srpm-macros-0: 100% |  13.4 MiB/s |  41.2 KiB |  00m00s
DEBUG util.py:463:  [144/155] Installing lua-srpm-macros-0: 100% | 951.2 KiB/s |   1.9 KiB |  00m00s
DEBUG util.py:463:  [145/155] Installing zig-srpm-macros-0: 100% | 832.0 KiB/s |   1.7 KiB |  00m00s
DEBUG util.py:463:  [146/155] Installing fonts-srpm-macros- 100% |  13.8 MiB/s |  56.5 KiB |  00m00s
DEBUG util.py:463:  [147/155] Installing forge-srpm-macros- 100% |  13.1 MiB/s |  40.2 KiB |  00m00s
DEBUG util.py:463:  [148/155] Installing go-srpm-macros-0:3 100% |  15.1 MiB/s |  61.6 KiB |  00m00s
DEBUG util.py:463:  [149/155] Installing python-srpm-macros 100% |  12.5 MiB/s |  51.3 KiB |  00m00s
DEBUG util.py:463:  [150/155] Installing redhat-rpm-config- 100% |  20.8 MiB/s | 191.7 KiB |  00m00s
DEBUG util.py:463:  [151/155] Installing rpm-build-0:4.19.1 100% |  14.5 MiB/s | 163.0 KiB |  00m00s
DEBUG util.py:463:  [152/155] Installing pyproject-srpm-mac 100% | 518.6 KiB/s |   2.1 KiB |  00m00s
DEBUG util.py:463:  [153/155] Installing util-linux-0:2.40- 100% |  42.2 MiB/s |   3.5 MiB |  00m00s
DEBUG util.py:463:  >>> Running post-install scriptlet: util-linux-0:2.40-0.11.rc1.fc41.i686
DEBUG util.py:463:  >>> Stop post-install scriptlet: util-linux-0:2.40-0.11.rc1.fc41.i686
DEBUG util.py:463:  [154/155] Installing which-0:2.21-41.fc 100% |  15.8 MiB/s |  81.1 KiB |  00m00s
DEBUG util.py:463:  [155/155] Installing info-0:7.1-2.fc40. 100% |  89.7 KiB/s | 360.8 KiB |  00m04s
DEBUG util.py:463:  >>> Running post-transaction scriptlet: filesystem-0:3.18-8.fc40.i686
DEBUG util.py:463:  >>> Stop post-transaction scriptlet: filesystem-0:3.18-8.fc40.i686
DEBUG util.py:463:  >>> Running post-transaction scriptlet: ca-certificates-0:2023.2.62_v7.0.401-6.f
DEBUG util.py:463:  >>> Stop post-transaction scriptlet: ca-certificates-0:2023.2.62_v7.0.401-6.fc40
DEBUG util.py:463:  >>> Running post-transaction scriptlet: authselect-libs-0:1.5.0-5.fc41.i686
DEBUG util.py:463:  >>> Stop post-transaction scriptlet: authselect-libs-0:1.5.0-5.fc41.i686
DEBUG util.py:463:  >>> Running post-transaction scriptlet: rpm-0:4.19.1.1-1.fc40.i686
DEBUG util.py:463:  >>> Stop post-transaction scriptlet: rpm-0:4.19.1.1-1.fc40.i686
DEBUG util.py:463:  >>> Running trigger-install scriptlet: glibc-common-0:2.39.9000-5.fc41.i686
DEBUG util.py:463:  >>> Stop trigger-install scriptlet: glibc-common-0:2.39.9000-5.fc41.i686
DEBUG util.py:463:  >>> Running trigger-install scriptlet: info-0:7.1-2.fc40.i686
DEBUG util.py:463:  >>> Stop trigger-install scriptlet: info-0:7.1-2.fc40.i686
DEBUG util.py:461:  Warning: skipped PGP checks for 153 package(s).
DEBUG util.py:610:  Child return code was: 0
DEBUG util.py:185:  kill orphans in chroot /var/lib/mock/f41-build-49652926-5916286/root
DEBUG util.py:185:  kill orphans in chroot /var/lib/mock/f41-build-49652926-5916286-bootstrap/root/var/lib/mock/f41-build-49652926-5916286/root
DEBUG util.py:636:  child environment: None
DEBUG util.py:558:  Executing command: ['/bin/umount', '-n', '-l', '/var/lib/mock/f41-build-49652926-5916286-bootstrap/root/var/lib/mock/f41-build-49652926-5916286/root'] with env {'TERM': 'vt100', 'SHELL': '/bin/sh', 'HOME': '/builddir', 'HOSTNAME': 'mock', 'PATH': '/usr/bin:/bin:/usr/sbin:/sbin', 'LANG': 'C.UTF-8'} and shell False
DEBUG util.py:610:  Child return code was: 0
DEBUG util.py:636:  child environment: None
DEBUG util.py:558:  Executing command: ['/bin/umount', '-n', '-l', '/var/lib/mock/f41-build-49652926-5916286-bootstrap/root/var/lib/mock/f41-build-49652926-5916286/root'] with env {'TERM': 'vt100', 'SHELL': '/bin/sh', 'HOME': '/builddir', 'HOSTNAME': 'mock', 'PATH': '/usr/bin:/bin:/usr/sbin:/sbin', 'LANG': 'C.UTF-8'} and shell False
DEBUG util.py:610:  Child return code was: 0
DEBUG util.py:636:  child environment: None
DEBUG util.py:558:  Executing command: ['/bin/umount', '-n', '-l', '/var/lib/mock/f41-build-49652926-5916286/root/sys/fs/selinux'] with env {'TERM': 'vt100', 'SHELL': '/bin/sh', 'HOME': '/builddir', 'HOSTNAME': 'mock', 'PATH': '/usr/bin:/bin:/usr/sbin:/sbin', 'LANG': 'C.UTF-8'} and shell False
DEBUG util.py:610:  Child return code was: 0
DEBUG util.py:636:  child environment: None
DEBUG util.py:558:  Executing command: ['/bin/umount', '-n', '/var/lib/mock/f41-build-49652926-5916286/root/proc/filesystems'] with env {'TERM': 'vt100', 'SHELL': '/bin/sh', 'HOME': '/builddir', 'HOSTNAME': 'mock', 'PATH': '/usr/bin:/bin:/usr/sbin:/sbin', 'LANG': 'C.UTF-8'} and shell False
DEBUG util.py:610:  Child return code was: 0
DEBUG util.py:636:  child environment: None
DEBUG util.py:558:  Executing command: ['/bin/umount', '-n', '-l', '/var/lib/mock/f41-build-49652926-5916286/root/dev/pts'] with env {'TERM': 'vt100', 'SHELL': '/bin/sh', 'HOME': '/builddir', 'HOSTNAME': 'mock', 'PATH': '/usr/bin:/bin:/usr/sbin:/sbin', 'LANG': 'C.UTF-8'} and shell False
DEBUG util.py:610:  Child return code was: 0
DEBUG util.py:636:  child environment: None
DEBUG util.py:558:  Executing command: ['/bin/umount', '-n', '-l', '/var/lib/mock/f41-build-49652926-5916286/root/dev/shm'] with env {'TERM': 'vt100', 'SHELL': '/bin/sh', 'HOME': '/builddir', 'HOSTNAME': 'mock', 'PATH': '/usr/bin:/bin:/usr/sbin:/sbin', 'LANG': 'C.UTF-8'} and shell False
DEBUG util.py:610:  Child return code was: 0
DEBUG util.py:636:  child environment: None
DEBUG util.py:558:  Executing command: ['/bin/umount', '-n', '-l', '/var/lib/mock/f41-build-49652926-5916286/root/sys'] with env {'TERM': 'vt100', 'SHELL': '/bin/sh', 'HOME': '/builddir', 'HOSTNAME': 'mock', 'PATH': '/usr/bin:/bin:/usr/sbin:/sbin', 'LANG': 'C.UTF-8'} and shell False
DEBUG util.py:610:  Child return code was: 0
DEBUG util.py:636:  child environment: None
DEBUG util.py:558:  Executing command: ['/bin/umount', '-n', '-l', '/var/lib/mock/f41-build-49652926-5916286/root/sys'] with env {'TERM': 'vt100', 'SHELL': '/bin/sh', 'HOME': '/builddir', 'HOSTNAME': 'mock', 'PATH': '/usr/bin:/bin:/usr/sbin:/sbin', 'LANG': 'C.UTF-8'} and shell False
DEBUG util.py:610:  Child return code was: 0
DEBUG util.py:636:  child environment: None
DEBUG util.py:558:  Executing command: ['/bin/umount', '-n', '-l', '/var/lib/mock/f41-build-49652926-5916286/root/proc'] with env {'TERM': 'vt100', 'SHELL': '/bin/sh', 'HOME': '/builddir', 'HOSTNAME': 'mock', 'PATH': '/usr/bin:/bin:/usr/sbin:/sbin', 'LANG': 'C.UTF-8'} and shell False
DEBUG util.py:610:  Child return code was: 0
DEBUG util.py:636:  child environment: None
DEBUG util.py:558:  Executing command: ['/bin/umount', '-n', '-l', '/var/lib/mock/f41-build-49652926-5916286/root/proc'] with env {'TERM': 'vt100', 'SHELL': '/bin/sh', 'HOME': '/builddir', 'HOSTNAME': 'mock', 'PATH': '/usr/bin:/bin:/usr/sbin:/sbin', 'LANG': 'C.UTF-8'} and shell False
DEBUG util.py:610:  Child return code was: 0
DEBUG file_util.py:30:  touching file: /var/lib/mock/f41-build-49652926-5916286/root/etc/os-release
DEBUG file_util.py:18:  ensuring that dir exists: /var/lib/mock/f41-build-49652926-5916286/root/builddir/build
DEBUG file_util.py:21:  created dir: /var/lib/mock/f41-build-49652926-5916286/root/builddir/build
DEBUG file_util.py:18:  ensuring that dir exists: /var/lib/mock/f41-build-49652926-5916286/root/builddir/build/RPMS
DEBUG file_util.py:21:  created dir: /var/lib/mock/f41-build-49652926-5916286/root/builddir/build/RPMS
DEBUG file_util.py:18:  ensuring that dir exists: /var/lib/mock/f41-build-49652926-5916286/root/builddir/build/SPECS
DEBUG file_util.py:21:  created dir: /var/lib/mock/f41-build-49652926-5916286/root/builddir/build/SPECS
DEBUG file_util.py:18:  ensuring that dir exists: /var/lib/mock/f41-build-49652926-5916286/root/builddir/build/SRPMS
DEBUG file_util.py:21:  created dir: /var/lib/mock/f41-build-49652926-5916286/root/builddir/build/SRPMS
DEBUG file_util.py:18:  ensuring that dir exists: /var/lib/mock/f41-build-49652926-5916286/root/builddir/build/SOURCES
DEBUG file_util.py:21:  created dir: /var/lib/mock/f41-build-49652926-5916286/root/builddir/build/SOURCES
DEBUG file_util.py:18:  ensuring that dir exists: /var/lib/mock/f41-build-49652926-5916286/root/builddir/build/BUILD
DEBUG file_util.py:21:  created dir: /var/lib/mock/f41-build-49652926-5916286/root/builddir/build/BUILD
DEBUG file_util.py:18:  ensuring that dir exists: /var/lib/mock/f41-build-49652926-5916286/root/builddir/build/BUILDROOT
DEBUG file_util.py:21:  created dir: /var/lib/mock/f41-build-49652926-5916286/root/builddir/build/BUILDROOT
DEBUG file_util.py:18:  ensuring that dir exists: /var/lib/mock/f41-build-49652926-5916286/root/builddir/build/originals
DEBUG file_util.py:21:  created dir: /var/lib/mock/f41-build-49652926-5916286/root/builddir/build/originals
DEBUG file_util.py:18:  ensuring that dir exists: /var/lib/mock/f41-build-49652926-5916286/root/builddir
DEBUG util.py:636:  child environment: None
DEBUG util.py:558:  Executing command: ['userdel', '-f', 'mockbuild', '--prefix', '/var/lib/mock/f41-build-49652926-5916286/root'] with env {'TERM': 'vt100', 'SHELL': '/bin/sh', 'HOME': '/builddir', 'HOSTNAME': 'mock', 'PATH': '/usr/bin:/bin:/usr/sbin:/sbin', 'LANG': 'C.UTF-8'} and shell False
DEBUG util.py:461:  userdel: user 'mockbuild' does not exist
DEBUG util.py:610:  Child return code was: 6
DEBUG util.py:636:  child environment: None
DEBUG util.py:558:  Executing command: ['groupdel', 'mock', '--prefix', '/var/lib/mock/f41-build-49652926-5916286/root'] with env {'TERM': 'vt100', 'SHELL': '/bin/sh', 'HOME': '/builddir', 'HOSTNAME': 'mock', 'PATH': '/usr/bin:/bin:/usr/sbin:/sbin', 'LANG': 'C.UTF-8'} and shell False
DEBUG util.py:461:  groupdel: group 'mock' does not exist
DEBUG util.py:610:  Child return code was: 6
DEBUG util.py:636:  child environment: None
DEBUG util.py:558:  Executing command: ['groupadd', 'mock', '-g', '425', '--prefix', '/var/lib/mock/f41-build-49652926-5916286/root'] with env {'TERM': 'vt100', 'SHELL': '/bin/sh', 'HOME': '/builddir', 'HOSTNAME': 'mock', 'PATH': '/usr/bin:/bin:/usr/sbin:/sbin', 'LANG': 'C.UTF-8'} and shell False
DEBUG util.py:610:  Child return code was: 0
DEBUG util.py:636:  child environment: None
DEBUG util.py:558:  Executing command: ['useradd', 'mockbuild', '-o', '-u', '1000', '-g', '425', '-N', '-d', '/builddir', '--prefix', '/var/lib/mock/f41-build-49652926-5916286/root'] with env {'TERM': 'vt100', 'SHELL': '/bin/sh', 'HOME': '/builddir', 'HOSTNAME': 'mock', 'PATH': '/usr/bin:/bin:/usr/sbin:/sbin', 'LANG': 'C.UTF-8'} and shell False
DEBUG util.py:461:  useradd: warning: the home directory /builddir already exists.
DEBUG util.py:461:  useradd: Not copying any file from skel directory into it.
DEBUG util.py:610:  Child return code was: 0
DEBUG file_util.py:30:  touching file: /var/lib/mock/f41-build-49652926-5916286/root/.initialized
DEBUG file_util.py:18:  ensuring that dir exists: /var/lib/mock/f41-build-49652926-5916286-bootstrap/root/var/lib/mock/f41-build-49652926-5916286/root
DEBUG util.py:636:  child environment: None
DEBUG util.py:558:  Executing command: ['/bin/mount', '-n', '-t', 'tmpfs', '-o', 'private,mode=0755', 'tmpfs', '/var/lib/mock/f41-build-49652926-5916286-bootstrap/root/var/lib/mock/f41-build-49652926-5916286/root'] with env {'TERM': 'vt100', 'SHELL': '/bin/sh', 'HOME': '/builddir', 'HOSTNAME': 'mock', 'PATH': '/usr/bin:/bin:/usr/sbin:/sbin', 'LANG': 'C.UTF-8'} and shell False
DEBUG util.py:610:  Child return code was: 0
DEBUG file_util.py:18:  ensuring that dir exists: /var/lib/mock/f41-build-49652926-5916286-bootstrap/root/var/lib/mock/f41-build-49652926-5916286/root
DEBUG util.py:636:  child environment: None
DEBUG util.py:558:  Executing command: ['/bin/mount', '-n', '-o', 'rbind', '/var/lib/mock/f41-build-49652926-5916286/root', '/var/lib/mock/f41-build-49652926-5916286-bootstrap/root/var/lib/mock/f41-build-49652926-5916286/root'] with env {'TERM': 'vt100', 'SHELL': '/bin/sh', 'HOME': '/builddir', 'HOSTNAME': 'mock', 'PATH': '/usr/bin:/bin:/usr/sbin:/sbin', 'LANG': 'C.UTF-8'} and shell False
DEBUG util.py:610:  Child return code was: 0
DEBUG util.py:636:  child environment: None
DEBUG util.py:558:  Executing command: ['/bin/mount', '-n', '-o', 'remount,private,rbind', '--target', '/var/lib/mock/f41-build-49652926-5916286-bootstrap/root/var/lib/mock/f41-build-49652926-5916286/root'] with env {'TERM': 'vt100', 'SHELL': '/bin/sh', 'HOME': '/builddir', 'HOSTNAME': 'mock', 'PATH': '/usr/bin:/bin:/usr/sbin:/sbin', 'LANG': 'C.UTF-8'} and shell False
DEBUG util.py:610:  Child return code was: 0
DEBUG util.py:636:  child environment: None
DEBUG util.py:553:  Using nspawn with args None
DEBUG util.py:558:  Executing command: ['/usr/bin/systemd-nspawn', '-q', '-M', '9db1d37132a04653a43af41679b4f5de', '-D', '/var/lib/mock/f41-build-49652926-5916286-bootstrap/root', '-a', '--console=pipe', '--setenv=TERM=vt100', '--setenv=SHELL=/bin/bash', '--setenv=HOME=/builddir', '--setenv=HOSTNAME=mock', '--setenv=PATH=/usr/bin:/bin:/usr/sbin:/sbin', '--setenv=PROMPT_COMMAND=printf "\\033]0;<mock-chroot>\\007"', '--setenv=PS1=<mock-chroot> \\s-\\v\\$ ', '--setenv=LANG=C.UTF-8', '--resolv-conf=off', '/bin/rpm', '-qa', '--root', '/var/lib/mock/f41-build-49652926-5916286/root'] with env {'TERM': 'vt100', 'SHELL': '/bin/bash', 'HOME': '/builddir', 'HOSTNAME': 'mock', 'PATH': '/usr/bin:/bin:/usr/sbin:/sbin', 'PROMPT_COMMAND': 'printf "\\033]0;<mock-chroot>\\007"', 'PS1': '<mock-chroot> \\s-\\v\\$ ', 'LANG': 'C.UTF-8', 'SYSTEMD_NSPAWN_TMPFS_TMP': '0', 'SYSTEMD_SECCOMP': '0'} and shell False
DEBUG util.py:463:  crypto-policies-20240304-1.git0375239.fc41.noarch
DEBUG util.py:463:  fedora-release-identity-basic-41-0.6.noarch
DEBUG util.py:463:  fedora-gpg-keys-41-0.1.noarch
DEBUG util.py:463:  fedora-repos-rawhide-41-0.1.noarch
DEBUG util.py:463:  fedora-repos-41-0.1.noarch
DEBUG util.py:463:  fedora-release-common-41-0.6.noarch
DEBUG util.py:463:  fedora-release-41-0.6.noarch
DEBUG util.py:463:  setup-2.14.5-2.fc40.noarch
DEBUG util.py:463:  filesystem-3.18-8.fc40.i686
DEBUG util.py:463:  basesystem-11-20.fc40.noarch
DEBUG util.py:463:  libssh-config-0.10.6-6.fc41.noarch
DEBUG util.py:463:  publicsuffix-list-dafsa-20240107-3.fc40.noarch
DEBUG util.py:463:  pkgconf-m4-2.1.0-1.fc40.noarch
DEBUG util.py:463:  pcre2-syntax-10.42-2.fc40.2.noarch
DEBUG util.py:463:  ncurses-base-6.4-12.20240127.fc40.noarch
DEBUG util.py:463:  rust-srpm-macros-26.2-1.fc41.noarch
DEBUG util.py:463:  qt6-srpm-macros-6.6.2-1.fc41.noarch
DEBUG util.py:463:  qt5-srpm-macros-5.15.12-3.fc40.noarch
DEBUG util.py:463:  perl-srpm-macros-1-53.fc40.noarch
DEBUG util.py:463:  package-notes-srpm-macros-0.5-11.fc40.noarch
DEBUG util.py:463:  openblas-srpm-macros-2-17.fc41.noarch
DEBUG util.py:463:  ocaml-srpm-macros-9-3.fc40.noarch
DEBUG util.py:463:  kernel-srpm-macros-1.0-23.fc41.noarch
DEBUG util.py:463:  gnat-srpm-macros-6-5.fc40.noarch
DEBUG util.py:463:  ghc-srpm-macros-1.9-1.fc41.noarch
DEBUG util.py:463:  fpc-srpm-macros-1.3-12.fc40.noarch
DEBUG util.py:463:  ansible-srpm-macros-1-14.fc40.noarch
DEBUG util.py:463:  coreutils-common-9.4-6.fc40.i686
DEBUG util.py:463:  libgcc-14.0.1-0.8.fc41.i686
DEBUG util.py:463:  glibc-minimal-langpack-2.39.9000-5.fc41.i686
DEBUG util.py:463:  ncurses-libs-6.4-12.20240127.fc40.i686
DEBUG util.py:463:  glibc-2.39.9000-5.fc41.i686
DEBUG util.py:463:  bash-5.2.26-3.fc40.i686
DEBUG util.py:463:  glibc-common-2.39.9000-5.fc41.i686
DEBUG util.py:463:  glibc-gconv-extra-2.39.9000-5.fc41.i686
DEBUG util.py:463:  zlib-ng-compat-2.1.6-2.fc40.i686
DEBUG util.py:463:  xz-libs-5.6.1-1.fc41.i686
DEBUG util.py:463:  bzip2-libs-1.0.8-18.fc40.i686
DEBUG util.py:463:  readline-8.2-8.fc40.i686
DEBUG util.py:463:  popt-1.19-6.fc40.i686
DEBUG util.py:463:  libuuid-2.40-0.11.rc1.fc41.i686
DEBUG util.py:463:  libstdc++-14.0.1-0.8.fc41.i686
DEBUG util.py:463:  libzstd-1.5.5-5.fc40.i686
DEBUG util.py:463:  elfutils-libelf-0.191-2.fc41.i686
DEBUG util.py:463:  libblkid-2.40-0.11.rc1.fc41.i686
DEBUG util.py:463:  gmp-6.3.0-1.fc41.i686
DEBUG util.py:463:  libattr-2.5.2-3.fc40.i686
DEBUG util.py:463:  libacl-2.3.2-1.fc40.i686
DEBUG util.py:463:  libxcrypt-4.4.36-5.fc40.i686
DEBUG util.py:463:  libeconf-0.6.2-1.fc41.i686
DEBUG util.py:463:  lz4-libs-1.9.4-6.fc40.i686
DEBUG util.py:463:  gdbm-libs-1.23-6.fc40.i686
DEBUG util.py:463:  mpfr-4.2.1-3.fc40.i686
DEBUG util.py:463:  gawk-5.3.0-3.fc40.i686
DEBUG util.py:463:  dwz-0.15-6.fc40.i686
DEBUG util.py:463:  unzip-6.0-63.fc40.i686
DEBUG util.py:463:  file-libs-5.45-5.fc41.i686
DEBUG util.py:463:  file-5.45-5.fc41.i686
DEBUG util.py:463:  pcre2-10.42-2.fc40.2.i686
DEBUG util.py:463:  grep-3.11-7.fc40.i686
DEBUG util.py:463:  xz-5.6.1-1.fc41.i686
DEBUG util.py:463:  libcap-ng-0.8.4-4.fc40.i686
DEBUG util.py:463:  audit-libs-4.0.1-1.fc41.i686
DEBUG util.py:463:  pam-libs-1.6.0-2.fc41.i686
DEBUG util.py:463:  libcap-2.69-3.fc40.i686
DEBUG util.py:463:  systemd-libs-255.4-1.fc41.i686
DEBUG util.py:463:  libsmartcols-2.40-0.11.rc1.fc41.i686
DEBUG util.py:463:  libsepol-3.6-3.fc40.i686
DEBUG util.py:463:  libselinux-3.6-4.fc40.i686
DEBUG util.py:463:  sed-4.9-1.fc40.i686
DEBUG util.py:463:  findutils-4.9.0-8.fc40.i686
DEBUG util.py:463:  libmount-2.40-0.11.rc1.fc41.i686
DEBUG util.py:463:  alternatives-1.26-3.fc40.i686
DEBUG util.py:463:  jansson-2.13.1-9.fc40.i686
DEBUG util.py:463:  lua-libs-5.4.6-5.fc40.i686
DEBUG util.py:463:  libcom_err-1.47.0-5.fc40.i686
DEBUG util.py:463:  libtasn1-4.19.0-6.fc40.i686
DEBUG util.py:463:  libunistring-1.1-7.fc41.i686
DEBUG util.py:463:  elfutils-default-yama-scope-0.191-2.fc41.noarch
DEBUG util.py:463:  libidn2-2.3.7-1.fc40.i686
DEBUG util.py:463:  libpsl-0.21.5-3.fc40.i686
DEBUG util.py:463:  util-linux-core-2.40-0.11.rc1.fc41.i686
DEBUG util.py:463:  tar-1.35-3.fc40.i686
DEBUG util.py:463:  libsemanage-3.6-3.fc40.i686
DEBUG util.py:463:  shadow-utils-4.15.1-1.fc41.i686
DEBUG util.py:463:  libutempter-1.2.1-13.fc40.i686
DEBUG util.py:463:  zip-3.0-40.fc40.i686
DEBUG util.py:463:  gdbm-1.23-6.fc40.i686
DEBUG util.py:463:  cyrus-sasl-lib-2.1.28-19.fc40.i686
DEBUG util.py:463:  zstd-1.5.5-5.fc40.i686
DEBUG util.py:463:  libfdisk-2.40-0.11.rc1.fc41.i686
DEBUG util.py:463:  bzip2-1.0.8-18.fc40.i686
DEBUG util.py:463:  libxml2-2.12.5-1.fc40.i686
DEBUG util.py:463:  sqlite-libs-3.45.2-1.fc41.i686
DEBUG util.py:463:  ed-1.20.1-1.fc41.i686
DEBUG util.py:463:  patch-2.7.6-24.fc40.i686
DEBUG util.py:463:  cpio-2.15-1.fc40.i686
DEBUG util.py:463:  diffutils-3.10-5.fc40.i686
DEBUG util.py:463:  libgomp-14.0.1-0.8.fc41.i686
DEBUG util.py:463:  libpkgconf-2.1.0-1.fc40.i686
DEBUG util.py:463:  pkgconf-2.1.0-1.fc40.i686
DEBUG util.py:463:  pkgconf-pkg-config-2.1.0-1.fc40.i686
DEBUG util.py:463:  libffi-3.4.4-8.fc41.i686
DEBUG util.py:463:  p11-kit-0.25.3-4.fc40.i686
DEBUG util.py:463:  p11-kit-trust-0.25.3-4.fc40.i686
DEBUG util.py:463:  openssl-libs-3.2.1-3.fc41.i686
DEBUG util.py:463:  coreutils-9.4-6.fc40.i686
DEBUG util.py:463:  ca-certificates-2023.2.62_v7.0.401-6.fc40.noarch
DEBUG util.py:463:  gzip-1.13-1.fc40.i686
DEBUG util.py:463:  authselect-libs-1.5.0-5.fc41.i686
DEBUG util.py:463:  libarchive-3.7.2-3.fc40.i686
DEBUG util.py:463:  authselect-1.5.0-5.fc41.i686
DEBUG util.py:463:  cracklib-2.9.11-5.fc40.i686
DEBUG util.py:463:  libpwquality-1.4.5-9.fc40.i686
DEBUG util.py:463:  rpm-sequoia-1.6.0-2.fc40.i686
DEBUG util.py:463:  rpm-libs-4.19.1.1-1.fc40.i686
DEBUG util.py:463:  libevent-2.1.12-12.fc40.i686
DEBUG util.py:463:  keyutils-libs-1.6.3-3.fc40.i686
DEBUG util.py:463:  libverto-0.3.2-8.fc40.i686
DEBUG util.py:463:  krb5-libs-1.21.2-5.fc40.i686
DEBUG util.py:463:  libtirpc-1.3.4-1.rc2.fc40.2.i686
DEBUG util.py:463:  libnsl2-2.0.1-1.fc40.i686
DEBUG util.py:463:  pam-1.6.0-2.fc41.i686
DEBUG util.py:463:  libssh-0.10.6-6.fc41.i686
DEBUG util.py:463:  xxhash-libs-0.8.2-2.fc40.i686
DEBUG util.py:463:  libbrotli-1.1.0-3.fc40.i686
DEBUG util.py:463:  libnghttp2-1.60.0-2.fc41.i686
DEBUG util.py:463:  libtool-ltdl-2.4.7-10.fc40.i686
DEBUG util.py:463:  openldap-2.6.7-1.fc40.i686
DEBUG util.py:463:  libcurl-8.6.0-7.fc41.i686
DEBUG util.py:463:  elfutils-debuginfod-client-0.191-2.fc41.i686
DEBUG util.py:463:  elfutils-libs-0.191-2.fc41.i686
DEBUG util.py:463:  binutils-gold-2.42.50-5.fc41.i686
DEBUG util.py:463:  binutils-2.42.50-5.fc41.i686
DEBUG util.py:463:  elfutils-0.191-2.fc41.i686
DEBUG util.py:463:  gdb-minimal-14.2-1.fc41.i686
DEBUG util.py:463:  debugedit-5.0-14.fc40.i686
DEBUG util.py:463:  rpm-build-libs-4.19.1.1-1.fc40.i686
DEBUG util.py:463:  curl-8.6.0-7.fc41.i686
DEBUG util.py:463:  rpm-4.19.1.1-1.fc40.i686
DEBUG util.py:463:  efi-srpm-macros-5-11.fc40.noarch
DEBUG util.py:463:  lua-srpm-macros-1-13.fc40.noarch
DEBUG util.py:463:  zig-srpm-macros-1-2.fc40.noarch
DEBUG util.py:463:  fonts-srpm-macros-2.0.5-14.fc40.noarch
DEBUG util.py:463:  forge-srpm-macros-0.3.0-1.fc41.noarch
DEBUG util.py:463:  go-srpm-macros-3.5.0-1.fc41.noarch
DEBUG util.py:463:  python-srpm-macros-3.12-7.fc40.noarch
DEBUG util.py:463:  redhat-rpm-config-286-1.fc41.noarch
DEBUG util.py:463:  rpm-build-4.19.1.1-1.fc40.i686
DEBUG util.py:463:  pyproject-srpm-macros-1.12.0-1.fc40.noarch
DEBUG util.py:463:  util-linux-2.40-0.11.rc1.fc41.i686
DEBUG util.py:463:  which-2.21-41.fc40.i686
DEBUG util.py:463:  info-7.1-2.fc40.i686
DEBUG util.py:610:  Child return code was: 0
DEBUG util.py:185:  kill orphans in chroot /var/lib/mock/f41-build-49652926-5916286/root
DEBUG util.py:185:  kill orphans in chroot /var/lib/mock/f41-build-49652926-5916286-bootstrap/root/var/lib/mock/f41-build-49652926-5916286/root
DEBUG util.py:636:  child environment: None
DEBUG util.py:558:  Executing command: ['/bin/umount', '-n', '-l', '/var/lib/mock/f41-build-49652926-5916286-bootstrap/root/var/lib/mock/f41-build-49652926-5916286/root'] with env {'TERM': 'vt100', 'SHELL': '/bin/sh', 'HOME': '/builddir', 'HOSTNAME': 'mock', 'PATH': '/usr/bin:/bin:/usr/sbin:/sbin', 'LANG': 'C.UTF-8'} and shell False
DEBUG util.py:610:  Child return code was: 0
DEBUG util.py:636:  child environment: None
DEBUG util.py:558:  Executing command: ['/bin/umount', '-n', '-l', '/var/lib/mock/f41-build-49652926-5916286-bootstrap/root/var/lib/mock/f41-build-49652926-5916286/root'] with env {'TERM': 'vt100', 'SHELL': '/bin/sh', 'HOME': '/builddir', 'HOSTNAME': 'mock', 'PATH': '/usr/bin:/bin:/usr/sbin:/sbin', 'LANG': 'C.UTF-8'} and shell False
DEBUG util.py:610:  Child return code was: 0
INFO backend.py:234:  Installed packages:
INFO backend.py:235:  alternatives-1.26-3.fc40.i686
ansible-srpm-macros-1-14.fc40.noarch
audit-libs-4.0.1-1.fc41.i686
authselect-1.5.0-5.fc41.i686
authselect-libs-1.5.0-5.fc41.i686
basesystem-11-20.fc40.noarch
bash-5.2.26-3.fc40.i686
binutils-2.42.50-5.fc41.i686
binutils-gold-2.42.50-5.fc41.i686
bzip2-1.0.8-18.fc40.i686
bzip2-libs-1.0.8-18.fc40.i686
ca-certificates-2023.2.62_v7.0.401-6.fc40.noarch
coreutils-9.4-6.fc40.i686
coreutils-common-9.4-6.fc40.i686
cpio-2.15-1.fc40.i686
cracklib-2.9.11-5.fc40.i686
crypto-policies-20240304-1.git0375239.fc41.noarch
curl-8.6.0-7.fc41.i686
cyrus-sasl-lib-2.1.28-19.fc40.i686
debugedit-5.0-14.fc40.i686
diffutils-3.10-5.fc40.i686
dwz-0.15-6.fc40.i686
ed-1.20.1-1.fc41.i686
efi-srpm-macros-5-11.fc40.noarch
elfutils-0.191-2.fc41.i686
elfutils-debuginfod-client-0.191-2.fc41.i686
elfutils-default-yama-scope-0.191-2.fc41.noarch
elfutils-libelf-0.191-2.fc41.i686
elfutils-libs-0.191-2.fc41.i686
fedora-gpg-keys-41-0.1.noarch
fedora-release-41-0.6.noarch
fedora-release-common-41-0.6.noarch
fedora-release-identity-basic-41-0.6.noarch
fedora-repos-41-0.1.noarch
fedora-repos-rawhide-41-0.1.noarch
file-5.45-5.fc41.i686
file-libs-5.45-5.fc41.i686
filesystem-3.18-8.fc40.i686
findutils-4.9.0-8.fc40.i686
fonts-srpm-macros-2.0.5-14.fc40.noarch
forge-srpm-macros-0.3.0-1.fc41.noarch
fpc-srpm-macros-1.3-12.fc40.noarch
gawk-5.3.0-3.fc40.i686
gdb-minimal-14.2-1.fc41.i686
gdbm-1.23-6.fc40.i686
gdbm-libs-1.23-6.fc40.i686
ghc-srpm-macros-1.9-1.fc41.noarch
glibc-2.39.9000-5.fc41.i686
glibc-common-2.39.9000-5.fc41.i686
glibc-gconv-extra-2.39.9000-5.fc41.i686
glibc-minimal-langpack-2.39.9000-5.fc41.i686
gmp-6.3.0-1.fc41.i686
gnat-srpm-macros-6-5.fc40.noarch
go-srpm-macros-3.5.0-1.fc41.noarch
grep-3.11-7.fc40.i686
gzip-1.13-1.fc40.i686
info-7.1-2.fc40.i686
jansson-2.13.1-9.fc40.i686
kernel-srpm-macros-1.0-23.fc41.noarch
keyutils-libs-1.6.3-3.fc40.i686
krb5-libs-1.21.2-5.fc40.i686
libacl-2.3.2-1.fc40.i686
libarchive-3.7.2-3.fc40.i686
libattr-2.5.2-3.fc40.i686
libblkid-2.40-0.11.rc1.fc41.i686
libbrotli-1.1.0-3.fc40.i686
libcap-2.69-3.fc40.i686
libcap-ng-0.8.4-4.fc40.i686
libcom_err-1.47.0-5.fc40.i686
libcurl-8.6.0-7.fc41.i686
libeconf-0.6.2-1.fc41.i686
libevent-2.1.12-12.fc40.i686
libfdisk-2.40-0.11.rc1.fc41.i686
libffi-3.4.4-8.fc41.i686
libgcc-14.0.1-0.8.fc41.i686
libgomp-14.0.1-0.8.fc41.i686
libidn2-2.3.7-1.fc40.i686
libmount-2.40-0.11.rc1.fc41.i686
libnghttp2-1.60.0-2.fc41.i686
libnsl2-2.0.1-1.fc40.i686
libpkgconf-2.1.0-1.fc40.i686
libpsl-0.21.5-3.fc40.i686
libpwquality-1.4.5-9.fc40.i686
libselinux-3.6-4.fc40.i686
libsemanage-3.6-3.fc40.i686
libsepol-3.6-3.fc40.i686
libsmartcols-2.40-0.11.rc1.fc41.i686
libssh-0.10.6-6.fc41.i686
libssh-config-0.10.6-6.fc41.noarch
libstdc++-14.0.1-0.8.fc41.i686
libtasn1-4.19.0-6.fc40.i686
libtirpc-1.3.4-1.rc2.fc40.2.i686
libtool-ltdl-2.4.7-10.fc40.i686
libunistring-1.1-7.fc41.i686
libutempter-1.2.1-13.fc40.i686
libuuid-2.40-0.11.rc1.fc41.i686
libverto-0.3.2-8.fc40.i686
libxcrypt-4.4.36-5.fc40.i686
libxml2-2.12.5-1.fc40.i686
libzstd-1.5.5-5.fc40.i686
lua-libs-5.4.6-5.fc40.i686
lua-srpm-macros-1-13.fc40.noarch
lz4-libs-1.9.4-6.fc40.i686
mpfr-4.2.1-3.fc40.i686
ncurses-base-6.4-12.20240127.fc40.noarch
ncurses-libs-6.4-12.20240127.fc40.i686
ocaml-srpm-macros-9-3.fc40.noarch
openblas-srpm-macros-2-17.fc41.noarch
openldap-2.6.7-1.fc40.i686
openssl-libs-3.2.1-3.fc41.i686
p11-kit-0.25.3-4.fc40.i686
p11-kit-trust-0.25.3-4.fc40.i686
package-notes-srpm-macros-0.5-11.fc40.noarch
pam-1.6.0-2.fc41.i686
pam-libs-1.6.0-2.fc41.i686
patch-2.7.6-24.fc40.i686
pcre2-10.42-2.fc40.2.i686
pcre2-syntax-10.42-2.fc40.2.noarch
perl-srpm-macros-1-53.fc40.noarch
pkgconf-2.1.0-1.fc40.i686
pkgconf-m4-2.1.0-1.fc40.noarch
pkgconf-pkg-config-2.1.0-1.fc40.i686
popt-1.19-6.fc40.i686
publicsuffix-list-dafsa-20240107-3.fc40.noarch
pyproject-srpm-macros-1.12.0-1.fc40.noarch
python-srpm-macros-3.12-7.fc40.noarch
qt5-srpm-macros-5.15.12-3.fc40.noarch
qt6-srpm-macros-6.6.2-1.fc41.noarch
readline-8.2-8.fc40.i686
redhat-rpm-config-286-1.fc41.noarch
rpm-4.19.1.1-1.fc40.i686
rpm-build-4.19.1.1-1.fc40.i686
rpm-build-libs-4.19.1.1-1.fc40.i686
rpm-libs-4.19.1.1-1.fc40.i686
rpm-sequoia-1.6.0-2.fc40.i686
rust-srpm-macros-26.2-1.fc41.noarch
sed-4.9-1.fc40.i686
setup-2.14.5-2.fc40.noarch
shadow-utils-4.15.1-1.fc41.i686
sqlite-libs-3.45.2-1.fc41.i686
systemd-libs-255.4-1.fc41.i686
tar-1.35-3.fc40.i686
unzip-6.0-63.fc40.i686
util-linux-2.40-0.11.rc1.fc41.i686
util-linux-core-2.40-0.11.rc1.fc41.i686
which-2.21-41.fc40.i686
xxhash-libs-0.8.2-2.fc40.i686
xz-5.6.1-1.fc41.i686
xz-libs-5.6.1-1.fc41.i686
zig-srpm-macros-1-2.fc40.noarch
zip-3.0-40.fc40.i686
zlib-ng-compat-2.1.6-2.fc40.i686
zstd-1.5.5-5.fc40.i686
DEBUG util.py:185:  kill orphans in chroot /var/lib/mock/f41-build-49652926-5916286/root
DEBUG util.py:185:  kill orphans in chroot /var/lib/mock/f41-build-49652926-5916286-bootstrap/root
INFO buildroot.py:603:  Mock Version: 5.5
DEBUG file_util.py:18:  ensuring that dir exists: /var/lib/mock/f41-build-49652926-5916286/root
DEBUG file_util.py:18:  ensuring that dir exists: /var/lib/mock/f41-build-49652926-5916286-bootstrap
DEBUG file_util.py:18:  ensuring that dir exists: /var/lib/mock/f41-build-49652926-5916286-bootstrap
DEBUG file_util.py:18:  ensuring that dir exists: /var/lib/mock/f41-build-49652926-5916286-bootstrap/root
DEBUG file_util.py:18:  ensuring that dir exists: /var/lib/mock/f41-build-49652926-5916286-bootstrap/results
INFO buildroot.py:284:  calling preinit hooks
DEBUG buildroot.py:659:  create skeleton dirs
DEBUG file_util.py:18:  ensuring that dir exists: /var/lib/mock/f41-build-49652926-5916286-bootstrap/root/var/lib/rpm
DEBUG file_util.py:18:  ensuring that dir exists: /var/lib/mock/f41-build-49652926-5916286-bootstrap/root/var/lib/yum
DEBUG file_util.py:18:  ensuring that dir exists: /var/lib/mock/f41-build-49652926-5916286-bootstrap/root/var/lib/dbus
DEBUG file_util.py:18:  ensuring that dir exists: /var/lib/mock/f41-build-49652926-5916286-bootstrap/root/var/log
DEBUG file_util.py:18:  ensuring that dir exists: /var/lib/mock/f41-build-49652926-5916286-bootstrap/root/var/cache/dnf
DEBUG file_util.py:18:  ensuring that dir exists: /var/lib/mock/f41-build-49652926-5916286-bootstrap/root/var/cache/yum
DEBUG file_util.py:18:  ensuring that dir exists: /var/lib/mock/f41-build-49652926-5916286-bootstrap/root/etc/rpm
DEBUG file_util.py:18:  ensuring that dir exists: /var/lib/mock/f41-build-49652926-5916286-bootstrap/root/tmp
DEBUG file_util.py:18:  ensuring that dir exists: /var/lib/mock/f41-build-49652926-5916286-bootstrap/root/tmp/ccache
DEBUG file_util.py:18:  ensuring that dir exists: /var/lib/mock/f41-build-49652926-5916286-bootstrap/root/var/tmp
DEBUG file_util.py:18:  ensuring that dir exists: /var/lib/mock/f41-build-49652926-5916286-bootstrap/root/etc/dnf
DEBUG file_util.py:18:  ensuring that dir exists: /var/lib/mock/f41-build-49652926-5916286-bootstrap/root/etc/dnf/vars
DEBUG file_util.py:18:  ensuring that dir exists: /var/lib/mock/f41-build-49652926-5916286-bootstrap/root/etc/yum.repos.d
DEBUG file_util.py:18:  ensuring that dir exists: /var/lib/mock/f41-build-49652926-5916286-bootstrap/root/etc/yum
DEBUG file_util.py:18:  ensuring that dir exists: /var/lib/mock/f41-build-49652926-5916286-bootstrap/root/proc
DEBUG file_util.py:18:  ensuring that dir exists: /var/lib/mock/f41-build-49652926-5916286-bootstrap/root/sys
DEBUG file_util.py:18:  ensuring that dir exists: /var/lib/mock/f41-build-49652926-5916286-bootstrap/root/dev/pts
DEBUG file_util.py:18:  ensuring that dir exists: /var/lib/mock/f41-build-49652926-5916286-bootstrap/root/dev/shm
DEBUG file_util.py:18:  ensuring that dir exists: /var/lib/mock/f41-build-49652926-5916286-bootstrap/root/dev/mapper
DEBUG file_util.py:21:  created dir: /var/lib/mock/f41-build-49652926-5916286-bootstrap/root/dev/mapper
DEBUG buildroot.py:803:  kernel version == 6.8.0-0.rc7.55.fc40.1.x86_64
DEBUG file_util.py:30:  touching file: /var/lib/mock/f41-build-49652926-5916286-bootstrap/root/etc/fstab
DEBUG file_util.py:30:  touching file: /var/lib/mock/f41-build-49652926-5916286-bootstrap/root/etc/yum/yum.conf
DEBUG file_util.py:30:  touching file: /var/lib/mock/f41-build-49652926-5916286-bootstrap/root/etc/dnf/dnf.conf
DEBUG file_util.py:30:  touching file: /var/lib/mock/f41-build-49652926-5916286-bootstrap/root/var/log/yum.log
DEBUG buildroot.py:298:  rootdir = /var/lib/mock/f41-build-49652926-5916286-bootstrap/root
DEBUG buildroot.py:299:  resultdir = /var/lib/mock/f41-build-49652926-5916286-bootstrap/results
DEBUG package_manager.py:56:  searching for 'dnf5' package manager or alternatives
INFO buildroot.py:174:  Package manager dnf5 detected and used (fallback)
DEBUG file_util.py:18:  ensuring that dir exists: /var/lib/mock/f41-build-49652926-5916286-bootstrap/root/etc/pki/mock
DEBUG file_util.py:158:  Updating files in /var/lib/mock/f41-build-49652926-5916286-bootstrap/root/etc/pki/ca-trust with files from /etc/pki/ca-trust
DEBUG file_util.py:18:  ensuring that dir exists: /var/lib/mock/f41-build-49652926-5916286-bootstrap/root/etc/pki/ca-trust
DEBUG file_util.py:18:  ensuring that dir exists: /var/lib/mock/f41-build-49652926-5916286-bootstrap/root/etc/pki/ca-trust/./extracted
DEBUG file_util.py:18:  ensuring that dir exists: /var/lib/mock/f41-build-49652926-5916286-bootstrap/root/etc/pki/ca-trust/./source
DEBUG file_util.py:18:  ensuring that dir exists: /var/lib/mock/f41-build-49652926-5916286-bootstrap/root/etc/pki/ca-trust/extracted/edk2
DEBUG file_util.py:18:  ensuring that dir exists: /var/lib/mock/f41-build-49652926-5916286-bootstrap/root/etc/pki/ca-trust/extracted/java
DEBUG file_util.py:18:  ensuring that dir exists: /var/lib/mock/f41-build-49652926-5916286-bootstrap/root/etc/pki/ca-trust/extracted/openssl
DEBUG file_util.py:18:  ensuring that dir exists: /var/lib/mock/f41-build-49652926-5916286-bootstrap/root/etc/pki/ca-trust/extracted/pem
DEBUG file_util.py:18:  ensuring that dir exists: /var/lib/mock/f41-build-49652926-5916286-bootstrap/root/etc/pki/ca-trust/extracted/pem/directory-hash
DEBUG file_util.py:18:  ensuring that dir exists: /var/lib/mock/f41-build-49652926-5916286-bootstrap/root/etc/pki/ca-trust/source/anchors
DEBUG file_util.py:18:  ensuring that dir exists: /var/lib/mock/f41-build-49652926-5916286-bootstrap/root/etc/pki/ca-trust/source/blacklist
DEBUG file_util.py:18:  ensuring that dir exists: /var/lib/mock/f41-build-49652926-5916286-bootstrap/root/etc/pki/ca-trust/source/blocklist
DEBUG file_util.py:158:  Updating files in /var/lib/mock/f41-build-49652926-5916286-bootstrap/root/usr/share/pki/ca-trust-source with files from /usr/share/pki/ca-trust-source
DEBUG file_util.py:18:  ensuring that dir exists: /var/lib/mock/f41-build-49652926-5916286-bootstrap/root/usr/share/pki/ca-trust-source
DEBUG file_util.py:18:  ensuring that dir exists: /var/lib/mock/f41-build-49652926-5916286-bootstrap/root/usr/share/pki/ca-trust-source/./anchors
DEBUG file_util.py:18:  ensuring that dir exists: /var/lib/mock/f41-build-49652926-5916286-bootstrap/root/usr/share/pki/ca-trust-source/./blacklist
DEBUG file_util.py:18:  ensuring that dir exists: /var/lib/mock/f41-build-49652926-5916286-bootstrap/root/usr/share/pki/ca-trust-source/./blocklist
DEBUG file_util.py:18:  ensuring that dir exists: /var/lib/mock/f41-build-49652926-5916286-bootstrap/root/usr/share
DEBUG package_manager.py:382:  Copying /usr/share/distribution-gpg-keys to the bootstrap chroot
DEBUG util.py:636:  child environment: None
DEBUG util.py:558:  Executing command: ['cp', '-a', '/usr/share/distribution-gpg-keys', '/var/lib/mock/f41-build-49652926-5916286-bootstrap/root/usr/share'] with env {'TERM': 'vt100', 'SHELL': '/bin/sh', 'HOME': '/builddir', 'HOSTNAME': 'mock', 'PATH': '/usr/bin:/bin:/usr/sbin:/sbin', 'LANG': 'C.UTF-8'} and shell False
DEBUG util.py:610:  Child return code was: 0
DEBUG file_util.py:18:  ensuring that dir exists: /var/lib/mock/f41-build-49652926-5916286-bootstrap/root/etc/dnf
DEBUG package_manager.py:683:  configure DNF vars
DEBUG file_util.py:18:  ensuring that dir exists: /var/lib/mock/f41-build-49652926-5916286-bootstrap/root/etc
DEBUG file_util.py:18:  ensuring that dir exists: /var/lib/mock/f41-build-49652926-5916286-bootstrap/root/etc
DEBUG buildroot.py:38:  method _make_users skipped in bootstrap
DEBUG file_util.py:30:  touching file: /var/lib/mock/f41-build-49652926-5916286-bootstrap/root/.initialized
DEBUG file_util.py:18:  ensuring that dir exists: /var/lib/mock/f41-build-49652926-5916286
DEBUG file_util.py:18:  ensuring that dir exists: /var/lib/mock/f41-build-49652926-5916286/root
DEBUG file_util.py:18:  ensuring that dir exists: /var/lib/mock/f41-build-49652926-5916286/result
INFO buildroot.py:284:  calling preinit hooks
DEBUG util.py:636:  child environment: None
DEBUG util.py:558:  Executing command: ['/usr/bin/lscpu'] with env {'TERM': 'vt100', 'SHELL': '/bin/sh', 'HOME': '/builddir', 'HOSTNAME': 'mock', 'PATH': '/usr/bin:/bin:/usr/sbin:/sbin', 'LANG': 'C.UTF-8'} and shell False
DEBUG util.py:463:  Architecture:                       i686
DEBUG util.py:463:  CPU op-mode(s):                     32-bit, 64-bit
DEBUG util.py:463:  Address sizes:                      46 bits physical, 48 bits virtual
DEBUG util.py:463:  Byte Order:                         Little Endian
DEBUG util.py:463:  CPU(s):                             48
DEBUG util.py:463:  On-line CPU(s) list:                0-47
DEBUG util.py:463:  Vendor ID:                          GenuineIntel
DEBUG util.py:463:  Model name:                         Intel(R) Xeon(R) CPU E5-2670 v3 @ 2.30GHz
DEBUG util.py:463:  CPU family:                         6
DEBUG util.py:463:  Model:                              63
DEBUG util.py:463:  Thread(s) per core:                 2
DEBUG util.py:463:  Core(s) per socket:                 12
DEBUG util.py:463:  Socket(s):                          2
DEBUG util.py:463:  Stepping:                           2
DEBUG util.py:463:  CPU(s) scaling MHz:                 44%
DEBUG util.py:463:  CPU max MHz:                        3100.0000
DEBUG util.py:463:  CPU min MHz:                        1200.0000
DEBUG util.py:463:  BogoMIPS:                           4599.99
DEBUG util.py:463:  Flags:                              fpu vme de pse tsc msr pae mce cx8 apic sep mtrr pge mca cmov pat pse36 clflush dts acpi mmx fxsr sse sse2 ss ht tm pbe syscall nx pdpe1gb rdtscp lm constant_tsc arch_perfmon pebs bts rep_good nopl xtopology nonstop_tsc cpuid aperfmperf pni pclmulqdq dtes64 monitor ds_cpl vmx smx est tm2 ssse3 sdbg fma cx16 xtpr pdcm pcid dca sse4_1 sse4_2 x2apic movbe popcnt tsc_deadline_timer aes xsave avx f16c rdrand lahf_lm abm cpuid_fault epb pti ssbd ibrs ibpb stibp tpr_shadow flexpriority ept vpid ept_ad fsgsbase tsc_adjust bmi1 avx2 smep bmi2 erms invpcid cqm xsaveopt cqm_llc cqm_occup_llc dtherm ida arat pln pts vnmi md_clear flush_l1d
DEBUG util.py:463:  Virtualization:                     VT-x
DEBUG util.py:463:  L1d cache:                          768 KiB (24 instances)
DEBUG util.py:463:  L1i cache:                          768 KiB (24 instances)
DEBUG util.py:463:  L2 cache:                           6 MiB (24 instances)
DEBUG util.py:463:  L3 cache:                           60 MiB (2 instances)
DEBUG util.py:463:  NUMA node(s):                       2
DEBUG util.py:463:  NUMA node0 CPU(s):                  0,2,4,6,8,10,12,14,16,18,20,22,24,26,28,30,32,34,36,38,40,42,44,46
DEBUG util.py:463:  NUMA node1 CPU(s):                  1,3,5,7,9,11,13,15,17,19,21,23,25,27,29,31,33,35,37,39,41,43,45,47
DEBUG util.py:463:  Vulnerability Gather data sampling: Not affected
DEBUG util.py:463:  Vulnerability Itlb multihit:        KVM: Mitigation: VMX disabled
DEBUG util.py:463:  Vulnerability L1tf:                 Mitigation; PTE Inversion; VMX conditional cache flushes, SMT vulnerable
DEBUG util.py:463:  Vulnerability Mds:                  Mitigation; Clear CPU buffers; SMT vulnerable
DEBUG util.py:463:  Vulnerability Meltdown:             Mitigation; PTI
DEBUG util.py:463:  Vulnerability Mmio stale data:      Mitigation; Clear CPU buffers; SMT vulnerable
DEBUG util.py:463:  Vulnerability Retbleed:             Not affected
DEBUG util.py:463:  Vulnerability Spec rstack overflow: Not affected
DEBUG util.py:463:  Vulnerability Spec store bypass:    Mitigation; Speculative Store Bypass disabled via prctl
DEBUG util.py:463:  Vulnerability Spectre v1:           Mitigation; usercopy/swapgs barriers and __user pointer sanitization
DEBUG util.py:463:  Vulnerability Spectre v2:           Mitigation; Retpolines, IBPB conditional, IBRS_FW, STIBP conditional, RSB filling, PBRSB-eIBRS Not affected
DEBUG util.py:463:  Vulnerability Srbds:                Not affected
DEBUG util.py:463:  Vulnerability Tsx async abort:      Not affected
DEBUG util.py:610:  Child return code was: 0
DEBUG util.py:636:  child environment: None
DEBUG util.py:558:  Executing command: ['/bin/free'] with env {'TERM': 'vt100', 'SHELL': '/bin/sh', 'HOME': '/builddir', 'HOSTNAME': 'mock', 'PATH': '/usr/bin:/bin:/usr/sbin:/sbin', 'LANG': 'C.UTF-8'} and shell False
DEBUG util.py:463:                 total        used        free      shared  buff/cache   available
DEBUG util.py:463:  Mem:       131888140     2802964   100916124        5408    29286716   129085176
DEBUG util.py:463:  Swap:        8388604        1024     8387580
DEBUG util.py:610:  Child return code was: 0
DEBUG util.py:636:  child environment: None
DEBUG util.py:558:  Executing command: ['/bin/df', '-H', '-T', '/var/lib/mock/f41-build-49652926-5916286/root', '/var/cache/mock'] with env {'TERM': 'vt100', 'SHELL': '/bin/sh', 'HOME': '/builddir', 'HOSTNAME': 'mock', 'PATH': '/usr/bin:/bin:/usr/sbin:/sbin', 'LANG': 'C.UTF-8'} and shell False
DEBUG util.py:463:  Filesystem                                            Type   Size  Used Avail Use% Mounted on
DEBUG util.py:463:  /dev/mapper/luks-79faef87-10f5-4c87-b45d-7affc8ab8be6 btrfs  399G   24G  356G   7% /
DEBUG util.py:463:  /dev/mapper/luks-79faef87-10f5-4c87-b45d-7affc8ab8be6 btrfs  399G   24G  356G   7% /
DEBUG util.py:610:  Child return code was: 0
DEBUG buildroot.py:659:  create skeleton dirs
DEBUG file_util.py:18:  ensuring that dir exists: /var/lib/mock/f41-build-49652926-5916286/root/var/lib/rpm
DEBUG file_util.py:18:  ensuring that dir exists: /var/lib/mock/f41-build-49652926-5916286/root/var/lib/yum
DEBUG file_util.py:18:  ensuring that dir exists: /var/lib/mock/f41-build-49652926-5916286/root/var/lib/dbus
DEBUG file_util.py:18:  ensuring that dir exists: /var/lib/mock/f41-build-49652926-5916286/root/var/log
DEBUG file_util.py:18:  ensuring that dir exists: /var/lib/mock/f41-build-49652926-5916286/root/var/cache/dnf
DEBUG file_util.py:18:  ensuring that dir exists: /var/lib/mock/f41-build-49652926-5916286/root/var/cache/yum
DEBUG file_util.py:18:  ensuring that dir exists: /var/lib/mock/f41-build-49652926-5916286/root/etc/rpm
DEBUG file_util.py:18:  ensuring that dir exists: /var/lib/mock/f41-build-49652926-5916286/root/tmp
DEBUG file_util.py:18:  ensuring that dir exists: /var/lib/mock/f41-build-49652926-5916286/root/tmp/ccache
DEBUG file_util.py:18:  ensuring that dir exists: /var/lib/mock/f41-build-49652926-5916286/root/var/tmp
DEBUG file_util.py:18:  ensuring that dir exists: /var/lib/mock/f41-build-49652926-5916286/root/etc/dnf
DEBUG file_util.py:18:  ensuring that dir exists: /var/lib/mock/f41-build-49652926-5916286/root/etc/dnf/vars
DEBUG file_util.py:18:  ensuring that dir exists: /var/lib/mock/f41-build-49652926-5916286/root/etc/yum.repos.d
DEBUG file_util.py:18:  ensuring that dir exists: /var/lib/mock/f41-build-49652926-5916286/root/etc/yum
DEBUG file_util.py:18:  ensuring that dir exists: /var/lib/mock/f41-build-49652926-5916286/root/proc
DEBUG file_util.py:18:  ensuring that dir exists: /var/lib/mock/f41-build-49652926-5916286/root/sys
DEBUG file_util.py:18:  ensuring that dir exists: /var/lib/mock/f41-build-49652926-5916286/root/dev/pts
DEBUG file_util.py:18:  ensuring that dir exists: /var/lib/mock/f41-build-49652926-5916286/root/dev/shm
DEBUG file_util.py:18:  ensuring that dir exists: /var/lib/mock/f41-build-49652926-5916286/root/dev/mapper
DEBUG file_util.py:21:  created dir: /var/lib/mock/f41-build-49652926-5916286/root/dev/mapper
DEBUG buildroot.py:803:  kernel version == 6.8.0-0.rc7.55.fc40.1.x86_64
DEBUG file_util.py:30:  touching file: /var/lib/mock/f41-build-49652926-5916286/root/etc/fstab
DEBUG file_util.py:30:  touching file: /var/lib/mock/f41-build-49652926-5916286/root/etc/yum/yum.conf
DEBUG file_util.py:30:  touching file: /var/lib/mock/f41-build-49652926-5916286/root/etc/dnf/dnf.conf
DEBUG file_util.py:30:  touching file: /var/lib/mock/f41-build-49652926-5916286/root/var/log/yum.log
DEBUG buildroot.py:298:  rootdir = /var/lib/mock/f41-build-49652926-5916286/root
DEBUG buildroot.py:299:  resultdir = /var/lib/mock/f41-build-49652926-5916286/result
INFO buildroot.py:174:  Package manager dnf5 detected and used (direct choice)
DEBUG file_util.py:18:  ensuring that dir exists: /var/lib/mock/f41-build-49652926-5916286/root/etc/pki/mock
DEBUG file_util.py:158:  Updating files in /var/lib/mock/f41-build-49652926-5916286/root/etc/pki/ca-trust with files from /etc/pki/ca-trust
DEBUG file_util.py:18:  ensuring that dir exists: /var/lib/mock/f41-build-49652926-5916286/root/etc/pki/ca-trust
DEBUG file_util.py:18:  ensuring that dir exists: /var/lib/mock/f41-build-49652926-5916286/root/etc/pki/ca-trust/./extracted
DEBUG file_util.py:18:  ensuring that dir exists: /var/lib/mock/f41-build-49652926-5916286/root/etc/pki/ca-trust/./source
DEBUG file_util.py:18:  ensuring that dir exists: /var/lib/mock/f41-build-49652926-5916286/root/etc/pki/ca-trust/extracted/edk2
DEBUG file_util.py:18:  ensuring that dir exists: /var/lib/mock/f41-build-49652926-5916286/root/etc/pki/ca-trust/extracted/java
DEBUG file_util.py:18:  ensuring that dir exists: /var/lib/mock/f41-build-49652926-5916286/root/etc/pki/ca-trust/extracted/openssl
DEBUG file_util.py:18:  ensuring that dir exists: /var/lib/mock/f41-build-49652926-5916286/root/etc/pki/ca-trust/extracted/pem
DEBUG file_util.py:18:  ensuring that dir exists: /var/lib/mock/f41-build-49652926-5916286/root/etc/pki/ca-trust/extracted/pem/directory-hash
DEBUG file_util.py:18:  ensuring that dir exists: /var/lib/mock/f41-build-49652926-5916286/root/etc/pki/ca-trust/source/anchors
DEBUG file_util.py:18:  ensuring that dir exists: /var/lib/mock/f41-build-49652926-5916286/root/etc/pki/ca-trust/source/blacklist
DEBUG file_util.py:18:  ensuring that dir exists: /var/lib/mock/f41-build-49652926-5916286/root/etc/pki/ca-trust/source/blocklist
DEBUG file_util.py:158:  Updating files in /var/lib/mock/f41-build-49652926-5916286/root/usr/share/pki/ca-trust-source with files from /usr/share/pki/ca-trust-source
DEBUG file_util.py:18:  ensuring that dir exists: /var/lib/mock/f41-build-49652926-5916286/root/usr/share/pki/ca-trust-source
DEBUG file_util.py:18:  ensuring that dir exists: /var/lib/mock/f41-build-49652926-5916286/root/usr/share/pki/ca-trust-source/./anchors
DEBUG file_util.py:18:  ensuring that dir exists: /var/lib/mock/f41-build-49652926-5916286/root/usr/share/pki/ca-trust-source/./blacklist
DEBUG file_util.py:18:  ensuring that dir exists: /var/lib/mock/f41-build-49652926-5916286/root/usr/share/pki/ca-trust-source/./blocklist
DEBUG file_util.py:18:  ensuring that dir exists: /var/lib/mock/f41-build-49652926-5916286/root/etc/dnf
DEBUG package_manager.py:683:  configure DNF vars
DEBUG util.py:636:  child environment: None
DEBUG util.py:558:  Executing command: ['userdel', '-f', 'mockbuild', '--prefix', '/var/lib/mock/f41-build-49652926-5916286/root'] with env {'TERM': 'vt100', 'SHELL': '/bin/sh', 'HOME': '/builddir', 'HOSTNAME': 'mock', 'PATH': '/usr/bin:/bin:/usr/sbin:/sbin', 'LANG': 'C.UTF-8'} and shell False
DEBUG util.py:610:  Child return code was: 0
DEBUG util.py:636:  child environment: None
DEBUG util.py:558:  Executing command: ['groupdel', 'mock', '--prefix', '/var/lib/mock/f41-build-49652926-5916286/root'] with env {'TERM': 'vt100', 'SHELL': '/bin/sh', 'HOME': '/builddir', 'HOSTNAME': 'mock', 'PATH': '/usr/bin:/bin:/usr/sbin:/sbin', 'LANG': 'C.UTF-8'} and shell False
DEBUG util.py:610:  Child return code was: 0
DEBUG util.py:636:  child environment: None
DEBUG util.py:558:  Executing command: ['groupadd', 'mock', '-g', '425', '--prefix', '/var/lib/mock/f41-build-49652926-5916286/root'] with env {'TERM': 'vt100', 'SHELL': '/bin/sh', 'HOME': '/builddir', 'HOSTNAME': 'mock', 'PATH': '/usr/bin:/bin:/usr/sbin:/sbin', 'LANG': 'C.UTF-8'} and shell False
DEBUG util.py:610:  Child return code was: 0
DEBUG util.py:636:  child environment: None
DEBUG util.py:558:  Executing command: ['useradd', 'mockbuild', '-o', '-u', '1000', '-g', '425', '-N', '-d', '/builddir', '--prefix', '/var/lib/mock/f41-build-49652926-5916286/root'] with env {'TERM': 'vt100', 'SHELL': '/bin/sh', 'HOME': '/builddir', 'HOSTNAME': 'mock', 'PATH': '/usr/bin:/bin:/usr/sbin:/sbin', 'LANG': 'C.UTF-8'} and shell False
DEBUG util.py:461:  useradd: warning: the home directory /builddir already exists.
DEBUG util.py:461:  useradd: Not copying any file from skel directory into it.
DEBUG util.py:461:  Creating mailbox file: File exists
DEBUG util.py:610:  Child return code was: 0
DEBUG file_util.py:30:  touching file: /var/lib/mock/f41-build-49652926-5916286/root/.initialized
INFO backend.py:391:  Running in chroot: ['uname -r']
DEBUG util.py:636:  child environment: None
DEBUG util.py:553:  Using nspawn with args ['--capability=cap_ipc_lock', '--bind=/tmp/mock-resolv.pyhyqctf:/etc/resolv.conf', '--bind=/dev/btrfs-control', '--bind=/dev/mapper/control', '--bind=/dev/fuse', '--bind=/dev/loop-control', '--bind=/dev/loop0', '--bind=/dev/loop1', '--bind=/dev/loop2', '--bind=/dev/loop3', '--bind=/dev/loop4', '--bind=/dev/loop5', '--bind=/dev/loop6', '--bind=/dev/loop7', '--bind=/dev/loop8', '--bind=/dev/loop9', '--bind=/dev/loop10', '--bind=/dev/loop11']
DEBUG util.py:558:  Executing command: ['/usr/bin/systemd-nspawn', '-q', '-M', '3dd0a7fc5ef94200acaf47bc35b011d5', '-D', '/var/lib/mock/f41-build-49652926-5916286/root', '-a', '--capability=cap_ipc_lock', '--bind=/tmp/mock-resolv.pyhyqctf:/etc/resolv.conf', '--bind=/dev/btrfs-control', '--bind=/dev/mapper/control', '--bind=/dev/fuse', '--bind=/dev/loop-control', '--bind=/dev/loop0', '--bind=/dev/loop1', '--bind=/dev/loop2', '--bind=/dev/loop3', '--bind=/dev/loop4', '--bind=/dev/loop5', '--bind=/dev/loop6', '--bind=/dev/loop7', '--bind=/dev/loop8', '--bind=/dev/loop9', '--bind=/dev/loop10', '--bind=/dev/loop11', '--console=pipe', '--setenv=TERM=vt100', '--setenv=SHELL=/bin/bash', '--setenv=HOME=/builddir', '--setenv=HOSTNAME=mock', '--setenv=PATH=/usr/bin:/bin:/usr/sbin:/sbin', '--setenv=PROMPT_COMMAND=printf "\\033]0;<mock-chroot>\\007"', '--setenv=PS1=<mock-chroot> \\s-\\v\\$ ', '--setenv=LANG=C.UTF-8', '--resolv-conf=off', '/bin/sh', '-c', 'uname -r'] with env {'TERM': 'vt100', 'SHELL': '/bin/bash', 'HOME': '/builddir', 'HOSTNAME': 'mock', 'PATH': '/usr/bin:/bin:/usr/sbin:/sbin', 'PROMPT_COMMAND': 'printf "\\033]0;<mock-chroot>\\007"', 'PS1': '<mock-chroot> \\s-\\v\\$ ', 'LANG': 'C.UTF-8', 'SYSTEMD_NSPAWN_TMPFS_TMP': '0', 'SYSTEMD_SECCOMP': '0'} and shell False
DEBUG util.py:463:  6.8.0-0.rc7.55.fc40.1.x86_64
DEBUG util.py:610:  Child return code was: 0
DEBUG util.py:185:  kill orphans in chroot /var/lib/mock/f41-build-49652926-5916286/root
DEBUG util.py:185:  kill orphans in chroot /var/lib/mock/f41-build-49652926-5916286-bootstrap/root
INFO buildroot.py:603:  Mock Version: 5.5
DEBUG file_util.py:18:  ensuring that dir exists: /var/lib/mock/f41-build-49652926-5916286/root
DEBUG file_util.py:18:  ensuring that dir exists: /var/lib/mock/f41-build-49652926-5916286-bootstrap
DEBUG file_util.py:18:  ensuring that dir exists: /var/lib/mock/f41-build-49652926-5916286-bootstrap
DEBUG file_util.py:18:  ensuring that dir exists: /var/lib/mock/f41-build-49652926-5916286-bootstrap/root
DEBUG file_util.py:18:  ensuring that dir exists: /var/lib/mock/f41-build-49652926-5916286-bootstrap/results
INFO buildroot.py:284:  calling preinit hooks
DEBUG buildroot.py:659:  create skeleton dirs
DEBUG file_util.py:18:  ensuring that dir exists: /var/lib/mock/f41-build-49652926-5916286-bootstrap/root/var/lib/rpm
DEBUG file_util.py:18:  ensuring that dir exists: /var/lib/mock/f41-build-49652926-5916286-bootstrap/root/var/lib/yum
DEBUG file_util.py:18:  ensuring that dir exists: /var/lib/mock/f41-build-49652926-5916286-bootstrap/root/var/lib/dbus
DEBUG file_util.py:18:  ensuring that dir exists: /var/lib/mock/f41-build-49652926-5916286-bootstrap/root/var/log
DEBUG file_util.py:18:  ensuring that dir exists: /var/lib/mock/f41-build-49652926-5916286-bootstrap/root/var/cache/dnf
DEBUG file_util.py:18:  ensuring that dir exists: /var/lib/mock/f41-build-49652926-5916286-bootstrap/root/var/cache/yum
DEBUG file_util.py:18:  ensuring that dir exists: /var/lib/mock/f41-build-49652926-5916286-bootstrap/root/etc/rpm
DEBUG file_util.py:18:  ensuring that dir exists: /var/lib/mock/f41-build-49652926-5916286-bootstrap/root/tmp
DEBUG file_util.py:18:  ensuring that dir exists: /var/lib/mock/f41-build-49652926-5916286-bootstrap/root/tmp/ccache
DEBUG file_util.py:18:  ensuring that dir exists: /var/lib/mock/f41-build-49652926-5916286-bootstrap/root/var/tmp
DEBUG file_util.py:18:  ensuring that dir exists: /var/lib/mock/f41-build-49652926-5916286-bootstrap/root/etc/dnf
DEBUG file_util.py:18:  ensuring that dir exists: /var/lib/mock/f41-build-49652926-5916286-bootstrap/root/etc/dnf/vars
DEBUG file_util.py:18:  ensuring that dir exists: /var/lib/mock/f41-build-49652926-5916286-bootstrap/root/etc/yum.repos.d
DEBUG file_util.py:21:  created dir: /var/lib/mock/f41-build-49652926-5916286-bootstrap/root/etc/yum.repos.d
DEBUG file_util.py:18:  ensuring that dir exists: /var/lib/mock/f41-build-49652926-5916286-bootstrap/root/etc/yum
DEBUG file_util.py:18:  ensuring that dir exists: /var/lib/mock/f41-build-49652926-5916286-bootstrap/root/proc
DEBUG file_util.py:18:  ensuring that dir exists: /var/lib/mock/f41-build-49652926-5916286-bootstrap/root/sys
DEBUG file_util.py:18:  ensuring that dir exists: /var/lib/mock/f41-build-49652926-5916286-bootstrap/root/dev/pts
DEBUG file_util.py:18:  ensuring that dir exists: /var/lib/mock/f41-build-49652926-5916286-bootstrap/root/dev/shm
DEBUG file_util.py:18:  ensuring that dir exists: /var/lib/mock/f41-build-49652926-5916286-bootstrap/root/dev/mapper
DEBUG file_util.py:21:  created dir: /var/lib/mock/f41-build-49652926-5916286-bootstrap/root/dev/mapper
DEBUG buildroot.py:803:  kernel version == 6.8.0-0.rc7.55.fc40.1.x86_64
DEBUG file_util.py:30:  touching file: /var/lib/mock/f41-build-49652926-5916286-bootstrap/root/etc/fstab
DEBUG file_util.py:30:  touching file: /var/lib/mock/f41-build-49652926-5916286-bootstrap/root/etc/yum/yum.conf
DEBUG file_util.py:30:  touching file: /var/lib/mock/f41-build-49652926-5916286-bootstrap/root/etc/dnf/dnf.conf
DEBUG file_util.py:30:  touching file: /var/lib/mock/f41-build-49652926-5916286-bootstrap/root/var/log/yum.log
DEBUG buildroot.py:298:  rootdir = /var/lib/mock/f41-build-49652926-5916286-bootstrap/root
DEBUG buildroot.py:299:  resultdir = /var/lib/mock/f41-build-49652926-5916286-bootstrap/results
DEBUG package_manager.py:56:  searching for 'dnf5' package manager or alternatives
INFO buildroot.py:174:  Package manager dnf5 detected and used (fallback)
DEBUG file_util.py:18:  ensuring that dir exists: /var/lib/mock/f41-build-49652926-5916286-bootstrap/root/etc/pki/mock
DEBUG file_util.py:158:  Updating files in /var/lib/mock/f41-build-49652926-5916286-bootstrap/root/etc/pki/ca-trust with files from /etc/pki/ca-trust
DEBUG file_util.py:18:  ensuring that dir exists: /var/lib/mock/f41-build-49652926-5916286-bootstrap/root/etc/pki/ca-trust
DEBUG file_util.py:18:  ensuring that dir exists: /var/lib/mock/f41-build-49652926-5916286-bootstrap/root/etc/pki/ca-trust/./extracted
DEBUG file_util.py:18:  ensuring that dir exists: /var/lib/mock/f41-build-49652926-5916286-bootstrap/root/etc/pki/ca-trust/./source
DEBUG file_util.py:18:  ensuring that dir exists: /var/lib/mock/f41-build-49652926-5916286-bootstrap/root/etc/pki/ca-trust/extracted/edk2
DEBUG file_util.py:18:  ensuring that dir exists: /var/lib/mock/f41-build-49652926-5916286-bootstrap/root/etc/pki/ca-trust/extracted/java
DEBUG file_util.py:18:  ensuring that dir exists: /var/lib/mock/f41-build-49652926-5916286-bootstrap/root/etc/pki/ca-trust/extracted/openssl
DEBUG file_util.py:18:  ensuring that dir exists: /var/lib/mock/f41-build-49652926-5916286-bootstrap/root/etc/pki/ca-trust/extracted/pem
DEBUG file_util.py:18:  ensuring that dir exists: /var/lib/mock/f41-build-49652926-5916286-bootstrap/root/etc/pki/ca-trust/extracted/pem/directory-hash
DEBUG file_util.py:18:  ensuring that dir exists: /var/lib/mock/f41-build-49652926-5916286-bootstrap/root/etc/pki/ca-trust/source/anchors
DEBUG file_util.py:18:  ensuring that dir exists: /var/lib/mock/f41-build-49652926-5916286-bootstrap/root/etc/pki/ca-trust/source/blacklist
DEBUG file_util.py:18:  ensuring that dir exists: /var/lib/mock/f41-build-49652926-5916286-bootstrap/root/etc/pki/ca-trust/source/blocklist
DEBUG file_util.py:158:  Updating files in /var/lib/mock/f41-build-49652926-5916286-bootstrap/root/usr/share/pki/ca-trust-source with files from /usr/share/pki/ca-trust-source
DEBUG file_util.py:18:  ensuring that dir exists: /var/lib/mock/f41-build-49652926-5916286-bootstrap/root/usr/share/pki/ca-trust-source
DEBUG file_util.py:18:  ensuring that dir exists: /var/lib/mock/f41-build-49652926-5916286-bootstrap/root/usr/share/pki/ca-trust-source/./anchors
DEBUG file_util.py:18:  ensuring that dir exists: /var/lib/mock/f41-build-49652926-5916286-bootstrap/root/usr/share/pki/ca-trust-source/./blacklist
DEBUG file_util.py:18:  ensuring that dir exists: /var/lib/mock/f41-build-49652926-5916286-bootstrap/root/usr/share/pki/ca-trust-source/./blocklist
DEBUG file_util.py:18:  ensuring that dir exists: /var/lib/mock/f41-build-49652926-5916286-bootstrap/root/usr/share
DEBUG package_manager.py:382:  Copying /usr/share/distribution-gpg-keys to the bootstrap chroot
DEBUG util.py:636:  child environment: None
DEBUG util.py:558:  Executing command: ['cp', '-a', '/usr/share/distribution-gpg-keys', '/var/lib/mock/f41-build-49652926-5916286-bootstrap/root/usr/share'] with env {'TERM': 'vt100', 'SHELL': '/bin/sh', 'HOME': '/builddir', 'HOSTNAME': 'mock', 'PATH': '/usr/bin:/bin:/usr/sbin:/sbin', 'LANG': 'C.UTF-8'} and shell False
DEBUG util.py:610:  Child return code was: 0
DEBUG file_util.py:18:  ensuring that dir exists: /var/lib/mock/f41-build-49652926-5916286-bootstrap/root/etc/dnf
DEBUG package_manager.py:683:  configure DNF vars
DEBUG file_util.py:18:  ensuring that dir exists: /var/lib/mock/f41-build-49652926-5916286-bootstrap/root/etc
DEBUG file_util.py:18:  ensuring that dir exists: /var/lib/mock/f41-build-49652926-5916286-bootstrap/root/etc
DEBUG buildroot.py:38:  method _cleanup_homedir skipped in bootstrap
DEBUG buildroot.py:38:  method _setup_build_dirs skipped in bootstrap
DEBUG buildroot.py:38:  method _make_users skipped in bootstrap
DEBUG file_util.py:30:  touching file: /var/lib/mock/f41-build-49652926-5916286-bootstrap/root/.initialized
DEBUG file_util.py:18:  ensuring that dir exists: /var/lib/mock/f41-build-49652926-5916286
DEBUG file_util.py:18:  ensuring that dir exists: /var/lib/mock/f41-build-49652926-5916286/root
DEBUG file_util.py:18:  ensuring that dir exists: /var/lib/mock/f41-build-49652926-5916286/result
INFO buildroot.py:284:  calling preinit hooks
DEBUG util.py:636:  child environment: None
DEBUG util.py:558:  Executing command: ['/usr/bin/lscpu'] with env {'TERM': 'vt100', 'SHELL': '/bin/sh', 'HOME': '/builddir', 'HOSTNAME': 'mock', 'PATH': '/usr/bin:/bin:/usr/sbin:/sbin', 'LANG': 'C.UTF-8'} and shell False
DEBUG util.py:463:  Architecture:                       i686
DEBUG util.py:463:  CPU op-mode(s):                     32-bit, 64-bit
DEBUG util.py:463:  Address sizes:                      46 bits physical, 48 bits virtual
DEBUG util.py:463:  Byte Order:                         Little Endian
DEBUG util.py:463:  CPU(s):                             48
DEBUG util.py:463:  On-line CPU(s) list:                0-47
DEBUG util.py:463:  Vendor ID:                          GenuineIntel
DEBUG util.py:463:  Model name:                         Intel(R) Xeon(R) CPU E5-2670 v3 @ 2.30GHz
DEBUG util.py:463:  CPU family:                         6
DEBUG util.py:463:  Model:                              63
DEBUG util.py:463:  Thread(s) per core:                 2
DEBUG util.py:463:  Core(s) per socket:                 12
DEBUG util.py:463:  Socket(s):                          2
DEBUG util.py:463:  Stepping:                           2
DEBUG util.py:463:  CPU(s) scaling MHz:                 41%
DEBUG util.py:463:  CPU max MHz:                        3100.0000
DEBUG util.py:463:  CPU min MHz:                        1200.0000
DEBUG util.py:463:  BogoMIPS:                           4599.99
DEBUG util.py:463:  Flags:                              fpu vme de pse tsc msr pae mce cx8 apic sep mtrr pge mca cmov pat pse36 clflush dts acpi mmx fxsr sse sse2 ss ht tm pbe syscall nx pdpe1gb rdtscp lm constant_tsc arch_perfmon pebs bts rep_good nopl xtopology nonstop_tsc cpuid aperfmperf pni pclmulqdq dtes64 monitor ds_cpl vmx smx est tm2 ssse3 sdbg fma cx16 xtpr pdcm pcid dca sse4_1 sse4_2 x2apic movbe popcnt tsc_deadline_timer aes xsave avx f16c rdrand lahf_lm abm cpuid_fault epb pti ssbd ibrs ibpb stibp tpr_shadow flexpriority ept vpid ept_ad fsgsbase tsc_adjust bmi1 avx2 smep bmi2 erms invpcid cqm xsaveopt cqm_llc cqm_occup_llc dtherm ida arat pln pts vnmi md_clear flush_l1d
DEBUG util.py:463:  Virtualization:                     VT-x
DEBUG util.py:463:  L1d cache:                          768 KiB (24 instances)
DEBUG util.py:463:  L1i cache:                          768 KiB (24 instances)
DEBUG util.py:463:  L2 cache:                           6 MiB (24 instances)
DEBUG util.py:463:  L3 cache:                           60 MiB (2 instances)
DEBUG util.py:463:  NUMA node(s):                       2
DEBUG util.py:463:  NUMA node0 CPU(s):                  0,2,4,6,8,10,12,14,16,18,20,22,24,26,28,30,32,34,36,38,40,42,44,46
DEBUG util.py:463:  NUMA node1 CPU(s):                  1,3,5,7,9,11,13,15,17,19,21,23,25,27,29,31,33,35,37,39,41,43,45,47
DEBUG util.py:463:  Vulnerability Gather data sampling: Not affected
DEBUG util.py:463:  Vulnerability Itlb multihit:        KVM: Mitigation: VMX disabled
DEBUG util.py:463:  Vulnerability L1tf:                 Mitigation; PTE Inversion; VMX conditional cache flushes, SMT vulnerable
DEBUG util.py:463:  Vulnerability Mds:                  Mitigation; Clear CPU buffers; SMT vulnerable
DEBUG util.py:463:  Vulnerability Meltdown:             Mitigation; PTI
DEBUG util.py:463:  Vulnerability Mmio stale data:      Mitigation; Clear CPU buffers; SMT vulnerable
DEBUG util.py:463:  Vulnerability Retbleed:             Not affected
DEBUG util.py:463:  Vulnerability Spec rstack overflow: Not affected
DEBUG util.py:463:  Vulnerability Spec store bypass:    Mitigation; Speculative Store Bypass disabled via prctl
DEBUG util.py:463:  Vulnerability Spectre v1:           Mitigation; usercopy/swapgs barriers and __user pointer sanitization
DEBUG util.py:463:  Vulnerability Spectre v2:           Mitigation; Retpolines, IBPB conditional, IBRS_FW, STIBP conditional, RSB filling, PBRSB-eIBRS Not affected
DEBUG util.py:463:  Vulnerability Srbds:                Not affected
DEBUG util.py:463:  Vulnerability Tsx async abort:      Not affected
DEBUG util.py:610:  Child return code was: 0
DEBUG util.py:636:  child environment: None
DEBUG util.py:558:  Executing command: ['/bin/free'] with env {'TERM': 'vt100', 'SHELL': '/bin/sh', 'HOME': '/builddir', 'HOSTNAME': 'mock', 'PATH': '/usr/bin:/bin:/usr/sbin:/sbin', 'LANG': 'C.UTF-8'} and shell False
DEBUG util.py:463:                 total        used        free      shared  buff/cache   available
DEBUG util.py:463:  Mem:       131888140     2869532   100847952        5408    29288332   129018608
DEBUG util.py:463:  Swap:        8388604        1024     8387580
DEBUG util.py:610:  Child return code was: 0
DEBUG util.py:636:  child environment: None
DEBUG util.py:558:  Executing command: ['/bin/df', '-H', '-T', '/var/lib/mock/f41-build-49652926-5916286/root', '/var/cache/mock'] with env {'TERM': 'vt100', 'SHELL': '/bin/sh', 'HOME': '/builddir', 'HOSTNAME': 'mock', 'PATH': '/usr/bin:/bin:/usr/sbin:/sbin', 'LANG': 'C.UTF-8'} and shell False
DEBUG util.py:463:  Filesystem                                            Type   Size  Used Avail Use% Mounted on
DEBUG util.py:463:  /dev/mapper/luks-79faef87-10f5-4c87-b45d-7affc8ab8be6 btrfs  399G   24G  356G   7% /
DEBUG util.py:463:  /dev/mapper/luks-79faef87-10f5-4c87-b45d-7affc8ab8be6 btrfs  399G   24G  356G   7% /
DEBUG util.py:610:  Child return code was: 0
DEBUG buildroot.py:659:  create skeleton dirs
DEBUG file_util.py:18:  ensuring that dir exists: /var/lib/mock/f41-build-49652926-5916286/root/var/lib/rpm
DEBUG file_util.py:18:  ensuring that dir exists: /var/lib/mock/f41-build-49652926-5916286/root/var/lib/yum
DEBUG file_util.py:18:  ensuring that dir exists: /var/lib/mock/f41-build-49652926-5916286/root/var/lib/dbus
DEBUG file_util.py:18:  ensuring that dir exists: /var/lib/mock/f41-build-49652926-5916286/root/var/log
DEBUG file_util.py:18:  ensuring that dir exists: /var/lib/mock/f41-build-49652926-5916286/root/var/cache/dnf
DEBUG file_util.py:18:  ensuring that dir exists: /var/lib/mock/f41-build-49652926-5916286/root/var/cache/yum
DEBUG file_util.py:18:  ensuring that dir exists: /var/lib/mock/f41-build-49652926-5916286/root/etc/rpm
DEBUG file_util.py:18:  ensuring that dir exists: /var/lib/mock/f41-build-49652926-5916286/root/tmp
DEBUG file_util.py:18:  ensuring that dir exists: /var/lib/mock/f41-build-49652926-5916286/root/tmp/ccache
DEBUG file_util.py:18:  ensuring that dir exists: /var/lib/mock/f41-build-49652926-5916286/root/var/tmp
DEBUG file_util.py:18:  ensuring that dir exists: /var/lib/mock/f41-build-49652926-5916286/root/etc/dnf
DEBUG file_util.py:18:  ensuring that dir exists: /var/lib/mock/f41-build-49652926-5916286/root/etc/dnf/vars
DEBUG file_util.py:18:  ensuring that dir exists: /var/lib/mock/f41-build-49652926-5916286/root/etc/yum.repos.d
DEBUG file_util.py:21:  created dir: /var/lib/mock/f41-build-49652926-5916286/root/etc/yum.repos.d
DEBUG file_util.py:18:  ensuring that dir exists: /var/lib/mock/f41-build-49652926-5916286/root/etc/yum
DEBUG file_util.py:18:  ensuring that dir exists: /var/lib/mock/f41-build-49652926-5916286/root/proc
DEBUG file_util.py:18:  ensuring that dir exists: /var/lib/mock/f41-build-49652926-5916286/root/sys
DEBUG file_util.py:18:  ensuring that dir exists: /var/lib/mock/f41-build-49652926-5916286/root/dev/pts
DEBUG file_util.py:18:  ensuring that dir exists: /var/lib/mock/f41-build-49652926-5916286/root/dev/shm
DEBUG file_util.py:18:  ensuring that dir exists: /var/lib/mock/f41-build-49652926-5916286/root/dev/mapper
DEBUG file_util.py:21:  created dir: /var/lib/mock/f41-build-49652926-5916286/root/dev/mapper
DEBUG buildroot.py:803:  kernel version == 6.8.0-0.rc7.55.fc40.1.x86_64
DEBUG file_util.py:30:  touching file: /var/lib/mock/f41-build-49652926-5916286/root/etc/fstab
DEBUG file_util.py:30:  touching file: /var/lib/mock/f41-build-49652926-5916286/root/etc/yum/yum.conf
DEBUG file_util.py:30:  touching file: /var/lib/mock/f41-build-49652926-5916286/root/etc/dnf/dnf.conf
DEBUG file_util.py:30:  touching file: /var/lib/mock/f41-build-49652926-5916286/root/var/log/yum.log
DEBUG buildroot.py:298:  rootdir = /var/lib/mock/f41-build-49652926-5916286/root
DEBUG buildroot.py:299:  resultdir = /var/lib/mock/f41-build-49652926-5916286/result
INFO buildroot.py:174:  Package manager dnf5 detected and used (direct choice)
DEBUG file_util.py:18:  ensuring that dir exists: /var/lib/mock/f41-build-49652926-5916286/root/etc/pki/mock
DEBUG file_util.py:158:  Updating files in /var/lib/mock/f41-build-49652926-5916286/root/etc/pki/ca-trust with files from /etc/pki/ca-trust
DEBUG file_util.py:18:  ensuring that dir exists: /var/lib/mock/f41-build-49652926-5916286/root/etc/pki/ca-trust
DEBUG file_util.py:18:  ensuring that dir exists: /var/lib/mock/f41-build-49652926-5916286/root/etc/pki/ca-trust/./extracted
DEBUG file_util.py:18:  ensuring that dir exists: /var/lib/mock/f41-build-49652926-5916286/root/etc/pki/ca-trust/./source
DEBUG file_util.py:18:  ensuring that dir exists: /var/lib/mock/f41-build-49652926-5916286/root/etc/pki/ca-trust/extracted/edk2
DEBUG file_util.py:18:  ensuring that dir exists: /var/lib/mock/f41-build-49652926-5916286/root/etc/pki/ca-trust/extracted/java
DEBUG file_util.py:18:  ensuring that dir exists: /var/lib/mock/f41-build-49652926-5916286/root/etc/pki/ca-trust/extracted/openssl
DEBUG file_util.py:18:  ensuring that dir exists: /var/lib/mock/f41-build-49652926-5916286/root/etc/pki/ca-trust/extracted/pem
DEBUG file_util.py:18:  ensuring that dir exists: /var/lib/mock/f41-build-49652926-5916286/root/etc/pki/ca-trust/extracted/pem/directory-hash
DEBUG file_util.py:18:  ensuring that dir exists: /var/lib/mock/f41-build-49652926-5916286/root/etc/pki/ca-trust/source/anchors
DEBUG file_util.py:18:  ensuring that dir exists: /var/lib/mock/f41-build-49652926-5916286/root/etc/pki/ca-trust/source/blacklist
DEBUG file_util.py:18:  ensuring that dir exists: /var/lib/mock/f41-build-49652926-5916286/root/etc/pki/ca-trust/source/blocklist
DEBUG file_util.py:158:  Updating files in /var/lib/mock/f41-build-49652926-5916286/root/usr/share/pki/ca-trust-source with files from /usr/share/pki/ca-trust-source
DEBUG file_util.py:18:  ensuring that dir exists: /var/lib/mock/f41-build-49652926-5916286/root/usr/share/pki/ca-trust-source
DEBUG file_util.py:18:  ensuring that dir exists: /var/lib/mock/f41-build-49652926-5916286/root/usr/share/pki/ca-trust-source/./anchors
DEBUG file_util.py:18:  ensuring that dir exists: /var/lib/mock/f41-build-49652926-5916286/root/usr/share/pki/ca-trust-source/./blacklist
DEBUG file_util.py:18:  ensuring that dir exists: /var/lib/mock/f41-build-49652926-5916286/root/usr/share/pki/ca-trust-source/./blocklist
DEBUG file_util.py:18:  ensuring that dir exists: /var/lib/mock/f41-build-49652926-5916286/root/etc/dnf
DEBUG package_manager.py:683:  configure DNF vars
DEBUG util.py:636:  child environment: None
DEBUG util.py:558:  Executing command: ['rpm', '-q', 'rpm', 'rpm-sequoia', 'python3-dnf', 'python3-dnf-plugins-core', 'yum', 'yum-utils', 'dnf5', 'dnf5-plugins', '--root', '/var/lib/mock/f41-build-49652926-5916286-bootstrap/root'] with env {'TERM': 'vt100', 'SHELL': '/bin/sh', 'HOME': '/builddir', 'HOSTNAME': 'mock', 'PATH': '/usr/bin:/bin:/usr/sbin:/sbin', 'LANG': 'C.UTF-8'} and shell False
DEBUG util.py:463:  rpm-4.19.1.1-1.fc40.i686
DEBUG util.py:463:  rpm-sequoia-1.6.0-2.fc40.i686
DEBUG util.py:463:  package python3-dnf is not installed
DEBUG util.py:463:  package python3-dnf-plugins-core is not installed
DEBUG util.py:463:  package yum is not installed
DEBUG util.py:463:  package yum-utils is not installed
DEBUG util.py:463:  dnf5-5.1.14-1.fc41.i686
DEBUG util.py:463:  dnf5-plugins-5.1.14-1.fc41.i686
DEBUG util.py:610:  Child return code was: 4
INFO package_manager.py:195:  Buildroot is handled by package management installed into bootstrap:
  rpm-4.19.1.1-1.fc40.i686
  rpm-sequoia-1.6.0-2.fc40.i686
  dnf5-5.1.14-1.fc41.i686
  dnf5-plugins-5.1.14-1.fc41.i686
DEBUG file_util.py:18:  ensuring that dir exists: /var/lib/mock/f41-build-49652926-5916286/root/builddir/build
DEBUG file_util.py:18:  ensuring that dir exists: /var/lib/mock/f41-build-49652926-5916286/root/builddir/build/RPMS
DEBUG file_util.py:21:  created dir: /var/lib/mock/f41-build-49652926-5916286/root/builddir/build/RPMS
DEBUG file_util.py:18:  ensuring that dir exists: /var/lib/mock/f41-build-49652926-5916286/root/builddir/build/SPECS
DEBUG file_util.py:21:  created dir: /var/lib/mock/f41-build-49652926-5916286/root/builddir/build/SPECS
DEBUG file_util.py:18:  ensuring that dir exists: /var/lib/mock/f41-build-49652926-5916286/root/builddir/build/SRPMS
DEBUG file_util.py:21:  created dir: /var/lib/mock/f41-build-49652926-5916286/root/builddir/build/SRPMS
DEBUG file_util.py:18:  ensuring that dir exists: /var/lib/mock/f41-build-49652926-5916286/root/builddir/build/SOURCES
DEBUG file_util.py:18:  ensuring that dir exists: /var/lib/mock/f41-build-49652926-5916286/root/builddir/build/BUILD
DEBUG file_util.py:21:  created dir: /var/lib/mock/f41-build-49652926-5916286/root/builddir/build/BUILD
DEBUG file_util.py:18:  ensuring that dir exists: /var/lib/mock/f41-build-49652926-5916286/root/builddir/build/BUILDROOT
DEBUG file_util.py:21:  created dir: /var/lib/mock/f41-build-49652926-5916286/root/builddir/build/BUILDROOT
DEBUG file_util.py:18:  ensuring that dir exists: /var/lib/mock/f41-build-49652926-5916286/root/builddir/build/originals
DEBUG file_util.py:21:  created dir: /var/lib/mock/f41-build-49652926-5916286/root/builddir/build/originals
DEBUG file_util.py:18:  ensuring that dir exists: /var/lib/mock/f41-build-49652926-5916286/root/builddir
DEBUG util.py:636:  child environment: None
DEBUG util.py:558:  Executing command: ['userdel', '-f', 'mockbuild', '--prefix', '/var/lib/mock/f41-build-49652926-5916286/root'] with env {'TERM': 'vt100', 'SHELL': '/bin/sh', 'HOME': '/builddir', 'HOSTNAME': 'mock', 'PATH': '/usr/bin:/bin:/usr/sbin:/sbin', 'LANG': 'C.UTF-8'} and shell False
DEBUG util.py:610:  Child return code was: 0
DEBUG util.py:636:  child environment: None
DEBUG util.py:558:  Executing command: ['groupdel', 'mock', '--prefix', '/var/lib/mock/f41-build-49652926-5916286/root'] with env {'TERM': 'vt100', 'SHELL': '/bin/sh', 'HOME': '/builddir', 'HOSTNAME': 'mock', 'PATH': '/usr/bin:/bin:/usr/sbin:/sbin', 'LANG': 'C.UTF-8'} and shell False
DEBUG util.py:610:  Child return code was: 0
DEBUG util.py:636:  child environment: None
DEBUG util.py:558:  Executing command: ['groupadd', 'mock', '-g', '425', '--prefix', '/var/lib/mock/f41-build-49652926-5916286/root'] with env {'TERM': 'vt100', 'SHELL': '/bin/sh', 'HOME': '/builddir', 'HOSTNAME': 'mock', 'PATH': '/usr/bin:/bin:/usr/sbin:/sbin', 'LANG': 'C.UTF-8'} and shell False
DEBUG util.py:610:  Child return code was: 0
DEBUG util.py:636:  child environment: None
DEBUG util.py:558:  Executing command: ['useradd', 'mockbuild', '-o', '-u', '1000', '-g', '425', '-N', '-d', '/builddir', '--prefix', '/var/lib/mock/f41-build-49652926-5916286/root'] with env {'TERM': 'vt100', 'SHELL': '/bin/sh', 'HOME': '/builddir', 'HOSTNAME': 'mock', 'PATH': '/usr/bin:/bin:/usr/sbin:/sbin', 'LANG': 'C.UTF-8'} and shell False
DEBUG util.py:461:  useradd: warning: the home directory /builddir already exists.
DEBUG util.py:461:  useradd: Not copying any file from skel directory into it.
DEBUG util.py:461:  Creating mailbox file: File exists
DEBUG util.py:610:  Child return code was: 0
DEBUG file_util.py:30:  touching file: /var/lib/mock/f41-build-49652926-5916286/root/.initialized
DEBUG util.py:636:  child environment: None
DEBUG util.py:553:  Using nspawn with args ['--capability=cap_ipc_lock', '--bind=/tmp/mock-resolv.grs8xwjt:/etc/resolv.conf', '--bind=/dev/btrfs-control', '--bind=/dev/mapper/control', '--bind=/dev/fuse', '--bind=/dev/loop-control', '--bind=/dev/loop0', '--bind=/dev/loop1', '--bind=/dev/loop2', '--bind=/dev/loop3', '--bind=/dev/loop4', '--bind=/dev/loop5', '--bind=/dev/loop6', '--bind=/dev/loop7', '--bind=/dev/loop8', '--bind=/dev/loop9', '--bind=/dev/loop10', '--bind=/dev/loop11']
DEBUG util.py:558:  Executing command: ['/usr/bin/systemd-nspawn', '-q', '-M', 'bfe48c9eeb964f93bd302ddc78147c9a', '-D', '/var/lib/mock/f41-build-49652926-5916286/root', '-a', '-u', 'mockbuild', '--capability=cap_ipc_lock', '--bind=/tmp/mock-resolv.grs8xwjt:/etc/resolv.conf', '--bind=/dev/btrfs-control', '--bind=/dev/mapper/control', '--bind=/dev/fuse', '--bind=/dev/loop-control', '--bind=/dev/loop0', '--bind=/dev/loop1', '--bind=/dev/loop2', '--bind=/dev/loop3', '--bind=/dev/loop4', '--bind=/dev/loop5', '--bind=/dev/loop6', '--bind=/dev/loop7', '--bind=/dev/loop8', '--bind=/dev/loop9', '--bind=/dev/loop10', '--bind=/dev/loop11', '--console=pipe', '--setenv=TERM=vt100', '--setenv=SHELL=/bin/bash', '--setenv=HOME=/builddir', '--setenv=HOSTNAME=mock', '--setenv=PATH=/usr/bin:/bin:/usr/sbin:/sbin', '--setenv=PROMPT_COMMAND=printf "\\033]0;<mock-chroot>\\007"', '--setenv=PS1=<mock-chroot> \\s-\\v\\$ ', '--setenv=LANG=C.UTF-8', '--resolv-conf=off', '/bin/rpm', '-Uvh', '--nodeps', '/builddir/build/originals/python-ratinabox-1.12.3-1.fc41.src.rpm'] with env {'TERM': 'vt100', 'SHELL': '/bin/bash', 'HOME': '/builddir', 'HOSTNAME': 'mock', 'PATH': '/usr/bin:/bin:/usr/sbin:/sbin', 'PROMPT_COMMAND': 'printf "\\033]0;<mock-chroot>\\007"', 'PS1': '<mock-chroot> \\s-\\v\\$ ', 'LANG': 'C.UTF-8', 'SYSTEMD_NSPAWN_TMPFS_TMP': '0', 'SYSTEMD_SECCOMP': '0'} and shell False
DEBUG util.py:463:  Updating / installing...
DEBUG util.py:463:  python-ratinabox-1.12.3-1.fc41        ########################################
DEBUG util.py:610:  Child return code was: 0
DEBUG util.py:636:  child environment: None
DEBUG util.py:553:  Using nspawn with args ['--capability=cap_ipc_lock', '--bind=/tmp/mock-resolv.grs8xwjt:/etc/resolv.conf', '--bind=/dev/btrfs-control', '--bind=/dev/mapper/control', '--bind=/dev/fuse', '--bind=/dev/loop-control', '--bind=/dev/loop0', '--bind=/dev/loop1', '--bind=/dev/loop2', '--bind=/dev/loop3', '--bind=/dev/loop4', '--bind=/dev/loop5', '--bind=/dev/loop6', '--bind=/dev/loop7', '--bind=/dev/loop8', '--bind=/dev/loop9', '--bind=/dev/loop10', '--bind=/dev/loop11']
DEBUG util.py:558:  Executing command: ['/usr/bin/systemd-nspawn', '-q', '-M', '0f02689b194345aebfce2f215cd24082', '-D', '/var/lib/mock/f41-build-49652926-5916286/root', '-a', '-u', 'mockbuild', '--capability=cap_ipc_lock', '--bind=/tmp/mock-resolv.grs8xwjt:/etc/resolv.conf', '--bind=/dev/btrfs-control', '--bind=/dev/mapper/control', '--bind=/dev/fuse', '--bind=/dev/loop-control', '--bind=/dev/loop0', '--bind=/dev/loop1', '--bind=/dev/loop2', '--bind=/dev/loop3', '--bind=/dev/loop4', '--bind=/dev/loop5', '--bind=/dev/loop6', '--bind=/dev/loop7', '--bind=/dev/loop8', '--bind=/dev/loop9', '--bind=/dev/loop10', '--bind=/dev/loop11', '--console=pipe', '--setenv=TERM=vt100', '--setenv=SHELL=/bin/bash', '--setenv=HOME=/builddir', '--setenv=HOSTNAME=mock', '--setenv=PATH=/usr/bin:/bin:/usr/sbin:/sbin', '--setenv=PROMPT_COMMAND=printf "\\033]0;<mock-chroot>\\007"', '--setenv=PS1=<mock-chroot> \\s-\\v\\$ ', '--setenv=LANG=C.UTF-8', '--resolv-conf=off', '/bin/rpm', '-qpl', '/builddir/build/originals/python-ratinabox-1.12.3-1.fc41.src.rpm'] with env {'TERM': 'vt100', 'SHELL': '/bin/bash', 'HOME': '/builddir', 'HOSTNAME': 'mock', 'PATH': '/usr/bin:/bin:/usr/sbin:/sbin', 'PROMPT_COMMAND': 'printf "\\033]0;<mock-chroot>\\007"', 'PS1': '<mock-chroot> \\s-\\v\\$ ', 'LANG': 'C.UTF-8', 'SYSTEMD_NSPAWN_TMPFS_TMP': '0', 'SYSTEMD_SECCOMP': '0'} and shell False
DEBUG util.py:463:  python-ratinabox.spec
DEBUG util.py:463:  ratinabox-1.12.3.tar.gz
DEBUG util.py:610:  Child return code was: 0
DEBUG util.py:636:  child environment: None
DEBUG util.py:553:  Using nspawn with args None
DEBUG util.py:558:  Executing command: ['/usr/bin/systemd-nspawn', '-q', '-M', '32ba2fdd4ea048ffa73d7e26aa2a44a8', '-D', '/var/lib/mock/f41-build-49652926-5916286/root', '-a', '--console=pipe', '--setenv=TERM=vt100', '--setenv=SHELL=/bin/bash', '--setenv=HOME=/builddir', '--setenv=HOSTNAME=mock', '--setenv=PATH=/usr/bin:/bin:/usr/sbin:/sbin', '--setenv=PROMPT_COMMAND=printf "\\033]0;<mock-chroot>\\007"', '--setenv=PS1=<mock-chroot> \\s-\\v\\$ ', '--setenv=LANG=C.UTF-8', '--resolv-conf=off', '/bin/sh', '-c', 'case $(rpmbuild --help) in *--noclean*) exit 0; esac; exit 1'] with env {'TERM': 'vt100', 'SHELL': '/bin/bash', 'HOME': '/builddir', 'HOSTNAME': 'mock', 'PATH': '/usr/bin:/bin:/usr/sbin:/sbin', 'PROMPT_COMMAND': 'printf "\\033]0;<mock-chroot>\\007"', 'PS1': '<mock-chroot> \\s-\\v\\$ ', 'LANG': 'C.UTF-8', 'SYSTEMD_NSPAWN_TMPFS_TMP': '0', 'SYSTEMD_SECCOMP': '0'} and shell False
DEBUG util.py:610:  Child return code was: 0
DEBUG util.py:636:  child environment: None
DEBUG file_util.py:18:  ensuring that dir exists: /var/lib/mock/f41-build-49652926-5916286/root/proc
DEBUG util.py:636:  child environment: None
DEBUG util.py:558:  Executing command: ['/bin/mount', '-n', '-t', 'tmpfs', '-o', 'rprivate,mode=0755', 'tmpfs', '/var/lib/mock/f41-build-49652926-5916286/root/proc'] with env {'TERM': 'vt100', 'SHELL': '/bin/sh', 'HOME': '/builddir', 'HOSTNAME': 'mock', 'PATH': '/usr/bin:/bin:/usr/sbin:/sbin', 'LANG': 'C.UTF-8'} and shell False
DEBUG util.py:610:  Child return code was: 0
DEBUG file_util.py:18:  ensuring that dir exists: /var/lib/mock/f41-build-49652926-5916286/root/proc
DEBUG util.py:636:  child environment: None
DEBUG util.py:558:  Executing command: ['/bin/mount', '-n', '-o', 'rbind', '/proc', '/var/lib/mock/f41-build-49652926-5916286/root/proc'] with env {'TERM': 'vt100', 'SHELL': '/bin/sh', 'HOME': '/builddir', 'HOSTNAME': 'mock', 'PATH': '/usr/bin:/bin:/usr/sbin:/sbin', 'LANG': 'C.UTF-8'} and shell False
DEBUG util.py:610:  Child return code was: 0
DEBUG util.py:636:  child environment: None
DEBUG util.py:558:  Executing command: ['/bin/mount', '-n', '-o', 'remount,nodev,noexec,nosuid,readonly,rprivate,rbind', '--target', '/var/lib/mock/f41-build-49652926-5916286/root/proc'] with env {'TERM': 'vt100', 'SHELL': '/bin/sh', 'HOME': '/builddir', 'HOSTNAME': 'mock', 'PATH': '/usr/bin:/bin:/usr/sbin:/sbin', 'LANG': 'C.UTF-8'} and shell False
DEBUG util.py:610:  Child return code was: 0
DEBUG file_util.py:18:  ensuring that dir exists: /var/lib/mock/f41-build-49652926-5916286/root/sys
DEBUG util.py:636:  child environment: None
DEBUG util.py:558:  Executing command: ['/bin/mount', '-n', '-t', 'tmpfs', '-o', 'rprivate,mode=0755', 'tmpfs', '/var/lib/mock/f41-build-49652926-5916286/root/sys'] with env {'TERM': 'vt100', 'SHELL': '/bin/sh', 'HOME': '/builddir', 'HOSTNAME': 'mock', 'PATH': '/usr/bin:/bin:/usr/sbin:/sbin', 'LANG': 'C.UTF-8'} and shell False
DEBUG util.py:610:  Child return code was: 0
DEBUG file_util.py:18:  ensuring that dir exists: /var/lib/mock/f41-build-49652926-5916286/root/sys
DEBUG util.py:636:  child environment: None
DEBUG util.py:558:  Executing command: ['/bin/mount', '-n', '-o', 'rbind', '/sys', '/var/lib/mock/f41-build-49652926-5916286/root/sys'] with env {'TERM': 'vt100', 'SHELL': '/bin/sh', 'HOME': '/builddir', 'HOSTNAME': 'mock', 'PATH': '/usr/bin:/bin:/usr/sbin:/sbin', 'LANG': 'C.UTF-8'} and shell False
DEBUG util.py:610:  Child return code was: 0
DEBUG util.py:636:  child environment: None
DEBUG util.py:558:  Executing command: ['/bin/mount', '-n', '-o', 'remount,nodev,noexec,nosuid,readonly,rprivate,rbind', '--target', '/var/lib/mock/f41-build-49652926-5916286/root/sys'] with env {'TERM': 'vt100', 'SHELL': '/bin/sh', 'HOME': '/builddir', 'HOSTNAME': 'mock', 'PATH': '/usr/bin:/bin:/usr/sbin:/sbin', 'LANG': 'C.UTF-8'} and shell False
DEBUG util.py:610:  Child return code was: 0
DEBUG file_util.py:18:  ensuring that dir exists: /var/lib/mock/f41-build-49652926-5916286/root/dev/shm
DEBUG util.py:636:  child environment: None
DEBUG util.py:558:  Executing command: ['/bin/mount', '-n', '-t', 'tmpfs', 'tmpfs', '/var/lib/mock/f41-build-49652926-5916286/root/dev/shm'] with env {'TERM': 'vt100', 'SHELL': '/bin/sh', 'HOME': '/builddir', 'HOSTNAME': 'mock', 'PATH': '/usr/bin:/bin:/usr/sbin:/sbin', 'LANG': 'C.UTF-8'} and shell False
DEBUG util.py:610:  Child return code was: 0
DEBUG file_util.py:18:  ensuring that dir exists: /var/lib/mock/f41-build-49652926-5916286/root/dev/pts
DEBUG util.py:636:  child environment: None
DEBUG util.py:558:  Executing command: ['/bin/mount', '-n', '-t', 'devpts', '-o', 'gid=5,mode=0620,ptmxmode=0666,newinstance', 'devpts', '/var/lib/mock/f41-build-49652926-5916286/root/dev/pts'] with env {'TERM': 'vt100', 'SHELL': '/bin/sh', 'HOME': '/builddir', 'HOSTNAME': 'mock', 'PATH': '/usr/bin:/bin:/usr/sbin:/sbin', 'LANG': 'C.UTF-8'} and shell False
DEBUG util.py:610:  Child return code was: 0
DEBUG util.py:636:  child environment: None
DEBUG util.py:558:  Executing command: ['/bin/mount', '-n', '-o', 'bind', '/tmp/mock-selinux-plugin.pk5oed7z', '/var/lib/mock/f41-build-49652926-5916286/root/proc/filesystems'] with env {'TERM': 'vt100', 'SHELL': '/bin/sh', 'HOME': '/builddir', 'HOSTNAME': 'mock', 'PATH': '/usr/bin:/bin:/usr/sbin:/sbin', 'LANG': 'C.UTF-8'} and shell False
DEBUG util.py:610:  Child return code was: 0
DEBUG file_util.py:18:  ensuring that dir exists: /var/lib/mock/f41-build-49652926-5916286/root/sys/fs/selinux
DEBUG util.py:636:  child environment: None
DEBUG util.py:558:  Executing command: ['/bin/mount', '-n', '-t', 'tmpfs', 'tmpfs', '/var/lib/mock/f41-build-49652926-5916286/root/sys/fs/selinux'] with env {'TERM': 'vt100', 'SHELL': '/bin/sh', 'HOME': '/builddir', 'HOSTNAME': 'mock', 'PATH': '/usr/bin:/bin:/usr/sbin:/sbin', 'LANG': 'C.UTF-8'} and shell False
DEBUG util.py:610:  Child return code was: 0
DEBUG file_util.py:18:  ensuring that dir exists: /var/lib/mock/f41-build-49652926-5916286-bootstrap/root/var/lib/mock/f41-build-49652926-5916286/root
DEBUG util.py:636:  child environment: None
DEBUG util.py:558:  Executing command: ['/bin/mount', '-n', '-t', 'tmpfs', '-o', 'private,mode=0755', 'tmpfs', '/var/lib/mock/f41-build-49652926-5916286-bootstrap/root/var/lib/mock/f41-build-49652926-5916286/root'] with env {'TERM': 'vt100', 'SHELL': '/bin/sh', 'HOME': '/builddir', 'HOSTNAME': 'mock', 'PATH': '/usr/bin:/bin:/usr/sbin:/sbin', 'LANG': 'C.UTF-8'} and shell False
DEBUG util.py:610:  Child return code was: 0
DEBUG file_util.py:18:  ensuring that dir exists: /var/lib/mock/f41-build-49652926-5916286-bootstrap/root/var/lib/mock/f41-build-49652926-5916286/root
DEBUG util.py:636:  child environment: None
DEBUG util.py:558:  Executing command: ['/bin/mount', '-n', '-o', 'rbind', '/var/lib/mock/f41-build-49652926-5916286/root', '/var/lib/mock/f41-build-49652926-5916286-bootstrap/root/var/lib/mock/f41-build-49652926-5916286/root'] with env {'TERM': 'vt100', 'SHELL': '/bin/sh', 'HOME': '/builddir', 'HOSTNAME': 'mock', 'PATH': '/usr/bin:/bin:/usr/sbin:/sbin', 'LANG': 'C.UTF-8'} and shell False
DEBUG util.py:610:  Child return code was: 0
DEBUG util.py:636:  child environment: None
DEBUG util.py:558:  Executing command: ['/bin/mount', '-n', '-o', 'remount,private,rbind', '--target', '/var/lib/mock/f41-build-49652926-5916286-bootstrap/root/var/lib/mock/f41-build-49652926-5916286/root'] with env {'TERM': 'vt100', 'SHELL': '/bin/sh', 'HOME': '/builddir', 'HOSTNAME': 'mock', 'PATH': '/usr/bin:/bin:/usr/sbin:/sbin', 'LANG': 'C.UTF-8'} and shell False
DEBUG util.py:610:  Child return code was: 0
DEBUG file_util.py:18:  ensuring that dir exists: /var/lib/mock/f41-build-49652926-5916286/root/installation-homedir
DEBUG package_manager.py:289:  ['/usr/bin/dnf5', 'builddep', '--installroot', '/var/lib/mock/f41-build-49652926-5916286/root/', '/var/lib/mock/f41-build-49652926-5916286/root//builddir/build/SRPMS/python-ratinabox-1.12.3-1.fc41.src.rpm', '--setopt=deltarpm=False', '--setopt=allow_vendor_change=yes', '--allowerasing']
DEBUG util.py:636:  child environment: None
DEBUG util.py:553:  Using nspawn with args ['--capability=cap_ipc_lock', '--bind=/tmp/mock-resolv.n2o8hcc3:/etc/resolv.conf']
DEBUG util.py:558:  Executing command: ['/usr/bin/systemd-nspawn', '-q', '-M', 'c17efc5f55844925bac24ebb34ac40f6', '-D', '/var/lib/mock/f41-build-49652926-5916286-bootstrap/root', '-a', '--capability=cap_ipc_lock', '--bind=/tmp/mock-resolv.n2o8hcc3:/etc/resolv.conf', '--console=pipe', '--setenv=TERM=vt100', '--setenv=SHELL=/bin/bash', '--setenv=HOME=/var/lib/mock/f41-build-49652926-5916286/root/installation-homedir', '--setenv=HOSTNAME=mock', '--setenv=PATH=/usr/bin:/bin:/usr/sbin:/sbin', '--setenv=PROMPT_COMMAND=printf "\\033]0;<mock-chroot>\\007"', '--setenv=PS1=<mock-chroot> \\s-\\v\\$ ', '--setenv=LANG=C.UTF-8', '--setenv=LC_MESSAGES=C.UTF-8', '--resolv-conf=off', '/usr/bin/dnf5', 'builddep', '--installroot', '/var/lib/mock/f41-build-49652926-5916286/root/', '/var/lib/mock/f41-build-49652926-5916286/root//builddir/build/SRPMS/python-ratinabox-1.12.3-1.fc41.src.rpm', '--setopt=deltarpm=False', '--setopt=allow_vendor_change=yes', '--allowerasing', '--setopt=tsflags=nocontexts'] with env {'TERM': 'vt100', 'SHELL': '/bin/bash', 'HOME': '/var/lib/mock/f41-build-49652926-5916286/root/installation-homedir', 'HOSTNAME': 'mock', 'PATH': '/usr/bin:/bin:/usr/sbin:/sbin', 'PROMPT_COMMAND': 'printf "\\033]0;<mock-chroot>\\007"', 'PS1': '<mock-chroot> \\s-\\v\\$ ', 'LANG': 'C.UTF-8', 'LC_MESSAGES': 'C.UTF-8', 'SYSTEMD_NSPAWN_TMPFS_TMP': '0', 'SYSTEMD_SECCOMP': '0'} and shell False
DEBUG util.py:463:  Updating and loading repositories:
DEBUG util.py:463:   build                                  100% |  74.3 KiB/s |   3.8 KiB |  00m00s
DEBUG util.py:463:  Repositories loaded.
DEBUG util.py:463:  Package                  Arch   Version        Repository      Size
DEBUG util.py:463:  Installing:                                                        
DEBUG util.py:463:   python3-devel           i686   3.12.2-2.fc41  build        1.2 MiB
DEBUG util.py:463:   python3-pytest-xdist    noarch 3.5.0-3.fc40   build      386.0 KiB
DEBUG util.py:463:  Installing dependencies:                                           
DEBUG util.py:463:   expat                   i686   2.6.0-1.fc41   build      283.5 KiB
DEBUG util.py:463:   libb2                   i686   0.98.1-11.fc40 build       53.4 KiB
DEBUG util.py:463:   mpdecimal               i686   2.5.1-9.fc40   build      200.1 KiB
DEBUG util.py:463:   pyproject-rpm-macros    noarch 1.12.0-1.fc40  build       98.8 KiB
DEBUG util.py:463:   python-pip-wheel        noarch 24.0-2.fc41    build        1.5 MiB
DEBUG util.py:463:   python-rpm-macros       noarch 3.12-7.fc40    build       22.1 KiB
DEBUG util.py:463:   python3                 i686   3.12.2-2.fc41  build       31.0 KiB
DEBUG util.py:463:   python3-execnet         noarch 1.9.0-14.fc40  build      915.6 KiB
DEBUG util.py:463:   python3-iniconfig       noarch 1.1.1-16.fc40  build       20.5 KiB
DEBUG util.py:463:   python3-libs            i686   3.12.2-2.fc41  build       40.2 MiB
DEBUG util.py:463:   python3-packaging       noarch 23.2-4.fc40    build      421.1 KiB
DEBUG util.py:463:   python3-pluggy          noarch 1.3.0-3.fc40   build      182.5 KiB
DEBUG util.py:463:   python3-pytest          noarch 7.4.3-3.fc40   build       15.0 MiB
DEBUG util.py:463:   python3-rpm-generators  noarch 14-10.fc40     build       81.7 KiB
DEBUG util.py:463:   python3-rpm-macros      noarch 3.12-7.fc40    build        6.4 KiB
DEBUG util.py:463:   tzdata                  noarch 2024a-4.fc41   build        1.6 MiB
DEBUG util.py:463:  Transaction Summary:
DEBUG util.py:463:   Installing:       18 packages
DEBUG util.py:463:  Total size of inbound packages is 14 MiB. Need to download 14 MiB.
DEBUG util.py:463:  After this operation 62 MiB will be used (install 62 MiB, remove 0 B).
DEBUG util.py:463:  [ 1/18] python3-pytest-xdist-0:3.5.0-3. 100% |   2.2 MiB/s |  93.0 KiB |  00m00s
DEBUG util.py:463:  [ 2/18] python3-0:3.12.2-2.fc41.i686    100% | 611.3 KiB/s |  26.9 KiB |  00m00s
DEBUG util.py:463:  [ 3/18] python3-devel-0:3.12.2-2.fc41.i 100% |   5.6 MiB/s | 274.2 KiB |  00m00s
DEBUG util.py:463:  [ 4/18] python3-execnet-0:1.9.0-14.fc40 100% |  30.0 MiB/s | 246.2 KiB |  00m00s
DEBUG util.py:463:  [ 5/18] expat-0:2.6.0-1.fc41.i686       100% |  16.3 MiB/s | 116.9 KiB |  00m00s
DEBUG util.py:463:  [ 6/18] libb2-0:0.98.1-11.fc40.i686     100% |   9.3 MiB/s |  28.5 KiB |  00m00s
DEBUG util.py:463:  [ 7/18] mpdecimal-0:2.5.1-9.fc40.i686   100% |  14.9 MiB/s |  91.7 KiB |  00m00s
DEBUG util.py:463:  [ 8/18] python3-pytest-0:7.4.3-3.fc40.n 100% |  41.2 MiB/s |   1.8 MiB |  00m00s
DEBUG util.py:463:  [ 9/18] tzdata-0:2024a-4.fc41.noarch    100% |  32.4 MiB/s | 431.5 KiB |  00m00s
DEBUG util.py:463:  [10/18] python3-iniconfig-0:1.1.1-16.fc 100% |   5.8 MiB/s |  17.9 KiB |  00m00s
DEBUG util.py:463:  [11/18] python-pip-wheel-0:24.0-2.fc41. 100% |  28.9 MiB/s |   1.5 MiB |  00m00s
DEBUG util.py:463:  [12/18] python3-packaging-0:23.2-4.fc40 100% |   7.0 MiB/s | 115.5 KiB |  00m00s
DEBUG util.py:463:  [13/18] python3-pluggy-0:1.3.0-3.fc40.n 100% |  16.1 MiB/s |  49.5 KiB |  00m00s
DEBUG util.py:463:  [14/18] pyproject-rpm-macros-0:1.12.0-1 100% |  13.5 MiB/s |  41.4 KiB |  00m00s
DEBUG util.py:463:  [15/18] python-rpm-macros-0:3.12-7.fc40 100% |   5.9 MiB/s |  18.0 KiB |  00m00s
DEBUG util.py:463:  [16/18] python3-rpm-generators-0:14-10. 100% |  14.5 MiB/s |  29.6 KiB |  00m00s
DEBUG util.py:463:  [17/18] python3-rpm-macros-0:3.12-7.fc4 100% |   4.2 MiB/s |  12.8 KiB |  00m00s
DEBUG util.py:463:  [18/18] python3-libs-0:3.12.2-2.fc41.i6 100% |  49.5 MiB/s |   9.0 MiB |  00m00s
DEBUG util.py:463:  --------------------------------------------------------------------------------
DEBUG util.py:463:  [18/18] Total                           100% |  60.9 MiB/s |  13.8 MiB |  00m00s
DEBUG util.py:463:  Running transaction
DEBUG util.py:463:  [ 1/20] Verify package files            100% | 128.0   B/s |  18.0   B |  00m00s
DEBUG util.py:463:  [ 2/20] Prepare transaction             100% | 225.0   B/s |  18.0   B |  00m00s
DEBUG util.py:463:  [ 3/20] Installing python-rpm-macros-0: 100% |   5.6 MiB/s |  22.8 KiB |  00m00s
DEBUG util.py:463:  [ 4/20] Installing python3-rpm-macros-0 100% |   3.3 MiB/s |   6.7 KiB |  00m00s
DEBUG util.py:463:  [ 5/20] Installing pyproject-rpm-macros 100% |  12.3 MiB/s | 100.8 KiB |  00m00s
DEBUG util.py:463:  [ 6/20] Installing tzdata-0:2024a-4.fc4 100% |  11.0 MiB/s |   1.9 MiB |  00m00s
DEBUG util.py:463:  [ 7/20] Installing python-pip-wheel-0:2 100% | 138.9 MiB/s |   1.5 MiB |  00m00s
DEBUG util.py:463:  [ 8/20] Installing mpdecimal-0:2.5.1-9. 100% |  39.3 MiB/s | 201.2 KiB |  00m00s
DEBUG util.py:463:  [ 9/20] Installing libb2-0:0.98.1-11.fc 100% |  17.7 MiB/s |  54.5 KiB |  00m00s
DEBUG util.py:463:  [10/20] Installing expat-0:2.6.0-1.fc41 100% |  19.9 MiB/s | 285.5 KiB |  00m00s
DEBUG util.py:463:  [11/20] Installing python3-libs-0:3.12. 100% |  78.3 MiB/s |  40.6 MiB |  00m01s
DEBUG util.py:463:  [12/20] Installing python3-0:3.12.2-2.f 100% |   8.0 MiB/s |  32.7 KiB |  00m00s
DEBUG util.py:463:  [13/20] Installing python3-packaging-0: 100% |  35.1 MiB/s | 431.9 KiB |  00m00s
DEBUG util.py:463:  [14/20] Installing python3-rpm-generato 100% |  20.2 MiB/s |  82.9 KiB |  00m00s
DEBUG util.py:463:  [15/20] Installing python3-execnet-0:1. 100% |  39.8 MiB/s | 938.4 KiB |  00m00s
DEBUG util.py:463:  [16/20] Installing python3-iniconfig-0: 100% |   4.6 MiB/s |  23.4 KiB |  00m00s
DEBUG util.py:463:  [17/20] Installing python3-pluggy-0:1.3 100% |  20.4 MiB/s | 188.3 KiB |  00m00s
DEBUG util.py:463:  [18/20] Installing python3-pytest-0:7.4 100% |  84.0 MiB/s |  15.2 MiB |  00m00s
DEBUG util.py:463:  [19/20] Installing python3-pytest-xdist 100% |  29.9 MiB/s | 398.0 KiB |  00m00s
DEBUG util.py:463:  [20/20] Installing python3-devel-0:3.12 100% | 960.9 KiB/s |   1.3 MiB |  00m01s
DEBUG util.py:463:  >>> Running trigger-install scriptlet: glibc-common-0:2.39.9000-5.fc41.i686
DEBUG util.py:463:  >>> Stop trigger-install scriptlet: glibc-common-0:2.39.9000-5.fc41.i686
DEBUG util.py:461:  Warning: skipped PGP checks for 18 package(s).
DEBUG util.py:610:  Child return code was: 0
DEBUG util.py:185:  kill orphans in chroot /var/lib/mock/f41-build-49652926-5916286/root
DEBUG util.py:185:  kill orphans in chroot /var/lib/mock/f41-build-49652926-5916286-bootstrap/root/var/lib/mock/f41-build-49652926-5916286/root
DEBUG util.py:636:  child environment: None
DEBUG util.py:558:  Executing command: ['/bin/umount', '-n', '-l', '/var/lib/mock/f41-build-49652926-5916286-bootstrap/root/var/lib/mock/f41-build-49652926-5916286/root'] with env {'TERM': 'vt100', 'SHELL': '/bin/sh', 'HOME': '/builddir', 'HOSTNAME': 'mock', 'PATH': '/usr/bin:/bin:/usr/sbin:/sbin', 'LANG': 'C.UTF-8'} and shell False
DEBUG util.py:610:  Child return code was: 0
DEBUG util.py:636:  child environment: None
DEBUG util.py:558:  Executing command: ['/bin/umount', '-n', '-l', '/var/lib/mock/f41-build-49652926-5916286-bootstrap/root/var/lib/mock/f41-build-49652926-5916286/root'] with env {'TERM': 'vt100', 'SHELL': '/bin/sh', 'HOME': '/builddir', 'HOSTNAME': 'mock', 'PATH': '/usr/bin:/bin:/usr/sbin:/sbin', 'LANG': 'C.UTF-8'} and shell False
DEBUG util.py:610:  Child return code was: 0
DEBUG util.py:636:  child environment: None
DEBUG util.py:558:  Executing command: ['/bin/umount', '-n', '-l', '/var/lib/mock/f41-build-49652926-5916286/root/sys/fs/selinux'] with env {'TERM': 'vt100', 'SHELL': '/bin/sh', 'HOME': '/builddir', 'HOSTNAME': 'mock', 'PATH': '/usr/bin:/bin:/usr/sbin:/sbin', 'LANG': 'C.UTF-8'} and shell False
DEBUG util.py:610:  Child return code was: 0
DEBUG util.py:636:  child environment: None
DEBUG util.py:558:  Executing command: ['/bin/umount', '-n', '/var/lib/mock/f41-build-49652926-5916286/root/proc/filesystems'] with env {'TERM': 'vt100', 'SHELL': '/bin/sh', 'HOME': '/builddir', 'HOSTNAME': 'mock', 'PATH': '/usr/bin:/bin:/usr/sbin:/sbin', 'LANG': 'C.UTF-8'} and shell False
DEBUG util.py:610:  Child return code was: 0
DEBUG util.py:636:  child environment: None
DEBUG util.py:558:  Executing command: ['/bin/umount', '-n', '-l', '/var/lib/mock/f41-build-49652926-5916286/root/dev/pts'] with env {'TERM': 'vt100', 'SHELL': '/bin/sh', 'HOME': '/builddir', 'HOSTNAME': 'mock', 'PATH': '/usr/bin:/bin:/usr/sbin:/sbin', 'LANG': 'C.UTF-8'} and shell False
DEBUG util.py:610:  Child return code was: 0
DEBUG util.py:636:  child environment: None
DEBUG util.py:558:  Executing command: ['/bin/umount', '-n', '-l', '/var/lib/mock/f41-build-49652926-5916286/root/dev/shm'] with env {'TERM': 'vt100', 'SHELL': '/bin/sh', 'HOME': '/builddir', 'HOSTNAME': 'mock', 'PATH': '/usr/bin:/bin:/usr/sbin:/sbin', 'LANG': 'C.UTF-8'} and shell False
DEBUG util.py:610:  Child return code was: 0
DEBUG util.py:636:  child environment: None
DEBUG util.py:558:  Executing command: ['/bin/umount', '-n', '-l', '/var/lib/mock/f41-build-49652926-5916286/root/sys'] with env {'TERM': 'vt100', 'SHELL': '/bin/sh', 'HOME': '/builddir', 'HOSTNAME': 'mock', 'PATH': '/usr/bin:/bin:/usr/sbin:/sbin', 'LANG': 'C.UTF-8'} and shell False
DEBUG util.py:610:  Child return code was: 0
DEBUG util.py:636:  child environment: None
DEBUG util.py:558:  Executing command: ['/bin/umount', '-n', '-l', '/var/lib/mock/f41-build-49652926-5916286/root/sys'] with env {'TERM': 'vt100', 'SHELL': '/bin/sh', 'HOME': '/builddir', 'HOSTNAME': 'mock', 'PATH': '/usr/bin:/bin:/usr/sbin:/sbin', 'LANG': 'C.UTF-8'} and shell False
DEBUG util.py:610:  Child return code was: 0
DEBUG util.py:636:  child environment: None
DEBUG util.py:558:  Executing command: ['/bin/umount', '-n', '-l', '/var/lib/mock/f41-build-49652926-5916286/root/proc'] with env {'TERM': 'vt100', 'SHELL': '/bin/sh', 'HOME': '/builddir', 'HOSTNAME': 'mock', 'PATH': '/usr/bin:/bin:/usr/sbin:/sbin', 'LANG': 'C.UTF-8'} and shell False
DEBUG util.py:610:  Child return code was: 0
DEBUG util.py:636:  child environment: None
DEBUG util.py:558:  Executing command: ['/bin/umount', '-n', '-l', '/var/lib/mock/f41-build-49652926-5916286/root/proc'] with env {'TERM': 'vt100', 'SHELL': '/bin/sh', 'HOME': '/builddir', 'HOSTNAME': 'mock', 'PATH': '/usr/bin:/bin:/usr/sbin:/sbin', 'LANG': 'C.UTF-8'} and shell False
DEBUG util.py:610:  Child return code was: 0
DEBUG file_util.py:18:  ensuring that dir exists: /var/lib/mock/f41-build-49652926-5916286-bootstrap/root/var/lib/mock/f41-build-49652926-5916286/root
DEBUG util.py:636:  child environment: None
DEBUG util.py:558:  Executing command: ['/bin/mount', '-n', '-t', 'tmpfs', '-o', 'private,mode=0755', 'tmpfs', '/var/lib/mock/f41-build-49652926-5916286-bootstrap/root/var/lib/mock/f41-build-49652926-5916286/root'] with env {'TERM': 'vt100', 'SHELL': '/bin/sh', 'HOME': '/builddir', 'HOSTNAME': 'mock', 'PATH': '/usr/bin:/bin:/usr/sbin:/sbin', 'LANG': 'C.UTF-8'} and shell False
DEBUG util.py:610:  Child return code was: 0
DEBUG file_util.py:18:  ensuring that dir exists: /var/lib/mock/f41-build-49652926-5916286-bootstrap/root/var/lib/mock/f41-build-49652926-5916286/root
DEBUG util.py:636:  child environment: None
DEBUG util.py:558:  Executing command: ['/bin/mount', '-n', '-o', 'rbind', '/var/lib/mock/f41-build-49652926-5916286/root', '/var/lib/mock/f41-build-49652926-5916286-bootstrap/root/var/lib/mock/f41-build-49652926-5916286/root'] with env {'TERM': 'vt100', 'SHELL': '/bin/sh', 'HOME': '/builddir', 'HOSTNAME': 'mock', 'PATH': '/usr/bin:/bin:/usr/sbin:/sbin', 'LANG': 'C.UTF-8'} and shell False
DEBUG util.py:610:  Child return code was: 0
DEBUG util.py:636:  child environment: None
DEBUG util.py:558:  Executing command: ['/bin/mount', '-n', '-o', 'remount,private,rbind', '--target', '/var/lib/mock/f41-build-49652926-5916286-bootstrap/root/var/lib/mock/f41-build-49652926-5916286/root'] with env {'TERM': 'vt100', 'SHELL': '/bin/sh', 'HOME': '/builddir', 'HOSTNAME': 'mock', 'PATH': '/usr/bin:/bin:/usr/sbin:/sbin', 'LANG': 'C.UTF-8'} and shell False
DEBUG util.py:610:  Child return code was: 0
DEBUG util.py:636:  child environment: None
DEBUG util.py:553:  Using nspawn with args None
DEBUG util.py:558:  Executing command: ['/usr/bin/systemd-nspawn', '-q', '-M', '134878cf59f54ea990bfa0c6630c0108', '-D', '/var/lib/mock/f41-build-49652926-5916286-bootstrap/root', '-a', '--console=pipe', '--setenv=TERM=vt100', '--setenv=SHELL=/bin/bash', '--setenv=HOME=/builddir', '--setenv=HOSTNAME=mock', '--setenv=PATH=/usr/bin:/bin:/usr/sbin:/sbin', '--setenv=PROMPT_COMMAND=printf "\\033]0;<mock-chroot>\\007"', '--setenv=PS1=<mock-chroot> \\s-\\v\\$ ', '--setenv=LANG=C.UTF-8', '--resolv-conf=off', '/bin/rpm', '-qa', '--root', '/var/lib/mock/f41-build-49652926-5916286/root'] with env {'TERM': 'vt100', 'SHELL': '/bin/bash', 'HOME': '/builddir', 'HOSTNAME': 'mock', 'PATH': '/usr/bin:/bin:/usr/sbin:/sbin', 'PROMPT_COMMAND': 'printf "\\033]0;<mock-chroot>\\007"', 'PS1': '<mock-chroot> \\s-\\v\\$ ', 'LANG': 'C.UTF-8', 'SYSTEMD_NSPAWN_TMPFS_TMP': '0', 'SYSTEMD_SECCOMP': '0'} and shell False
DEBUG util.py:463:  crypto-policies-20240304-1.git0375239.fc41.noarch
DEBUG util.py:463:  fedora-release-identity-basic-41-0.6.noarch
DEBUG util.py:463:  fedora-gpg-keys-41-0.1.noarch
DEBUG util.py:463:  fedora-repos-rawhide-41-0.1.noarch
DEBUG util.py:463:  fedora-repos-41-0.1.noarch
DEBUG util.py:463:  fedora-release-common-41-0.6.noarch
DEBUG util.py:463:  fedora-release-41-0.6.noarch
DEBUG util.py:463:  setup-2.14.5-2.fc40.noarch
DEBUG util.py:463:  filesystem-3.18-8.fc40.i686
DEBUG util.py:463:  basesystem-11-20.fc40.noarch
DEBUG util.py:463:  libssh-config-0.10.6-6.fc41.noarch
DEBUG util.py:463:  publicsuffix-list-dafsa-20240107-3.fc40.noarch
DEBUG util.py:463:  pkgconf-m4-2.1.0-1.fc40.noarch
DEBUG util.py:463:  pcre2-syntax-10.42-2.fc40.2.noarch
DEBUG util.py:463:  ncurses-base-6.4-12.20240127.fc40.noarch
DEBUG util.py:463:  rust-srpm-macros-26.2-1.fc41.noarch
DEBUG util.py:463:  qt6-srpm-macros-6.6.2-1.fc41.noarch
DEBUG util.py:463:  qt5-srpm-macros-5.15.12-3.fc40.noarch
DEBUG util.py:463:  perl-srpm-macros-1-53.fc40.noarch
DEBUG util.py:463:  package-notes-srpm-macros-0.5-11.fc40.noarch
DEBUG util.py:463:  openblas-srpm-macros-2-17.fc41.noarch
DEBUG util.py:463:  ocaml-srpm-macros-9-3.fc40.noarch
DEBUG util.py:463:  kernel-srpm-macros-1.0-23.fc41.noarch
DEBUG util.py:463:  gnat-srpm-macros-6-5.fc40.noarch
DEBUG util.py:463:  ghc-srpm-macros-1.9-1.fc41.noarch
DEBUG util.py:463:  fpc-srpm-macros-1.3-12.fc40.noarch
DEBUG util.py:463:  ansible-srpm-macros-1-14.fc40.noarch
DEBUG util.py:463:  coreutils-common-9.4-6.fc40.i686
DEBUG util.py:463:  libgcc-14.0.1-0.8.fc41.i686
DEBUG util.py:463:  glibc-minimal-langpack-2.39.9000-5.fc41.i686
DEBUG util.py:463:  ncurses-libs-6.4-12.20240127.fc40.i686
DEBUG util.py:463:  glibc-2.39.9000-5.fc41.i686
DEBUG util.py:463:  bash-5.2.26-3.fc40.i686
DEBUG util.py:463:  glibc-common-2.39.9000-5.fc41.i686
DEBUG util.py:463:  glibc-gconv-extra-2.39.9000-5.fc41.i686
DEBUG util.py:463:  zlib-ng-compat-2.1.6-2.fc40.i686
DEBUG util.py:463:  xz-libs-5.6.1-1.fc41.i686
DEBUG util.py:463:  bzip2-libs-1.0.8-18.fc40.i686
DEBUG util.py:463:  readline-8.2-8.fc40.i686
DEBUG util.py:463:  popt-1.19-6.fc40.i686
DEBUG util.py:463:  libuuid-2.40-0.11.rc1.fc41.i686
DEBUG util.py:463:  libstdc++-14.0.1-0.8.fc41.i686
DEBUG util.py:463:  libzstd-1.5.5-5.fc40.i686
DEBUG util.py:463:  elfutils-libelf-0.191-2.fc41.i686
DEBUG util.py:463:  libblkid-2.40-0.11.rc1.fc41.i686
DEBUG util.py:463:  gmp-6.3.0-1.fc41.i686
DEBUG util.py:463:  libattr-2.5.2-3.fc40.i686
DEBUG util.py:463:  libacl-2.3.2-1.fc40.i686
DEBUG util.py:463:  libxcrypt-4.4.36-5.fc40.i686
DEBUG util.py:463:  libeconf-0.6.2-1.fc41.i686
DEBUG util.py:463:  lz4-libs-1.9.4-6.fc40.i686
DEBUG util.py:463:  gdbm-libs-1.23-6.fc40.i686
DEBUG util.py:463:  mpfr-4.2.1-3.fc40.i686
DEBUG util.py:463:  gawk-5.3.0-3.fc40.i686
DEBUG util.py:463:  dwz-0.15-6.fc40.i686
DEBUG util.py:463:  unzip-6.0-63.fc40.i686
DEBUG util.py:463:  file-libs-5.45-5.fc41.i686
DEBUG util.py:463:  file-5.45-5.fc41.i686
DEBUG util.py:463:  pcre2-10.42-2.fc40.2.i686
DEBUG util.py:463:  grep-3.11-7.fc40.i686
DEBUG util.py:463:  xz-5.6.1-1.fc41.i686
DEBUG util.py:463:  libcap-ng-0.8.4-4.fc40.i686
DEBUG util.py:463:  audit-libs-4.0.1-1.fc41.i686
DEBUG util.py:463:  pam-libs-1.6.0-2.fc41.i686
DEBUG util.py:463:  libcap-2.69-3.fc40.i686
DEBUG util.py:463:  systemd-libs-255.4-1.fc41.i686
DEBUG util.py:463:  libsmartcols-2.40-0.11.rc1.fc41.i686
DEBUG util.py:463:  libsepol-3.6-3.fc40.i686
DEBUG util.py:463:  libselinux-3.6-4.fc40.i686
DEBUG util.py:463:  sed-4.9-1.fc40.i686
DEBUG util.py:463:  findutils-4.9.0-8.fc40.i686
DEBUG util.py:463:  libmount-2.40-0.11.rc1.fc41.i686
DEBUG util.py:463:  alternatives-1.26-3.fc40.i686
DEBUG util.py:463:  jansson-2.13.1-9.fc40.i686
DEBUG util.py:463:  lua-libs-5.4.6-5.fc40.i686
DEBUG util.py:463:  libcom_err-1.47.0-5.fc40.i686
DEBUG util.py:463:  libtasn1-4.19.0-6.fc40.i686
DEBUG util.py:463:  libunistring-1.1-7.fc41.i686
DEBUG util.py:463:  elfutils-default-yama-scope-0.191-2.fc41.noarch
DEBUG util.py:463:  libidn2-2.3.7-1.fc40.i686
DEBUG util.py:463:  libpsl-0.21.5-3.fc40.i686
DEBUG util.py:463:  util-linux-core-2.40-0.11.rc1.fc41.i686
DEBUG util.py:463:  tar-1.35-3.fc40.i686
DEBUG util.py:463:  libsemanage-3.6-3.fc40.i686
DEBUG util.py:463:  shadow-utils-4.15.1-1.fc41.i686
DEBUG util.py:463:  libutempter-1.2.1-13.fc40.i686
DEBUG util.py:463:  zip-3.0-40.fc40.i686
DEBUG util.py:463:  gdbm-1.23-6.fc40.i686
DEBUG util.py:463:  cyrus-sasl-lib-2.1.28-19.fc40.i686
DEBUG util.py:463:  zstd-1.5.5-5.fc40.i686
DEBUG util.py:463:  libfdisk-2.40-0.11.rc1.fc41.i686
DEBUG util.py:463:  bzip2-1.0.8-18.fc40.i686
DEBUG util.py:463:  libxml2-2.12.5-1.fc40.i686
DEBUG util.py:463:  sqlite-libs-3.45.2-1.fc41.i686
DEBUG util.py:463:  ed-1.20.1-1.fc41.i686
DEBUG util.py:463:  patch-2.7.6-24.fc40.i686
DEBUG util.py:463:  cpio-2.15-1.fc40.i686
DEBUG util.py:463:  diffutils-3.10-5.fc40.i686
DEBUG util.py:463:  libgomp-14.0.1-0.8.fc41.i686
DEBUG util.py:463:  libpkgconf-2.1.0-1.fc40.i686
DEBUG util.py:463:  pkgconf-2.1.0-1.fc40.i686
DEBUG util.py:463:  pkgconf-pkg-config-2.1.0-1.fc40.i686
DEBUG util.py:463:  libffi-3.4.4-8.fc41.i686
DEBUG util.py:463:  p11-kit-0.25.3-4.fc40.i686
DEBUG util.py:463:  p11-kit-trust-0.25.3-4.fc40.i686
DEBUG util.py:463:  openssl-libs-3.2.1-3.fc41.i686
DEBUG util.py:463:  coreutils-9.4-6.fc40.i686
DEBUG util.py:463:  ca-certificates-2023.2.62_v7.0.401-6.fc40.noarch
DEBUG util.py:463:  gzip-1.13-1.fc40.i686
DEBUG util.py:463:  authselect-libs-1.5.0-5.fc41.i686
DEBUG util.py:463:  libarchive-3.7.2-3.fc40.i686
DEBUG util.py:463:  authselect-1.5.0-5.fc41.i686
DEBUG util.py:463:  cracklib-2.9.11-5.fc40.i686
DEBUG util.py:463:  libpwquality-1.4.5-9.fc40.i686
DEBUG util.py:463:  rpm-sequoia-1.6.0-2.fc40.i686
DEBUG util.py:463:  rpm-libs-4.19.1.1-1.fc40.i686
DEBUG util.py:463:  libevent-2.1.12-12.fc40.i686
DEBUG util.py:463:  keyutils-libs-1.6.3-3.fc40.i686
DEBUG util.py:463:  libverto-0.3.2-8.fc40.i686
DEBUG util.py:463:  krb5-libs-1.21.2-5.fc40.i686
DEBUG util.py:463:  libtirpc-1.3.4-1.rc2.fc40.2.i686
DEBUG util.py:463:  libnsl2-2.0.1-1.fc40.i686
DEBUG util.py:463:  pam-1.6.0-2.fc41.i686
DEBUG util.py:463:  libssh-0.10.6-6.fc41.i686
DEBUG util.py:463:  xxhash-libs-0.8.2-2.fc40.i686
DEBUG util.py:463:  libbrotli-1.1.0-3.fc40.i686
DEBUG util.py:463:  libnghttp2-1.60.0-2.fc41.i686
DEBUG util.py:463:  libtool-ltdl-2.4.7-10.fc40.i686
DEBUG util.py:463:  openldap-2.6.7-1.fc40.i686
DEBUG util.py:463:  libcurl-8.6.0-7.fc41.i686
DEBUG util.py:463:  elfutils-debuginfod-client-0.191-2.fc41.i686
DEBUG util.py:463:  elfutils-libs-0.191-2.fc41.i686
DEBUG util.py:463:  binutils-gold-2.42.50-5.fc41.i686
DEBUG util.py:463:  binutils-2.42.50-5.fc41.i686
DEBUG util.py:463:  elfutils-0.191-2.fc41.i686
DEBUG util.py:463:  gdb-minimal-14.2-1.fc41.i686
DEBUG util.py:463:  debugedit-5.0-14.fc40.i686
DEBUG util.py:463:  rpm-build-libs-4.19.1.1-1.fc40.i686
DEBUG util.py:463:  curl-8.6.0-7.fc41.i686
DEBUG util.py:463:  rpm-4.19.1.1-1.fc40.i686
DEBUG util.py:463:  efi-srpm-macros-5-11.fc40.noarch
DEBUG util.py:463:  lua-srpm-macros-1-13.fc40.noarch
DEBUG util.py:463:  zig-srpm-macros-1-2.fc40.noarch
DEBUG util.py:463:  fonts-srpm-macros-2.0.5-14.fc40.noarch
DEBUG util.py:463:  forge-srpm-macros-0.3.0-1.fc41.noarch
DEBUG util.py:463:  go-srpm-macros-3.5.0-1.fc41.noarch
DEBUG util.py:463:  python-srpm-macros-3.12-7.fc40.noarch
DEBUG util.py:463:  redhat-rpm-config-286-1.fc41.noarch
DEBUG util.py:463:  rpm-build-4.19.1.1-1.fc40.i686
DEBUG util.py:463:  pyproject-srpm-macros-1.12.0-1.fc40.noarch
DEBUG util.py:463:  util-linux-2.40-0.11.rc1.fc41.i686
DEBUG util.py:463:  which-2.21-41.fc40.i686
DEBUG util.py:463:  info-7.1-2.fc40.i686
DEBUG util.py:463:  python-rpm-macros-3.12-7.fc40.noarch
DEBUG util.py:463:  python3-rpm-macros-3.12-7.fc40.noarch
DEBUG util.py:463:  pyproject-rpm-macros-1.12.0-1.fc40.noarch
DEBUG util.py:463:  tzdata-2024a-4.fc41.noarch
DEBUG util.py:463:  python-pip-wheel-24.0-2.fc41.noarch
DEBUG util.py:463:  mpdecimal-2.5.1-9.fc40.i686
DEBUG util.py:463:  libb2-0.98.1-11.fc40.i686
DEBUG util.py:463:  expat-2.6.0-1.fc41.i686
DEBUG util.py:463:  python3-libs-3.12.2-2.fc41.i686
DEBUG util.py:463:  python3-3.12.2-2.fc41.i686
DEBUG util.py:463:  python3-packaging-23.2-4.fc40.noarch
DEBUG util.py:463:  python3-rpm-generators-14-10.fc40.noarch
DEBUG util.py:463:  python3-execnet-1.9.0-14.fc40.noarch
DEBUG util.py:463:  python3-iniconfig-1.1.1-16.fc40.noarch
DEBUG util.py:463:  python3-pluggy-1.3.0-3.fc40.noarch
DEBUG util.py:463:  python3-pytest-7.4.3-3.fc40.noarch
DEBUG util.py:463:  python3-pytest-xdist-3.5.0-3.fc40.noarch
DEBUG util.py:463:  python3-devel-3.12.2-2.fc41.i686
DEBUG util.py:610:  Child return code was: 0
DEBUG util.py:185:  kill orphans in chroot /var/lib/mock/f41-build-49652926-5916286/root
DEBUG util.py:185:  kill orphans in chroot /var/lib/mock/f41-build-49652926-5916286-bootstrap/root/var/lib/mock/f41-build-49652926-5916286/root
DEBUG util.py:636:  child environment: None
DEBUG util.py:558:  Executing command: ['/bin/umount', '-n', '-l', '/var/lib/mock/f41-build-49652926-5916286-bootstrap/root/var/lib/mock/f41-build-49652926-5916286/root'] with env {'TERM': 'vt100', 'SHELL': '/bin/sh', 'HOME': '/builddir', 'HOSTNAME': 'mock', 'PATH': '/usr/bin:/bin:/usr/sbin:/sbin', 'LANG': 'C.UTF-8'} and shell False
DEBUG util.py:610:  Child return code was: 0
DEBUG util.py:636:  child environment: None
DEBUG util.py:558:  Executing command: ['/bin/umount', '-n', '-l', '/var/lib/mock/f41-build-49652926-5916286-bootstrap/root/var/lib/mock/f41-build-49652926-5916286/root'] with env {'TERM': 'vt100', 'SHELL': '/bin/sh', 'HOME': '/builddir', 'HOSTNAME': 'mock', 'PATH': '/usr/bin:/bin:/usr/sbin:/sbin', 'LANG': 'C.UTF-8'} and shell False
DEBUG util.py:610:  Child return code was: 0
DEBUG util.py:636:  child environment: None
INFO backend.py:777:  Going to install missing dynamic buildrequires
DEBUG file_util.py:18:  ensuring that dir exists: /var/lib/mock/f41-build-49652926-5916286/root/proc
DEBUG util.py:636:  child environment: None
DEBUG util.py:558:  Executing command: ['/bin/mount', '-n', '-t', 'tmpfs', '-o', 'rprivate,mode=0755', 'tmpfs', '/var/lib/mock/f41-build-49652926-5916286/root/proc'] with env {'TERM': 'vt100', 'SHELL': '/bin/sh', 'HOME': '/builddir', 'HOSTNAME': 'mock', 'PATH': '/usr/bin:/bin:/usr/sbin:/sbin', 'LANG': 'C.UTF-8'} and shell False
DEBUG util.py:610:  Child return code was: 0
DEBUG file_util.py:18:  ensuring that dir exists: /var/lib/mock/f41-build-49652926-5916286/root/proc
DEBUG util.py:636:  child environment: None
DEBUG util.py:558:  Executing command: ['/bin/mount', '-n', '-o', 'rbind', '/proc', '/var/lib/mock/f41-build-49652926-5916286/root/proc'] with env {'TERM': 'vt100', 'SHELL': '/bin/sh', 'HOME': '/builddir', 'HOSTNAME': 'mock', 'PATH': '/usr/bin:/bin:/usr/sbin:/sbin', 'LANG': 'C.UTF-8'} and shell False
DEBUG util.py:610:  Child return code was: 0
DEBUG util.py:636:  child environment: None
DEBUG util.py:558:  Executing command: ['/bin/mount', '-n', '-o', 'remount,nodev,noexec,nosuid,readonly,rprivate,rbind', '--target', '/var/lib/mock/f41-build-49652926-5916286/root/proc'] with env {'TERM': 'vt100', 'SHELL': '/bin/sh', 'HOME': '/builddir', 'HOSTNAME': 'mock', 'PATH': '/usr/bin:/bin:/usr/sbin:/sbin', 'LANG': 'C.UTF-8'} and shell False
DEBUG util.py:610:  Child return code was: 0
DEBUG file_util.py:18:  ensuring that dir exists: /var/lib/mock/f41-build-49652926-5916286/root/sys
DEBUG util.py:636:  child environment: None
DEBUG util.py:558:  Executing command: ['/bin/mount', '-n', '-t', 'tmpfs', '-o', 'rprivate,mode=0755', 'tmpfs', '/var/lib/mock/f41-build-49652926-5916286/root/sys'] with env {'TERM': 'vt100', 'SHELL': '/bin/sh', 'HOME': '/builddir', 'HOSTNAME': 'mock', 'PATH': '/usr/bin:/bin:/usr/sbin:/sbin', 'LANG': 'C.UTF-8'} and shell False
DEBUG util.py:610:  Child return code was: 0
DEBUG file_util.py:18:  ensuring that dir exists: /var/lib/mock/f41-build-49652926-5916286/root/sys
DEBUG util.py:636:  child environment: None
DEBUG util.py:558:  Executing command: ['/bin/mount', '-n', '-o', 'rbind', '/sys', '/var/lib/mock/f41-build-49652926-5916286/root/sys'] with env {'TERM': 'vt100', 'SHELL': '/bin/sh', 'HOME': '/builddir', 'HOSTNAME': 'mock', 'PATH': '/usr/bin:/bin:/usr/sbin:/sbin', 'LANG': 'C.UTF-8'} and shell False
DEBUG util.py:610:  Child return code was: 0
DEBUG util.py:636:  child environment: None
DEBUG util.py:558:  Executing command: ['/bin/mount', '-n', '-o', 'remount,nodev,noexec,nosuid,readonly,rprivate,rbind', '--target', '/var/lib/mock/f41-build-49652926-5916286/root/sys'] with env {'TERM': 'vt100', 'SHELL': '/bin/sh', 'HOME': '/builddir', 'HOSTNAME': 'mock', 'PATH': '/usr/bin:/bin:/usr/sbin:/sbin', 'LANG': 'C.UTF-8'} and shell False
DEBUG util.py:610:  Child return code was: 0
DEBUG file_util.py:18:  ensuring that dir exists: /var/lib/mock/f41-build-49652926-5916286/root/dev/shm
DEBUG util.py:636:  child environment: None
DEBUG util.py:558:  Executing command: ['/bin/mount', '-n', '-t', 'tmpfs', 'tmpfs', '/var/lib/mock/f41-build-49652926-5916286/root/dev/shm'] with env {'TERM': 'vt100', 'SHELL': '/bin/sh', 'HOME': '/builddir', 'HOSTNAME': 'mock', 'PATH': '/usr/bin:/bin:/usr/sbin:/sbin', 'LANG': 'C.UTF-8'} and shell False
DEBUG util.py:610:  Child return code was: 0
DEBUG file_util.py:18:  ensuring that dir exists: /var/lib/mock/f41-build-49652926-5916286/root/dev/pts
DEBUG util.py:636:  child environment: None
DEBUG util.py:558:  Executing command: ['/bin/mount', '-n', '-t', 'devpts', '-o', 'gid=5,mode=0620,ptmxmode=0666,newinstance', 'devpts', '/var/lib/mock/f41-build-49652926-5916286/root/dev/pts'] with env {'TERM': 'vt100', 'SHELL': '/bin/sh', 'HOME': '/builddir', 'HOSTNAME': 'mock', 'PATH': '/usr/bin:/bin:/usr/sbin:/sbin', 'LANG': 'C.UTF-8'} and shell False
DEBUG util.py:610:  Child return code was: 0
DEBUG util.py:636:  child environment: None
DEBUG util.py:558:  Executing command: ['/bin/mount', '-n', '-o', 'bind', '/tmp/mock-selinux-plugin.pk5oed7z', '/var/lib/mock/f41-build-49652926-5916286/root/proc/filesystems'] with env {'TERM': 'vt100', 'SHELL': '/bin/sh', 'HOME': '/builddir', 'HOSTNAME': 'mock', 'PATH': '/usr/bin:/bin:/usr/sbin:/sbin', 'LANG': 'C.UTF-8'} and shell False
DEBUG util.py:610:  Child return code was: 0
DEBUG file_util.py:18:  ensuring that dir exists: /var/lib/mock/f41-build-49652926-5916286/root/sys/fs/selinux
DEBUG util.py:636:  child environment: None
DEBUG util.py:558:  Executing command: ['/bin/mount', '-n', '-t', 'tmpfs', 'tmpfs', '/var/lib/mock/f41-build-49652926-5916286/root/sys/fs/selinux'] with env {'TERM': 'vt100', 'SHELL': '/bin/sh', 'HOME': '/builddir', 'HOSTNAME': 'mock', 'PATH': '/usr/bin:/bin:/usr/sbin:/sbin', 'LANG': 'C.UTF-8'} and shell False
DEBUG util.py:610:  Child return code was: 0
DEBUG file_util.py:18:  ensuring that dir exists: /var/lib/mock/f41-build-49652926-5916286-bootstrap/root/var/lib/mock/f41-build-49652926-5916286/root
DEBUG util.py:636:  child environment: None
DEBUG util.py:558:  Executing command: ['/bin/mount', '-n', '-t', 'tmpfs', '-o', 'private,mode=0755', 'tmpfs', '/var/lib/mock/f41-build-49652926-5916286-bootstrap/root/var/lib/mock/f41-build-49652926-5916286/root'] with env {'TERM': 'vt100', 'SHELL': '/bin/sh', 'HOME': '/builddir', 'HOSTNAME': 'mock', 'PATH': '/usr/bin:/bin:/usr/sbin:/sbin', 'LANG': 'C.UTF-8'} and shell False
DEBUG util.py:610:  Child return code was: 0
DEBUG file_util.py:18:  ensuring that dir exists: /var/lib/mock/f41-build-49652926-5916286-bootstrap/root/var/lib/mock/f41-build-49652926-5916286/root
DEBUG util.py:636:  child environment: None
DEBUG util.py:558:  Executing command: ['/bin/mount', '-n', '-o', 'rbind', '/var/lib/mock/f41-build-49652926-5916286/root', '/var/lib/mock/f41-build-49652926-5916286-bootstrap/root/var/lib/mock/f41-build-49652926-5916286/root'] with env {'TERM': 'vt100', 'SHELL': '/bin/sh', 'HOME': '/builddir', 'HOSTNAME': 'mock', 'PATH': '/usr/bin:/bin:/usr/sbin:/sbin', 'LANG': 'C.UTF-8'} and shell False
DEBUG util.py:610:  Child return code was: 0
DEBUG util.py:636:  child environment: None
DEBUG util.py:558:  Executing command: ['/bin/mount', '-n', '-o', 'remount,private,rbind', '--target', '/var/lib/mock/f41-build-49652926-5916286-bootstrap/root/var/lib/mock/f41-build-49652926-5916286/root'] with env {'TERM': 'vt100', 'SHELL': '/bin/sh', 'HOME': '/builddir', 'HOSTNAME': 'mock', 'PATH': '/usr/bin:/bin:/usr/sbin:/sbin', 'LANG': 'C.UTF-8'} and shell False
DEBUG util.py:610:  Child return code was: 0
DEBUG file_util.py:18:  ensuring that dir exists: /var/lib/mock/f41-build-49652926-5916286/root/installation-homedir
DEBUG package_manager.py:289:  ['/usr/bin/dnf5', 'builddep', '--installroot', '/var/lib/mock/f41-build-49652926-5916286/root/', '/var/lib/mock/f41-build-49652926-5916286/root/builddir/build/SRPMS/python-ratinabox-1.12.3-1.fc41.buildreqs.nosrc.rpm', '--setopt=deltarpm=False', '--setopt=allow_vendor_change=yes', '--allowerasing']
DEBUG util.py:636:  child environment: None
DEBUG util.py:553:  Using nspawn with args ['--capability=cap_ipc_lock', '--bind=/tmp/mock-resolv.n2o8hcc3:/etc/resolv.conf']
DEBUG util.py:558:  Executing command: ['/usr/bin/systemd-nspawn', '-q', '-M', 'fa01b705ff654c63aeaabf59bc4fd757', '-D', '/var/lib/mock/f41-build-49652926-5916286-bootstrap/root', '-a', '--capability=cap_ipc_lock', '--bind=/tmp/mock-resolv.n2o8hcc3:/etc/resolv.conf', '--console=pipe', '--setenv=TERM=vt100', '--setenv=SHELL=/bin/bash', '--setenv=HOME=/var/lib/mock/f41-build-49652926-5916286/root/installation-homedir', '--setenv=HOSTNAME=mock', '--setenv=PATH=/usr/bin:/bin:/usr/sbin:/sbin', '--setenv=PROMPT_COMMAND=printf "\\033]0;<mock-chroot>\\007"', '--setenv=PS1=<mock-chroot> \\s-\\v\\$ ', '--setenv=LANG=C.UTF-8', '--setenv=LC_MESSAGES=C.UTF-8', '--resolv-conf=off', '/usr/bin/dnf5', 'builddep', '--installroot', '/var/lib/mock/f41-build-49652926-5916286/root/', '/var/lib/mock/f41-build-49652926-5916286/root/builddir/build/SRPMS/python-ratinabox-1.12.3-1.fc41.buildreqs.nosrc.rpm', '--setopt=deltarpm=False', '--setopt=allow_vendor_change=yes', '--allowerasing', '--setopt=tsflags=nocontexts'] with env {'TERM': 'vt100', 'SHELL': '/bin/bash', 'HOME': '/var/lib/mock/f41-build-49652926-5916286/root/installation-homedir', 'HOSTNAME': 'mock', 'PATH': '/usr/bin:/bin:/usr/sbin:/sbin', 'PROMPT_COMMAND': 'printf "\\033]0;<mock-chroot>\\007"', 'PS1': '<mock-chroot> \\s-\\v\\$ ', 'LANG': 'C.UTF-8', 'LC_MESSAGES': 'C.UTF-8', 'SYSTEMD_NSPAWN_TMPFS_TMP': '0', 'SYSTEMD_SECCOMP': '0'} and shell False
DEBUG util.py:463:  Updating and loading repositories:
DEBUG util.py:463:  Repositories loaded.
DEBUG util.py:461:  Package "pyproject-rpm-macros-1.12.0-1.fc40.noarch" is already installed.
DEBUG util.py:461:  Package "python3-devel-3.12.2-2.fc41.i686" is already installed.
DEBUG util.py:461:  Package "python3-packaging-23.2-4.fc40.noarch" is already installed.
DEBUG util.py:461:  Package "python3-pytest-xdist-3.5.0-3.fc40.noarch" is already installed.
DEBUG util.py:463:  Package             Arch   Version         Repository      Size
DEBUG util.py:463:  Installing:                                                    
DEBUG util.py:463:   python3-pip        noarch 24.0-2.fc41     build       14.2 MiB
DEBUG util.py:463:   python3-setuptools noarch 69.1.1-1.fc41   build        7.1 MiB
DEBUG util.py:463:   python3-wheel      noarch 1:0.41.2-3.fc40 build      507.1 KiB
DEBUG util.py:463:  Transaction Summary:
DEBUG util.py:463:   Installing:        3 packages
DEBUG util.py:463:  Total size of inbound packages is 4 MiB. Need to download 4 MiB.
DEBUG util.py:463:  After this operation 22 MiB will be used (install 22 MiB, remove 0 B).
DEBUG util.py:463:  [1/3] python3-wheel-1:0.41.2-3.fc40.noa 100% |   2.9 MiB/s | 147.6 KiB |  00m00s
DEBUG util.py:463:  [2/3] python3-setuptools-0:69.1.1-1.fc4 100% |  20.2 MiB/s |   1.4 MiB |  00m00s
DEBUG util.py:463:  [3/3] python3-pip-0:24.0-2.fc41.noarch  100% |  29.5 MiB/s |   2.9 MiB |  00m00s
DEBUG util.py:463:  --------------------------------------------------------------------------------
DEBUG util.py:463:  [3/3] Total                             100% |  44.8 MiB/s |   4.5 MiB |  00m00s
DEBUG util.py:463:  Running transaction
DEBUG util.py:463:  [1/5] Verify package files              100% |  65.0   B/s |   3.0   B |  00m00s
DEBUG util.py:463:  [2/5] Prepare transaction               100% |  65.0   B/s |   3.0   B |  00m00s
DEBUG util.py:463:  [3/5] Installing python3-wheel-1:0.41.2 100% |  25.7 MiB/s | 526.1 KiB |  00m00s
DEBUG util.py:463:  [4/5] Installing python3-setuptools-0:6 100% |  54.5 MiB/s |   7.3 MiB |  00m00s
DEBUG util.py:463:  [5/5] Installing python3-pip-0:24.0-2.f 100% |  20.8 MiB/s |  14.5 MiB |  00m01s
DEBUG util.py:463:  >>> Running trigger-install scriptlet: glibc-common-0:2.39.9000-5.fc41.i686
DEBUG util.py:463:  >>> Stop trigger-install scriptlet: glibc-common-0:2.39.9000-5.fc41.i686
DEBUG util.py:461:  Warning: skipped PGP checks for 3 package(s).
DEBUG util.py:610:  Child return code was: 0
DEBUG util.py:185:  kill orphans in chroot /var/lib/mock/f41-build-49652926-5916286/root
DEBUG util.py:185:  kill orphans in chroot /var/lib/mock/f41-build-49652926-5916286-bootstrap/root/var/lib/mock/f41-build-49652926-5916286/root
DEBUG util.py:636:  child environment: None
DEBUG util.py:558:  Executing command: ['/bin/umount', '-n', '-l', '/var/lib/mock/f41-build-49652926-5916286-bootstrap/root/var/lib/mock/f41-build-49652926-5916286/root'] with env {'TERM': 'vt100', 'SHELL': '/bin/sh', 'HOME': '/builddir', 'HOSTNAME': 'mock', 'PATH': '/usr/bin:/bin:/usr/sbin:/sbin', 'LANG': 'C.UTF-8'} and shell False
DEBUG util.py:610:  Child return code was: 0
DEBUG util.py:636:  child environment: None
DEBUG util.py:558:  Executing command: ['/bin/umount', '-n', '-l', '/var/lib/mock/f41-build-49652926-5916286-bootstrap/root/var/lib/mock/f41-build-49652926-5916286/root'] with env {'TERM': 'vt100', 'SHELL': '/bin/sh', 'HOME': '/builddir', 'HOSTNAME': 'mock', 'PATH': '/usr/bin:/bin:/usr/sbin:/sbin', 'LANG': 'C.UTF-8'} and shell False
DEBUG util.py:610:  Child return code was: 0
DEBUG util.py:636:  child environment: None
DEBUG util.py:558:  Executing command: ['/bin/umount', '-n', '-l', '/var/lib/mock/f41-build-49652926-5916286/root/sys/fs/selinux'] with env {'TERM': 'vt100', 'SHELL': '/bin/sh', 'HOME': '/builddir', 'HOSTNAME': 'mock', 'PATH': '/usr/bin:/bin:/usr/sbin:/sbin', 'LANG': 'C.UTF-8'} and shell False
DEBUG util.py:610:  Child return code was: 0
DEBUG util.py:636:  child environment: None
DEBUG util.py:558:  Executing command: ['/bin/umount', '-n', '/var/lib/mock/f41-build-49652926-5916286/root/proc/filesystems'] with env {'TERM': 'vt100', 'SHELL': '/bin/sh', 'HOME': '/builddir', 'HOSTNAME': 'mock', 'PATH': '/usr/bin:/bin:/usr/sbin:/sbin', 'LANG': 'C.UTF-8'} and shell False
DEBUG util.py:610:  Child return code was: 0
DEBUG util.py:636:  child environment: None
DEBUG util.py:558:  Executing command: ['/bin/umount', '-n', '-l', '/var/lib/mock/f41-build-49652926-5916286/root/dev/pts'] with env {'TERM': 'vt100', 'SHELL': '/bin/sh', 'HOME': '/builddir', 'HOSTNAME': 'mock', 'PATH': '/usr/bin:/bin:/usr/sbin:/sbin', 'LANG': 'C.UTF-8'} and shell False
DEBUG util.py:610:  Child return code was: 0
DEBUG util.py:636:  child environment: None
DEBUG util.py:558:  Executing command: ['/bin/umount', '-n', '-l', '/var/lib/mock/f41-build-49652926-5916286/root/dev/shm'] with env {'TERM': 'vt100', 'SHELL': '/bin/sh', 'HOME': '/builddir', 'HOSTNAME': 'mock', 'PATH': '/usr/bin:/bin:/usr/sbin:/sbin', 'LANG': 'C.UTF-8'} and shell False
DEBUG util.py:610:  Child return code was: 0
DEBUG util.py:636:  child environment: None
DEBUG util.py:558:  Executing command: ['/bin/umount', '-n', '-l', '/var/lib/mock/f41-build-49652926-5916286/root/sys'] with env {'TERM': 'vt100', 'SHELL': '/bin/sh', 'HOME': '/builddir', 'HOSTNAME': 'mock', 'PATH': '/usr/bin:/bin:/usr/sbin:/sbin', 'LANG': 'C.UTF-8'} and shell False
DEBUG util.py:610:  Child return code was: 0
DEBUG util.py:636:  child environment: None
DEBUG util.py:558:  Executing command: ['/bin/umount', '-n', '-l', '/var/lib/mock/f41-build-49652926-5916286/root/sys'] with env {'TERM': 'vt100', 'SHELL': '/bin/sh', 'HOME': '/builddir', 'HOSTNAME': 'mock', 'PATH': '/usr/bin:/bin:/usr/sbin:/sbin', 'LANG': 'C.UTF-8'} and shell False
DEBUG util.py:610:  Child return code was: 0
DEBUG util.py:636:  child environment: None
DEBUG util.py:558:  Executing command: ['/bin/umount', '-n', '-l', '/var/lib/mock/f41-build-49652926-5916286/root/proc'] with env {'TERM': 'vt100', 'SHELL': '/bin/sh', 'HOME': '/builddir', 'HOSTNAME': 'mock', 'PATH': '/usr/bin:/bin:/usr/sbin:/sbin', 'LANG': 'C.UTF-8'} and shell False
DEBUG util.py:610:  Child return code was: 0
DEBUG util.py:636:  child environment: None
DEBUG util.py:558:  Executing command: ['/bin/umount', '-n', '-l', '/var/lib/mock/f41-build-49652926-5916286/root/proc'] with env {'TERM': 'vt100', 'SHELL': '/bin/sh', 'HOME': '/builddir', 'HOSTNAME': 'mock', 'PATH': '/usr/bin:/bin:/usr/sbin:/sbin', 'LANG': 'C.UTF-8'} and shell False
DEBUG util.py:610:  Child return code was: 0
DEBUG file_util.py:18:  ensuring that dir exists: /var/lib/mock/f41-build-49652926-5916286-bootstrap/root/var/lib/mock/f41-build-49652926-5916286/root
DEBUG util.py:636:  child environment: None
DEBUG util.py:558:  Executing command: ['/bin/mount', '-n', '-t', 'tmpfs', '-o', 'private,mode=0755', 'tmpfs', '/var/lib/mock/f41-build-49652926-5916286-bootstrap/root/var/lib/mock/f41-build-49652926-5916286/root'] with env {'TERM': 'vt100', 'SHELL': '/bin/sh', 'HOME': '/builddir', 'HOSTNAME': 'mock', 'PATH': '/usr/bin:/bin:/usr/sbin:/sbin', 'LANG': 'C.UTF-8'} and shell False
DEBUG util.py:610:  Child return code was: 0
DEBUG file_util.py:18:  ensuring that dir exists: /var/lib/mock/f41-build-49652926-5916286-bootstrap/root/var/lib/mock/f41-build-49652926-5916286/root
DEBUG util.py:636:  child environment: None
DEBUG util.py:558:  Executing command: ['/bin/mount', '-n', '-o', 'rbind', '/var/lib/mock/f41-build-49652926-5916286/root', '/var/lib/mock/f41-build-49652926-5916286-bootstrap/root/var/lib/mock/f41-build-49652926-5916286/root'] with env {'TERM': 'vt100', 'SHELL': '/bin/sh', 'HOME': '/builddir', 'HOSTNAME': 'mock', 'PATH': '/usr/bin:/bin:/usr/sbin:/sbin', 'LANG': 'C.UTF-8'} and shell False
DEBUG util.py:610:  Child return code was: 0
DEBUG util.py:636:  child environment: None
DEBUG util.py:558:  Executing command: ['/bin/mount', '-n', '-o', 'remount,private,rbind', '--target', '/var/lib/mock/f41-build-49652926-5916286-bootstrap/root/var/lib/mock/f41-build-49652926-5916286/root'] with env {'TERM': 'vt100', 'SHELL': '/bin/sh', 'HOME': '/builddir', 'HOSTNAME': 'mock', 'PATH': '/usr/bin:/bin:/usr/sbin:/sbin', 'LANG': 'C.UTF-8'} and shell False
DEBUG util.py:610:  Child return code was: 0
DEBUG util.py:636:  child environment: None
DEBUG util.py:553:  Using nspawn with args None
DEBUG util.py:558:  Executing command: ['/usr/bin/systemd-nspawn', '-q', '-M', '91d686c56fc045e888ba4909d7e1074e', '-D', '/var/lib/mock/f41-build-49652926-5916286-bootstrap/root', '-a', '--console=pipe', '--setenv=TERM=vt100', '--setenv=SHELL=/bin/bash', '--setenv=HOME=/builddir', '--setenv=HOSTNAME=mock', '--setenv=PATH=/usr/bin:/bin:/usr/sbin:/sbin', '--setenv=PROMPT_COMMAND=printf "\\033]0;<mock-chroot>\\007"', '--setenv=PS1=<mock-chroot> \\s-\\v\\$ ', '--setenv=LANG=C.UTF-8', '--resolv-conf=off', '/bin/rpm', '-qa', '--root', '/var/lib/mock/f41-build-49652926-5916286/root'] with env {'TERM': 'vt100', 'SHELL': '/bin/bash', 'HOME': '/builddir', 'HOSTNAME': 'mock', 'PATH': '/usr/bin:/bin:/usr/sbin:/sbin', 'PROMPT_COMMAND': 'printf "\\033]0;<mock-chroot>\\007"', 'PS1': '<mock-chroot> \\s-\\v\\$ ', 'LANG': 'C.UTF-8', 'SYSTEMD_NSPAWN_TMPFS_TMP': '0', 'SYSTEMD_SECCOMP': '0'} and shell False
DEBUG util.py:463:  crypto-policies-20240304-1.git0375239.fc41.noarch
DEBUG util.py:463:  fedora-release-identity-basic-41-0.6.noarch
DEBUG util.py:463:  fedora-gpg-keys-41-0.1.noarch
DEBUG util.py:463:  fedora-repos-rawhide-41-0.1.noarch
DEBUG util.py:463:  fedora-repos-41-0.1.noarch
DEBUG util.py:463:  fedora-release-common-41-0.6.noarch
DEBUG util.py:463:  fedora-release-41-0.6.noarch
DEBUG util.py:463:  setup-2.14.5-2.fc40.noarch
DEBUG util.py:463:  filesystem-3.18-8.fc40.i686
DEBUG util.py:463:  basesystem-11-20.fc40.noarch
DEBUG util.py:463:  libssh-config-0.10.6-6.fc41.noarch
DEBUG util.py:463:  publicsuffix-list-dafsa-20240107-3.fc40.noarch
DEBUG util.py:463:  pkgconf-m4-2.1.0-1.fc40.noarch
DEBUG util.py:463:  pcre2-syntax-10.42-2.fc40.2.noarch
DEBUG util.py:463:  ncurses-base-6.4-12.20240127.fc40.noarch
DEBUG util.py:463:  rust-srpm-macros-26.2-1.fc41.noarch
DEBUG util.py:463:  qt6-srpm-macros-6.6.2-1.fc41.noarch
DEBUG util.py:463:  qt5-srpm-macros-5.15.12-3.fc40.noarch
DEBUG util.py:463:  perl-srpm-macros-1-53.fc40.noarch
DEBUG util.py:463:  package-notes-srpm-macros-0.5-11.fc40.noarch
DEBUG util.py:463:  openblas-srpm-macros-2-17.fc41.noarch
DEBUG util.py:463:  ocaml-srpm-macros-9-3.fc40.noarch
DEBUG util.py:463:  kernel-srpm-macros-1.0-23.fc41.noarch
DEBUG util.py:463:  gnat-srpm-macros-6-5.fc40.noarch
DEBUG util.py:463:  ghc-srpm-macros-1.9-1.fc41.noarch
DEBUG util.py:463:  fpc-srpm-macros-1.3-12.fc40.noarch
DEBUG util.py:463:  ansible-srpm-macros-1-14.fc40.noarch
DEBUG util.py:463:  coreutils-common-9.4-6.fc40.i686
DEBUG util.py:463:  libgcc-14.0.1-0.8.fc41.i686
DEBUG util.py:463:  glibc-minimal-langpack-2.39.9000-5.fc41.i686
DEBUG util.py:463:  ncurses-libs-6.4-12.20240127.fc40.i686
DEBUG util.py:463:  glibc-2.39.9000-5.fc41.i686
DEBUG util.py:463:  bash-5.2.26-3.fc40.i686
DEBUG util.py:463:  glibc-common-2.39.9000-5.fc41.i686
DEBUG util.py:463:  glibc-gconv-extra-2.39.9000-5.fc41.i686
DEBUG util.py:463:  zlib-ng-compat-2.1.6-2.fc40.i686
DEBUG util.py:463:  xz-libs-5.6.1-1.fc41.i686
DEBUG util.py:463:  bzip2-libs-1.0.8-18.fc40.i686
DEBUG util.py:463:  readline-8.2-8.fc40.i686
DEBUG util.py:463:  popt-1.19-6.fc40.i686
DEBUG util.py:463:  libuuid-2.40-0.11.rc1.fc41.i686
DEBUG util.py:463:  libstdc++-14.0.1-0.8.fc41.i686
DEBUG util.py:463:  libzstd-1.5.5-5.fc40.i686
DEBUG util.py:463:  elfutils-libelf-0.191-2.fc41.i686
DEBUG util.py:463:  libblkid-2.40-0.11.rc1.fc41.i686
DEBUG util.py:463:  gmp-6.3.0-1.fc41.i686
DEBUG util.py:463:  libattr-2.5.2-3.fc40.i686
DEBUG util.py:463:  libacl-2.3.2-1.fc40.i686
DEBUG util.py:463:  libxcrypt-4.4.36-5.fc40.i686
DEBUG util.py:463:  libeconf-0.6.2-1.fc41.i686
DEBUG util.py:463:  lz4-libs-1.9.4-6.fc40.i686
DEBUG util.py:463:  gdbm-libs-1.23-6.fc40.i686
DEBUG util.py:463:  mpfr-4.2.1-3.fc40.i686
DEBUG util.py:463:  gawk-5.3.0-3.fc40.i686
DEBUG util.py:463:  dwz-0.15-6.fc40.i686
DEBUG util.py:463:  unzip-6.0-63.fc40.i686
DEBUG util.py:463:  file-libs-5.45-5.fc41.i686
DEBUG util.py:463:  file-5.45-5.fc41.i686
DEBUG util.py:463:  pcre2-10.42-2.fc40.2.i686
DEBUG util.py:463:  grep-3.11-7.fc40.i686
DEBUG util.py:463:  xz-5.6.1-1.fc41.i686
DEBUG util.py:463:  libcap-ng-0.8.4-4.fc40.i686
DEBUG util.py:463:  audit-libs-4.0.1-1.fc41.i686
DEBUG util.py:463:  pam-libs-1.6.0-2.fc41.i686
DEBUG util.py:463:  libcap-2.69-3.fc40.i686
DEBUG util.py:463:  systemd-libs-255.4-1.fc41.i686
DEBUG util.py:463:  libsmartcols-2.40-0.11.rc1.fc41.i686
DEBUG util.py:463:  libsepol-3.6-3.fc40.i686
DEBUG util.py:463:  libselinux-3.6-4.fc40.i686
DEBUG util.py:463:  sed-4.9-1.fc40.i686
DEBUG util.py:463:  findutils-4.9.0-8.fc40.i686
DEBUG util.py:463:  libmount-2.40-0.11.rc1.fc41.i686
DEBUG util.py:463:  alternatives-1.26-3.fc40.i686
DEBUG util.py:463:  jansson-2.13.1-9.fc40.i686
DEBUG util.py:463:  lua-libs-5.4.6-5.fc40.i686
DEBUG util.py:463:  libcom_err-1.47.0-5.fc40.i686
DEBUG util.py:463:  libtasn1-4.19.0-6.fc40.i686
DEBUG util.py:463:  libunistring-1.1-7.fc41.i686
DEBUG util.py:463:  elfutils-default-yama-scope-0.191-2.fc41.noarch
DEBUG util.py:463:  libidn2-2.3.7-1.fc40.i686
DEBUG util.py:463:  libpsl-0.21.5-3.fc40.i686
DEBUG util.py:463:  util-linux-core-2.40-0.11.rc1.fc41.i686
DEBUG util.py:463:  tar-1.35-3.fc40.i686
DEBUG util.py:463:  libsemanage-3.6-3.fc40.i686
DEBUG util.py:463:  shadow-utils-4.15.1-1.fc41.i686
DEBUG util.py:463:  libutempter-1.2.1-13.fc40.i686
DEBUG util.py:463:  zip-3.0-40.fc40.i686
DEBUG util.py:463:  gdbm-1.23-6.fc40.i686
DEBUG util.py:463:  cyrus-sasl-lib-2.1.28-19.fc40.i686
DEBUG util.py:463:  zstd-1.5.5-5.fc40.i686
DEBUG util.py:463:  libfdisk-2.40-0.11.rc1.fc41.i686
DEBUG util.py:463:  bzip2-1.0.8-18.fc40.i686
DEBUG util.py:463:  libxml2-2.12.5-1.fc40.i686
DEBUG util.py:463:  sqlite-libs-3.45.2-1.fc41.i686
DEBUG util.py:463:  ed-1.20.1-1.fc41.i686
DEBUG util.py:463:  patch-2.7.6-24.fc40.i686
DEBUG util.py:463:  cpio-2.15-1.fc40.i686
DEBUG util.py:463:  diffutils-3.10-5.fc40.i686
DEBUG util.py:463:  libgomp-14.0.1-0.8.fc41.i686
DEBUG util.py:463:  libpkgconf-2.1.0-1.fc40.i686
DEBUG util.py:463:  pkgconf-2.1.0-1.fc40.i686
DEBUG util.py:463:  pkgconf-pkg-config-2.1.0-1.fc40.i686
DEBUG util.py:463:  libffi-3.4.4-8.fc41.i686
DEBUG util.py:463:  p11-kit-0.25.3-4.fc40.i686
DEBUG util.py:463:  p11-kit-trust-0.25.3-4.fc40.i686
DEBUG util.py:463:  openssl-libs-3.2.1-3.fc41.i686
DEBUG util.py:463:  coreutils-9.4-6.fc40.i686
DEBUG util.py:463:  ca-certificates-2023.2.62_v7.0.401-6.fc40.noarch
DEBUG util.py:463:  gzip-1.13-1.fc40.i686
DEBUG util.py:463:  authselect-libs-1.5.0-5.fc41.i686
DEBUG util.py:463:  libarchive-3.7.2-3.fc40.i686
DEBUG util.py:463:  authselect-1.5.0-5.fc41.i686
DEBUG util.py:463:  cracklib-2.9.11-5.fc40.i686
DEBUG util.py:463:  libpwquality-1.4.5-9.fc40.i686
DEBUG util.py:463:  rpm-sequoia-1.6.0-2.fc40.i686
DEBUG util.py:463:  rpm-libs-4.19.1.1-1.fc40.i686
DEBUG util.py:463:  libevent-2.1.12-12.fc40.i686
DEBUG util.py:463:  keyutils-libs-1.6.3-3.fc40.i686
DEBUG util.py:463:  libverto-0.3.2-8.fc40.i686
DEBUG util.py:463:  krb5-libs-1.21.2-5.fc40.i686
DEBUG util.py:463:  libtirpc-1.3.4-1.rc2.fc40.2.i686
DEBUG util.py:463:  libnsl2-2.0.1-1.fc40.i686
DEBUG util.py:463:  pam-1.6.0-2.fc41.i686
DEBUG util.py:463:  libssh-0.10.6-6.fc41.i686
DEBUG util.py:463:  xxhash-libs-0.8.2-2.fc40.i686
DEBUG util.py:463:  libbrotli-1.1.0-3.fc40.i686
DEBUG util.py:463:  libnghttp2-1.60.0-2.fc41.i686
DEBUG util.py:463:  libtool-ltdl-2.4.7-10.fc40.i686
DEBUG util.py:463:  openldap-2.6.7-1.fc40.i686
DEBUG util.py:463:  libcurl-8.6.0-7.fc41.i686
DEBUG util.py:463:  elfutils-debuginfod-client-0.191-2.fc41.i686
DEBUG util.py:463:  elfutils-libs-0.191-2.fc41.i686
DEBUG util.py:463:  binutils-gold-2.42.50-5.fc41.i686
DEBUG util.py:463:  binutils-2.42.50-5.fc41.i686
DEBUG util.py:463:  elfutils-0.191-2.fc41.i686
DEBUG util.py:463:  gdb-minimal-14.2-1.fc41.i686
DEBUG util.py:463:  debugedit-5.0-14.fc40.i686
DEBUG util.py:463:  rpm-build-libs-4.19.1.1-1.fc40.i686
DEBUG util.py:463:  curl-8.6.0-7.fc41.i686
DEBUG util.py:463:  rpm-4.19.1.1-1.fc40.i686
DEBUG util.py:463:  efi-srpm-macros-5-11.fc40.noarch
DEBUG util.py:463:  lua-srpm-macros-1-13.fc40.noarch
DEBUG util.py:463:  zig-srpm-macros-1-2.fc40.noarch
DEBUG util.py:463:  fonts-srpm-macros-2.0.5-14.fc40.noarch
DEBUG util.py:463:  forge-srpm-macros-0.3.0-1.fc41.noarch
DEBUG util.py:463:  go-srpm-macros-3.5.0-1.fc41.noarch
DEBUG util.py:463:  python-srpm-macros-3.12-7.fc40.noarch
DEBUG util.py:463:  redhat-rpm-config-286-1.fc41.noarch
DEBUG util.py:463:  rpm-build-4.19.1.1-1.fc40.i686
DEBUG util.py:463:  pyproject-srpm-macros-1.12.0-1.fc40.noarch
DEBUG util.py:463:  util-linux-2.40-0.11.rc1.fc41.i686
DEBUG util.py:463:  which-2.21-41.fc40.i686
DEBUG util.py:463:  info-7.1-2.fc40.i686
DEBUG util.py:463:  python-rpm-macros-3.12-7.fc40.noarch
DEBUG util.py:463:  python3-rpm-macros-3.12-7.fc40.noarch
DEBUG util.py:463:  pyproject-rpm-macros-1.12.0-1.fc40.noarch
DEBUG util.py:463:  tzdata-2024a-4.fc41.noarch
DEBUG util.py:463:  python-pip-wheel-24.0-2.fc41.noarch
DEBUG util.py:463:  mpdecimal-2.5.1-9.fc40.i686
DEBUG util.py:463:  libb2-0.98.1-11.fc40.i686
DEBUG util.py:463:  expat-2.6.0-1.fc41.i686
DEBUG util.py:463:  python3-libs-3.12.2-2.fc41.i686
DEBUG util.py:463:  python3-3.12.2-2.fc41.i686
DEBUG util.py:463:  python3-packaging-23.2-4.fc40.noarch
DEBUG util.py:463:  python3-rpm-generators-14-10.fc40.noarch
DEBUG util.py:463:  python3-execnet-1.9.0-14.fc40.noarch
DEBUG util.py:463:  python3-iniconfig-1.1.1-16.fc40.noarch
DEBUG util.py:463:  python3-pluggy-1.3.0-3.fc40.noarch
DEBUG util.py:463:  python3-pytest-7.4.3-3.fc40.noarch
DEBUG util.py:463:  python3-pytest-xdist-3.5.0-3.fc40.noarch
DEBUG util.py:463:  python3-devel-3.12.2-2.fc41.i686
DEBUG util.py:463:  python3-wheel-0.41.2-3.fc40.noarch
DEBUG util.py:463:  python3-setuptools-69.1.1-1.fc41.noarch
DEBUG util.py:463:  python3-pip-24.0-2.fc41.noarch
DEBUG util.py:610:  Child return code was: 0
DEBUG util.py:185:  kill orphans in chroot /var/lib/mock/f41-build-49652926-5916286/root
DEBUG util.py:185:  kill orphans in chroot /var/lib/mock/f41-build-49652926-5916286-bootstrap/root/var/lib/mock/f41-build-49652926-5916286/root
DEBUG util.py:636:  child environment: None
DEBUG util.py:558:  Executing command: ['/bin/umount', '-n', '-l', '/var/lib/mock/f41-build-49652926-5916286-bootstrap/root/var/lib/mock/f41-build-49652926-5916286/root'] with env {'TERM': 'vt100', 'SHELL': '/bin/sh', 'HOME': '/builddir', 'HOSTNAME': 'mock', 'PATH': '/usr/bin:/bin:/usr/sbin:/sbin', 'LANG': 'C.UTF-8'} and shell False
DEBUG util.py:610:  Child return code was: 0
DEBUG util.py:636:  child environment: None
DEBUG util.py:558:  Executing command: ['/bin/umount', '-n', '-l', '/var/lib/mock/f41-build-49652926-5916286-bootstrap/root/var/lib/mock/f41-build-49652926-5916286/root'] with env {'TERM': 'vt100', 'SHELL': '/bin/sh', 'HOME': '/builddir', 'HOSTNAME': 'mock', 'PATH': '/usr/bin:/bin:/usr/sbin:/sbin', 'LANG': 'C.UTF-8'} and shell False
DEBUG util.py:610:  Child return code was: 0
DEBUG file_util.py:18:  ensuring that dir exists: /var/lib/mock/f41-build-49652926-5916286-bootstrap/root/var/lib/mock/f41-build-49652926-5916286/root
DEBUG util.py:636:  child environment: None
DEBUG util.py:558:  Executing command: ['/bin/mount', '-n', '-t', 'tmpfs', '-o', 'private,mode=0755', 'tmpfs', '/var/lib/mock/f41-build-49652926-5916286-bootstrap/root/var/lib/mock/f41-build-49652926-5916286/root'] with env {'TERM': 'vt100', 'SHELL': '/bin/sh', 'HOME': '/builddir', 'HOSTNAME': 'mock', 'PATH': '/usr/bin:/bin:/usr/sbin:/sbin', 'LANG': 'C.UTF-8'} and shell False
DEBUG util.py:610:  Child return code was: 0
DEBUG file_util.py:18:  ensuring that dir exists: /var/lib/mock/f41-build-49652926-5916286-bootstrap/root/var/lib/mock/f41-build-49652926-5916286/root
DEBUG util.py:636:  child environment: None
DEBUG util.py:558:  Executing command: ['/bin/mount', '-n', '-o', 'rbind', '/var/lib/mock/f41-build-49652926-5916286/root', '/var/lib/mock/f41-build-49652926-5916286-bootstrap/root/var/lib/mock/f41-build-49652926-5916286/root'] with env {'TERM': 'vt100', 'SHELL': '/bin/sh', 'HOME': '/builddir', 'HOSTNAME': 'mock', 'PATH': '/usr/bin:/bin:/usr/sbin:/sbin', 'LANG': 'C.UTF-8'} and shell False
DEBUG util.py:610:  Child return code was: 0
DEBUG util.py:636:  child environment: None
DEBUG util.py:558:  Executing command: ['/bin/mount', '-n', '-o', 'remount,private,rbind', '--target', '/var/lib/mock/f41-build-49652926-5916286-bootstrap/root/var/lib/mock/f41-build-49652926-5916286/root'] with env {'TERM': 'vt100', 'SHELL': '/bin/sh', 'HOME': '/builddir', 'HOSTNAME': 'mock', 'PATH': '/usr/bin:/bin:/usr/sbin:/sbin', 'LANG': 'C.UTF-8'} and shell False
DEBUG util.py:610:  Child return code was: 0
DEBUG util.py:636:  child environment: None
DEBUG util.py:553:  Using nspawn with args None
DEBUG util.py:558:  Executing command: ['/usr/bin/systemd-nspawn', '-q', '-M', '98f9c1dadabc4a96bebde7089664e642', '-D', '/var/lib/mock/f41-build-49652926-5916286-bootstrap/root', '-a', '--console=pipe', '--setenv=TERM=vt100', '--setenv=SHELL=/bin/bash', '--setenv=HOME=/builddir', '--setenv=HOSTNAME=mock', '--setenv=PATH=/usr/bin:/bin:/usr/sbin:/sbin', '--setenv=PROMPT_COMMAND=printf "\\033]0;<mock-chroot>\\007"', '--setenv=PS1=<mock-chroot> \\s-\\v\\$ ', '--setenv=LANG=C.UTF-8', '--resolv-conf=off', '/bin/rpm', '-qa', '--root', '/var/lib/mock/f41-build-49652926-5916286/root'] with env {'TERM': 'vt100', 'SHELL': '/bin/bash', 'HOME': '/builddir', 'HOSTNAME': 'mock', 'PATH': '/usr/bin:/bin:/usr/sbin:/sbin', 'PROMPT_COMMAND': 'printf "\\033]0;<mock-chroot>\\007"', 'PS1': '<mock-chroot> \\s-\\v\\$ ', 'LANG': 'C.UTF-8', 'SYSTEMD_NSPAWN_TMPFS_TMP': '0', 'SYSTEMD_SECCOMP': '0'} and shell False
DEBUG util.py:463:  crypto-policies-20240304-1.git0375239.fc41.noarch
DEBUG util.py:463:  fedora-release-identity-basic-41-0.6.noarch
DEBUG util.py:463:  fedora-gpg-keys-41-0.1.noarch
DEBUG util.py:463:  fedora-repos-rawhide-41-0.1.noarch
DEBUG util.py:463:  fedora-repos-41-0.1.noarch
DEBUG util.py:463:  fedora-release-common-41-0.6.noarch
DEBUG util.py:463:  fedora-release-41-0.6.noarch
DEBUG util.py:463:  setup-2.14.5-2.fc40.noarch
DEBUG util.py:463:  filesystem-3.18-8.fc40.i686
DEBUG util.py:463:  basesystem-11-20.fc40.noarch
DEBUG util.py:463:  libssh-config-0.10.6-6.fc41.noarch
DEBUG util.py:463:  publicsuffix-list-dafsa-20240107-3.fc40.noarch
DEBUG util.py:463:  pkgconf-m4-2.1.0-1.fc40.noarch
DEBUG util.py:463:  pcre2-syntax-10.42-2.fc40.2.noarch
DEBUG util.py:463:  ncurses-base-6.4-12.20240127.fc40.noarch
DEBUG util.py:463:  rust-srpm-macros-26.2-1.fc41.noarch
DEBUG util.py:463:  qt6-srpm-macros-6.6.2-1.fc41.noarch
DEBUG util.py:463:  qt5-srpm-macros-5.15.12-3.fc40.noarch
DEBUG util.py:463:  perl-srpm-macros-1-53.fc40.noarch
DEBUG util.py:463:  package-notes-srpm-macros-0.5-11.fc40.noarch
DEBUG util.py:463:  openblas-srpm-macros-2-17.fc41.noarch
DEBUG util.py:463:  ocaml-srpm-macros-9-3.fc40.noarch
DEBUG util.py:463:  kernel-srpm-macros-1.0-23.fc41.noarch
DEBUG util.py:463:  gnat-srpm-macros-6-5.fc40.noarch
DEBUG util.py:463:  ghc-srpm-macros-1.9-1.fc41.noarch
DEBUG util.py:463:  fpc-srpm-macros-1.3-12.fc40.noarch
DEBUG util.py:463:  ansible-srpm-macros-1-14.fc40.noarch
DEBUG util.py:463:  coreutils-common-9.4-6.fc40.i686
DEBUG util.py:463:  libgcc-14.0.1-0.8.fc41.i686
DEBUG util.py:463:  glibc-minimal-langpack-2.39.9000-5.fc41.i686
DEBUG util.py:463:  ncurses-libs-6.4-12.20240127.fc40.i686
DEBUG util.py:463:  glibc-2.39.9000-5.fc41.i686
DEBUG util.py:463:  bash-5.2.26-3.fc40.i686
DEBUG util.py:463:  glibc-common-2.39.9000-5.fc41.i686
DEBUG util.py:463:  glibc-gconv-extra-2.39.9000-5.fc41.i686
DEBUG util.py:463:  zlib-ng-compat-2.1.6-2.fc40.i686
DEBUG util.py:463:  xz-libs-5.6.1-1.fc41.i686
DEBUG util.py:463:  bzip2-libs-1.0.8-18.fc40.i686
DEBUG util.py:463:  readline-8.2-8.fc40.i686
DEBUG util.py:463:  popt-1.19-6.fc40.i686
DEBUG util.py:463:  libuuid-2.40-0.11.rc1.fc41.i686
DEBUG util.py:463:  libstdc++-14.0.1-0.8.fc41.i686
DEBUG util.py:463:  libzstd-1.5.5-5.fc40.i686
DEBUG util.py:463:  elfutils-libelf-0.191-2.fc41.i686
DEBUG util.py:463:  libblkid-2.40-0.11.rc1.fc41.i686
DEBUG util.py:463:  gmp-6.3.0-1.fc41.i686
DEBUG util.py:463:  libattr-2.5.2-3.fc40.i686
DEBUG util.py:463:  libacl-2.3.2-1.fc40.i686
DEBUG util.py:463:  libxcrypt-4.4.36-5.fc40.i686
DEBUG util.py:463:  libeconf-0.6.2-1.fc41.i686
DEBUG util.py:463:  lz4-libs-1.9.4-6.fc40.i686
DEBUG util.py:463:  gdbm-libs-1.23-6.fc40.i686
DEBUG util.py:463:  mpfr-4.2.1-3.fc40.i686
DEBUG util.py:463:  gawk-5.3.0-3.fc40.i686
DEBUG util.py:463:  dwz-0.15-6.fc40.i686
DEBUG util.py:463:  unzip-6.0-63.fc40.i686
DEBUG util.py:463:  file-libs-5.45-5.fc41.i686
DEBUG util.py:463:  file-5.45-5.fc41.i686
DEBUG util.py:463:  pcre2-10.42-2.fc40.2.i686
DEBUG util.py:463:  grep-3.11-7.fc40.i686
DEBUG util.py:463:  xz-5.6.1-1.fc41.i686
DEBUG util.py:463:  libcap-ng-0.8.4-4.fc40.i686
DEBUG util.py:463:  audit-libs-4.0.1-1.fc41.i686
DEBUG util.py:463:  pam-libs-1.6.0-2.fc41.i686
DEBUG util.py:463:  libcap-2.69-3.fc40.i686
DEBUG util.py:463:  systemd-libs-255.4-1.fc41.i686
DEBUG util.py:463:  libsmartcols-2.40-0.11.rc1.fc41.i686
DEBUG util.py:463:  libsepol-3.6-3.fc40.i686
DEBUG util.py:463:  libselinux-3.6-4.fc40.i686
DEBUG util.py:463:  sed-4.9-1.fc40.i686
DEBUG util.py:463:  findutils-4.9.0-8.fc40.i686
DEBUG util.py:463:  libmount-2.40-0.11.rc1.fc41.i686
DEBUG util.py:463:  alternatives-1.26-3.fc40.i686
DEBUG util.py:463:  jansson-2.13.1-9.fc40.i686
DEBUG util.py:463:  lua-libs-5.4.6-5.fc40.i686
DEBUG util.py:463:  libcom_err-1.47.0-5.fc40.i686
DEBUG util.py:463:  libtasn1-4.19.0-6.fc40.i686
DEBUG util.py:463:  libunistring-1.1-7.fc41.i686
DEBUG util.py:463:  elfutils-default-yama-scope-0.191-2.fc41.noarch
DEBUG util.py:463:  libidn2-2.3.7-1.fc40.i686
DEBUG util.py:463:  libpsl-0.21.5-3.fc40.i686
DEBUG util.py:463:  util-linux-core-2.40-0.11.rc1.fc41.i686
DEBUG util.py:463:  tar-1.35-3.fc40.i686
DEBUG util.py:463:  libsemanage-3.6-3.fc40.i686
DEBUG util.py:463:  shadow-utils-4.15.1-1.fc41.i686
DEBUG util.py:463:  libutempter-1.2.1-13.fc40.i686
DEBUG util.py:463:  zip-3.0-40.fc40.i686
DEBUG util.py:463:  gdbm-1.23-6.fc40.i686
DEBUG util.py:463:  cyrus-sasl-lib-2.1.28-19.fc40.i686
DEBUG util.py:463:  zstd-1.5.5-5.fc40.i686
DEBUG util.py:463:  libfdisk-2.40-0.11.rc1.fc41.i686
DEBUG util.py:463:  bzip2-1.0.8-18.fc40.i686
DEBUG util.py:463:  libxml2-2.12.5-1.fc40.i686
DEBUG util.py:463:  sqlite-libs-3.45.2-1.fc41.i686
DEBUG util.py:463:  ed-1.20.1-1.fc41.i686
DEBUG util.py:463:  patch-2.7.6-24.fc40.i686
DEBUG util.py:463:  cpio-2.15-1.fc40.i686
DEBUG util.py:463:  diffutils-3.10-5.fc40.i686
DEBUG util.py:463:  libgomp-14.0.1-0.8.fc41.i686
DEBUG util.py:463:  libpkgconf-2.1.0-1.fc40.i686
DEBUG util.py:463:  pkgconf-2.1.0-1.fc40.i686
DEBUG util.py:463:  pkgconf-pkg-config-2.1.0-1.fc40.i686
DEBUG util.py:463:  libffi-3.4.4-8.fc41.i686
DEBUG util.py:463:  p11-kit-0.25.3-4.fc40.i686
DEBUG util.py:463:  p11-kit-trust-0.25.3-4.fc40.i686
DEBUG util.py:463:  openssl-libs-3.2.1-3.fc41.i686
DEBUG util.py:463:  coreutils-9.4-6.fc40.i686
DEBUG util.py:463:  ca-certificates-2023.2.62_v7.0.401-6.fc40.noarch
DEBUG util.py:463:  gzip-1.13-1.fc40.i686
DEBUG util.py:463:  authselect-libs-1.5.0-5.fc41.i686
DEBUG util.py:463:  libarchive-3.7.2-3.fc40.i686
DEBUG util.py:463:  authselect-1.5.0-5.fc41.i686
DEBUG util.py:463:  cracklib-2.9.11-5.fc40.i686
DEBUG util.py:463:  libpwquality-1.4.5-9.fc40.i686
DEBUG util.py:463:  rpm-sequoia-1.6.0-2.fc40.i686
DEBUG util.py:463:  rpm-libs-4.19.1.1-1.fc40.i686
DEBUG util.py:463:  libevent-2.1.12-12.fc40.i686
DEBUG util.py:463:  keyutils-libs-1.6.3-3.fc40.i686
DEBUG util.py:463:  libverto-0.3.2-8.fc40.i686
DEBUG util.py:463:  krb5-libs-1.21.2-5.fc40.i686
DEBUG util.py:463:  libtirpc-1.3.4-1.rc2.fc40.2.i686
DEBUG util.py:463:  libnsl2-2.0.1-1.fc40.i686
DEBUG util.py:463:  pam-1.6.0-2.fc41.i686
DEBUG util.py:463:  libssh-0.10.6-6.fc41.i686
DEBUG util.py:463:  xxhash-libs-0.8.2-2.fc40.i686
DEBUG util.py:463:  libbrotli-1.1.0-3.fc40.i686
DEBUG util.py:463:  libnghttp2-1.60.0-2.fc41.i686
DEBUG util.py:463:  libtool-ltdl-2.4.7-10.fc40.i686
DEBUG util.py:463:  openldap-2.6.7-1.fc40.i686
DEBUG util.py:463:  libcurl-8.6.0-7.fc41.i686
DEBUG util.py:463:  elfutils-debuginfod-client-0.191-2.fc41.i686
DEBUG util.py:463:  elfutils-libs-0.191-2.fc41.i686
DEBUG util.py:463:  binutils-gold-2.42.50-5.fc41.i686
DEBUG util.py:463:  binutils-2.42.50-5.fc41.i686
DEBUG util.py:463:  elfutils-0.191-2.fc41.i686
DEBUG util.py:463:  gdb-minimal-14.2-1.fc41.i686
DEBUG util.py:463:  debugedit-5.0-14.fc40.i686
DEBUG util.py:463:  rpm-build-libs-4.19.1.1-1.fc40.i686
DEBUG util.py:463:  curl-8.6.0-7.fc41.i686
DEBUG util.py:463:  rpm-4.19.1.1-1.fc40.i686
DEBUG util.py:463:  efi-srpm-macros-5-11.fc40.noarch
DEBUG util.py:463:  lua-srpm-macros-1-13.fc40.noarch
DEBUG util.py:463:  zig-srpm-macros-1-2.fc40.noarch
DEBUG util.py:463:  fonts-srpm-macros-2.0.5-14.fc40.noarch
DEBUG util.py:463:  forge-srpm-macros-0.3.0-1.fc41.noarch
DEBUG util.py:463:  go-srpm-macros-3.5.0-1.fc41.noarch
DEBUG util.py:463:  python-srpm-macros-3.12-7.fc40.noarch
DEBUG util.py:463:  redhat-rpm-config-286-1.fc41.noarch
DEBUG util.py:463:  rpm-build-4.19.1.1-1.fc40.i686
DEBUG util.py:463:  pyproject-srpm-macros-1.12.0-1.fc40.noarch
DEBUG util.py:463:  util-linux-2.40-0.11.rc1.fc41.i686
DEBUG util.py:463:  which-2.21-41.fc40.i686
DEBUG util.py:463:  info-7.1-2.fc40.i686
DEBUG util.py:463:  python-rpm-macros-3.12-7.fc40.noarch
DEBUG util.py:463:  python3-rpm-macros-3.12-7.fc40.noarch
DEBUG util.py:463:  pyproject-rpm-macros-1.12.0-1.fc40.noarch
DEBUG util.py:463:  tzdata-2024a-4.fc41.noarch
DEBUG util.py:463:  python-pip-wheel-24.0-2.fc41.noarch
DEBUG util.py:463:  mpdecimal-2.5.1-9.fc40.i686
DEBUG util.py:463:  libb2-0.98.1-11.fc40.i686
DEBUG util.py:463:  expat-2.6.0-1.fc41.i686
DEBUG util.py:463:  python3-libs-3.12.2-2.fc41.i686
DEBUG util.py:463:  python3-3.12.2-2.fc41.i686
DEBUG util.py:463:  python3-packaging-23.2-4.fc40.noarch
DEBUG util.py:463:  python3-rpm-generators-14-10.fc40.noarch
DEBUG util.py:463:  python3-execnet-1.9.0-14.fc40.noarch
DEBUG util.py:463:  python3-iniconfig-1.1.1-16.fc40.noarch
DEBUG util.py:463:  python3-pluggy-1.3.0-3.fc40.noarch
DEBUG util.py:463:  python3-pytest-7.4.3-3.fc40.noarch
DEBUG util.py:463:  python3-pytest-xdist-3.5.0-3.fc40.noarch
DEBUG util.py:463:  python3-devel-3.12.2-2.fc41.i686
DEBUG util.py:463:  python3-wheel-0.41.2-3.fc40.noarch
DEBUG util.py:463:  python3-setuptools-69.1.1-1.fc41.noarch
DEBUG util.py:463:  python3-pip-24.0-2.fc41.noarch
DEBUG util.py:610:  Child return code was: 0
DEBUG util.py:185:  kill orphans in chroot /var/lib/mock/f41-build-49652926-5916286/root
DEBUG util.py:185:  kill orphans in chroot /var/lib/mock/f41-build-49652926-5916286-bootstrap/root/var/lib/mock/f41-build-49652926-5916286/root
DEBUG util.py:636:  child environment: None
DEBUG util.py:558:  Executing command: ['/bin/umount', '-n', '-l', '/var/lib/mock/f41-build-49652926-5916286-bootstrap/root/var/lib/mock/f41-build-49652926-5916286/root'] with env {'TERM': 'vt100', 'SHELL': '/bin/sh', 'HOME': '/builddir', 'HOSTNAME': 'mock', 'PATH': '/usr/bin:/bin:/usr/sbin:/sbin', 'LANG': 'C.UTF-8'} and shell False
DEBUG util.py:610:  Child return code was: 0
DEBUG util.py:636:  child environment: None
DEBUG util.py:558:  Executing command: ['/bin/umount', '-n', '-l', '/var/lib/mock/f41-build-49652926-5916286-bootstrap/root/var/lib/mock/f41-build-49652926-5916286/root'] with env {'TERM': 'vt100', 'SHELL': '/bin/sh', 'HOME': '/builddir', 'HOSTNAME': 'mock', 'PATH': '/usr/bin:/bin:/usr/sbin:/sbin', 'LANG': 'C.UTF-8'} and shell False
DEBUG util.py:610:  Child return code was: 0
DEBUG util.py:636:  child environment: None
INFO backend.py:777:  Going to install missing dynamic buildrequires
DEBUG file_util.py:18:  ensuring that dir exists: /var/lib/mock/f41-build-49652926-5916286/root/proc
DEBUG util.py:636:  child environment: None
DEBUG util.py:558:  Executing command: ['/bin/mount', '-n', '-t', 'tmpfs', '-o', 'rprivate,mode=0755', 'tmpfs', '/var/lib/mock/f41-build-49652926-5916286/root/proc'] with env {'TERM': 'vt100', 'SHELL': '/bin/sh', 'HOME': '/builddir', 'HOSTNAME': 'mock', 'PATH': '/usr/bin:/bin:/usr/sbin:/sbin', 'LANG': 'C.UTF-8'} and shell False
DEBUG util.py:610:  Child return code was: 0
DEBUG file_util.py:18:  ensuring that dir exists: /var/lib/mock/f41-build-49652926-5916286/root/proc
DEBUG util.py:636:  child environment: None
DEBUG util.py:558:  Executing command: ['/bin/mount', '-n', '-o', 'rbind', '/proc', '/var/lib/mock/f41-build-49652926-5916286/root/proc'] with env {'TERM': 'vt100', 'SHELL': '/bin/sh', 'HOME': '/builddir', 'HOSTNAME': 'mock', 'PATH': '/usr/bin:/bin:/usr/sbin:/sbin', 'LANG': 'C.UTF-8'} and shell False
DEBUG util.py:610:  Child return code was: 0
DEBUG util.py:636:  child environment: None
DEBUG util.py:558:  Executing command: ['/bin/mount', '-n', '-o', 'remount,nodev,noexec,nosuid,readonly,rprivate,rbind', '--target', '/var/lib/mock/f41-build-49652926-5916286/root/proc'] with env {'TERM': 'vt100', 'SHELL': '/bin/sh', 'HOME': '/builddir', 'HOSTNAME': 'mock', 'PATH': '/usr/bin:/bin:/usr/sbin:/sbin', 'LANG': 'C.UTF-8'} and shell False
DEBUG util.py:610:  Child return code was: 0
DEBUG file_util.py:18:  ensuring that dir exists: /var/lib/mock/f41-build-49652926-5916286/root/sys
DEBUG util.py:636:  child environment: None
DEBUG util.py:558:  Executing command: ['/bin/mount', '-n', '-t', 'tmpfs', '-o', 'rprivate,mode=0755', 'tmpfs', '/var/lib/mock/f41-build-49652926-5916286/root/sys'] with env {'TERM': 'vt100', 'SHELL': '/bin/sh', 'HOME': '/builddir', 'HOSTNAME': 'mock', 'PATH': '/usr/bin:/bin:/usr/sbin:/sbin', 'LANG': 'C.UTF-8'} and shell False
DEBUG util.py:610:  Child return code was: 0
DEBUG file_util.py:18:  ensuring that dir exists: /var/lib/mock/f41-build-49652926-5916286/root/sys
DEBUG util.py:636:  child environment: None
DEBUG util.py:558:  Executing command: ['/bin/mount', '-n', '-o', 'rbind', '/sys', '/var/lib/mock/f41-build-49652926-5916286/root/sys'] with env {'TERM': 'vt100', 'SHELL': '/bin/sh', 'HOME': '/builddir', 'HOSTNAME': 'mock', 'PATH': '/usr/bin:/bin:/usr/sbin:/sbin', 'LANG': 'C.UTF-8'} and shell False
DEBUG util.py:610:  Child return code was: 0
DEBUG util.py:636:  child environment: None
DEBUG util.py:558:  Executing command: ['/bin/mount', '-n', '-o', 'remount,nodev,noexec,nosuid,readonly,rprivate,rbind', '--target', '/var/lib/mock/f41-build-49652926-5916286/root/sys'] with env {'TERM': 'vt100', 'SHELL': '/bin/sh', 'HOME': '/builddir', 'HOSTNAME': 'mock', 'PATH': '/usr/bin:/bin:/usr/sbin:/sbin', 'LANG': 'C.UTF-8'} and shell False
DEBUG util.py:610:  Child return code was: 0
DEBUG file_util.py:18:  ensuring that dir exists: /var/lib/mock/f41-build-49652926-5916286/root/dev/shm
DEBUG util.py:636:  child environment: None
DEBUG util.py:558:  Executing command: ['/bin/mount', '-n', '-t', 'tmpfs', 'tmpfs', '/var/lib/mock/f41-build-49652926-5916286/root/dev/shm'] with env {'TERM': 'vt100', 'SHELL': '/bin/sh', 'HOME': '/builddir', 'HOSTNAME': 'mock', 'PATH': '/usr/bin:/bin:/usr/sbin:/sbin', 'LANG': 'C.UTF-8'} and shell False
DEBUG util.py:610:  Child return code was: 0
DEBUG file_util.py:18:  ensuring that dir exists: /var/lib/mock/f41-build-49652926-5916286/root/dev/pts
DEBUG util.py:636:  child environment: None
DEBUG util.py:558:  Executing command: ['/bin/mount', '-n', '-t', 'devpts', '-o', 'gid=5,mode=0620,ptmxmode=0666,newinstance', 'devpts', '/var/lib/mock/f41-build-49652926-5916286/root/dev/pts'] with env {'TERM': 'vt100', 'SHELL': '/bin/sh', 'HOME': '/builddir', 'HOSTNAME': 'mock', 'PATH': '/usr/bin:/bin:/usr/sbin:/sbin', 'LANG': 'C.UTF-8'} and shell False
DEBUG util.py:610:  Child return code was: 0
DEBUG util.py:636:  child environment: None
DEBUG util.py:558:  Executing command: ['/bin/mount', '-n', '-o', 'bind', '/tmp/mock-selinux-plugin.pk5oed7z', '/var/lib/mock/f41-build-49652926-5916286/root/proc/filesystems'] with env {'TERM': 'vt100', 'SHELL': '/bin/sh', 'HOME': '/builddir', 'HOSTNAME': 'mock', 'PATH': '/usr/bin:/bin:/usr/sbin:/sbin', 'LANG': 'C.UTF-8'} and shell False
DEBUG util.py:610:  Child return code was: 0
DEBUG file_util.py:18:  ensuring that dir exists: /var/lib/mock/f41-build-49652926-5916286/root/sys/fs/selinux
DEBUG util.py:636:  child environment: None
DEBUG util.py:558:  Executing command: ['/bin/mount', '-n', '-t', 'tmpfs', 'tmpfs', '/var/lib/mock/f41-build-49652926-5916286/root/sys/fs/selinux'] with env {'TERM': 'vt100', 'SHELL': '/bin/sh', 'HOME': '/builddir', 'HOSTNAME': 'mock', 'PATH': '/usr/bin:/bin:/usr/sbin:/sbin', 'LANG': 'C.UTF-8'} and shell False
DEBUG util.py:610:  Child return code was: 0
DEBUG file_util.py:18:  ensuring that dir exists: /var/lib/mock/f41-build-49652926-5916286-bootstrap/root/var/lib/mock/f41-build-49652926-5916286/root
DEBUG util.py:636:  child environment: None
DEBUG util.py:558:  Executing command: ['/bin/mount', '-n', '-t', 'tmpfs', '-o', 'private,mode=0755', 'tmpfs', '/var/lib/mock/f41-build-49652926-5916286-bootstrap/root/var/lib/mock/f41-build-49652926-5916286/root'] with env {'TERM': 'vt100', 'SHELL': '/bin/sh', 'HOME': '/builddir', 'HOSTNAME': 'mock', 'PATH': '/usr/bin:/bin:/usr/sbin:/sbin', 'LANG': 'C.UTF-8'} and shell False
DEBUG util.py:610:  Child return code was: 0
DEBUG file_util.py:18:  ensuring that dir exists: /var/lib/mock/f41-build-49652926-5916286-bootstrap/root/var/lib/mock/f41-build-49652926-5916286/root
DEBUG util.py:636:  child environment: None
DEBUG util.py:558:  Executing command: ['/bin/mount', '-n', '-o', 'rbind', '/var/lib/mock/f41-build-49652926-5916286/root', '/var/lib/mock/f41-build-49652926-5916286-bootstrap/root/var/lib/mock/f41-build-49652926-5916286/root'] with env {'TERM': 'vt100', 'SHELL': '/bin/sh', 'HOME': '/builddir', 'HOSTNAME': 'mock', 'PATH': '/usr/bin:/bin:/usr/sbin:/sbin', 'LANG': 'C.UTF-8'} and shell False
DEBUG util.py:610:  Child return code was: 0
DEBUG util.py:636:  child environment: None
DEBUG util.py:558:  Executing command: ['/bin/mount', '-n', '-o', 'remount,private,rbind', '--target', '/var/lib/mock/f41-build-49652926-5916286-bootstrap/root/var/lib/mock/f41-build-49652926-5916286/root'] with env {'TERM': 'vt100', 'SHELL': '/bin/sh', 'HOME': '/builddir', 'HOSTNAME': 'mock', 'PATH': '/usr/bin:/bin:/usr/sbin:/sbin', 'LANG': 'C.UTF-8'} and shell False
DEBUG util.py:610:  Child return code was: 0
DEBUG file_util.py:18:  ensuring that dir exists: /var/lib/mock/f41-build-49652926-5916286/root/installation-homedir
DEBUG package_manager.py:289:  ['/usr/bin/dnf5', 'builddep', '--installroot', '/var/lib/mock/f41-build-49652926-5916286/root/', '/var/lib/mock/f41-build-49652926-5916286/root/builddir/build/SRPMS/python-ratinabox-1.12.3-1.fc41.buildreqs.nosrc.rpm', '--setopt=deltarpm=False', '--setopt=allow_vendor_change=yes', '--allowerasing']
DEBUG util.py:636:  child environment: None
DEBUG util.py:553:  Using nspawn with args ['--capability=cap_ipc_lock', '--bind=/tmp/mock-resolv.n2o8hcc3:/etc/resolv.conf']
DEBUG util.py:558:  Executing command: ['/usr/bin/systemd-nspawn', '-q', '-M', 'bf2d06a0244c41bba79a6fe7349c56f8', '-D', '/var/lib/mock/f41-build-49652926-5916286-bootstrap/root', '-a', '--capability=cap_ipc_lock', '--bind=/tmp/mock-resolv.n2o8hcc3:/etc/resolv.conf', '--console=pipe', '--setenv=TERM=vt100', '--setenv=SHELL=/bin/bash', '--setenv=HOME=/var/lib/mock/f41-build-49652926-5916286/root/installation-homedir', '--setenv=HOSTNAME=mock', '--setenv=PATH=/usr/bin:/bin:/usr/sbin:/sbin', '--setenv=PROMPT_COMMAND=printf "\\033]0;<mock-chroot>\\007"', '--setenv=PS1=<mock-chroot> \\s-\\v\\$ ', '--setenv=LANG=C.UTF-8', '--setenv=LC_MESSAGES=C.UTF-8', '--resolv-conf=off', '/usr/bin/dnf5', 'builddep', '--installroot', '/var/lib/mock/f41-build-49652926-5916286/root/', '/var/lib/mock/f41-build-49652926-5916286/root/builddir/build/SRPMS/python-ratinabox-1.12.3-1.fc41.buildreqs.nosrc.rpm', '--setopt=deltarpm=False', '--setopt=allow_vendor_change=yes', '--allowerasing', '--setopt=tsflags=nocontexts'] with env {'TERM': 'vt100', 'SHELL': '/bin/bash', 'HOME': '/var/lib/mock/f41-build-49652926-5916286/root/installation-homedir', 'HOSTNAME': 'mock', 'PATH': '/usr/bin:/bin:/usr/sbin:/sbin', 'PROMPT_COMMAND': 'printf "\\033]0;<mock-chroot>\\007"', 'PS1': '<mock-chroot> \\s-\\v\\$ ', 'LANG': 'C.UTF-8', 'LC_MESSAGES': 'C.UTF-8', 'SYSTEMD_NSPAWN_TMPFS_TMP': '0', 'SYSTEMD_SECCOMP': '0'} and shell False
DEBUG util.py:463:  Updating and loading repositories:
DEBUG util.py:463:  Repositories loaded.
DEBUG util.py:461:  Failed to resolve the transaction:
DEBUG util.py:461:  Package "pyproject-rpm-macros-1.12.0-1.fc40.noarch" is already installed.
DEBUG util.py:461:  Package "python3-devel-3.12.2-2.fc41.i686" is already installed.
DEBUG util.py:461:  Package "python3-packaging-23.2-4.fc40.noarch" is already installed.
DEBUG util.py:461:  Package "python3-pip-24.0-2.fc41.noarch" is already installed.
DEBUG util.py:461:  Package "python3-pytest-7.4.3-3.fc40.noarch" is already installed.
DEBUG util.py:461:  Package "python3-pytest-xdist-3.5.0-3.fc40.noarch" is already installed.
DEBUG util.py:461:  No match for argument: python3dist(scikit-learn)
DEBUG util.py:461:  Package "python3-setuptools-69.1.1-1.fc41.noarch" is already installed.
DEBUG util.py:461:  Package "python3-wheel-1:0.41.2-3.fc40.noarch" is already installed.
DEBUG util.py:610:  Child return code was: 1
DEBUG util.py:185:  kill orphans in chroot /var/lib/mock/f41-build-49652926-5916286/root
DEBUG util.py:185:  kill orphans in chroot /var/lib/mock/f41-build-49652926-5916286-bootstrap/root/var/lib/mock/f41-build-49652926-5916286/root
DEBUG util.py:636:  child environment: None
DEBUG util.py:558:  Executing command: ['/bin/umount', '-n', '-l', '/var/lib/mock/f41-build-49652926-5916286-bootstrap/root/var/lib/mock/f41-build-49652926-5916286/root'] with env {'TERM': 'vt100', 'SHELL': '/bin/sh', 'HOME': '/builddir', 'HOSTNAME': 'mock', 'PATH': '/usr/bin:/bin:/usr/sbin:/sbin', 'LANG': 'C.UTF-8'} and shell False
DEBUG util.py:610:  Child return code was: 0
DEBUG util.py:636:  child environment: None
DEBUG util.py:558:  Executing command: ['/bin/umount', '-n', '-l', '/var/lib/mock/f41-build-49652926-5916286-bootstrap/root/var/lib/mock/f41-build-49652926-5916286/root'] with env {'TERM': 'vt100', 'SHELL': '/bin/sh', 'HOME': '/builddir', 'HOSTNAME': 'mock', 'PATH': '/usr/bin:/bin:/usr/sbin:/sbin', 'LANG': 'C.UTF-8'} and shell False
DEBUG util.py:610:  Child return code was: 0
DEBUG util.py:636:  child environment: None
DEBUG util.py:558:  Executing command: ['/bin/umount', '-n', '-l', '/var/lib/mock/f41-build-49652926-5916286/root/sys/fs/selinux'] with env {'TERM': 'vt100', 'SHELL': '/bin/sh', 'HOME': '/builddir', 'HOSTNAME': 'mock', 'PATH': '/usr/bin:/bin:/usr/sbin:/sbin', 'LANG': 'C.UTF-8'} and shell False
DEBUG util.py:610:  Child return code was: 0
DEBUG util.py:636:  child environment: None
DEBUG util.py:558:  Executing command: ['/bin/umount', '-n', '/var/lib/mock/f41-build-49652926-5916286/root/proc/filesystems'] with env {'TERM': 'vt100', 'SHELL': '/bin/sh', 'HOME': '/builddir', 'HOSTNAME': 'mock', 'PATH': '/usr/bin:/bin:/usr/sbin:/sbin', 'LANG': 'C.UTF-8'} and shell False
DEBUG util.py:610:  Child return code was: 0
DEBUG util.py:636:  child environment: None
DEBUG util.py:558:  Executing command: ['/bin/umount', '-n', '-l', '/var/lib/mock/f41-build-49652926-5916286/root/dev/pts'] with env {'TERM': 'vt100', 'SHELL': '/bin/sh', 'HOME': '/builddir', 'HOSTNAME': 'mock', 'PATH': '/usr/bin:/bin:/usr/sbin:/sbin', 'LANG': 'C.UTF-8'} and shell False
DEBUG util.py:610:  Child return code was: 0
DEBUG util.py:636:  child environment: None
DEBUG util.py:558:  Executing command: ['/bin/umount', '-n', '-l', '/var/lib/mock/f41-build-49652926-5916286/root/dev/shm'] with env {'TERM': 'vt100', 'SHELL': '/bin/sh', 'HOME': '/builddir', 'HOSTNAME': 'mock', 'PATH': '/usr/bin:/bin:/usr/sbin:/sbin', 'LANG': 'C.UTF-8'} and shell False
DEBUG util.py:610:  Child return code was: 0
DEBUG util.py:636:  child environment: None
DEBUG util.py:558:  Executing command: ['/bin/umount', '-n', '-l', '/var/lib/mock/f41-build-49652926-5916286/root/sys'] with env {'TERM': 'vt100', 'SHELL': '/bin/sh', 'HOME': '/builddir', 'HOSTNAME': 'mock', 'PATH': '/usr/bin:/bin:/usr/sbin:/sbin', 'LANG': 'C.UTF-8'} and shell False
DEBUG util.py:610:  Child return code was: 0
DEBUG util.py:636:  child environment: None
DEBUG util.py:558:  Executing command: ['/bin/umount', '-n', '-l', '/var/lib/mock/f41-build-49652926-5916286/root/sys'] with env {'TERM': 'vt100', 'SHELL': '/bin/sh', 'HOME': '/builddir', 'HOSTNAME': 'mock', 'PATH': '/usr/bin:/bin:/usr/sbin:/sbin', 'LANG': 'C.UTF-8'} and shell False
DEBUG util.py:610:  Child return code was: 0
DEBUG util.py:636:  child environment: None
DEBUG util.py:558:  Executing command: ['/bin/umount', '-n', '-l', '/var/lib/mock/f41-build-49652926-5916286/root/proc'] with env {'TERM': 'vt100', 'SHELL': '/bin/sh', 'HOME': '/builddir', 'HOSTNAME': 'mock', 'PATH': '/usr/bin:/bin:/usr/sbin:/sbin', 'LANG': 'C.UTF-8'} and shell False
DEBUG util.py:610:  Child return code was: 0
DEBUG util.py:636:  child environment: None
DEBUG util.py:558:  Executing command: ['/bin/umount', '-n', '-l', '/var/lib/mock/f41-build-49652926-5916286/root/proc'] with env {'TERM': 'vt100', 'SHELL': '/bin/sh', 'HOME': '/builddir', 'HOSTNAME': 'mock', 'PATH': '/usr/bin:/bin:/usr/sbin:/sbin', 'LANG': 'C.UTF-8'} and shell False
DEBUG util.py:610:  Child return code was: 0
DEBUG util.py:185:  kill orphans in chroot /var/lib/mock/f41-build-49652926-5916286/root
DEBUG util.py:185:  kill orphans in chroot /var/lib/mock/f41-build-49652926-5916286-bootstrap/root
